threshold,AP50,mAP50_95,precision,recall,tp50,fp50,fn50,num_images,num_predictions,num_targets,num_knot_free_images,false_positive_images_knot_free,false_positive_image_rate_knot_free,mean_predictions_per_knot_free_image,mean_confidence_false_predictions_knot_free
0.1,0.679562,0.305934,0.34072,0.793548,123,238,32,229,361,155,75,12,0.16,0.413333,0.179075
0.25,0.664462,0.302053,0.559242,0.76129,118,93,37,229,211,155,75,4,0.053333,0.066667,0.325042
0.5,0.503586,0.241233,0.815534,0.541935,84,19,71,229,103,155,75,0,0.0,0.0,0.0
0.75,0.085526,0.059124,1.0,0.083871,13,0,142,229,13,155,75,0,0.0,0.0,0.0
