variant,run_id,best_epoch,precision,recall,map50,map50_95
baseline,vsb_rf_retry_20260605_002506_baseline_b16_e50,43,0.79039,0.79806,0.83286,0.48916
P1_CLAHE,vsb_rf_b16_20260605_071859_p1_clahe_e50,42,0.76975,0.77722,0.82402,0.47063
P2_illumination,vsb_rf_retry_20260605_002506_p2_illumination_b16_e50,43,0.80443,0.77663,0.82393,0.47707
P3_unsharp,vsb_rf_b16_20260605_071859_p3_unsharp_e50,29,0.75371,0.79584,0.82132,0.47029
A1_crop,vsb_rf_retry_20260605_002506_a1_crop_b16_e50,45,0.80787,0.78978,0.83711,0.48668
A2_colorjitter,vsb_rf_b16_20260605_071859_a2_colorjitter_e50,45,0.7868,0.77835,0.82775,0.47936
P4_A4_combined,vsb_rf_retry_20260605_002506_p4_a4_combined_b16_e50,49,0.82835,0.76244,0.83342,0.48163
