dataset,variant,seed,split,threshold,fp_images,n_clean_images_or_tiles,fp_rate,cp95_lower,cp95_upper,wilson95_lower,wilson95_upper,false_detections,fppi
vnwoodknot,baseline,42,val,0.05,0,75,0.0,0.0,0.047995064055142256,3.469446951953614e-18,0.04872384248280587,0,0.0
vnwoodknot,baseline,42,val,0.1,0,75,0.0,0.0,0.047995064055142256,3.469446951953614e-18,0.04872384248280587,0,0.0
vnwoodknot,baseline,42,val,0.15,0,75,0.0,0.0,0.047995064055142256,3.469446951953614e-18,0.04872384248280587,0,0.0
vnwoodknot,baseline,42,val,0.2,0,75,0.0,0.0,0.047995064055142256,3.469446951953614e-18,0.04872384248280587,0,0.0
vnwoodknot,baseline,42,val,0.25,0,75,0.0,0.0,0.047995064055142256,3.469446951953614e-18,0.04872384248280587,0,0.0
vnwoodknot,baseline,42,val,0.3,0,75,0.0,0.0,0.047995064055142256,3.469446951953614e-18,0.04872384248280587,0,0.0
vnwoodknot,baseline,42,val,0.35,0,75,0.0,0.0,0.047995064055142256,3.469446951953614e-18,0.04872384248280587,0,0.0
vnwoodknot,baseline,42,val,0.4,0,75,0.0,0.0,0.047995064055142256,3.469446951953614e-18,0.04872384248280587,0,0.0
vnwoodknot,baseline,42,val,0.45,0,75,0.0,0.0,0.047995064055142256,3.469446951953614e-18,0.04872384248280587,0,0.0
vnwoodknot,baseline,42,val,0.5,0,75,0.0,0.0,0.047995064055142256,3.469446951953614e-18,0.04872384248280587,0,0.0
vnwoodknot,baseline,42,val,0.55,0,75,0.0,0.0,0.047995064055142256,3.469446951953614e-18,0.04872384248280587,0,0.0
vnwoodknot,baseline,42,val,0.6,0,75,0.0,0.0,0.047995064055142256,3.469446951953614e-18,0.04872384248280587,0,0.0
vnwoodknot,baseline,42,val,0.65,0,75,0.0,0.0,0.047995064055142256,3.469446951953614e-18,0.04872384248280587,0,0.0
vnwoodknot,baseline,42,val,0.7,0,75,0.0,0.0,0.047995064055142256,3.469446951953614e-18,0.04872384248280587,0,0.0
vnwoodknot,baseline,42,val,0.75,0,75,0.0,0.0,0.047995064055142256,3.469446951953614e-18,0.04872384248280587,0,0.0
vnwoodknot,baseline,42,val,0.8,0,75,0.0,0.0,0.047995064055142256,3.469446951953614e-18,0.04872384248280587,0,0.0
vnwoodknot,baseline,42,val,0.85,0,75,0.0,0.0,0.047995064055142256,3.469446951953614e-18,0.04872384248280587,0,0.0
vnwoodknot,baseline,42,val,0.9,0,75,0.0,0.0,0.047995064055142256,3.469446951953614e-18,0.04872384248280587,0,0.0
vnwoodknot,baseline,42,val,0.95,0,75,0.0,0.0,0.047995064055142256,3.469446951953614e-18,0.04872384248280587,0,0.0
vnwoodknot,baseline,42,test,0.05,0,75,0.0,0.0,0.047995064055142256,3.469446951953614e-18,0.04872384248280587,0,0.0
vnwoodknot,baseline,42,test,0.1,0,75,0.0,0.0,0.047995064055142256,3.469446951953614e-18,0.04872384248280587,0,0.0
vnwoodknot,baseline,42,test,0.15,0,75,0.0,0.0,0.047995064055142256,3.469446951953614e-18,0.04872384248280587,0,0.0
vnwoodknot,baseline,42,test,0.2,0,75,0.0,0.0,0.047995064055142256,3.469446951953614e-18,0.04872384248280587,0,0.0
vnwoodknot,baseline,42,test,0.25,0,75,0.0,0.0,0.047995064055142256,3.469446951953614e-18,0.04872384248280587,0,0.0
vnwoodknot,baseline,42,test,0.3,0,75,0.0,0.0,0.047995064055142256,3.469446951953614e-18,0.04872384248280587,0,0.0
vnwoodknot,baseline,42,test,0.35,0,75,0.0,0.0,0.047995064055142256,3.469446951953614e-18,0.04872384248280587,0,0.0
vnwoodknot,baseline,42,test,0.4,0,75,0.0,0.0,0.047995064055142256,3.469446951953614e-18,0.04872384248280587,0,0.0
vnwoodknot,baseline,42,test,0.45,0,75,0.0,0.0,0.047995064055142256,3.469446951953614e-18,0.04872384248280587,0,0.0
vnwoodknot,baseline,42,test,0.5,0,75,0.0,0.0,0.047995064055142256,3.469446951953614e-18,0.04872384248280587,0,0.0
vnwoodknot,baseline,42,test,0.55,0,75,0.0,0.0,0.047995064055142256,3.469446951953614e-18,0.04872384248280587,0,0.0
vnwoodknot,baseline,42,test,0.6,0,75,0.0,0.0,0.047995064055142256,3.469446951953614e-18,0.04872384248280587,0,0.0
vnwoodknot,baseline,42,test,0.65,0,75,0.0,0.0,0.047995064055142256,3.469446951953614e-18,0.04872384248280587,0,0.0
vnwoodknot,baseline,42,test,0.7,0,75,0.0,0.0,0.047995064055142256,3.469446951953614e-18,0.04872384248280587,0,0.0
vnwoodknot,baseline,42,test,0.75,0,75,0.0,0.0,0.047995064055142256,3.469446951953614e-18,0.04872384248280587,0,0.0
vnwoodknot,baseline,42,test,0.8,0,75,0.0,0.0,0.047995064055142256,3.469446951953614e-18,0.04872384248280587,0,0.0
vnwoodknot,baseline,42,test,0.85,0,75,0.0,0.0,0.047995064055142256,3.469446951953614e-18,0.04872384248280587,0,0.0
vnwoodknot,baseline,42,test,0.9,0,75,0.0,0.0,0.047995064055142256,3.469446951953614e-18,0.04872384248280587,0,0.0
vnwoodknot,baseline,42,test,0.95,0,75,0.0,0.0,0.047995064055142256,3.469446951953614e-18,0.04872384248280587,0,0.0
vnwoodknot,baseline,43,val,0.05,1,75,0.013333333333333334,0.0003375138025211487,0.0720634972431675,0.002357551139048661,0.07173365554421572,2,0.02666666666666667
vnwoodknot,baseline,43,val,0.1,0,75,0.0,0.0,0.047995064055142256,3.469446951953614e-18,0.04872384248280587,0,0.0
vnwoodknot,baseline,43,val,0.15,0,75,0.0,0.0,0.047995064055142256,3.469446951953614e-18,0.04872384248280587,0,0.0
vnwoodknot,baseline,43,val,0.2,0,75,0.0,0.0,0.047995064055142256,3.469446951953614e-18,0.04872384248280587,0,0.0
vnwoodknot,baseline,43,val,0.25,0,75,0.0,0.0,0.047995064055142256,3.469446951953614e-18,0.04872384248280587,0,0.0
vnwoodknot,baseline,43,val,0.3,0,75,0.0,0.0,0.047995064055142256,3.469446951953614e-18,0.04872384248280587,0,0.0
vnwoodknot,baseline,43,val,0.35,0,75,0.0,0.0,0.047995064055142256,3.469446951953614e-18,0.04872384248280587,0,0.0
vnwoodknot,baseline,43,val,0.4,0,75,0.0,0.0,0.047995064055142256,3.469446951953614e-18,0.04872384248280587,0,0.0
vnwoodknot,baseline,43,val,0.45,0,75,0.0,0.0,0.047995064055142256,3.469446951953614e-18,0.04872384248280587,0,0.0
vnwoodknot,baseline,43,val,0.5,0,75,0.0,0.0,0.047995064055142256,3.469446951953614e-18,0.04872384248280587,0,0.0
vnwoodknot,baseline,43,val,0.55,0,75,0.0,0.0,0.047995064055142256,3.469446951953614e-18,0.04872384248280587,0,0.0
vnwoodknot,baseline,43,val,0.6,0,75,0.0,0.0,0.047995064055142256,3.469446951953614e-18,0.04872384248280587,0,0.0
vnwoodknot,baseline,43,val,0.65,0,75,0.0,0.0,0.047995064055142256,3.469446951953614e-18,0.04872384248280587,0,0.0
vnwoodknot,baseline,43,val,0.7,0,75,0.0,0.0,0.047995064055142256,3.469446951953614e-18,0.04872384248280587,0,0.0
vnwoodknot,baseline,43,val,0.75,0,75,0.0,0.0,0.047995064055142256,3.469446951953614e-18,0.04872384248280587,0,0.0
vnwoodknot,baseline,43,val,0.8,0,75,0.0,0.0,0.047995064055142256,3.469446951953614e-18,0.04872384248280587,0,0.0
vnwoodknot,baseline,43,val,0.85,0,75,0.0,0.0,0.047995064055142256,3.469446951953614e-18,0.04872384248280587,0,0.0
vnwoodknot,baseline,43,val,0.9,0,75,0.0,0.0,0.047995064055142256,3.469446951953614e-18,0.04872384248280587,0,0.0
vnwoodknot,baseline,43,val,0.95,0,75,0.0,0.0,0.047995064055142256,3.469446951953614e-18,0.04872384248280587,0,0.0
vnwoodknot,baseline,43,test,0.05,2,75,0.02666666666666667,0.003245930928966027,0.09303153222072551,0.0073436890061313945,0.09211488187759151,4,0.05333333333333334
vnwoodknot,baseline,43,test,0.1,1,75,0.013333333333333334,0.0003375138025211487,0.0720634972431675,0.002357551139048661,0.07173365554421572,2,0.02666666666666667
vnwoodknot,baseline,43,test,0.15,1,75,0.013333333333333334,0.0003375138025211487,0.0720634972431675,0.002357551139048661,0.07173365554421572,2,0.02666666666666667
vnwoodknot,baseline,43,test,0.2,1,75,0.013333333333333334,0.0003375138025211487,0.0720634972431675,0.002357551139048661,0.07173365554421572,2,0.02666666666666667
vnwoodknot,baseline,43,test,0.25,1,75,0.013333333333333334,0.0003375138025211487,0.0720634972431675,0.002357551139048661,0.07173365554421572,1,0.013333333333333334
vnwoodknot,baseline,43,test,0.3,0,75,0.0,0.0,0.047995064055142256,3.469446951953614e-18,0.04872384248280587,0,0.0
vnwoodknot,baseline,43,test,0.35,0,75,0.0,0.0,0.047995064055142256,3.469446951953614e-18,0.04872384248280587,0,0.0
vnwoodknot,baseline,43,test,0.4,0,75,0.0,0.0,0.047995064055142256,3.469446951953614e-18,0.04872384248280587,0,0.0
vnwoodknot,baseline,43,test,0.45,0,75,0.0,0.0,0.047995064055142256,3.469446951953614e-18,0.04872384248280587,0,0.0
vnwoodknot,baseline,43,test,0.5,0,75,0.0,0.0,0.047995064055142256,3.469446951953614e-18,0.04872384248280587,0,0.0
vnwoodknot,baseline,43,test,0.55,0,75,0.0,0.0,0.047995064055142256,3.469446951953614e-18,0.04872384248280587,0,0.0
vnwoodknot,baseline,43,test,0.6,0,75,0.0,0.0,0.047995064055142256,3.469446951953614e-18,0.04872384248280587,0,0.0
vnwoodknot,baseline,43,test,0.65,0,75,0.0,0.0,0.047995064055142256,3.469446951953614e-18,0.04872384248280587,0,0.0
vnwoodknot,baseline,43,test,0.7,0,75,0.0,0.0,0.047995064055142256,3.469446951953614e-18,0.04872384248280587,0,0.0
vnwoodknot,baseline,43,test,0.75,0,75,0.0,0.0,0.047995064055142256,3.469446951953614e-18,0.04872384248280587,0,0.0
vnwoodknot,baseline,43,test,0.8,0,75,0.0,0.0,0.047995064055142256,3.469446951953614e-18,0.04872384248280587,0,0.0
vnwoodknot,baseline,43,test,0.85,0,75,0.0,0.0,0.047995064055142256,3.469446951953614e-18,0.04872384248280587,0,0.0
vnwoodknot,baseline,43,test,0.9,0,75,0.0,0.0,0.047995064055142256,3.469446951953614e-18,0.04872384248280587,0,0.0
vnwoodknot,baseline,43,test,0.95,0,75,0.0,0.0,0.047995064055142256,3.469446951953614e-18,0.04872384248280587,0,0.0
vnwoodknot,baseline,44,val,0.05,0,75,0.0,0.0,0.047995064055142256,3.469446951953614e-18,0.04872384248280587,0,0.0
vnwoodknot,baseline,44,val,0.1,0,75,0.0,0.0,0.047995064055142256,3.469446951953614e-18,0.04872384248280587,0,0.0
vnwoodknot,baseline,44,val,0.15,0,75,0.0,0.0,0.047995064055142256,3.469446951953614e-18,0.04872384248280587,0,0.0
vnwoodknot,baseline,44,val,0.2,0,75,0.0,0.0,0.047995064055142256,3.469446951953614e-18,0.04872384248280587,0,0.0
vnwoodknot,baseline,44,val,0.25,0,75,0.0,0.0,0.047995064055142256,3.469446951953614e-18,0.04872384248280587,0,0.0
vnwoodknot,baseline,44,val,0.3,0,75,0.0,0.0,0.047995064055142256,3.469446951953614e-18,0.04872384248280587,0,0.0
vnwoodknot,baseline,44,val,0.35,0,75,0.0,0.0,0.047995064055142256,3.469446951953614e-18,0.04872384248280587,0,0.0
vnwoodknot,baseline,44,val,0.4,0,75,0.0,0.0,0.047995064055142256,3.469446951953614e-18,0.04872384248280587,0,0.0
vnwoodknot,baseline,44,val,0.45,0,75,0.0,0.0,0.047995064055142256,3.469446951953614e-18,0.04872384248280587,0,0.0
vnwoodknot,baseline,44,val,0.5,0,75,0.0,0.0,0.047995064055142256,3.469446951953614e-18,0.04872384248280587,0,0.0
vnwoodknot,baseline,44,val,0.55,0,75,0.0,0.0,0.047995064055142256,3.469446951953614e-18,0.04872384248280587,0,0.0
vnwoodknot,baseline,44,val,0.6,0,75,0.0,0.0,0.047995064055142256,3.469446951953614e-18,0.04872384248280587,0,0.0
vnwoodknot,baseline,44,val,0.65,0,75,0.0,0.0,0.047995064055142256,3.469446951953614e-18,0.04872384248280587,0,0.0
vnwoodknot,baseline,44,val,0.7,0,75,0.0,0.0,0.047995064055142256,3.469446951953614e-18,0.04872384248280587,0,0.0
vnwoodknot,baseline,44,val,0.75,0,75,0.0,0.0,0.047995064055142256,3.469446951953614e-18,0.04872384248280587,0,0.0
vnwoodknot,baseline,44,val,0.8,0,75,0.0,0.0,0.047995064055142256,3.469446951953614e-18,0.04872384248280587,0,0.0
vnwoodknot,baseline,44,val,0.85,0,75,0.0,0.0,0.047995064055142256,3.469446951953614e-18,0.04872384248280587,0,0.0
vnwoodknot,baseline,44,val,0.9,0,75,0.0,0.0,0.047995064055142256,3.469446951953614e-18,0.04872384248280587,0,0.0
vnwoodknot,baseline,44,val,0.95,0,75,0.0,0.0,0.047995064055142256,3.469446951953614e-18,0.04872384248280587,0,0.0
vnwoodknot,baseline,44,test,0.05,2,75,0.02666666666666667,0.003245930928966027,0.09303153222072551,0.0073436890061313945,0.09211488187759151,2,0.02666666666666667
vnwoodknot,baseline,44,test,0.1,0,75,0.0,0.0,0.047995064055142256,3.469446951953614e-18,0.04872384248280587,0,0.0
vnwoodknot,baseline,44,test,0.15,0,75,0.0,0.0,0.047995064055142256,3.469446951953614e-18,0.04872384248280587,0,0.0
vnwoodknot,baseline,44,test,0.2,0,75,0.0,0.0,0.047995064055142256,3.469446951953614e-18,0.04872384248280587,0,0.0
vnwoodknot,baseline,44,test,0.25,0,75,0.0,0.0,0.047995064055142256,3.469446951953614e-18,0.04872384248280587,0,0.0
vnwoodknot,baseline,44,test,0.3,0,75,0.0,0.0,0.047995064055142256,3.469446951953614e-18,0.04872384248280587,0,0.0
vnwoodknot,baseline,44,test,0.35,0,75,0.0,0.0,0.047995064055142256,3.469446951953614e-18,0.04872384248280587,0,0.0
vnwoodknot,baseline,44,test,0.4,0,75,0.0,0.0,0.047995064055142256,3.469446951953614e-18,0.04872384248280587,0,0.0
vnwoodknot,baseline,44,test,0.45,0,75,0.0,0.0,0.047995064055142256,3.469446951953614e-18,0.04872384248280587,0,0.0
vnwoodknot,baseline,44,test,0.5,0,75,0.0,0.0,0.047995064055142256,3.469446951953614e-18,0.04872384248280587,0,0.0
vnwoodknot,baseline,44,test,0.55,0,75,0.0,0.0,0.047995064055142256,3.469446951953614e-18,0.04872384248280587,0,0.0
vnwoodknot,baseline,44,test,0.6,0,75,0.0,0.0,0.047995064055142256,3.469446951953614e-18,0.04872384248280587,0,0.0
vnwoodknot,baseline,44,test,0.65,0,75,0.0,0.0,0.047995064055142256,3.469446951953614e-18,0.04872384248280587,0,0.0
vnwoodknot,baseline,44,test,0.7,0,75,0.0,0.0,0.047995064055142256,3.469446951953614e-18,0.04872384248280587,0,0.0
vnwoodknot,baseline,44,test,0.75,0,75,0.0,0.0,0.047995064055142256,3.469446951953614e-18,0.04872384248280587,0,0.0
vnwoodknot,baseline,44,test,0.8,0,75,0.0,0.0,0.047995064055142256,3.469446951953614e-18,0.04872384248280587,0,0.0
vnwoodknot,baseline,44,test,0.85,0,75,0.0,0.0,0.047995064055142256,3.469446951953614e-18,0.04872384248280587,0,0.0
vnwoodknot,baseline,44,test,0.9,0,75,0.0,0.0,0.047995064055142256,3.469446951953614e-18,0.04872384248280587,0,0.0
vnwoodknot,baseline,44,test,0.95,0,75,0.0,0.0,0.047995064055142256,3.469446951953614e-18,0.04872384248280587,0,0.0
vnwoodknot,p1_clahe,42,val,0.05,1,75,0.013333333333333334,0.0003375138025211487,0.0720634972431675,0.002357551139048661,0.07173365554421572,1,0.013333333333333334
vnwoodknot,p1_clahe,42,val,0.1,0,75,0.0,0.0,0.047995064055142256,3.469446951953614e-18,0.04872384248280587,0,0.0
vnwoodknot,p1_clahe,42,val,0.15,0,75,0.0,0.0,0.047995064055142256,3.469446951953614e-18,0.04872384248280587,0,0.0
vnwoodknot,p1_clahe,42,val,0.2,0,75,0.0,0.0,0.047995064055142256,3.469446951953614e-18,0.04872384248280587,0,0.0
vnwoodknot,p1_clahe,42,val,0.25,0,75,0.0,0.0,0.047995064055142256,3.469446951953614e-18,0.04872384248280587,0,0.0
vnwoodknot,p1_clahe,42,val,0.3,0,75,0.0,0.0,0.047995064055142256,3.469446951953614e-18,0.04872384248280587,0,0.0
vnwoodknot,p1_clahe,42,val,0.35,0,75,0.0,0.0,0.047995064055142256,3.469446951953614e-18,0.04872384248280587,0,0.0
vnwoodknot,p1_clahe,42,val,0.4,0,75,0.0,0.0,0.047995064055142256,3.469446951953614e-18,0.04872384248280587,0,0.0
vnwoodknot,p1_clahe,42,val,0.45,0,75,0.0,0.0,0.047995064055142256,3.469446951953614e-18,0.04872384248280587,0,0.0
vnwoodknot,p1_clahe,42,val,0.5,0,75,0.0,0.0,0.047995064055142256,3.469446951953614e-18,0.04872384248280587,0,0.0
vnwoodknot,p1_clahe,42,val,0.55,0,75,0.0,0.0,0.047995064055142256,3.469446951953614e-18,0.04872384248280587,0,0.0
vnwoodknot,p1_clahe,42,val,0.6,0,75,0.0,0.0,0.047995064055142256,3.469446951953614e-18,0.04872384248280587,0,0.0
vnwoodknot,p1_clahe,42,val,0.65,0,75,0.0,0.0,0.047995064055142256,3.469446951953614e-18,0.04872384248280587,0,0.0
vnwoodknot,p1_clahe,42,val,0.7,0,75,0.0,0.0,0.047995064055142256,3.469446951953614e-18,0.04872384248280587,0,0.0
vnwoodknot,p1_clahe,42,val,0.75,0,75,0.0,0.0,0.047995064055142256,3.469446951953614e-18,0.04872384248280587,0,0.0
vnwoodknot,p1_clahe,42,val,0.8,0,75,0.0,0.0,0.047995064055142256,3.469446951953614e-18,0.04872384248280587,0,0.0
vnwoodknot,p1_clahe,42,val,0.85,0,75,0.0,0.0,0.047995064055142256,3.469446951953614e-18,0.04872384248280587,0,0.0
vnwoodknot,p1_clahe,42,val,0.9,0,75,0.0,0.0,0.047995064055142256,3.469446951953614e-18,0.04872384248280587,0,0.0
vnwoodknot,p1_clahe,42,val,0.95,0,75,0.0,0.0,0.047995064055142256,3.469446951953614e-18,0.04872384248280587,0,0.0
vnwoodknot,p1_clahe,42,test,0.05,2,75,0.02666666666666667,0.003245930928966027,0.09303153222072551,0.0073436890061313945,0.09211488187759151,2,0.02666666666666667
vnwoodknot,p1_clahe,42,test,0.1,1,75,0.013333333333333334,0.0003375138025211487,0.0720634972431675,0.002357551139048661,0.07173365554421572,1,0.013333333333333334
vnwoodknot,p1_clahe,42,test,0.15,1,75,0.013333333333333334,0.0003375138025211487,0.0720634972431675,0.002357551139048661,0.07173365554421572,1,0.013333333333333334
vnwoodknot,p1_clahe,42,test,0.2,1,75,0.013333333333333334,0.0003375138025211487,0.0720634972431675,0.002357551139048661,0.07173365554421572,1,0.013333333333333334
vnwoodknot,p1_clahe,42,test,0.25,1,75,0.013333333333333334,0.0003375138025211487,0.0720634972431675,0.002357551139048661,0.07173365554421572,1,0.013333333333333334
vnwoodknot,p1_clahe,42,test,0.3,1,75,0.013333333333333334,0.0003375138025211487,0.0720634972431675,0.002357551139048661,0.07173365554421572,1,0.013333333333333334
vnwoodknot,p1_clahe,42,test,0.35,0,75,0.0,0.0,0.047995064055142256,3.469446951953614e-18,0.04872384248280587,0,0.0
vnwoodknot,p1_clahe,42,test,0.4,0,75,0.0,0.0,0.047995064055142256,3.469446951953614e-18,0.04872384248280587,0,0.0
vnwoodknot,p1_clahe,42,test,0.45,0,75,0.0,0.0,0.047995064055142256,3.469446951953614e-18,0.04872384248280587,0,0.0
vnwoodknot,p1_clahe,42,test,0.5,0,75,0.0,0.0,0.047995064055142256,3.469446951953614e-18,0.04872384248280587,0,0.0
vnwoodknot,p1_clahe,42,test,0.55,0,75,0.0,0.0,0.047995064055142256,3.469446951953614e-18,0.04872384248280587,0,0.0
vnwoodknot,p1_clahe,42,test,0.6,0,75,0.0,0.0,0.047995064055142256,3.469446951953614e-18,0.04872384248280587,0,0.0
vnwoodknot,p1_clahe,42,test,0.65,0,75,0.0,0.0,0.047995064055142256,3.469446951953614e-18,0.04872384248280587,0,0.0
vnwoodknot,p1_clahe,42,test,0.7,0,75,0.0,0.0,0.047995064055142256,3.469446951953614e-18,0.04872384248280587,0,0.0
vnwoodknot,p1_clahe,42,test,0.75,0,75,0.0,0.0,0.047995064055142256,3.469446951953614e-18,0.04872384248280587,0,0.0
vnwoodknot,p1_clahe,42,test,0.8,0,75,0.0,0.0,0.047995064055142256,3.469446951953614e-18,0.04872384248280587,0,0.0
vnwoodknot,p1_clahe,42,test,0.85,0,75,0.0,0.0,0.047995064055142256,3.469446951953614e-18,0.04872384248280587,0,0.0
vnwoodknot,p1_clahe,42,test,0.9,0,75,0.0,0.0,0.047995064055142256,3.469446951953614e-18,0.04872384248280587,0,0.0
vnwoodknot,p1_clahe,42,test,0.95,0,75,0.0,0.0,0.047995064055142256,3.469446951953614e-18,0.04872384248280587,0,0.0
vnwoodknot,p1_clahe,43,val,0.05,0,75,0.0,0.0,0.047995064055142256,3.469446951953614e-18,0.04872384248280587,0,0.0
vnwoodknot,p1_clahe,43,val,0.1,0,75,0.0,0.0,0.047995064055142256,3.469446951953614e-18,0.04872384248280587,0,0.0
vnwoodknot,p1_clahe,43,val,0.15,0,75,0.0,0.0,0.047995064055142256,3.469446951953614e-18,0.04872384248280587,0,0.0
vnwoodknot,p1_clahe,43,val,0.2,0,75,0.0,0.0,0.047995064055142256,3.469446951953614e-18,0.04872384248280587,0,0.0
vnwoodknot,p1_clahe,43,val,0.25,0,75,0.0,0.0,0.047995064055142256,3.469446951953614e-18,0.04872384248280587,0,0.0
vnwoodknot,p1_clahe,43,val,0.3,0,75,0.0,0.0,0.047995064055142256,3.469446951953614e-18,0.04872384248280587,0,0.0
vnwoodknot,p1_clahe,43,val,0.35,0,75,0.0,0.0,0.047995064055142256,3.469446951953614e-18,0.04872384248280587,0,0.0
vnwoodknot,p1_clahe,43,val,0.4,0,75,0.0,0.0,0.047995064055142256,3.469446951953614e-18,0.04872384248280587,0,0.0
vnwoodknot,p1_clahe,43,val,0.45,0,75,0.0,0.0,0.047995064055142256,3.469446951953614e-18,0.04872384248280587,0,0.0
vnwoodknot,p1_clahe,43,val,0.5,0,75,0.0,0.0,0.047995064055142256,3.469446951953614e-18,0.04872384248280587,0,0.0
vnwoodknot,p1_clahe,43,val,0.55,0,75,0.0,0.0,0.047995064055142256,3.469446951953614e-18,0.04872384248280587,0,0.0
vnwoodknot,p1_clahe,43,val,0.6,0,75,0.0,0.0,0.047995064055142256,3.469446951953614e-18,0.04872384248280587,0,0.0
vnwoodknot,p1_clahe,43,val,0.65,0,75,0.0,0.0,0.047995064055142256,3.469446951953614e-18,0.04872384248280587,0,0.0
vnwoodknot,p1_clahe,43,val,0.7,0,75,0.0,0.0,0.047995064055142256,3.469446951953614e-18,0.04872384248280587,0,0.0
vnwoodknot,p1_clahe,43,val,0.75,0,75,0.0,0.0,0.047995064055142256,3.469446951953614e-18,0.04872384248280587,0,0.0
vnwoodknot,p1_clahe,43,val,0.8,0,75,0.0,0.0,0.047995064055142256,3.469446951953614e-18,0.04872384248280587,0,0.0
vnwoodknot,p1_clahe,43,val,0.85,0,75,0.0,0.0,0.047995064055142256,3.469446951953614e-18,0.04872384248280587,0,0.0
vnwoodknot,p1_clahe,43,val,0.9,0,75,0.0,0.0,0.047995064055142256,3.469446951953614e-18,0.04872384248280587,0,0.0
vnwoodknot,p1_clahe,43,val,0.95,0,75,0.0,0.0,0.047995064055142256,3.469446951953614e-18,0.04872384248280587,0,0.0
vnwoodknot,p1_clahe,43,test,0.05,0,75,0.0,0.0,0.047995064055142256,3.469446951953614e-18,0.04872384248280587,0,0.0
vnwoodknot,p1_clahe,43,test,0.1,0,75,0.0,0.0,0.047995064055142256,3.469446951953614e-18,0.04872384248280587,0,0.0
vnwoodknot,p1_clahe,43,test,0.15,0,75,0.0,0.0,0.047995064055142256,3.469446951953614e-18,0.04872384248280587,0,0.0
vnwoodknot,p1_clahe,43,test,0.2,0,75,0.0,0.0,0.047995064055142256,3.469446951953614e-18,0.04872384248280587,0,0.0
vnwoodknot,p1_clahe,43,test,0.25,0,75,0.0,0.0,0.047995064055142256,3.469446951953614e-18,0.04872384248280587,0,0.0
vnwoodknot,p1_clahe,43,test,0.3,0,75,0.0,0.0,0.047995064055142256,3.469446951953614e-18,0.04872384248280587,0,0.0
vnwoodknot,p1_clahe,43,test,0.35,0,75,0.0,0.0,0.047995064055142256,3.469446951953614e-18,0.04872384248280587,0,0.0
vnwoodknot,p1_clahe,43,test,0.4,0,75,0.0,0.0,0.047995064055142256,3.469446951953614e-18,0.04872384248280587,0,0.0
vnwoodknot,p1_clahe,43,test,0.45,0,75,0.0,0.0,0.047995064055142256,3.469446951953614e-18,0.04872384248280587,0,0.0
vnwoodknot,p1_clahe,43,test,0.5,0,75,0.0,0.0,0.047995064055142256,3.469446951953614e-18,0.04872384248280587,0,0.0
vnwoodknot,p1_clahe,43,test,0.55,0,75,0.0,0.0,0.047995064055142256,3.469446951953614e-18,0.04872384248280587,0,0.0
vnwoodknot,p1_clahe,43,test,0.6,0,75,0.0,0.0,0.047995064055142256,3.469446951953614e-18,0.04872384248280587,0,0.0
vnwoodknot,p1_clahe,43,test,0.65,0,75,0.0,0.0,0.047995064055142256,3.469446951953614e-18,0.04872384248280587,0,0.0
vnwoodknot,p1_clahe,43,test,0.7,0,75,0.0,0.0,0.047995064055142256,3.469446951953614e-18,0.04872384248280587,0,0.0
vnwoodknot,p1_clahe,43,test,0.75,0,75,0.0,0.0,0.047995064055142256,3.469446951953614e-18,0.04872384248280587,0,0.0
vnwoodknot,p1_clahe,43,test,0.8,0,75,0.0,0.0,0.047995064055142256,3.469446951953614e-18,0.04872384248280587,0,0.0
vnwoodknot,p1_clahe,43,test,0.85,0,75,0.0,0.0,0.047995064055142256,3.469446951953614e-18,0.04872384248280587,0,0.0
vnwoodknot,p1_clahe,43,test,0.9,0,75,0.0,0.0,0.047995064055142256,3.469446951953614e-18,0.04872384248280587,0,0.0
vnwoodknot,p1_clahe,43,test,0.95,0,75,0.0,0.0,0.047995064055142256,3.469446951953614e-18,0.04872384248280587,0,0.0
vnwoodknot,p1_clahe,44,val,0.05,0,75,0.0,0.0,0.047995064055142256,3.469446951953614e-18,0.04872384248280587,0,0.0
vnwoodknot,p1_clahe,44,val,0.1,0,75,0.0,0.0,0.047995064055142256,3.469446951953614e-18,0.04872384248280587,0,0.0
vnwoodknot,p1_clahe,44,val,0.15,0,75,0.0,0.0,0.047995064055142256,3.469446951953614e-18,0.04872384248280587,0,0.0
vnwoodknot,p1_clahe,44,val,0.2,0,75,0.0,0.0,0.047995064055142256,3.469446951953614e-18,0.04872384248280587,0,0.0
vnwoodknot,p1_clahe,44,val,0.25,0,75,0.0,0.0,0.047995064055142256,3.469446951953614e-18,0.04872384248280587,0,0.0
vnwoodknot,p1_clahe,44,val,0.3,0,75,0.0,0.0,0.047995064055142256,3.469446951953614e-18,0.04872384248280587,0,0.0
vnwoodknot,p1_clahe,44,val,0.35,0,75,0.0,0.0,0.047995064055142256,3.469446951953614e-18,0.04872384248280587,0,0.0
vnwoodknot,p1_clahe,44,val,0.4,0,75,0.0,0.0,0.047995064055142256,3.469446951953614e-18,0.04872384248280587,0,0.0
vnwoodknot,p1_clahe,44,val,0.45,0,75,0.0,0.0,0.047995064055142256,3.469446951953614e-18,0.04872384248280587,0,0.0
vnwoodknot,p1_clahe,44,val,0.5,0,75,0.0,0.0,0.047995064055142256,3.469446951953614e-18,0.04872384248280587,0,0.0
vnwoodknot,p1_clahe,44,val,0.55,0,75,0.0,0.0,0.047995064055142256,3.469446951953614e-18,0.04872384248280587,0,0.0
vnwoodknot,p1_clahe,44,val,0.6,0,75,0.0,0.0,0.047995064055142256,3.469446951953614e-18,0.04872384248280587,0,0.0
vnwoodknot,p1_clahe,44,val,0.65,0,75,0.0,0.0,0.047995064055142256,3.469446951953614e-18,0.04872384248280587,0,0.0
vnwoodknot,p1_clahe,44,val,0.7,0,75,0.0,0.0,0.047995064055142256,3.469446951953614e-18,0.04872384248280587,0,0.0
vnwoodknot,p1_clahe,44,val,0.75,0,75,0.0,0.0,0.047995064055142256,3.469446951953614e-18,0.04872384248280587,0,0.0
vnwoodknot,p1_clahe,44,val,0.8,0,75,0.0,0.0,0.047995064055142256,3.469446951953614e-18,0.04872384248280587,0,0.0
vnwoodknot,p1_clahe,44,val,0.85,0,75,0.0,0.0,0.047995064055142256,3.469446951953614e-18,0.04872384248280587,0,0.0
vnwoodknot,p1_clahe,44,val,0.9,0,75,0.0,0.0,0.047995064055142256,3.469446951953614e-18,0.04872384248280587,0,0.0
vnwoodknot,p1_clahe,44,val,0.95,0,75,0.0,0.0,0.047995064055142256,3.469446951953614e-18,0.04872384248280587,0,0.0
vnwoodknot,p1_clahe,44,test,0.05,1,75,0.013333333333333334,0.0003375138025211487,0.0720634972431675,0.002357551139048661,0.07173365554421572,1,0.013333333333333334
vnwoodknot,p1_clahe,44,test,0.1,1,75,0.013333333333333334,0.0003375138025211487,0.0720634972431675,0.002357551139048661,0.07173365554421572,1,0.013333333333333334
vnwoodknot,p1_clahe,44,test,0.15,0,75,0.0,0.0,0.047995064055142256,3.469446951953614e-18,0.04872384248280587,0,0.0
vnwoodknot,p1_clahe,44,test,0.2,0,75,0.0,0.0,0.047995064055142256,3.469446951953614e-18,0.04872384248280587,0,0.0
vnwoodknot,p1_clahe,44,test,0.25,0,75,0.0,0.0,0.047995064055142256,3.469446951953614e-18,0.04872384248280587,0,0.0
vnwoodknot,p1_clahe,44,test,0.3,0,75,0.0,0.0,0.047995064055142256,3.469446951953614e-18,0.04872384248280587,0,0.0
vnwoodknot,p1_clahe,44,test,0.35,0,75,0.0,0.0,0.047995064055142256,3.469446951953614e-18,0.04872384248280587,0,0.0
vnwoodknot,p1_clahe,44,test,0.4,0,75,0.0,0.0,0.047995064055142256,3.469446951953614e-18,0.04872384248280587,0,0.0
vnwoodknot,p1_clahe,44,test,0.45,0,75,0.0,0.0,0.047995064055142256,3.469446951953614e-18,0.04872384248280587,0,0.0
vnwoodknot,p1_clahe,44,test,0.5,0,75,0.0,0.0,0.047995064055142256,3.469446951953614e-18,0.04872384248280587,0,0.0
vnwoodknot,p1_clahe,44,test,0.55,0,75,0.0,0.0,0.047995064055142256,3.469446951953614e-18,0.04872384248280587,0,0.0
vnwoodknot,p1_clahe,44,test,0.6,0,75,0.0,0.0,0.047995064055142256,3.469446951953614e-18,0.04872384248280587,0,0.0
vnwoodknot,p1_clahe,44,test,0.65,0,75,0.0,0.0,0.047995064055142256,3.469446951953614e-18,0.04872384248280587,0,0.0
vnwoodknot,p1_clahe,44,test,0.7,0,75,0.0,0.0,0.047995064055142256,3.469446951953614e-18,0.04872384248280587,0,0.0
vnwoodknot,p1_clahe,44,test,0.75,0,75,0.0,0.0,0.047995064055142256,3.469446951953614e-18,0.04872384248280587,0,0.0
vnwoodknot,p1_clahe,44,test,0.8,0,75,0.0,0.0,0.047995064055142256,3.469446951953614e-18,0.04872384248280587,0,0.0
vnwoodknot,p1_clahe,44,test,0.85,0,75,0.0,0.0,0.047995064055142256,3.469446951953614e-18,0.04872384248280587,0,0.0
vnwoodknot,p1_clahe,44,test,0.9,0,75,0.0,0.0,0.047995064055142256,3.469446951953614e-18,0.04872384248280587,0,0.0
vnwoodknot,p1_clahe,44,test,0.95,0,75,0.0,0.0,0.047995064055142256,3.469446951953614e-18,0.04872384248280587,0,0.0
vnwoodknot,p2_illumination,42,val,0.05,0,75,0.0,0.0,0.047995064055142256,3.469446951953614e-18,0.04872384248280587,0,0.0
vnwoodknot,p2_illumination,42,val,0.1,0,75,0.0,0.0,0.047995064055142256,3.469446951953614e-18,0.04872384248280587,0,0.0
vnwoodknot,p2_illumination,42,val,0.15,0,75,0.0,0.0,0.047995064055142256,3.469446951953614e-18,0.04872384248280587,0,0.0
vnwoodknot,p2_illumination,42,val,0.2,0,75,0.0,0.0,0.047995064055142256,3.469446951953614e-18,0.04872384248280587,0,0.0
vnwoodknot,p2_illumination,42,val,0.25,0,75,0.0,0.0,0.047995064055142256,3.469446951953614e-18,0.04872384248280587,0,0.0
vnwoodknot,p2_illumination,42,val,0.3,0,75,0.0,0.0,0.047995064055142256,3.469446951953614e-18,0.04872384248280587,0,0.0
vnwoodknot,p2_illumination,42,val,0.35,0,75,0.0,0.0,0.047995064055142256,3.469446951953614e-18,0.04872384248280587,0,0.0
vnwoodknot,p2_illumination,42,val,0.4,0,75,0.0,0.0,0.047995064055142256,3.469446951953614e-18,0.04872384248280587,0,0.0
vnwoodknot,p2_illumination,42,val,0.45,0,75,0.0,0.0,0.047995064055142256,3.469446951953614e-18,0.04872384248280587,0,0.0
vnwoodknot,p2_illumination,42,val,0.5,0,75,0.0,0.0,0.047995064055142256,3.469446951953614e-18,0.04872384248280587,0,0.0
vnwoodknot,p2_illumination,42,val,0.55,0,75,0.0,0.0,0.047995064055142256,3.469446951953614e-18,0.04872384248280587,0,0.0
vnwoodknot,p2_illumination,42,val,0.6,0,75,0.0,0.0,0.047995064055142256,3.469446951953614e-18,0.04872384248280587,0,0.0
vnwoodknot,p2_illumination,42,val,0.65,0,75,0.0,0.0,0.047995064055142256,3.469446951953614e-18,0.04872384248280587,0,0.0
vnwoodknot,p2_illumination,42,val,0.7,0,75,0.0,0.0,0.047995064055142256,3.469446951953614e-18,0.04872384248280587,0,0.0
vnwoodknot,p2_illumination,42,val,0.75,0,75,0.0,0.0,0.047995064055142256,3.469446951953614e-18,0.04872384248280587,0,0.0
vnwoodknot,p2_illumination,42,val,0.8,0,75,0.0,0.0,0.047995064055142256,3.469446951953614e-18,0.04872384248280587,0,0.0
vnwoodknot,p2_illumination,42,val,0.85,0,75,0.0,0.0,0.047995064055142256,3.469446951953614e-18,0.04872384248280587,0,0.0
vnwoodknot,p2_illumination,42,val,0.9,0,75,0.0,0.0,0.047995064055142256,3.469446951953614e-18,0.04872384248280587,0,0.0
vnwoodknot,p2_illumination,42,val,0.95,0,75,0.0,0.0,0.047995064055142256,3.469446951953614e-18,0.04872384248280587,0,0.0
vnwoodknot,p2_illumination,42,test,0.05,1,75,0.013333333333333334,0.0003375138025211487,0.0720634972431675,0.002357551139048661,0.07173365554421572,2,0.02666666666666667
vnwoodknot,p2_illumination,42,test,0.1,1,75,0.013333333333333334,0.0003375138025211487,0.0720634972431675,0.002357551139048661,0.07173365554421572,1,0.013333333333333334
vnwoodknot,p2_illumination,42,test,0.15,0,75,0.0,0.0,0.047995064055142256,3.469446951953614e-18,0.04872384248280587,0,0.0
vnwoodknot,p2_illumination,42,test,0.2,0,75,0.0,0.0,0.047995064055142256,3.469446951953614e-18,0.04872384248280587,0,0.0
vnwoodknot,p2_illumination,42,test,0.25,0,75,0.0,0.0,0.047995064055142256,3.469446951953614e-18,0.04872384248280587,0,0.0
vnwoodknot,p2_illumination,42,test,0.3,0,75,0.0,0.0,0.047995064055142256,3.469446951953614e-18,0.04872384248280587,0,0.0
vnwoodknot,p2_illumination,42,test,0.35,0,75,0.0,0.0,0.047995064055142256,3.469446951953614e-18,0.04872384248280587,0,0.0
vnwoodknot,p2_illumination,42,test,0.4,0,75,0.0,0.0,0.047995064055142256,3.469446951953614e-18,0.04872384248280587,0,0.0
vnwoodknot,p2_illumination,42,test,0.45,0,75,0.0,0.0,0.047995064055142256,3.469446951953614e-18,0.04872384248280587,0,0.0
vnwoodknot,p2_illumination,42,test,0.5,0,75,0.0,0.0,0.047995064055142256,3.469446951953614e-18,0.04872384248280587,0,0.0
vnwoodknot,p2_illumination,42,test,0.55,0,75,0.0,0.0,0.047995064055142256,3.469446951953614e-18,0.04872384248280587,0,0.0
vnwoodknot,p2_illumination,42,test,0.6,0,75,0.0,0.0,0.047995064055142256,3.469446951953614e-18,0.04872384248280587,0,0.0
vnwoodknot,p2_illumination,42,test,0.65,0,75,0.0,0.0,0.047995064055142256,3.469446951953614e-18,0.04872384248280587,0,0.0
vnwoodknot,p2_illumination,42,test,0.7,0,75,0.0,0.0,0.047995064055142256,3.469446951953614e-18,0.04872384248280587,0,0.0
vnwoodknot,p2_illumination,42,test,0.75,0,75,0.0,0.0,0.047995064055142256,3.469446951953614e-18,0.04872384248280587,0,0.0
vnwoodknot,p2_illumination,42,test,0.8,0,75,0.0,0.0,0.047995064055142256,3.469446951953614e-18,0.04872384248280587,0,0.0
vnwoodknot,p2_illumination,42,test,0.85,0,75,0.0,0.0,0.047995064055142256,3.469446951953614e-18,0.04872384248280587,0,0.0
vnwoodknot,p2_illumination,42,test,0.9,0,75,0.0,0.0,0.047995064055142256,3.469446951953614e-18,0.04872384248280587,0,0.0
vnwoodknot,p2_illumination,42,test,0.95,0,75,0.0,0.0,0.047995064055142256,3.469446951953614e-18,0.04872384248280587,0,0.0
vnwoodknot,p2_illumination,43,val,0.05,1,75,0.013333333333333334,0.0003375138025211487,0.0720634972431675,0.002357551139048661,0.07173365554421572,1,0.013333333333333334
vnwoodknot,p2_illumination,43,val,0.1,1,75,0.013333333333333334,0.0003375138025211487,0.0720634972431675,0.002357551139048661,0.07173365554421572,1,0.013333333333333334
vnwoodknot,p2_illumination,43,val,0.15,0,75,0.0,0.0,0.047995064055142256,3.469446951953614e-18,0.04872384248280587,0,0.0
vnwoodknot,p2_illumination,43,val,0.2,0,75,0.0,0.0,0.047995064055142256,3.469446951953614e-18,0.04872384248280587,0,0.0
vnwoodknot,p2_illumination,43,val,0.25,0,75,0.0,0.0,0.047995064055142256,3.469446951953614e-18,0.04872384248280587,0,0.0
vnwoodknot,p2_illumination,43,val,0.3,0,75,0.0,0.0,0.047995064055142256,3.469446951953614e-18,0.04872384248280587,0,0.0
vnwoodknot,p2_illumination,43,val,0.35,0,75,0.0,0.0,0.047995064055142256,3.469446951953614e-18,0.04872384248280587,0,0.0
vnwoodknot,p2_illumination,43,val,0.4,0,75,0.0,0.0,0.047995064055142256,3.469446951953614e-18,0.04872384248280587,0,0.0
vnwoodknot,p2_illumination,43,val,0.45,0,75,0.0,0.0,0.047995064055142256,3.469446951953614e-18,0.04872384248280587,0,0.0
vnwoodknot,p2_illumination,43,val,0.5,0,75,0.0,0.0,0.047995064055142256,3.469446951953614e-18,0.04872384248280587,0,0.0
vnwoodknot,p2_illumination,43,val,0.55,0,75,0.0,0.0,0.047995064055142256,3.469446951953614e-18,0.04872384248280587,0,0.0
vnwoodknot,p2_illumination,43,val,0.6,0,75,0.0,0.0,0.047995064055142256,3.469446951953614e-18,0.04872384248280587,0,0.0
vnwoodknot,p2_illumination,43,val,0.65,0,75,0.0,0.0,0.047995064055142256,3.469446951953614e-18,0.04872384248280587,0,0.0
vnwoodknot,p2_illumination,43,val,0.7,0,75,0.0,0.0,0.047995064055142256,3.469446951953614e-18,0.04872384248280587,0,0.0
vnwoodknot,p2_illumination,43,val,0.75,0,75,0.0,0.0,0.047995064055142256,3.469446951953614e-18,0.04872384248280587,0,0.0
vnwoodknot,p2_illumination,43,val,0.8,0,75,0.0,0.0,0.047995064055142256,3.469446951953614e-18,0.04872384248280587,0,0.0
vnwoodknot,p2_illumination,43,val,0.85,0,75,0.0,0.0,0.047995064055142256,3.469446951953614e-18,0.04872384248280587,0,0.0
vnwoodknot,p2_illumination,43,val,0.9,0,75,0.0,0.0,0.047995064055142256,3.469446951953614e-18,0.04872384248280587,0,0.0
vnwoodknot,p2_illumination,43,val,0.95,0,75,0.0,0.0,0.047995064055142256,3.469446951953614e-18,0.04872384248280587,0,0.0
vnwoodknot,p2_illumination,43,test,0.05,0,75,0.0,0.0,0.047995064055142256,3.469446951953614e-18,0.04872384248280587,0,0.0
vnwoodknot,p2_illumination,43,test,0.1,0,75,0.0,0.0,0.047995064055142256,3.469446951953614e-18,0.04872384248280587,0,0.0
vnwoodknot,p2_illumination,43,test,0.15,0,75,0.0,0.0,0.047995064055142256,3.469446951953614e-18,0.04872384248280587,0,0.0
vnwoodknot,p2_illumination,43,test,0.2,0,75,0.0,0.0,0.047995064055142256,3.469446951953614e-18,0.04872384248280587,0,0.0
vnwoodknot,p2_illumination,43,test,0.25,0,75,0.0,0.0,0.047995064055142256,3.469446951953614e-18,0.04872384248280587,0,0.0
vnwoodknot,p2_illumination,43,test,0.3,0,75,0.0,0.0,0.047995064055142256,3.469446951953614e-18,0.04872384248280587,0,0.0
vnwoodknot,p2_illumination,43,test,0.35,0,75,0.0,0.0,0.047995064055142256,3.469446951953614e-18,0.04872384248280587,0,0.0
vnwoodknot,p2_illumination,43,test,0.4,0,75,0.0,0.0,0.047995064055142256,3.469446951953614e-18,0.04872384248280587,0,0.0
vnwoodknot,p2_illumination,43,test,0.45,0,75,0.0,0.0,0.047995064055142256,3.469446951953614e-18,0.04872384248280587,0,0.0
vnwoodknot,p2_illumination,43,test,0.5,0,75,0.0,0.0,0.047995064055142256,3.469446951953614e-18,0.04872384248280587,0,0.0
vnwoodknot,p2_illumination,43,test,0.55,0,75,0.0,0.0,0.047995064055142256,3.469446951953614e-18,0.04872384248280587,0,0.0
vnwoodknot,p2_illumination,43,test,0.6,0,75,0.0,0.0,0.047995064055142256,3.469446951953614e-18,0.04872384248280587,0,0.0
vnwoodknot,p2_illumination,43,test,0.65,0,75,0.0,0.0,0.047995064055142256,3.469446951953614e-18,0.04872384248280587,0,0.0
vnwoodknot,p2_illumination,43,test,0.7,0,75,0.0,0.0,0.047995064055142256,3.469446951953614e-18,0.04872384248280587,0,0.0
vnwoodknot,p2_illumination,43,test,0.75,0,75,0.0,0.0,0.047995064055142256,3.469446951953614e-18,0.04872384248280587,0,0.0
vnwoodknot,p2_illumination,43,test,0.8,0,75,0.0,0.0,0.047995064055142256,3.469446951953614e-18,0.04872384248280587,0,0.0
vnwoodknot,p2_illumination,43,test,0.85,0,75,0.0,0.0,0.047995064055142256,3.469446951953614e-18,0.04872384248280587,0,0.0
vnwoodknot,p2_illumination,43,test,0.9,0,75,0.0,0.0,0.047995064055142256,3.469446951953614e-18,0.04872384248280587,0,0.0
vnwoodknot,p2_illumination,43,test,0.95,0,75,0.0,0.0,0.047995064055142256,3.469446951953614e-18,0.04872384248280587,0,0.0
vnwoodknot,p2_illumination,44,val,0.05,0,75,0.0,0.0,0.047995064055142256,3.469446951953614e-18,0.04872384248280587,0,0.0
vnwoodknot,p2_illumination,44,val,0.1,0,75,0.0,0.0,0.047995064055142256,3.469446951953614e-18,0.04872384248280587,0,0.0
vnwoodknot,p2_illumination,44,val,0.15,0,75,0.0,0.0,0.047995064055142256,3.469446951953614e-18,0.04872384248280587,0,0.0
vnwoodknot,p2_illumination,44,val,0.2,0,75,0.0,0.0,0.047995064055142256,3.469446951953614e-18,0.04872384248280587,0,0.0
vnwoodknot,p2_illumination,44,val,0.25,0,75,0.0,0.0,0.047995064055142256,3.469446951953614e-18,0.04872384248280587,0,0.0
vnwoodknot,p2_illumination,44,val,0.3,0,75,0.0,0.0,0.047995064055142256,3.469446951953614e-18,0.04872384248280587,0,0.0
vnwoodknot,p2_illumination,44,val,0.35,0,75,0.0,0.0,0.047995064055142256,3.469446951953614e-18,0.04872384248280587,0,0.0
vnwoodknot,p2_illumination,44,val,0.4,0,75,0.0,0.0,0.047995064055142256,3.469446951953614e-18,0.04872384248280587,0,0.0
vnwoodknot,p2_illumination,44,val,0.45,0,75,0.0,0.0,0.047995064055142256,3.469446951953614e-18,0.04872384248280587,0,0.0
vnwoodknot,p2_illumination,44,val,0.5,0,75,0.0,0.0,0.047995064055142256,3.469446951953614e-18,0.04872384248280587,0,0.0
vnwoodknot,p2_illumination,44,val,0.55,0,75,0.0,0.0,0.047995064055142256,3.469446951953614e-18,0.04872384248280587,0,0.0
vnwoodknot,p2_illumination,44,val,0.6,0,75,0.0,0.0,0.047995064055142256,3.469446951953614e-18,0.04872384248280587,0,0.0
vnwoodknot,p2_illumination,44,val,0.65,0,75,0.0,0.0,0.047995064055142256,3.469446951953614e-18,0.04872384248280587,0,0.0
vnwoodknot,p2_illumination,44,val,0.7,0,75,0.0,0.0,0.047995064055142256,3.469446951953614e-18,0.04872384248280587,0,0.0
vnwoodknot,p2_illumination,44,val,0.75,0,75,0.0,0.0,0.047995064055142256,3.469446951953614e-18,0.04872384248280587,0,0.0
vnwoodknot,p2_illumination,44,val,0.8,0,75,0.0,0.0,0.047995064055142256,3.469446951953614e-18,0.04872384248280587,0,0.0
vnwoodknot,p2_illumination,44,val,0.85,0,75,0.0,0.0,0.047995064055142256,3.469446951953614e-18,0.04872384248280587,0,0.0
vnwoodknot,p2_illumination,44,val,0.9,0,75,0.0,0.0,0.047995064055142256,3.469446951953614e-18,0.04872384248280587,0,0.0
vnwoodknot,p2_illumination,44,val,0.95,0,75,0.0,0.0,0.047995064055142256,3.469446951953614e-18,0.04872384248280587,0,0.0
vnwoodknot,p2_illumination,44,test,0.05,1,75,0.013333333333333334,0.0003375138025211487,0.0720634972431675,0.002357551139048661,0.07173365554421572,1,0.013333333333333334
vnwoodknot,p2_illumination,44,test,0.1,0,75,0.0,0.0,0.047995064055142256,3.469446951953614e-18,0.04872384248280587,0,0.0
vnwoodknot,p2_illumination,44,test,0.15,0,75,0.0,0.0,0.047995064055142256,3.469446951953614e-18,0.04872384248280587,0,0.0
vnwoodknot,p2_illumination,44,test,0.2,0,75,0.0,0.0,0.047995064055142256,3.469446951953614e-18,0.04872384248280587,0,0.0
vnwoodknot,p2_illumination,44,test,0.25,0,75,0.0,0.0,0.047995064055142256,3.469446951953614e-18,0.04872384248280587,0,0.0
vnwoodknot,p2_illumination,44,test,0.3,0,75,0.0,0.0,0.047995064055142256,3.469446951953614e-18,0.04872384248280587,0,0.0
vnwoodknot,p2_illumination,44,test,0.35,0,75,0.0,0.0,0.047995064055142256,3.469446951953614e-18,0.04872384248280587,0,0.0
vnwoodknot,p2_illumination,44,test,0.4,0,75,0.0,0.0,0.047995064055142256,3.469446951953614e-18,0.04872384248280587,0,0.0
vnwoodknot,p2_illumination,44,test,0.45,0,75,0.0,0.0,0.047995064055142256,3.469446951953614e-18,0.04872384248280587,0,0.0
vnwoodknot,p2_illumination,44,test,0.5,0,75,0.0,0.0,0.047995064055142256,3.469446951953614e-18,0.04872384248280587,0,0.0
vnwoodknot,p2_illumination,44,test,0.55,0,75,0.0,0.0,0.047995064055142256,3.469446951953614e-18,0.04872384248280587,0,0.0
vnwoodknot,p2_illumination,44,test,0.6,0,75,0.0,0.0,0.047995064055142256,3.469446951953614e-18,0.04872384248280587,0,0.0
vnwoodknot,p2_illumination,44,test,0.65,0,75,0.0,0.0,0.047995064055142256,3.469446951953614e-18,0.04872384248280587,0,0.0
vnwoodknot,p2_illumination,44,test,0.7,0,75,0.0,0.0,0.047995064055142256,3.469446951953614e-18,0.04872384248280587,0,0.0
vnwoodknot,p2_illumination,44,test,0.75,0,75,0.0,0.0,0.047995064055142256,3.469446951953614e-18,0.04872384248280587,0,0.0
vnwoodknot,p2_illumination,44,test,0.8,0,75,0.0,0.0,0.047995064055142256,3.469446951953614e-18,0.04872384248280587,0,0.0
vnwoodknot,p2_illumination,44,test,0.85,0,75,0.0,0.0,0.047995064055142256,3.469446951953614e-18,0.04872384248280587,0,0.0
vnwoodknot,p2_illumination,44,test,0.9,0,75,0.0,0.0,0.047995064055142256,3.469446951953614e-18,0.04872384248280587,0,0.0
vnwoodknot,p2_illumination,44,test,0.95,0,75,0.0,0.0,0.047995064055142256,3.469446951953614e-18,0.04872384248280587,0,0.0
vnwoodknot,p3_unsharp,42,val,0.05,0,75,0.0,0.0,0.047995064055142256,3.469446951953614e-18,0.04872384248280587,0,0.0
vnwoodknot,p3_unsharp,42,val,0.1,0,75,0.0,0.0,0.047995064055142256,3.469446951953614e-18,0.04872384248280587,0,0.0
vnwoodknot,p3_unsharp,42,val,0.15,0,75,0.0,0.0,0.047995064055142256,3.469446951953614e-18,0.04872384248280587,0,0.0
vnwoodknot,p3_unsharp,42,val,0.2,0,75,0.0,0.0,0.047995064055142256,3.469446951953614e-18,0.04872384248280587,0,0.0
vnwoodknot,p3_unsharp,42,val,0.25,0,75,0.0,0.0,0.047995064055142256,3.469446951953614e-18,0.04872384248280587,0,0.0
vnwoodknot,p3_unsharp,42,val,0.3,0,75,0.0,0.0,0.047995064055142256,3.469446951953614e-18,0.04872384248280587,0,0.0
vnwoodknot,p3_unsharp,42,val,0.35,0,75,0.0,0.0,0.047995064055142256,3.469446951953614e-18,0.04872384248280587,0,0.0
vnwoodknot,p3_unsharp,42,val,0.4,0,75,0.0,0.0,0.047995064055142256,3.469446951953614e-18,0.04872384248280587,0,0.0
vnwoodknot,p3_unsharp,42,val,0.45,0,75,0.0,0.0,0.047995064055142256,3.469446951953614e-18,0.04872384248280587,0,0.0
vnwoodknot,p3_unsharp,42,val,0.5,0,75,0.0,0.0,0.047995064055142256,3.469446951953614e-18,0.04872384248280587,0,0.0
vnwoodknot,p3_unsharp,42,val,0.55,0,75,0.0,0.0,0.047995064055142256,3.469446951953614e-18,0.04872384248280587,0,0.0
vnwoodknot,p3_unsharp,42,val,0.6,0,75,0.0,0.0,0.047995064055142256,3.469446951953614e-18,0.04872384248280587,0,0.0
vnwoodknot,p3_unsharp,42,val,0.65,0,75,0.0,0.0,0.047995064055142256,3.469446951953614e-18,0.04872384248280587,0,0.0
vnwoodknot,p3_unsharp,42,val,0.7,0,75,0.0,0.0,0.047995064055142256,3.469446951953614e-18,0.04872384248280587,0,0.0
vnwoodknot,p3_unsharp,42,val,0.75,0,75,0.0,0.0,0.047995064055142256,3.469446951953614e-18,0.04872384248280587,0,0.0
vnwoodknot,p3_unsharp,42,val,0.8,0,75,0.0,0.0,0.047995064055142256,3.469446951953614e-18,0.04872384248280587,0,0.0
vnwoodknot,p3_unsharp,42,val,0.85,0,75,0.0,0.0,0.047995064055142256,3.469446951953614e-18,0.04872384248280587,0,0.0
vnwoodknot,p3_unsharp,42,val,0.9,0,75,0.0,0.0,0.047995064055142256,3.469446951953614e-18,0.04872384248280587,0,0.0
vnwoodknot,p3_unsharp,42,val,0.95,0,75,0.0,0.0,0.047995064055142256,3.469446951953614e-18,0.04872384248280587,0,0.0
vnwoodknot,p3_unsharp,42,test,0.05,2,75,0.02666666666666667,0.003245930928966027,0.09303153222072551,0.0073436890061313945,0.09211488187759151,2,0.02666666666666667
vnwoodknot,p3_unsharp,42,test,0.1,0,75,0.0,0.0,0.047995064055142256,3.469446951953614e-18,0.04872384248280587,0,0.0
vnwoodknot,p3_unsharp,42,test,0.15,0,75,0.0,0.0,0.047995064055142256,3.469446951953614e-18,0.04872384248280587,0,0.0
vnwoodknot,p3_unsharp,42,test,0.2,0,75,0.0,0.0,0.047995064055142256,3.469446951953614e-18,0.04872384248280587,0,0.0
vnwoodknot,p3_unsharp,42,test,0.25,0,75,0.0,0.0,0.047995064055142256,3.469446951953614e-18,0.04872384248280587,0,0.0
vnwoodknot,p3_unsharp,42,test,0.3,0,75,0.0,0.0,0.047995064055142256,3.469446951953614e-18,0.04872384248280587,0,0.0
vnwoodknot,p3_unsharp,42,test,0.35,0,75,0.0,0.0,0.047995064055142256,3.469446951953614e-18,0.04872384248280587,0,0.0
vnwoodknot,p3_unsharp,42,test,0.4,0,75,0.0,0.0,0.047995064055142256,3.469446951953614e-18,0.04872384248280587,0,0.0
vnwoodknot,p3_unsharp,42,test,0.45,0,75,0.0,0.0,0.047995064055142256,3.469446951953614e-18,0.04872384248280587,0,0.0
vnwoodknot,p3_unsharp,42,test,0.5,0,75,0.0,0.0,0.047995064055142256,3.469446951953614e-18,0.04872384248280587,0,0.0
vnwoodknot,p3_unsharp,42,test,0.55,0,75,0.0,0.0,0.047995064055142256,3.469446951953614e-18,0.04872384248280587,0,0.0
vnwoodknot,p3_unsharp,42,test,0.6,0,75,0.0,0.0,0.047995064055142256,3.469446951953614e-18,0.04872384248280587,0,0.0
vnwoodknot,p3_unsharp,42,test,0.65,0,75,0.0,0.0,0.047995064055142256,3.469446951953614e-18,0.04872384248280587,0,0.0
vnwoodknot,p3_unsharp,42,test,0.7,0,75,0.0,0.0,0.047995064055142256,3.469446951953614e-18,0.04872384248280587,0,0.0
vnwoodknot,p3_unsharp,42,test,0.75,0,75,0.0,0.0,0.047995064055142256,3.469446951953614e-18,0.04872384248280587,0,0.0
vnwoodknot,p3_unsharp,42,test,0.8,0,75,0.0,0.0,0.047995064055142256,3.469446951953614e-18,0.04872384248280587,0,0.0
vnwoodknot,p3_unsharp,42,test,0.85,0,75,0.0,0.0,0.047995064055142256,3.469446951953614e-18,0.04872384248280587,0,0.0
vnwoodknot,p3_unsharp,42,test,0.9,0,75,0.0,0.0,0.047995064055142256,3.469446951953614e-18,0.04872384248280587,0,0.0
vnwoodknot,p3_unsharp,42,test,0.95,0,75,0.0,0.0,0.047995064055142256,3.469446951953614e-18,0.04872384248280587,0,0.0
vnwoodknot,p3_unsharp,43,val,0.05,0,75,0.0,0.0,0.047995064055142256,3.469446951953614e-18,0.04872384248280587,0,0.0
vnwoodknot,p3_unsharp,43,val,0.1,0,75,0.0,0.0,0.047995064055142256,3.469446951953614e-18,0.04872384248280587,0,0.0
vnwoodknot,p3_unsharp,43,val,0.15,0,75,0.0,0.0,0.047995064055142256,3.469446951953614e-18,0.04872384248280587,0,0.0
vnwoodknot,p3_unsharp,43,val,0.2,0,75,0.0,0.0,0.047995064055142256,3.469446951953614e-18,0.04872384248280587,0,0.0
vnwoodknot,p3_unsharp,43,val,0.25,0,75,0.0,0.0,0.047995064055142256,3.469446951953614e-18,0.04872384248280587,0,0.0
vnwoodknot,p3_unsharp,43,val,0.3,0,75,0.0,0.0,0.047995064055142256,3.469446951953614e-18,0.04872384248280587,0,0.0
vnwoodknot,p3_unsharp,43,val,0.35,0,75,0.0,0.0,0.047995064055142256,3.469446951953614e-18,0.04872384248280587,0,0.0
vnwoodknot,p3_unsharp,43,val,0.4,0,75,0.0,0.0,0.047995064055142256,3.469446951953614e-18,0.04872384248280587,0,0.0
vnwoodknot,p3_unsharp,43,val,0.45,0,75,0.0,0.0,0.047995064055142256,3.469446951953614e-18,0.04872384248280587,0,0.0
vnwoodknot,p3_unsharp,43,val,0.5,0,75,0.0,0.0,0.047995064055142256,3.469446951953614e-18,0.04872384248280587,0,0.0
vnwoodknot,p3_unsharp,43,val,0.55,0,75,0.0,0.0,0.047995064055142256,3.469446951953614e-18,0.04872384248280587,0,0.0
vnwoodknot,p3_unsharp,43,val,0.6,0,75,0.0,0.0,0.047995064055142256,3.469446951953614e-18,0.04872384248280587,0,0.0
vnwoodknot,p3_unsharp,43,val,0.65,0,75,0.0,0.0,0.047995064055142256,3.469446951953614e-18,0.04872384248280587,0,0.0
vnwoodknot,p3_unsharp,43,val,0.7,0,75,0.0,0.0,0.047995064055142256,3.469446951953614e-18,0.04872384248280587,0,0.0
vnwoodknot,p3_unsharp,43,val,0.75,0,75,0.0,0.0,0.047995064055142256,3.469446951953614e-18,0.04872384248280587,0,0.0
vnwoodknot,p3_unsharp,43,val,0.8,0,75,0.0,0.0,0.047995064055142256,3.469446951953614e-18,0.04872384248280587,0,0.0
vnwoodknot,p3_unsharp,43,val,0.85,0,75,0.0,0.0,0.047995064055142256,3.469446951953614e-18,0.04872384248280587,0,0.0
vnwoodknot,p3_unsharp,43,val,0.9,0,75,0.0,0.0,0.047995064055142256,3.469446951953614e-18,0.04872384248280587,0,0.0
vnwoodknot,p3_unsharp,43,val,0.95,0,75,0.0,0.0,0.047995064055142256,3.469446951953614e-18,0.04872384248280587,0,0.0
vnwoodknot,p3_unsharp,43,test,0.05,0,75,0.0,0.0,0.047995064055142256,3.469446951953614e-18,0.04872384248280587,0,0.0
vnwoodknot,p3_unsharp,43,test,0.1,0,75,0.0,0.0,0.047995064055142256,3.469446951953614e-18,0.04872384248280587,0,0.0
vnwoodknot,p3_unsharp,43,test,0.15,0,75,0.0,0.0,0.047995064055142256,3.469446951953614e-18,0.04872384248280587,0,0.0
vnwoodknot,p3_unsharp,43,test,0.2,0,75,0.0,0.0,0.047995064055142256,3.469446951953614e-18,0.04872384248280587,0,0.0
vnwoodknot,p3_unsharp,43,test,0.25,0,75,0.0,0.0,0.047995064055142256,3.469446951953614e-18,0.04872384248280587,0,0.0
vnwoodknot,p3_unsharp,43,test,0.3,0,75,0.0,0.0,0.047995064055142256,3.469446951953614e-18,0.04872384248280587,0,0.0
vnwoodknot,p3_unsharp,43,test,0.35,0,75,0.0,0.0,0.047995064055142256,3.469446951953614e-18,0.04872384248280587,0,0.0
vnwoodknot,p3_unsharp,43,test,0.4,0,75,0.0,0.0,0.047995064055142256,3.469446951953614e-18,0.04872384248280587,0,0.0
vnwoodknot,p3_unsharp,43,test,0.45,0,75,0.0,0.0,0.047995064055142256,3.469446951953614e-18,0.04872384248280587,0,0.0
vnwoodknot,p3_unsharp,43,test,0.5,0,75,0.0,0.0,0.047995064055142256,3.469446951953614e-18,0.04872384248280587,0,0.0
vnwoodknot,p3_unsharp,43,test,0.55,0,75,0.0,0.0,0.047995064055142256,3.469446951953614e-18,0.04872384248280587,0,0.0
vnwoodknot,p3_unsharp,43,test,0.6,0,75,0.0,0.0,0.047995064055142256,3.469446951953614e-18,0.04872384248280587,0,0.0
vnwoodknot,p3_unsharp,43,test,0.65,0,75,0.0,0.0,0.047995064055142256,3.469446951953614e-18,0.04872384248280587,0,0.0
vnwoodknot,p3_unsharp,43,test,0.7,0,75,0.0,0.0,0.047995064055142256,3.469446951953614e-18,0.04872384248280587,0,0.0
vnwoodknot,p3_unsharp,43,test,0.75,0,75,0.0,0.0,0.047995064055142256,3.469446951953614e-18,0.04872384248280587,0,0.0
vnwoodknot,p3_unsharp,43,test,0.8,0,75,0.0,0.0,0.047995064055142256,3.469446951953614e-18,0.04872384248280587,0,0.0
vnwoodknot,p3_unsharp,43,test,0.85,0,75,0.0,0.0,0.047995064055142256,3.469446951953614e-18,0.04872384248280587,0,0.0
vnwoodknot,p3_unsharp,43,test,0.9,0,75,0.0,0.0,0.047995064055142256,3.469446951953614e-18,0.04872384248280587,0,0.0
vnwoodknot,p3_unsharp,43,test,0.95,0,75,0.0,0.0,0.047995064055142256,3.469446951953614e-18,0.04872384248280587,0,0.0
vnwoodknot,p3_unsharp,44,val,0.05,0,75,0.0,0.0,0.047995064055142256,3.469446951953614e-18,0.04872384248280587,0,0.0
vnwoodknot,p3_unsharp,44,val,0.1,0,75,0.0,0.0,0.047995064055142256,3.469446951953614e-18,0.04872384248280587,0,0.0
vnwoodknot,p3_unsharp,44,val,0.15,0,75,0.0,0.0,0.047995064055142256,3.469446951953614e-18,0.04872384248280587,0,0.0
vnwoodknot,p3_unsharp,44,val,0.2,0,75,0.0,0.0,0.047995064055142256,3.469446951953614e-18,0.04872384248280587,0,0.0
vnwoodknot,p3_unsharp,44,val,0.25,0,75,0.0,0.0,0.047995064055142256,3.469446951953614e-18,0.04872384248280587,0,0.0
vnwoodknot,p3_unsharp,44,val,0.3,0,75,0.0,0.0,0.047995064055142256,3.469446951953614e-18,0.04872384248280587,0,0.0
vnwoodknot,p3_unsharp,44,val,0.35,0,75,0.0,0.0,0.047995064055142256,3.469446951953614e-18,0.04872384248280587,0,0.0
vnwoodknot,p3_unsharp,44,val,0.4,0,75,0.0,0.0,0.047995064055142256,3.469446951953614e-18,0.04872384248280587,0,0.0
vnwoodknot,p3_unsharp,44,val,0.45,0,75,0.0,0.0,0.047995064055142256,3.469446951953614e-18,0.04872384248280587,0,0.0
vnwoodknot,p3_unsharp,44,val,0.5,0,75,0.0,0.0,0.047995064055142256,3.469446951953614e-18,0.04872384248280587,0,0.0
vnwoodknot,p3_unsharp,44,val,0.55,0,75,0.0,0.0,0.047995064055142256,3.469446951953614e-18,0.04872384248280587,0,0.0
vnwoodknot,p3_unsharp,44,val,0.6,0,75,0.0,0.0,0.047995064055142256,3.469446951953614e-18,0.04872384248280587,0,0.0
vnwoodknot,p3_unsharp,44,val,0.65,0,75,0.0,0.0,0.047995064055142256,3.469446951953614e-18,0.04872384248280587,0,0.0
vnwoodknot,p3_unsharp,44,val,0.7,0,75,0.0,0.0,0.047995064055142256,3.469446951953614e-18,0.04872384248280587,0,0.0
vnwoodknot,p3_unsharp,44,val,0.75,0,75,0.0,0.0,0.047995064055142256,3.469446951953614e-18,0.04872384248280587,0,0.0
vnwoodknot,p3_unsharp,44,val,0.8,0,75,0.0,0.0,0.047995064055142256,3.469446951953614e-18,0.04872384248280587,0,0.0
vnwoodknot,p3_unsharp,44,val,0.85,0,75,0.0,0.0,0.047995064055142256,3.469446951953614e-18,0.04872384248280587,0,0.0
vnwoodknot,p3_unsharp,44,val,0.9,0,75,0.0,0.0,0.047995064055142256,3.469446951953614e-18,0.04872384248280587,0,0.0
vnwoodknot,p3_unsharp,44,val,0.95,0,75,0.0,0.0,0.047995064055142256,3.469446951953614e-18,0.04872384248280587,0,0.0
vnwoodknot,p3_unsharp,44,test,0.05,1,75,0.013333333333333334,0.0003375138025211487,0.0720634972431675,0.002357551139048661,0.07173365554421572,1,0.013333333333333334
vnwoodknot,p3_unsharp,44,test,0.1,0,75,0.0,0.0,0.047995064055142256,3.469446951953614e-18,0.04872384248280587,0,0.0
vnwoodknot,p3_unsharp,44,test,0.15,0,75,0.0,0.0,0.047995064055142256,3.469446951953614e-18,0.04872384248280587,0,0.0
vnwoodknot,p3_unsharp,44,test,0.2,0,75,0.0,0.0,0.047995064055142256,3.469446951953614e-18,0.04872384248280587,0,0.0
vnwoodknot,p3_unsharp,44,test,0.25,0,75,0.0,0.0,0.047995064055142256,3.469446951953614e-18,0.04872384248280587,0,0.0
vnwoodknot,p3_unsharp,44,test,0.3,0,75,0.0,0.0,0.047995064055142256,3.469446951953614e-18,0.04872384248280587,0,0.0
vnwoodknot,p3_unsharp,44,test,0.35,0,75,0.0,0.0,0.047995064055142256,3.469446951953614e-18,0.04872384248280587,0,0.0
vnwoodknot,p3_unsharp,44,test,0.4,0,75,0.0,0.0,0.047995064055142256,3.469446951953614e-18,0.04872384248280587,0,0.0
vnwoodknot,p3_unsharp,44,test,0.45,0,75,0.0,0.0,0.047995064055142256,3.469446951953614e-18,0.04872384248280587,0,0.0
vnwoodknot,p3_unsharp,44,test,0.5,0,75,0.0,0.0,0.047995064055142256,3.469446951953614e-18,0.04872384248280587,0,0.0
vnwoodknot,p3_unsharp,44,test,0.55,0,75,0.0,0.0,0.047995064055142256,3.469446951953614e-18,0.04872384248280587,0,0.0
vnwoodknot,p3_unsharp,44,test,0.6,0,75,0.0,0.0,0.047995064055142256,3.469446951953614e-18,0.04872384248280587,0,0.0
vnwoodknot,p3_unsharp,44,test,0.65,0,75,0.0,0.0,0.047995064055142256,3.469446951953614e-18,0.04872384248280587,0,0.0
vnwoodknot,p3_unsharp,44,test,0.7,0,75,0.0,0.0,0.047995064055142256,3.469446951953614e-18,0.04872384248280587,0,0.0
vnwoodknot,p3_unsharp,44,test,0.75,0,75,0.0,0.0,0.047995064055142256,3.469446951953614e-18,0.04872384248280587,0,0.0
vnwoodknot,p3_unsharp,44,test,0.8,0,75,0.0,0.0,0.047995064055142256,3.469446951953614e-18,0.04872384248280587,0,0.0
vnwoodknot,p3_unsharp,44,test,0.85,0,75,0.0,0.0,0.047995064055142256,3.469446951953614e-18,0.04872384248280587,0,0.0
vnwoodknot,p3_unsharp,44,test,0.9,0,75,0.0,0.0,0.047995064055142256,3.469446951953614e-18,0.04872384248280587,0,0.0
vnwoodknot,p3_unsharp,44,test,0.95,0,75,0.0,0.0,0.047995064055142256,3.469446951953614e-18,0.04872384248280587,0,0.0
vnwoodknot,a1_crop,42,val,0.05,2,75,0.02666666666666667,0.003245930928966027,0.09303153222072551,0.0073436890061313945,0.09211488187759151,2,0.02666666666666667
vnwoodknot,a1_crop,42,val,0.1,1,75,0.013333333333333334,0.0003375138025211487,0.0720634972431675,0.002357551139048661,0.07173365554421572,1,0.013333333333333334
vnwoodknot,a1_crop,42,val,0.15,1,75,0.013333333333333334,0.0003375138025211487,0.0720634972431675,0.002357551139048661,0.07173365554421572,1,0.013333333333333334
vnwoodknot,a1_crop,42,val,0.2,1,75,0.013333333333333334,0.0003375138025211487,0.0720634972431675,0.002357551139048661,0.07173365554421572,1,0.013333333333333334
vnwoodknot,a1_crop,42,val,0.25,0,75,0.0,0.0,0.047995064055142256,3.469446951953614e-18,0.04872384248280587,0,0.0
vnwoodknot,a1_crop,42,val,0.3,0,75,0.0,0.0,0.047995064055142256,3.469446951953614e-18,0.04872384248280587,0,0.0
vnwoodknot,a1_crop,42,val,0.35,0,75,0.0,0.0,0.047995064055142256,3.469446951953614e-18,0.04872384248280587,0,0.0
vnwoodknot,a1_crop,42,val,0.4,0,75,0.0,0.0,0.047995064055142256,3.469446951953614e-18,0.04872384248280587,0,0.0
vnwoodknot,a1_crop,42,val,0.45,0,75,0.0,0.0,0.047995064055142256,3.469446951953614e-18,0.04872384248280587,0,0.0
vnwoodknot,a1_crop,42,val,0.5,0,75,0.0,0.0,0.047995064055142256,3.469446951953614e-18,0.04872384248280587,0,0.0
vnwoodknot,a1_crop,42,val,0.55,0,75,0.0,0.0,0.047995064055142256,3.469446951953614e-18,0.04872384248280587,0,0.0
vnwoodknot,a1_crop,42,val,0.6,0,75,0.0,0.0,0.047995064055142256,3.469446951953614e-18,0.04872384248280587,0,0.0
vnwoodknot,a1_crop,42,val,0.65,0,75,0.0,0.0,0.047995064055142256,3.469446951953614e-18,0.04872384248280587,0,0.0
vnwoodknot,a1_crop,42,val,0.7,0,75,0.0,0.0,0.047995064055142256,3.469446951953614e-18,0.04872384248280587,0,0.0
vnwoodknot,a1_crop,42,val,0.75,0,75,0.0,0.0,0.047995064055142256,3.469446951953614e-18,0.04872384248280587,0,0.0
vnwoodknot,a1_crop,42,val,0.8,0,75,0.0,0.0,0.047995064055142256,3.469446951953614e-18,0.04872384248280587,0,0.0
vnwoodknot,a1_crop,42,val,0.85,0,75,0.0,0.0,0.047995064055142256,3.469446951953614e-18,0.04872384248280587,0,0.0
vnwoodknot,a1_crop,42,val,0.9,0,75,0.0,0.0,0.047995064055142256,3.469446951953614e-18,0.04872384248280587,0,0.0
vnwoodknot,a1_crop,42,val,0.95,0,75,0.0,0.0,0.047995064055142256,3.469446951953614e-18,0.04872384248280587,0,0.0
vnwoodknot,a1_crop,42,test,0.05,0,75,0.0,0.0,0.047995064055142256,3.469446951953614e-18,0.04872384248280587,0,0.0
vnwoodknot,a1_crop,42,test,0.1,0,75,0.0,0.0,0.047995064055142256,3.469446951953614e-18,0.04872384248280587,0,0.0
vnwoodknot,a1_crop,42,test,0.15,0,75,0.0,0.0,0.047995064055142256,3.469446951953614e-18,0.04872384248280587,0,0.0
vnwoodknot,a1_crop,42,test,0.2,0,75,0.0,0.0,0.047995064055142256,3.469446951953614e-18,0.04872384248280587,0,0.0
vnwoodknot,a1_crop,42,test,0.25,0,75,0.0,0.0,0.047995064055142256,3.469446951953614e-18,0.04872384248280587,0,0.0
vnwoodknot,a1_crop,42,test,0.3,0,75,0.0,0.0,0.047995064055142256,3.469446951953614e-18,0.04872384248280587,0,0.0
vnwoodknot,a1_crop,42,test,0.35,0,75,0.0,0.0,0.047995064055142256,3.469446951953614e-18,0.04872384248280587,0,0.0
vnwoodknot,a1_crop,42,test,0.4,0,75,0.0,0.0,0.047995064055142256,3.469446951953614e-18,0.04872384248280587,0,0.0
vnwoodknot,a1_crop,42,test,0.45,0,75,0.0,0.0,0.047995064055142256,3.469446951953614e-18,0.04872384248280587,0,0.0
vnwoodknot,a1_crop,42,test,0.5,0,75,0.0,0.0,0.047995064055142256,3.469446951953614e-18,0.04872384248280587,0,0.0
vnwoodknot,a1_crop,42,test,0.55,0,75,0.0,0.0,0.047995064055142256,3.469446951953614e-18,0.04872384248280587,0,0.0
vnwoodknot,a1_crop,42,test,0.6,0,75,0.0,0.0,0.047995064055142256,3.469446951953614e-18,0.04872384248280587,0,0.0
vnwoodknot,a1_crop,42,test,0.65,0,75,0.0,0.0,0.047995064055142256,3.469446951953614e-18,0.04872384248280587,0,0.0
vnwoodknot,a1_crop,42,test,0.7,0,75,0.0,0.0,0.047995064055142256,3.469446951953614e-18,0.04872384248280587,0,0.0
vnwoodknot,a1_crop,42,test,0.75,0,75,0.0,0.0,0.047995064055142256,3.469446951953614e-18,0.04872384248280587,0,0.0
vnwoodknot,a1_crop,42,test,0.8,0,75,0.0,0.0,0.047995064055142256,3.469446951953614e-18,0.04872384248280587,0,0.0
vnwoodknot,a1_crop,42,test,0.85,0,75,0.0,0.0,0.047995064055142256,3.469446951953614e-18,0.04872384248280587,0,0.0
vnwoodknot,a1_crop,42,test,0.9,0,75,0.0,0.0,0.047995064055142256,3.469446951953614e-18,0.04872384248280587,0,0.0
vnwoodknot,a1_crop,42,test,0.95,0,75,0.0,0.0,0.047995064055142256,3.469446951953614e-18,0.04872384248280587,0,0.0
vnwoodknot,a1_crop,43,val,0.05,0,75,0.0,0.0,0.047995064055142256,3.469446951953614e-18,0.04872384248280587,0,0.0
vnwoodknot,a1_crop,43,val,0.1,0,75,0.0,0.0,0.047995064055142256,3.469446951953614e-18,0.04872384248280587,0,0.0
vnwoodknot,a1_crop,43,val,0.15,0,75,0.0,0.0,0.047995064055142256,3.469446951953614e-18,0.04872384248280587,0,0.0
vnwoodknot,a1_crop,43,val,0.2,0,75,0.0,0.0,0.047995064055142256,3.469446951953614e-18,0.04872384248280587,0,0.0
vnwoodknot,a1_crop,43,val,0.25,0,75,0.0,0.0,0.047995064055142256,3.469446951953614e-18,0.04872384248280587,0,0.0
vnwoodknot,a1_crop,43,val,0.3,0,75,0.0,0.0,0.047995064055142256,3.469446951953614e-18,0.04872384248280587,0,0.0
vnwoodknot,a1_crop,43,val,0.35,0,75,0.0,0.0,0.047995064055142256,3.469446951953614e-18,0.04872384248280587,0,0.0
vnwoodknot,a1_crop,43,val,0.4,0,75,0.0,0.0,0.047995064055142256,3.469446951953614e-18,0.04872384248280587,0,0.0
vnwoodknot,a1_crop,43,val,0.45,0,75,0.0,0.0,0.047995064055142256,3.469446951953614e-18,0.04872384248280587,0,0.0
vnwoodknot,a1_crop,43,val,0.5,0,75,0.0,0.0,0.047995064055142256,3.469446951953614e-18,0.04872384248280587,0,0.0
vnwoodknot,a1_crop,43,val,0.55,0,75,0.0,0.0,0.047995064055142256,3.469446951953614e-18,0.04872384248280587,0,0.0
vnwoodknot,a1_crop,43,val,0.6,0,75,0.0,0.0,0.047995064055142256,3.469446951953614e-18,0.04872384248280587,0,0.0
vnwoodknot,a1_crop,43,val,0.65,0,75,0.0,0.0,0.047995064055142256,3.469446951953614e-18,0.04872384248280587,0,0.0
vnwoodknot,a1_crop,43,val,0.7,0,75,0.0,0.0,0.047995064055142256,3.469446951953614e-18,0.04872384248280587,0,0.0
vnwoodknot,a1_crop,43,val,0.75,0,75,0.0,0.0,0.047995064055142256,3.469446951953614e-18,0.04872384248280587,0,0.0
vnwoodknot,a1_crop,43,val,0.8,0,75,0.0,0.0,0.047995064055142256,3.469446951953614e-18,0.04872384248280587,0,0.0
vnwoodknot,a1_crop,43,val,0.85,0,75,0.0,0.0,0.047995064055142256,3.469446951953614e-18,0.04872384248280587,0,0.0
vnwoodknot,a1_crop,43,val,0.9,0,75,0.0,0.0,0.047995064055142256,3.469446951953614e-18,0.04872384248280587,0,0.0
vnwoodknot,a1_crop,43,val,0.95,0,75,0.0,0.0,0.047995064055142256,3.469446951953614e-18,0.04872384248280587,0,0.0
vnwoodknot,a1_crop,43,test,0.05,1,75,0.013333333333333334,0.0003375138025211487,0.0720634972431675,0.002357551139048661,0.07173365554421572,1,0.013333333333333334
vnwoodknot,a1_crop,43,test,0.1,0,75,0.0,0.0,0.047995064055142256,3.469446951953614e-18,0.04872384248280587,0,0.0
vnwoodknot,a1_crop,43,test,0.15,0,75,0.0,0.0,0.047995064055142256,3.469446951953614e-18,0.04872384248280587,0,0.0
vnwoodknot,a1_crop,43,test,0.2,0,75,0.0,0.0,0.047995064055142256,3.469446951953614e-18,0.04872384248280587,0,0.0
vnwoodknot,a1_crop,43,test,0.25,0,75,0.0,0.0,0.047995064055142256,3.469446951953614e-18,0.04872384248280587,0,0.0
vnwoodknot,a1_crop,43,test,0.3,0,75,0.0,0.0,0.047995064055142256,3.469446951953614e-18,0.04872384248280587,0,0.0
vnwoodknot,a1_crop,43,test,0.35,0,75,0.0,0.0,0.047995064055142256,3.469446951953614e-18,0.04872384248280587,0,0.0
vnwoodknot,a1_crop,43,test,0.4,0,75,0.0,0.0,0.047995064055142256,3.469446951953614e-18,0.04872384248280587,0,0.0
vnwoodknot,a1_crop,43,test,0.45,0,75,0.0,0.0,0.047995064055142256,3.469446951953614e-18,0.04872384248280587,0,0.0
vnwoodknot,a1_crop,43,test,0.5,0,75,0.0,0.0,0.047995064055142256,3.469446951953614e-18,0.04872384248280587,0,0.0
vnwoodknot,a1_crop,43,test,0.55,0,75,0.0,0.0,0.047995064055142256,3.469446951953614e-18,0.04872384248280587,0,0.0
vnwoodknot,a1_crop,43,test,0.6,0,75,0.0,0.0,0.047995064055142256,3.469446951953614e-18,0.04872384248280587,0,0.0
vnwoodknot,a1_crop,43,test,0.65,0,75,0.0,0.0,0.047995064055142256,3.469446951953614e-18,0.04872384248280587,0,0.0
vnwoodknot,a1_crop,43,test,0.7,0,75,0.0,0.0,0.047995064055142256,3.469446951953614e-18,0.04872384248280587,0,0.0
vnwoodknot,a1_crop,43,test,0.75,0,75,0.0,0.0,0.047995064055142256,3.469446951953614e-18,0.04872384248280587,0,0.0
vnwoodknot,a1_crop,43,test,0.8,0,75,0.0,0.0,0.047995064055142256,3.469446951953614e-18,0.04872384248280587,0,0.0
vnwoodknot,a1_crop,43,test,0.85,0,75,0.0,0.0,0.047995064055142256,3.469446951953614e-18,0.04872384248280587,0,0.0
vnwoodknot,a1_crop,43,test,0.9,0,75,0.0,0.0,0.047995064055142256,3.469446951953614e-18,0.04872384248280587,0,0.0
vnwoodknot,a1_crop,43,test,0.95,0,75,0.0,0.0,0.047995064055142256,3.469446951953614e-18,0.04872384248280587,0,0.0
vnwoodknot,a1_crop,44,val,0.05,3,75,0.04,0.008326165666079396,0.11247682176000985,0.013696064260143935,0.11112987082403747,4,0.05333333333333334
vnwoodknot,a1_crop,44,val,0.1,1,75,0.013333333333333334,0.0003375138025211487,0.0720634972431675,0.002357551139048661,0.07173365554421572,1,0.013333333333333334
vnwoodknot,a1_crop,44,val,0.15,0,75,0.0,0.0,0.047995064055142256,3.469446951953614e-18,0.04872384248280587,0,0.0
vnwoodknot,a1_crop,44,val,0.2,0,75,0.0,0.0,0.047995064055142256,3.469446951953614e-18,0.04872384248280587,0,0.0
vnwoodknot,a1_crop,44,val,0.25,0,75,0.0,0.0,0.047995064055142256,3.469446951953614e-18,0.04872384248280587,0,0.0
vnwoodknot,a1_crop,44,val,0.3,0,75,0.0,0.0,0.047995064055142256,3.469446951953614e-18,0.04872384248280587,0,0.0
vnwoodknot,a1_crop,44,val,0.35,0,75,0.0,0.0,0.047995064055142256,3.469446951953614e-18,0.04872384248280587,0,0.0
vnwoodknot,a1_crop,44,val,0.4,0,75,0.0,0.0,0.047995064055142256,3.469446951953614e-18,0.04872384248280587,0,0.0
vnwoodknot,a1_crop,44,val,0.45,0,75,0.0,0.0,0.047995064055142256,3.469446951953614e-18,0.04872384248280587,0,0.0
vnwoodknot,a1_crop,44,val,0.5,0,75,0.0,0.0,0.047995064055142256,3.469446951953614e-18,0.04872384248280587,0,0.0
vnwoodknot,a1_crop,44,val,0.55,0,75,0.0,0.0,0.047995064055142256,3.469446951953614e-18,0.04872384248280587,0,0.0
vnwoodknot,a1_crop,44,val,0.6,0,75,0.0,0.0,0.047995064055142256,3.469446951953614e-18,0.04872384248280587,0,0.0
vnwoodknot,a1_crop,44,val,0.65,0,75,0.0,0.0,0.047995064055142256,3.469446951953614e-18,0.04872384248280587,0,0.0
vnwoodknot,a1_crop,44,val,0.7,0,75,0.0,0.0,0.047995064055142256,3.469446951953614e-18,0.04872384248280587,0,0.0
vnwoodknot,a1_crop,44,val,0.75,0,75,0.0,0.0,0.047995064055142256,3.469446951953614e-18,0.04872384248280587,0,0.0
vnwoodknot,a1_crop,44,val,0.8,0,75,0.0,0.0,0.047995064055142256,3.469446951953614e-18,0.04872384248280587,0,0.0
vnwoodknot,a1_crop,44,val,0.85,0,75,0.0,0.0,0.047995064055142256,3.469446951953614e-18,0.04872384248280587,0,0.0
vnwoodknot,a1_crop,44,val,0.9,0,75,0.0,0.0,0.047995064055142256,3.469446951953614e-18,0.04872384248280587,0,0.0
vnwoodknot,a1_crop,44,val,0.95,0,75,0.0,0.0,0.047995064055142256,3.469446951953614e-18,0.04872384248280587,0,0.0
vnwoodknot,a1_crop,44,test,0.05,2,75,0.02666666666666667,0.003245930928966027,0.09303153222072551,0.0073436890061313945,0.09211488187759151,3,0.04
vnwoodknot,a1_crop,44,test,0.1,1,75,0.013333333333333334,0.0003375138025211487,0.0720634972431675,0.002357551139048661,0.07173365554421572,2,0.02666666666666667
vnwoodknot,a1_crop,44,test,0.15,1,75,0.013333333333333334,0.0003375138025211487,0.0720634972431675,0.002357551139048661,0.07173365554421572,1,0.013333333333333334
vnwoodknot,a1_crop,44,test,0.2,1,75,0.013333333333333334,0.0003375138025211487,0.0720634972431675,0.002357551139048661,0.07173365554421572,1,0.013333333333333334
vnwoodknot,a1_crop,44,test,0.25,1,75,0.013333333333333334,0.0003375138025211487,0.0720634972431675,0.002357551139048661,0.07173365554421572,1,0.013333333333333334
vnwoodknot,a1_crop,44,test,0.3,1,75,0.013333333333333334,0.0003375138025211487,0.0720634972431675,0.002357551139048661,0.07173365554421572,1,0.013333333333333334
vnwoodknot,a1_crop,44,test,0.35,1,75,0.013333333333333334,0.0003375138025211487,0.0720634972431675,0.002357551139048661,0.07173365554421572,1,0.013333333333333334
vnwoodknot,a1_crop,44,test,0.4,1,75,0.013333333333333334,0.0003375138025211487,0.0720634972431675,0.002357551139048661,0.07173365554421572,1,0.013333333333333334
vnwoodknot,a1_crop,44,test,0.45,0,75,0.0,0.0,0.047995064055142256,3.469446951953614e-18,0.04872384248280587,0,0.0
vnwoodknot,a1_crop,44,test,0.5,0,75,0.0,0.0,0.047995064055142256,3.469446951953614e-18,0.04872384248280587,0,0.0
vnwoodknot,a1_crop,44,test,0.55,0,75,0.0,0.0,0.047995064055142256,3.469446951953614e-18,0.04872384248280587,0,0.0
vnwoodknot,a1_crop,44,test,0.6,0,75,0.0,0.0,0.047995064055142256,3.469446951953614e-18,0.04872384248280587,0,0.0
vnwoodknot,a1_crop,44,test,0.65,0,75,0.0,0.0,0.047995064055142256,3.469446951953614e-18,0.04872384248280587,0,0.0
vnwoodknot,a1_crop,44,test,0.7,0,75,0.0,0.0,0.047995064055142256,3.469446951953614e-18,0.04872384248280587,0,0.0
vnwoodknot,a1_crop,44,test,0.75,0,75,0.0,0.0,0.047995064055142256,3.469446951953614e-18,0.04872384248280587,0,0.0
vnwoodknot,a1_crop,44,test,0.8,0,75,0.0,0.0,0.047995064055142256,3.469446951953614e-18,0.04872384248280587,0,0.0
vnwoodknot,a1_crop,44,test,0.85,0,75,0.0,0.0,0.047995064055142256,3.469446951953614e-18,0.04872384248280587,0,0.0
vnwoodknot,a1_crop,44,test,0.9,0,75,0.0,0.0,0.047995064055142256,3.469446951953614e-18,0.04872384248280587,0,0.0
vnwoodknot,a1_crop,44,test,0.95,0,75,0.0,0.0,0.047995064055142256,3.469446951953614e-18,0.04872384248280587,0,0.0
vnwoodknot,a2_colorjitter,42,val,0.05,0,75,0.0,0.0,0.047995064055142256,3.469446951953614e-18,0.04872384248280587,0,0.0
vnwoodknot,a2_colorjitter,42,val,0.1,0,75,0.0,0.0,0.047995064055142256,3.469446951953614e-18,0.04872384248280587,0,0.0
vnwoodknot,a2_colorjitter,42,val,0.15,0,75,0.0,0.0,0.047995064055142256,3.469446951953614e-18,0.04872384248280587,0,0.0
vnwoodknot,a2_colorjitter,42,val,0.2,0,75,0.0,0.0,0.047995064055142256,3.469446951953614e-18,0.04872384248280587,0,0.0
vnwoodknot,a2_colorjitter,42,val,0.25,0,75,0.0,0.0,0.047995064055142256,3.469446951953614e-18,0.04872384248280587,0,0.0
vnwoodknot,a2_colorjitter,42,val,0.3,0,75,0.0,0.0,0.047995064055142256,3.469446951953614e-18,0.04872384248280587,0,0.0
vnwoodknot,a2_colorjitter,42,val,0.35,0,75,0.0,0.0,0.047995064055142256,3.469446951953614e-18,0.04872384248280587,0,0.0
vnwoodknot,a2_colorjitter,42,val,0.4,0,75,0.0,0.0,0.047995064055142256,3.469446951953614e-18,0.04872384248280587,0,0.0
vnwoodknot,a2_colorjitter,42,val,0.45,0,75,0.0,0.0,0.047995064055142256,3.469446951953614e-18,0.04872384248280587,0,0.0
vnwoodknot,a2_colorjitter,42,val,0.5,0,75,0.0,0.0,0.047995064055142256,3.469446951953614e-18,0.04872384248280587,0,0.0
vnwoodknot,a2_colorjitter,42,val,0.55,0,75,0.0,0.0,0.047995064055142256,3.469446951953614e-18,0.04872384248280587,0,0.0
vnwoodknot,a2_colorjitter,42,val,0.6,0,75,0.0,0.0,0.047995064055142256,3.469446951953614e-18,0.04872384248280587,0,0.0
vnwoodknot,a2_colorjitter,42,val,0.65,0,75,0.0,0.0,0.047995064055142256,3.469446951953614e-18,0.04872384248280587,0,0.0
vnwoodknot,a2_colorjitter,42,val,0.7,0,75,0.0,0.0,0.047995064055142256,3.469446951953614e-18,0.04872384248280587,0,0.0
vnwoodknot,a2_colorjitter,42,val,0.75,0,75,0.0,0.0,0.047995064055142256,3.469446951953614e-18,0.04872384248280587,0,0.0
vnwoodknot,a2_colorjitter,42,val,0.8,0,75,0.0,0.0,0.047995064055142256,3.469446951953614e-18,0.04872384248280587,0,0.0
vnwoodknot,a2_colorjitter,42,val,0.85,0,75,0.0,0.0,0.047995064055142256,3.469446951953614e-18,0.04872384248280587,0,0.0
vnwoodknot,a2_colorjitter,42,val,0.9,0,75,0.0,0.0,0.047995064055142256,3.469446951953614e-18,0.04872384248280587,0,0.0
vnwoodknot,a2_colorjitter,42,val,0.95,0,75,0.0,0.0,0.047995064055142256,3.469446951953614e-18,0.04872384248280587,0,0.0
vnwoodknot,a2_colorjitter,42,test,0.05,1,75,0.013333333333333334,0.0003375138025211487,0.0720634972431675,0.002357551139048661,0.07173365554421572,1,0.013333333333333334
vnwoodknot,a2_colorjitter,42,test,0.1,1,75,0.013333333333333334,0.0003375138025211487,0.0720634972431675,0.002357551139048661,0.07173365554421572,1,0.013333333333333334
vnwoodknot,a2_colorjitter,42,test,0.15,1,75,0.013333333333333334,0.0003375138025211487,0.0720634972431675,0.002357551139048661,0.07173365554421572,1,0.013333333333333334
vnwoodknot,a2_colorjitter,42,test,0.2,0,75,0.0,0.0,0.047995064055142256,3.469446951953614e-18,0.04872384248280587,0,0.0
vnwoodknot,a2_colorjitter,42,test,0.25,0,75,0.0,0.0,0.047995064055142256,3.469446951953614e-18,0.04872384248280587,0,0.0
vnwoodknot,a2_colorjitter,42,test,0.3,0,75,0.0,0.0,0.047995064055142256,3.469446951953614e-18,0.04872384248280587,0,0.0
vnwoodknot,a2_colorjitter,42,test,0.35,0,75,0.0,0.0,0.047995064055142256,3.469446951953614e-18,0.04872384248280587,0,0.0
vnwoodknot,a2_colorjitter,42,test,0.4,0,75,0.0,0.0,0.047995064055142256,3.469446951953614e-18,0.04872384248280587,0,0.0
vnwoodknot,a2_colorjitter,42,test,0.45,0,75,0.0,0.0,0.047995064055142256,3.469446951953614e-18,0.04872384248280587,0,0.0
vnwoodknot,a2_colorjitter,42,test,0.5,0,75,0.0,0.0,0.047995064055142256,3.469446951953614e-18,0.04872384248280587,0,0.0
vnwoodknot,a2_colorjitter,42,test,0.55,0,75,0.0,0.0,0.047995064055142256,3.469446951953614e-18,0.04872384248280587,0,0.0
vnwoodknot,a2_colorjitter,42,test,0.6,0,75,0.0,0.0,0.047995064055142256,3.469446951953614e-18,0.04872384248280587,0,0.0
vnwoodknot,a2_colorjitter,42,test,0.65,0,75,0.0,0.0,0.047995064055142256,3.469446951953614e-18,0.04872384248280587,0,0.0
vnwoodknot,a2_colorjitter,42,test,0.7,0,75,0.0,0.0,0.047995064055142256,3.469446951953614e-18,0.04872384248280587,0,0.0
vnwoodknot,a2_colorjitter,42,test,0.75,0,75,0.0,0.0,0.047995064055142256,3.469446951953614e-18,0.04872384248280587,0,0.0
vnwoodknot,a2_colorjitter,42,test,0.8,0,75,0.0,0.0,0.047995064055142256,3.469446951953614e-18,0.04872384248280587,0,0.0
vnwoodknot,a2_colorjitter,42,test,0.85,0,75,0.0,0.0,0.047995064055142256,3.469446951953614e-18,0.04872384248280587,0,0.0
vnwoodknot,a2_colorjitter,42,test,0.9,0,75,0.0,0.0,0.047995064055142256,3.469446951953614e-18,0.04872384248280587,0,0.0
vnwoodknot,a2_colorjitter,42,test,0.95,0,75,0.0,0.0,0.047995064055142256,3.469446951953614e-18,0.04872384248280587,0,0.0
vnwoodknot,a2_colorjitter,43,val,0.05,0,75,0.0,0.0,0.047995064055142256,3.469446951953614e-18,0.04872384248280587,0,0.0
vnwoodknot,a2_colorjitter,43,val,0.1,0,75,0.0,0.0,0.047995064055142256,3.469446951953614e-18,0.04872384248280587,0,0.0
vnwoodknot,a2_colorjitter,43,val,0.15,0,75,0.0,0.0,0.047995064055142256,3.469446951953614e-18,0.04872384248280587,0,0.0
vnwoodknot,a2_colorjitter,43,val,0.2,0,75,0.0,0.0,0.047995064055142256,3.469446951953614e-18,0.04872384248280587,0,0.0
vnwoodknot,a2_colorjitter,43,val,0.25,0,75,0.0,0.0,0.047995064055142256,3.469446951953614e-18,0.04872384248280587,0,0.0
vnwoodknot,a2_colorjitter,43,val,0.3,0,75,0.0,0.0,0.047995064055142256,3.469446951953614e-18,0.04872384248280587,0,0.0
vnwoodknot,a2_colorjitter,43,val,0.35,0,75,0.0,0.0,0.047995064055142256,3.469446951953614e-18,0.04872384248280587,0,0.0
vnwoodknot,a2_colorjitter,43,val,0.4,0,75,0.0,0.0,0.047995064055142256,3.469446951953614e-18,0.04872384248280587,0,0.0
vnwoodknot,a2_colorjitter,43,val,0.45,0,75,0.0,0.0,0.047995064055142256,3.469446951953614e-18,0.04872384248280587,0,0.0
vnwoodknot,a2_colorjitter,43,val,0.5,0,75,0.0,0.0,0.047995064055142256,3.469446951953614e-18,0.04872384248280587,0,0.0
vnwoodknot,a2_colorjitter,43,val,0.55,0,75,0.0,0.0,0.047995064055142256,3.469446951953614e-18,0.04872384248280587,0,0.0
vnwoodknot,a2_colorjitter,43,val,0.6,0,75,0.0,0.0,0.047995064055142256,3.469446951953614e-18,0.04872384248280587,0,0.0
vnwoodknot,a2_colorjitter,43,val,0.65,0,75,0.0,0.0,0.047995064055142256,3.469446951953614e-18,0.04872384248280587,0,0.0
vnwoodknot,a2_colorjitter,43,val,0.7,0,75,0.0,0.0,0.047995064055142256,3.469446951953614e-18,0.04872384248280587,0,0.0
vnwoodknot,a2_colorjitter,43,val,0.75,0,75,0.0,0.0,0.047995064055142256,3.469446951953614e-18,0.04872384248280587,0,0.0
vnwoodknot,a2_colorjitter,43,val,0.8,0,75,0.0,0.0,0.047995064055142256,3.469446951953614e-18,0.04872384248280587,0,0.0
vnwoodknot,a2_colorjitter,43,val,0.85,0,75,0.0,0.0,0.047995064055142256,3.469446951953614e-18,0.04872384248280587,0,0.0
vnwoodknot,a2_colorjitter,43,val,0.9,0,75,0.0,0.0,0.047995064055142256,3.469446951953614e-18,0.04872384248280587,0,0.0
vnwoodknot,a2_colorjitter,43,val,0.95,0,75,0.0,0.0,0.047995064055142256,3.469446951953614e-18,0.04872384248280587,0,0.0
vnwoodknot,a2_colorjitter,43,test,0.05,1,75,0.013333333333333334,0.0003375138025211487,0.0720634972431675,0.002357551139048661,0.07173365554421572,1,0.013333333333333334
vnwoodknot,a2_colorjitter,43,test,0.1,0,75,0.0,0.0,0.047995064055142256,3.469446951953614e-18,0.04872384248280587,0,0.0
vnwoodknot,a2_colorjitter,43,test,0.15,0,75,0.0,0.0,0.047995064055142256,3.469446951953614e-18,0.04872384248280587,0,0.0
vnwoodknot,a2_colorjitter,43,test,0.2,0,75,0.0,0.0,0.047995064055142256,3.469446951953614e-18,0.04872384248280587,0,0.0
vnwoodknot,a2_colorjitter,43,test,0.25,0,75,0.0,0.0,0.047995064055142256,3.469446951953614e-18,0.04872384248280587,0,0.0
vnwoodknot,a2_colorjitter,43,test,0.3,0,75,0.0,0.0,0.047995064055142256,3.469446951953614e-18,0.04872384248280587,0,0.0
vnwoodknot,a2_colorjitter,43,test,0.35,0,75,0.0,0.0,0.047995064055142256,3.469446951953614e-18,0.04872384248280587,0,0.0
vnwoodknot,a2_colorjitter,43,test,0.4,0,75,0.0,0.0,0.047995064055142256,3.469446951953614e-18,0.04872384248280587,0,0.0
vnwoodknot,a2_colorjitter,43,test,0.45,0,75,0.0,0.0,0.047995064055142256,3.469446951953614e-18,0.04872384248280587,0,0.0
vnwoodknot,a2_colorjitter,43,test,0.5,0,75,0.0,0.0,0.047995064055142256,3.469446951953614e-18,0.04872384248280587,0,0.0
vnwoodknot,a2_colorjitter,43,test,0.55,0,75,0.0,0.0,0.047995064055142256,3.469446951953614e-18,0.04872384248280587,0,0.0
vnwoodknot,a2_colorjitter,43,test,0.6,0,75,0.0,0.0,0.047995064055142256,3.469446951953614e-18,0.04872384248280587,0,0.0
vnwoodknot,a2_colorjitter,43,test,0.65,0,75,0.0,0.0,0.047995064055142256,3.469446951953614e-18,0.04872384248280587,0,0.0
vnwoodknot,a2_colorjitter,43,test,0.7,0,75,0.0,0.0,0.047995064055142256,3.469446951953614e-18,0.04872384248280587,0,0.0
vnwoodknot,a2_colorjitter,43,test,0.75,0,75,0.0,0.0,0.047995064055142256,3.469446951953614e-18,0.04872384248280587,0,0.0
vnwoodknot,a2_colorjitter,43,test,0.8,0,75,0.0,0.0,0.047995064055142256,3.469446951953614e-18,0.04872384248280587,0,0.0
vnwoodknot,a2_colorjitter,43,test,0.85,0,75,0.0,0.0,0.047995064055142256,3.469446951953614e-18,0.04872384248280587,0,0.0
vnwoodknot,a2_colorjitter,43,test,0.9,0,75,0.0,0.0,0.047995064055142256,3.469446951953614e-18,0.04872384248280587,0,0.0
vnwoodknot,a2_colorjitter,43,test,0.95,0,75,0.0,0.0,0.047995064055142256,3.469446951953614e-18,0.04872384248280587,0,0.0
vnwoodknot,a2_colorjitter,44,val,0.05,0,75,0.0,0.0,0.047995064055142256,3.469446951953614e-18,0.04872384248280587,0,0.0
vnwoodknot,a2_colorjitter,44,val,0.1,0,75,0.0,0.0,0.047995064055142256,3.469446951953614e-18,0.04872384248280587,0,0.0
vnwoodknot,a2_colorjitter,44,val,0.15,0,75,0.0,0.0,0.047995064055142256,3.469446951953614e-18,0.04872384248280587,0,0.0
vnwoodknot,a2_colorjitter,44,val,0.2,0,75,0.0,0.0,0.047995064055142256,3.469446951953614e-18,0.04872384248280587,0,0.0
vnwoodknot,a2_colorjitter,44,val,0.25,0,75,0.0,0.0,0.047995064055142256,3.469446951953614e-18,0.04872384248280587,0,0.0
vnwoodknot,a2_colorjitter,44,val,0.3,0,75,0.0,0.0,0.047995064055142256,3.469446951953614e-18,0.04872384248280587,0,0.0
vnwoodknot,a2_colorjitter,44,val,0.35,0,75,0.0,0.0,0.047995064055142256,3.469446951953614e-18,0.04872384248280587,0,0.0
vnwoodknot,a2_colorjitter,44,val,0.4,0,75,0.0,0.0,0.047995064055142256,3.469446951953614e-18,0.04872384248280587,0,0.0
vnwoodknot,a2_colorjitter,44,val,0.45,0,75,0.0,0.0,0.047995064055142256,3.469446951953614e-18,0.04872384248280587,0,0.0
vnwoodknot,a2_colorjitter,44,val,0.5,0,75,0.0,0.0,0.047995064055142256,3.469446951953614e-18,0.04872384248280587,0,0.0
vnwoodknot,a2_colorjitter,44,val,0.55,0,75,0.0,0.0,0.047995064055142256,3.469446951953614e-18,0.04872384248280587,0,0.0
vnwoodknot,a2_colorjitter,44,val,0.6,0,75,0.0,0.0,0.047995064055142256,3.469446951953614e-18,0.04872384248280587,0,0.0
vnwoodknot,a2_colorjitter,44,val,0.65,0,75,0.0,0.0,0.047995064055142256,3.469446951953614e-18,0.04872384248280587,0,0.0
vnwoodknot,a2_colorjitter,44,val,0.7,0,75,0.0,0.0,0.047995064055142256,3.469446951953614e-18,0.04872384248280587,0,0.0
vnwoodknot,a2_colorjitter,44,val,0.75,0,75,0.0,0.0,0.047995064055142256,3.469446951953614e-18,0.04872384248280587,0,0.0
vnwoodknot,a2_colorjitter,44,val,0.8,0,75,0.0,0.0,0.047995064055142256,3.469446951953614e-18,0.04872384248280587,0,0.0
vnwoodknot,a2_colorjitter,44,val,0.85,0,75,0.0,0.0,0.047995064055142256,3.469446951953614e-18,0.04872384248280587,0,0.0
vnwoodknot,a2_colorjitter,44,val,0.9,0,75,0.0,0.0,0.047995064055142256,3.469446951953614e-18,0.04872384248280587,0,0.0
vnwoodknot,a2_colorjitter,44,val,0.95,0,75,0.0,0.0,0.047995064055142256,3.469446951953614e-18,0.04872384248280587,0,0.0
vnwoodknot,a2_colorjitter,44,test,0.05,1,75,0.013333333333333334,0.0003375138025211487,0.0720634972431675,0.002357551139048661,0.07173365554421572,1,0.013333333333333334
vnwoodknot,a2_colorjitter,44,test,0.1,0,75,0.0,0.0,0.047995064055142256,3.469446951953614e-18,0.04872384248280587,0,0.0
vnwoodknot,a2_colorjitter,44,test,0.15,0,75,0.0,0.0,0.047995064055142256,3.469446951953614e-18,0.04872384248280587,0,0.0
vnwoodknot,a2_colorjitter,44,test,0.2,0,75,0.0,0.0,0.047995064055142256,3.469446951953614e-18,0.04872384248280587,0,0.0
vnwoodknot,a2_colorjitter,44,test,0.25,0,75,0.0,0.0,0.047995064055142256,3.469446951953614e-18,0.04872384248280587,0,0.0
vnwoodknot,a2_colorjitter,44,test,0.3,0,75,0.0,0.0,0.047995064055142256,3.469446951953614e-18,0.04872384248280587,0,0.0
vnwoodknot,a2_colorjitter,44,test,0.35,0,75,0.0,0.0,0.047995064055142256,3.469446951953614e-18,0.04872384248280587,0,0.0
vnwoodknot,a2_colorjitter,44,test,0.4,0,75,0.0,0.0,0.047995064055142256,3.469446951953614e-18,0.04872384248280587,0,0.0
vnwoodknot,a2_colorjitter,44,test,0.45,0,75,0.0,0.0,0.047995064055142256,3.469446951953614e-18,0.04872384248280587,0,0.0
vnwoodknot,a2_colorjitter,44,test,0.5,0,75,0.0,0.0,0.047995064055142256,3.469446951953614e-18,0.04872384248280587,0,0.0
vnwoodknot,a2_colorjitter,44,test,0.55,0,75,0.0,0.0,0.047995064055142256,3.469446951953614e-18,0.04872384248280587,0,0.0
vnwoodknot,a2_colorjitter,44,test,0.6,0,75,0.0,0.0,0.047995064055142256,3.469446951953614e-18,0.04872384248280587,0,0.0
vnwoodknot,a2_colorjitter,44,test,0.65,0,75,0.0,0.0,0.047995064055142256,3.469446951953614e-18,0.04872384248280587,0,0.0
vnwoodknot,a2_colorjitter,44,test,0.7,0,75,0.0,0.0,0.047995064055142256,3.469446951953614e-18,0.04872384248280587,0,0.0
vnwoodknot,a2_colorjitter,44,test,0.75,0,75,0.0,0.0,0.047995064055142256,3.469446951953614e-18,0.04872384248280587,0,0.0
vnwoodknot,a2_colorjitter,44,test,0.8,0,75,0.0,0.0,0.047995064055142256,3.469446951953614e-18,0.04872384248280587,0,0.0
vnwoodknot,a2_colorjitter,44,test,0.85,0,75,0.0,0.0,0.047995064055142256,3.469446951953614e-18,0.04872384248280587,0,0.0
vnwoodknot,a2_colorjitter,44,test,0.9,0,75,0.0,0.0,0.047995064055142256,3.469446951953614e-18,0.04872384248280587,0,0.0
vnwoodknot,a2_colorjitter,44,test,0.95,0,75,0.0,0.0,0.047995064055142256,3.469446951953614e-18,0.04872384248280587,0,0.0
vnwoodknot,p4_a4_combined,42,val,0.05,1,75,0.013333333333333334,0.0003375138025211487,0.0720634972431675,0.002357551139048661,0.07173365554421572,1,0.013333333333333334
vnwoodknot,p4_a4_combined,42,val,0.1,1,75,0.013333333333333334,0.0003375138025211487,0.0720634972431675,0.002357551139048661,0.07173365554421572,1,0.013333333333333334
vnwoodknot,p4_a4_combined,42,val,0.15,1,75,0.013333333333333334,0.0003375138025211487,0.0720634972431675,0.002357551139048661,0.07173365554421572,1,0.013333333333333334
vnwoodknot,p4_a4_combined,42,val,0.2,1,75,0.013333333333333334,0.0003375138025211487,0.0720634972431675,0.002357551139048661,0.07173365554421572,1,0.013333333333333334
vnwoodknot,p4_a4_combined,42,val,0.25,1,75,0.013333333333333334,0.0003375138025211487,0.0720634972431675,0.002357551139048661,0.07173365554421572,1,0.013333333333333334
vnwoodknot,p4_a4_combined,42,val,0.3,1,75,0.013333333333333334,0.0003375138025211487,0.0720634972431675,0.002357551139048661,0.07173365554421572,1,0.013333333333333334
vnwoodknot,p4_a4_combined,42,val,0.35,1,75,0.013333333333333334,0.0003375138025211487,0.0720634972431675,0.002357551139048661,0.07173365554421572,1,0.013333333333333334
vnwoodknot,p4_a4_combined,42,val,0.4,1,75,0.013333333333333334,0.0003375138025211487,0.0720634972431675,0.002357551139048661,0.07173365554421572,1,0.013333333333333334
vnwoodknot,p4_a4_combined,42,val,0.45,1,75,0.013333333333333334,0.0003375138025211487,0.0720634972431675,0.002357551139048661,0.07173365554421572,1,0.013333333333333334
vnwoodknot,p4_a4_combined,42,val,0.5,1,75,0.013333333333333334,0.0003375138025211487,0.0720634972431675,0.002357551139048661,0.07173365554421572,1,0.013333333333333334
vnwoodknot,p4_a4_combined,42,val,0.55,1,75,0.013333333333333334,0.0003375138025211487,0.0720634972431675,0.002357551139048661,0.07173365554421572,1,0.013333333333333334
vnwoodknot,p4_a4_combined,42,val,0.6,1,75,0.013333333333333334,0.0003375138025211487,0.0720634972431675,0.002357551139048661,0.07173365554421572,1,0.013333333333333334
vnwoodknot,p4_a4_combined,42,val,0.65,1,75,0.013333333333333334,0.0003375138025211487,0.0720634972431675,0.002357551139048661,0.07173365554421572,1,0.013333333333333334
vnwoodknot,p4_a4_combined,42,val,0.7,0,75,0.0,0.0,0.047995064055142256,3.469446951953614e-18,0.04872384248280587,0,0.0
vnwoodknot,p4_a4_combined,42,val,0.75,0,75,0.0,0.0,0.047995064055142256,3.469446951953614e-18,0.04872384248280587,0,0.0
vnwoodknot,p4_a4_combined,42,val,0.8,0,75,0.0,0.0,0.047995064055142256,3.469446951953614e-18,0.04872384248280587,0,0.0
vnwoodknot,p4_a4_combined,42,val,0.85,0,75,0.0,0.0,0.047995064055142256,3.469446951953614e-18,0.04872384248280587,0,0.0
vnwoodknot,p4_a4_combined,42,val,0.9,0,75,0.0,0.0,0.047995064055142256,3.469446951953614e-18,0.04872384248280587,0,0.0
vnwoodknot,p4_a4_combined,42,val,0.95,0,75,0.0,0.0,0.047995064055142256,3.469446951953614e-18,0.04872384248280587,0,0.0
vnwoodknot,p4_a4_combined,42,test,0.05,1,75,0.013333333333333334,0.0003375138025211487,0.0720634972431675,0.002357551139048661,0.07173365554421572,1,0.013333333333333334
vnwoodknot,p4_a4_combined,42,test,0.1,1,75,0.013333333333333334,0.0003375138025211487,0.0720634972431675,0.002357551139048661,0.07173365554421572,1,0.013333333333333334
vnwoodknot,p4_a4_combined,42,test,0.15,1,75,0.013333333333333334,0.0003375138025211487,0.0720634972431675,0.002357551139048661,0.07173365554421572,1,0.013333333333333334
vnwoodknot,p4_a4_combined,42,test,0.2,0,75,0.0,0.0,0.047995064055142256,3.469446951953614e-18,0.04872384248280587,0,0.0
vnwoodknot,p4_a4_combined,42,test,0.25,0,75,0.0,0.0,0.047995064055142256,3.469446951953614e-18,0.04872384248280587,0,0.0
vnwoodknot,p4_a4_combined,42,test,0.3,0,75,0.0,0.0,0.047995064055142256,3.469446951953614e-18,0.04872384248280587,0,0.0
vnwoodknot,p4_a4_combined,42,test,0.35,0,75,0.0,0.0,0.047995064055142256,3.469446951953614e-18,0.04872384248280587,0,0.0
vnwoodknot,p4_a4_combined,42,test,0.4,0,75,0.0,0.0,0.047995064055142256,3.469446951953614e-18,0.04872384248280587,0,0.0
vnwoodknot,p4_a4_combined,42,test,0.45,0,75,0.0,0.0,0.047995064055142256,3.469446951953614e-18,0.04872384248280587,0,0.0
vnwoodknot,p4_a4_combined,42,test,0.5,0,75,0.0,0.0,0.047995064055142256,3.469446951953614e-18,0.04872384248280587,0,0.0
vnwoodknot,p4_a4_combined,42,test,0.55,0,75,0.0,0.0,0.047995064055142256,3.469446951953614e-18,0.04872384248280587,0,0.0
vnwoodknot,p4_a4_combined,42,test,0.6,0,75,0.0,0.0,0.047995064055142256,3.469446951953614e-18,0.04872384248280587,0,0.0
vnwoodknot,p4_a4_combined,42,test,0.65,0,75,0.0,0.0,0.047995064055142256,3.469446951953614e-18,0.04872384248280587,0,0.0
vnwoodknot,p4_a4_combined,42,test,0.7,0,75,0.0,0.0,0.047995064055142256,3.469446951953614e-18,0.04872384248280587,0,0.0
vnwoodknot,p4_a4_combined,42,test,0.75,0,75,0.0,0.0,0.047995064055142256,3.469446951953614e-18,0.04872384248280587,0,0.0
vnwoodknot,p4_a4_combined,42,test,0.8,0,75,0.0,0.0,0.047995064055142256,3.469446951953614e-18,0.04872384248280587,0,0.0
vnwoodknot,p4_a4_combined,42,test,0.85,0,75,0.0,0.0,0.047995064055142256,3.469446951953614e-18,0.04872384248280587,0,0.0
vnwoodknot,p4_a4_combined,42,test,0.9,0,75,0.0,0.0,0.047995064055142256,3.469446951953614e-18,0.04872384248280587,0,0.0
vnwoodknot,p4_a4_combined,42,test,0.95,0,75,0.0,0.0,0.047995064055142256,3.469446951953614e-18,0.04872384248280587,0,0.0
vnwoodknot,p4_a4_combined,43,val,0.05,1,75,0.013333333333333334,0.0003375138025211487,0.0720634972431675,0.002357551139048661,0.07173365554421572,1,0.013333333333333334
vnwoodknot,p4_a4_combined,43,val,0.1,0,75,0.0,0.0,0.047995064055142256,3.469446951953614e-18,0.04872384248280587,0,0.0
vnwoodknot,p4_a4_combined,43,val,0.15,0,75,0.0,0.0,0.047995064055142256,3.469446951953614e-18,0.04872384248280587,0,0.0
vnwoodknot,p4_a4_combined,43,val,0.2,0,75,0.0,0.0,0.047995064055142256,3.469446951953614e-18,0.04872384248280587,0,0.0
vnwoodknot,p4_a4_combined,43,val,0.25,0,75,0.0,0.0,0.047995064055142256,3.469446951953614e-18,0.04872384248280587,0,0.0
vnwoodknot,p4_a4_combined,43,val,0.3,0,75,0.0,0.0,0.047995064055142256,3.469446951953614e-18,0.04872384248280587,0,0.0
vnwoodknot,p4_a4_combined,43,val,0.35,0,75,0.0,0.0,0.047995064055142256,3.469446951953614e-18,0.04872384248280587,0,0.0
vnwoodknot,p4_a4_combined,43,val,0.4,0,75,0.0,0.0,0.047995064055142256,3.469446951953614e-18,0.04872384248280587,0,0.0
vnwoodknot,p4_a4_combined,43,val,0.45,0,75,0.0,0.0,0.047995064055142256,3.469446951953614e-18,0.04872384248280587,0,0.0
vnwoodknot,p4_a4_combined,43,val,0.5,0,75,0.0,0.0,0.047995064055142256,3.469446951953614e-18,0.04872384248280587,0,0.0
vnwoodknot,p4_a4_combined,43,val,0.55,0,75,0.0,0.0,0.047995064055142256,3.469446951953614e-18,0.04872384248280587,0,0.0
vnwoodknot,p4_a4_combined,43,val,0.6,0,75,0.0,0.0,0.047995064055142256,3.469446951953614e-18,0.04872384248280587,0,0.0
vnwoodknot,p4_a4_combined,43,val,0.65,0,75,0.0,0.0,0.047995064055142256,3.469446951953614e-18,0.04872384248280587,0,0.0
vnwoodknot,p4_a4_combined,43,val,0.7,0,75,0.0,0.0,0.047995064055142256,3.469446951953614e-18,0.04872384248280587,0,0.0
vnwoodknot,p4_a4_combined,43,val,0.75,0,75,0.0,0.0,0.047995064055142256,3.469446951953614e-18,0.04872384248280587,0,0.0
vnwoodknot,p4_a4_combined,43,val,0.8,0,75,0.0,0.0,0.047995064055142256,3.469446951953614e-18,0.04872384248280587,0,0.0
vnwoodknot,p4_a4_combined,43,val,0.85,0,75,0.0,0.0,0.047995064055142256,3.469446951953614e-18,0.04872384248280587,0,0.0
vnwoodknot,p4_a4_combined,43,val,0.9,0,75,0.0,0.0,0.047995064055142256,3.469446951953614e-18,0.04872384248280587,0,0.0
vnwoodknot,p4_a4_combined,43,val,0.95,0,75,0.0,0.0,0.047995064055142256,3.469446951953614e-18,0.04872384248280587,0,0.0
vnwoodknot,p4_a4_combined,43,test,0.05,0,75,0.0,0.0,0.047995064055142256,3.469446951953614e-18,0.04872384248280587,0,0.0
vnwoodknot,p4_a4_combined,43,test,0.1,0,75,0.0,0.0,0.047995064055142256,3.469446951953614e-18,0.04872384248280587,0,0.0
vnwoodknot,p4_a4_combined,43,test,0.15,0,75,0.0,0.0,0.047995064055142256,3.469446951953614e-18,0.04872384248280587,0,0.0
vnwoodknot,p4_a4_combined,43,test,0.2,0,75,0.0,0.0,0.047995064055142256,3.469446951953614e-18,0.04872384248280587,0,0.0
vnwoodknot,p4_a4_combined,43,test,0.25,0,75,0.0,0.0,0.047995064055142256,3.469446951953614e-18,0.04872384248280587,0,0.0
vnwoodknot,p4_a4_combined,43,test,0.3,0,75,0.0,0.0,0.047995064055142256,3.469446951953614e-18,0.04872384248280587,0,0.0
vnwoodknot,p4_a4_combined,43,test,0.35,0,75,0.0,0.0,0.047995064055142256,3.469446951953614e-18,0.04872384248280587,0,0.0
vnwoodknot,p4_a4_combined,43,test,0.4,0,75,0.0,0.0,0.047995064055142256,3.469446951953614e-18,0.04872384248280587,0,0.0
vnwoodknot,p4_a4_combined,43,test,0.45,0,75,0.0,0.0,0.047995064055142256,3.469446951953614e-18,0.04872384248280587,0,0.0
vnwoodknot,p4_a4_combined,43,test,0.5,0,75,0.0,0.0,0.047995064055142256,3.469446951953614e-18,0.04872384248280587,0,0.0
vnwoodknot,p4_a4_combined,43,test,0.55,0,75,0.0,0.0,0.047995064055142256,3.469446951953614e-18,0.04872384248280587,0,0.0
vnwoodknot,p4_a4_combined,43,test,0.6,0,75,0.0,0.0,0.047995064055142256,3.469446951953614e-18,0.04872384248280587,0,0.0
vnwoodknot,p4_a4_combined,43,test,0.65,0,75,0.0,0.0,0.047995064055142256,3.469446951953614e-18,0.04872384248280587,0,0.0
vnwoodknot,p4_a4_combined,43,test,0.7,0,75,0.0,0.0,0.047995064055142256,3.469446951953614e-18,0.04872384248280587,0,0.0
vnwoodknot,p4_a4_combined,43,test,0.75,0,75,0.0,0.0,0.047995064055142256,3.469446951953614e-18,0.04872384248280587,0,0.0
vnwoodknot,p4_a4_combined,43,test,0.8,0,75,0.0,0.0,0.047995064055142256,3.469446951953614e-18,0.04872384248280587,0,0.0
vnwoodknot,p4_a4_combined,43,test,0.85,0,75,0.0,0.0,0.047995064055142256,3.469446951953614e-18,0.04872384248280587,0,0.0
vnwoodknot,p4_a4_combined,43,test,0.9,0,75,0.0,0.0,0.047995064055142256,3.469446951953614e-18,0.04872384248280587,0,0.0
vnwoodknot,p4_a4_combined,43,test,0.95,0,75,0.0,0.0,0.047995064055142256,3.469446951953614e-18,0.04872384248280587,0,0.0
vnwoodknot,p4_a4_combined,44,val,0.05,0,75,0.0,0.0,0.047995064055142256,3.469446951953614e-18,0.04872384248280587,0,0.0
vnwoodknot,p4_a4_combined,44,val,0.1,0,75,0.0,0.0,0.047995064055142256,3.469446951953614e-18,0.04872384248280587,0,0.0
vnwoodknot,p4_a4_combined,44,val,0.15,0,75,0.0,0.0,0.047995064055142256,3.469446951953614e-18,0.04872384248280587,0,0.0
vnwoodknot,p4_a4_combined,44,val,0.2,0,75,0.0,0.0,0.047995064055142256,3.469446951953614e-18,0.04872384248280587,0,0.0
vnwoodknot,p4_a4_combined,44,val,0.25,0,75,0.0,0.0,0.047995064055142256,3.469446951953614e-18,0.04872384248280587,0,0.0
vnwoodknot,p4_a4_combined,44,val,0.3,0,75,0.0,0.0,0.047995064055142256,3.469446951953614e-18,0.04872384248280587,0,0.0
vnwoodknot,p4_a4_combined,44,val,0.35,0,75,0.0,0.0,0.047995064055142256,3.469446951953614e-18,0.04872384248280587,0,0.0
vnwoodknot,p4_a4_combined,44,val,0.4,0,75,0.0,0.0,0.047995064055142256,3.469446951953614e-18,0.04872384248280587,0,0.0
vnwoodknot,p4_a4_combined,44,val,0.45,0,75,0.0,0.0,0.047995064055142256,3.469446951953614e-18,0.04872384248280587,0,0.0
vnwoodknot,p4_a4_combined,44,val,0.5,0,75,0.0,0.0,0.047995064055142256,3.469446951953614e-18,0.04872384248280587,0,0.0
vnwoodknot,p4_a4_combined,44,val,0.55,0,75,0.0,0.0,0.047995064055142256,3.469446951953614e-18,0.04872384248280587,0,0.0
vnwoodknot,p4_a4_combined,44,val,0.6,0,75,0.0,0.0,0.047995064055142256,3.469446951953614e-18,0.04872384248280587,0,0.0
vnwoodknot,p4_a4_combined,44,val,0.65,0,75,0.0,0.0,0.047995064055142256,3.469446951953614e-18,0.04872384248280587,0,0.0
vnwoodknot,p4_a4_combined,44,val,0.7,0,75,0.0,0.0,0.047995064055142256,3.469446951953614e-18,0.04872384248280587,0,0.0
vnwoodknot,p4_a4_combined,44,val,0.75,0,75,0.0,0.0,0.047995064055142256,3.469446951953614e-18,0.04872384248280587,0,0.0
vnwoodknot,p4_a4_combined,44,val,0.8,0,75,0.0,0.0,0.047995064055142256,3.469446951953614e-18,0.04872384248280587,0,0.0
vnwoodknot,p4_a4_combined,44,val,0.85,0,75,0.0,0.0,0.047995064055142256,3.469446951953614e-18,0.04872384248280587,0,0.0
vnwoodknot,p4_a4_combined,44,val,0.9,0,75,0.0,0.0,0.047995064055142256,3.469446951953614e-18,0.04872384248280587,0,0.0
vnwoodknot,p4_a4_combined,44,val,0.95,0,75,0.0,0.0,0.047995064055142256,3.469446951953614e-18,0.04872384248280587,0,0.0
vnwoodknot,p4_a4_combined,44,test,0.05,0,75,0.0,0.0,0.047995064055142256,3.469446951953614e-18,0.04872384248280587,0,0.0
vnwoodknot,p4_a4_combined,44,test,0.1,0,75,0.0,0.0,0.047995064055142256,3.469446951953614e-18,0.04872384248280587,0,0.0
vnwoodknot,p4_a4_combined,44,test,0.15,0,75,0.0,0.0,0.047995064055142256,3.469446951953614e-18,0.04872384248280587,0,0.0
vnwoodknot,p4_a4_combined,44,test,0.2,0,75,0.0,0.0,0.047995064055142256,3.469446951953614e-18,0.04872384248280587,0,0.0
vnwoodknot,p4_a4_combined,44,test,0.25,0,75,0.0,0.0,0.047995064055142256,3.469446951953614e-18,0.04872384248280587,0,0.0
vnwoodknot,p4_a4_combined,44,test,0.3,0,75,0.0,0.0,0.047995064055142256,3.469446951953614e-18,0.04872384248280587,0,0.0
vnwoodknot,p4_a4_combined,44,test,0.35,0,75,0.0,0.0,0.047995064055142256,3.469446951953614e-18,0.04872384248280587,0,0.0
vnwoodknot,p4_a4_combined,44,test,0.4,0,75,0.0,0.0,0.047995064055142256,3.469446951953614e-18,0.04872384248280587,0,0.0
vnwoodknot,p4_a4_combined,44,test,0.45,0,75,0.0,0.0,0.047995064055142256,3.469446951953614e-18,0.04872384248280587,0,0.0
vnwoodknot,p4_a4_combined,44,test,0.5,0,75,0.0,0.0,0.047995064055142256,3.469446951953614e-18,0.04872384248280587,0,0.0
vnwoodknot,p4_a4_combined,44,test,0.55,0,75,0.0,0.0,0.047995064055142256,3.469446951953614e-18,0.04872384248280587,0,0.0
vnwoodknot,p4_a4_combined,44,test,0.6,0,75,0.0,0.0,0.047995064055142256,3.469446951953614e-18,0.04872384248280587,0,0.0
vnwoodknot,p4_a4_combined,44,test,0.65,0,75,0.0,0.0,0.047995064055142256,3.469446951953614e-18,0.04872384248280587,0,0.0
vnwoodknot,p4_a4_combined,44,test,0.7,0,75,0.0,0.0,0.047995064055142256,3.469446951953614e-18,0.04872384248280587,0,0.0
vnwoodknot,p4_a4_combined,44,test,0.75,0,75,0.0,0.0,0.047995064055142256,3.469446951953614e-18,0.04872384248280587,0,0.0
vnwoodknot,p4_a4_combined,44,test,0.8,0,75,0.0,0.0,0.047995064055142256,3.469446951953614e-18,0.04872384248280587,0,0.0
vnwoodknot,p4_a4_combined,44,test,0.85,0,75,0.0,0.0,0.047995064055142256,3.469446951953614e-18,0.04872384248280587,0,0.0
vnwoodknot,p4_a4_combined,44,test,0.9,0,75,0.0,0.0,0.047995064055142256,3.469446951953614e-18,0.04872384248280587,0,0.0
vnwoodknot,p4_a4_combined,44,test,0.95,0,75,0.0,0.0,0.047995064055142256,3.469446951953614e-18,0.04872384248280587,0,0.0
vsb_rarefirst,baseline,42,val,0.05,295,2988,0.09872824631860777,0.0882620699522223,0.10998741463083198,0.08854229843761115,0.1099446424629174,522,0.1746987951807229
vsb_rarefirst,baseline,42,val,0.1,230,2988,0.07697456492637215,0.06766765557697962,0.08711944053797244,0.06795105978364106,0.08708438083209545,331,0.1107764390896921
vsb_rarefirst,baseline,42,val,0.15,184,2988,0.06157965194109773,0.05322566772892903,0.0708041959911708,0.053510373270596906,0.07077477483590215,245,0.0819946452476573
vsb_rarefirst,baseline,42,val,0.2,149,2988,0.0498661311914324,0.042338288259923425,0.058290077921017,0.04262307797705056,0.058265108437637395,186,0.06224899598393574
vsb_rarefirst,baseline,42,val,0.25,127,2988,0.04250334672021419,0.035554058206814496,0.05036533168096193,0.035838254438670177,0.0503432703411651,150,0.050200803212851405
vsb_rarefirst,baseline,42,val,0.3,107,2988,0.035809906291834004,0.02943803310221254,0.04311012087962528,0.029721018761463647,0.04309081362305099,119,0.03982597054886212
vsb_rarefirst,baseline,42,val,0.35,80,2988,0.02677376171352075,0.021285706754205446,0.0332126844084634,0.021565385876975755,0.033197361773856036,89,0.029785809906291833
vsb_rarefirst,baseline,42,val,0.4,61,2988,0.020414993306559572,0.015650948612375228,0.02614751768843313,0.015926217213941236,0.026135322661335964,66,0.02208835341365462
vsb_rarefirst,baseline,42,val,0.45,46,2988,0.015394912985274432,0.011292478408960735,0.020481780249232903,0.011561848076091962,0.02047242250269477,48,0.01606425702811245
vsb_rarefirst,baseline,42,val,0.5,31,2988,0.010374832663989291,0.007059776546024445,0.014694174215375062,0.007318656370674882,0.014688344911621378,31,0.010374832663989291
vsb_rarefirst,baseline,42,val,0.55,15,2988,0.0050200803212851405,0.0028123410508343804,0.008266362673495939,0.0030446409928884233,0.008266606373151335,15,0.0050200803212851405
vsb_rarefirst,baseline,42,val,0.6,6,2988,0.002008032128514056,0.0007372577274667237,0.0043654792313441194,0.0009206139808178215,0.004374271807327655,6,0.002008032128514056
vsb_rarefirst,baseline,42,val,0.65,4,2988,0.0013386880856760374,0.0003648640978271991,0.003423994703191617,0.0005207089610649502,0.0034372075875484646,4,0.0013386880856760374
vsb_rarefirst,baseline,42,val,0.7,1,2988,0.00033467202141900936,8.473126078865086e-06,0.0018632473056059613,5.908027269634173e-05,0.0018933824166189792,1,0.00033467202141900936
vsb_rarefirst,baseline,42,val,0.75,0,2988,0.0,0.0,0.0012338029821397562,0.0,0.0012839780695492898,0,0.0
vsb_rarefirst,baseline,42,val,0.8,0,2988,0.0,0.0,0.0012338029821397562,0.0,0.0012839780695492898,0,0.0
vsb_rarefirst,baseline,42,val,0.85,0,2988,0.0,0.0,0.0012338029821397562,0.0,0.0012839780695492898,0,0.0
vsb_rarefirst,baseline,42,val,0.9,0,2988,0.0,0.0,0.0012338029821397562,0.0,0.0012839780695492898,0,0.0
vsb_rarefirst,baseline,42,val,0.95,0,2988,0.0,0.0,0.0012338029821397562,0.0,0.0012839780695492898,0,0.0
vsb_rarefirst,baseline,42,test,0.05,310,2988,0.1037483266398929,0.09303933615614197,0.11524004813454634,0.09331868394594474,0.11519552625107428,564,0.18875502008032127
vsb_rarefirst,baseline,42,test,0.1,250,2988,0.08366800535475234,0.07398394422472589,0.09417608904775941,0.07426650275529412,0.09413863025576302,372,0.12449799196787148
vsb_rarefirst,baseline,42,test,0.15,210,2988,0.07028112449799197,0.061372627629111845,0.08004165526053383,0.06165672447641319,0.0800090237440027,281,0.09404283801874164
vsb_rarefirst,baseline,42,test,0.2,172,2988,0.05756358768406961,0.049481501835248735,0.06652489897697554,0.04976634801058255,0.06649698465872413,216,0.07228915662650602
vsb_rarefirst,baseline,42,test,0.25,143,2988,0.04785809906291834,0.04048290404696103,0.05613387250076796,0.04076759272311543,0.05610968597297634,172,0.05756358768406961
vsb_rarefirst,baseline,42,test,0.3,120,2988,0.040160642570281124,0.03340724333355078,0.04783214129508627,0.033691102662925396,0.04781102977854765,141,0.04718875502008032
vsb_rarefirst,baseline,42,test,0.35,99,2988,0.03313253012048193,0.027008353669557356,0.04019151523125898,0.027290605664533552,0.04017334976185284,112,0.03748326639892905
vsb_rarefirst,baseline,42,test,0.4,87,2988,0.029116465863453816,0.023385372039467316,0.03579237509568054,0.023666160126031097,0.035775979863162916,95,0.03179384203480589
vsb_rarefirst,baseline,42,test,0.45,72,2988,0.024096385542168676,0.018900570650818318,0.03025023701065486,0.019178684237282986,0.03023618645542056,77,0.025769745649263723
vsb_rarefirst,baseline,42,test,0.5,60,2988,0.020080321285140562,0.015357510517893264,0.025772603720760404,0.01563247019580024,0.025760585059710926,63,0.02108433734939759
vsb_rarefirst,baseline,42,test,0.55,44,2988,0.014725568942436412,0.010719468964399993,0.019718452347612075,0.010987788649207091,0.019709512690047573,47,0.01572958500669344
vsb_rarefirst,baseline,42,test,0.6,27,2988,0.009036144578313253,0.005963080884088668,0.013120071387778683,0.006217653358173952,0.013115409445058183,30,0.010040160642570281
vsb_rarefirst,baseline,42,test,0.65,19,2988,0.006358768406961178,0.0038326070536430896,0.00991226798559319,0.0040746593362960114,0.009910526508807874,19,0.006358768406961178
vsb_rarefirst,baseline,42,test,0.7,12,2988,0.004016064257028112,0.0020768282450651433,0.007004736722972241,0.002298882082508198,0.007006911424233465,12,0.004016064257028112
vsb_rarefirst,baseline,42,test,0.75,6,2988,0.002008032128514056,0.0007372577274667237,0.0043654792313441194,0.0009206139808178215,0.004374271807327655,6,0.002008032128514056
vsb_rarefirst,baseline,42,test,0.8,0,2988,0.0,0.0,0.0012338029821397562,0.0,0.0012839780695492898,0,0.0
vsb_rarefirst,baseline,42,test,0.85,0,2988,0.0,0.0,0.0012338029821397562,0.0,0.0012839780695492898,0,0.0
vsb_rarefirst,baseline,42,test,0.9,0,2988,0.0,0.0,0.0012338029821397562,0.0,0.0012839780695492898,0,0.0
vsb_rarefirst,baseline,42,test,0.95,0,2988,0.0,0.0,0.0012338029821397562,0.0,0.0012839780695492898,0,0.0
vsb_rarefirst,baseline,43,val,0.05,338,2988,0.11311914323962517,0.10197785810454736,0.12502409202697212,0.10225545187791255,0.12497632767255534,597,0.19979919678714858
vsb_rarefirst,baseline,43,val,0.1,259,2988,0.08668005354752342,0.07683258061693504,0.09734530844262436,0.07711471628385565,0.09730677830509575,388,0.12985274431057564
vsb_rarefirst,baseline,43,val,0.15,223,2988,0.07463186077643909,0.06546184452367525,0.08464475147237671,0.06574551022700635,0.08461053805036793,304,0.10174029451137885
vsb_rarefirst,baseline,43,val,0.2,195,2988,0.06526104417670683,0.056667002603968515,0.07471777006134783,0.05695149657517444,0.07468698234875097,251,0.08400267737617136
vsb_rarefirst,baseline,43,val,0.25,164,2988,0.05488621151271754,0.046991690128319545,0.06366578493339053,0.04727657000602505,0.06363888570515339,202,0.06760374832663989
vsb_rarefirst,baseline,43,val,0.3,143,2988,0.04785809906291834,0.04048290404696103,0.05613387250076796,0.04076759272311543,0.05610968597297634,169,0.056559571619812586
vsb_rarefirst,baseline,43,val,0.35,117,2988,0.0391566265060241,0.03248914201448702,0.04674454836192912,0.032772830320466975,0.04672384826170799,131,0.043842034805890225
vsb_rarefirst,baseline,43,val,0.4,94,2988,0.03145917001338688,0.02549542966441336,0.038361838867497555,0.025777130616228584,0.03834440171132766,100,0.03346720214190094
vsb_rarefirst,baseline,43,val,0.45,65,2988,0.02175368139223561,0.01682817972667618,0.027643772098513018,0.01710459284698613,0.027630885507355193,69,0.023092369477911646
vsb_rarefirst,baseline,43,val,0.5,40,2988,0.013386880856760375,0.009580543069142376,0.01818492690908624,0.009846499884137858,0.018176862976052685,42,0.014056224899598393
vsb_rarefirst,baseline,43,val,0.55,33,2988,0.01104417670682731,0.007614160405420585,0.015475456928306432,0.007874879450711575,0.015469091071116747,34,0.011378848728246318
vsb_rarefirst,baseline,43,val,0.6,17,2988,0.005689424364123159,0.003317688033156948,0.009093740109269262,0.0035552894170353916,0.009092927188536428,18,0.006024096385542169
vsb_rarefirst,baseline,43,val,0.65,11,2988,0.003681392235609103,0.0018391263300511968,0.006577458995570259,0.0020569009835174723,0.006580407903458161,11,0.003681392235609103
vsb_rarefirst,baseline,43,val,0.7,4,2988,0.0013386880856760374,0.0003648640978271991,0.003423994703191617,0.0005207089610649502,0.0034372075875484646,4,0.0013386880856760374
vsb_rarefirst,baseline,43,val,0.75,3,2988,0.001004016064257028,0.00020710012850079878,0.0029313305153932526,0.00034151350194927457,0.0029479184268981088,3,0.001004016064257028
vsb_rarefirst,baseline,43,val,0.8,1,2988,0.00033467202141900936,8.473126078865086e-06,0.0018632473056059613,5.908027269634173e-05,0.0018933824166189792,1,0.00033467202141900936
vsb_rarefirst,baseline,43,val,0.85,0,2988,0.0,0.0,0.0012338029821397562,0.0,0.0012839780695492898,0,0.0
vsb_rarefirst,baseline,43,val,0.9,0,2988,0.0,0.0,0.0012338029821397562,0.0,0.0012839780695492898,0,0.0
vsb_rarefirst,baseline,43,val,0.95,0,2988,0.0,0.0,0.0012338029821397562,0.0,0.0012839780695492898,0,0.0
vsb_rarefirst,baseline,43,test,0.05,345,2988,0.11546184738955824,0.10421647060195015,0.12746613645340188,0.10449360603731832,0.1274175658515118,644,0.21552878179384202
vsb_rarefirst,baseline,43,test,0.1,286,2988,0.09571619812583668,0.08539976137290206,0.10683180116353173,0.08568049577773976,0.1067900835448945,442,0.14792503346720215
vsb_rarefirst,baseline,43,test,0.15,248,2988,0.08299866131191433,0.07335142787216276,0.09347130681488937,0.07363407701089603,0.09343408676062906,353,0.1181392235609103
vsb_rarefirst,baseline,43,test,0.2,218,2988,0.07295850066934405,0.06388791907363187,0.0828754724585435,0.06417175935097022,0.08284186582757391,289,0.0967202141900937
vsb_rarefirst,baseline,43,test,0.25,192,2988,0.0642570281124498,0.05572762880982197,0.07365125370562868,0.05601218766511696,0.07362083739951035,246,0.0823293172690763
vsb_rarefirst,baseline,43,test,0.3,167,2988,0.055890227576974566,0.04792475115108895,0.06473856603913346,0.0482096244776291,0.06471128509284743,203,0.0679384203480589
vsb_rarefirst,baseline,43,test,0.35,143,2988,0.04785809906291834,0.04048290404696103,0.05613387250076796,0.04076759272311543,0.05610968597297634,168,0.05622489959839357
vsb_rarefirst,baseline,43,test,0.4,121,2988,0.04049531459170013,0.033713544948007455,0.04819440752372616,0.033997457591207765,0.048173159470031306,137,0.045850066934404285
vsb_rarefirst,baseline,43,test,0.45,100,2988,0.03346720214190094,0.027311475342652866,0.04055692122601176,0.02759382852243592,0.040538611523716496,114,0.03815261044176707
vsb_rarefirst,baseline,43,test,0.5,83,2988,0.027777777777777776,0.022184210224595102,0.03431959677140714,0.022464391199590962,0.034303810310538925,86,0.028781793842034806
vsb_rarefirst,baseline,43,test,0.55,64,2988,0.0214190093708166,0.01653336632866692,0.027270203118768564,0.01680950629682508,0.027257487437750215,66,0.02208835341365462
vsb_rarefirst,baseline,43,test,0.6,48,2988,0.01606425702811245,0.011867649903086273,0.021243010301734817,0.01213799396558628,0.02123324585273251,48,0.01606425702811245
vsb_rarefirst,baseline,43,test,0.65,31,2988,0.010374832663989291,0.007059776546024445,0.014694174215375062,0.007318656370674882,0.014688344911621378,31,0.010374832663989291
vsb_rarefirst,baseline,43,test,0.7,12,2988,0.004016064257028112,0.0020768282450651433,0.007004736722972241,0.002298882082508198,0.007006911424233465,12,0.004016064257028112
vsb_rarefirst,baseline,43,test,0.75,5,2988,0.0016733601070950468,0.0005435516935820346,0.003900708409433996,0.0007149646174476462,0.0039114365509318,5,0.0016733601070950468
vsb_rarefirst,baseline,43,test,0.8,0,2988,0.0,0.0,0.0012338029821397562,0.0,0.0012839780695492898,0,0.0
vsb_rarefirst,baseline,43,test,0.85,0,2988,0.0,0.0,0.0012338029821397562,0.0,0.0012839780695492898,0,0.0
vsb_rarefirst,baseline,43,test,0.9,0,2988,0.0,0.0,0.0012338029821397562,0.0,0.0012839780695492898,0,0.0
vsb_rarefirst,baseline,43,test,0.95,0,2988,0.0,0.0,0.0012338029821397562,0.0,0.0012839780695492898,0,0.0
vsb_rarefirst,baseline,44,val,0.05,356,2988,0.11914323962516733,0.10773732108610688,0.13130061515202168,0.10801372186954346,0.13125078083671296,645,0.21586345381526104
vsb_rarefirst,baseline,44,val,0.1,276,2988,0.09236947791164658,0.08222317198877042,0.10332182769655543,0.08250444685254212,0.10328128627243181,432,0.14457831325301204
vsb_rarefirst,baseline,44,val,0.15,236,2988,0.07898259705488621,0.06956042383240534,0.08923854159575041,0.06984358899537839,0.08920275933895429,333,0.11144578313253012
vsb_rarefirst,baseline,44,val,0.2,202,2988,0.06760374832663989,0.05886118691106053,0.07720401202468509,0.05914551004004484,0.07717236122224277,260,0.08701472556894244
vsb_rarefirst,baseline,44,val,0.25,169,2988,0.056559571619812586,0.04854720753330905,0.0654533411433446,0.04883207237636937,0.06542580643363921,206,0.06894243641231593
vsb_rarefirst,baseline,44,val,0.3,142,2988,0.04752342704149933,0.04017402913029485,0.055774152517562126,0.04045869691048861,0.05575009716583713,166,0.05555555555555555
vsb_rarefirst,baseline,44,val,0.35,123,2988,0.04116465863453815,0.03432654042730572,0.048918552183005906,0.03461055437682771,0.04889703192394343,140,0.04685408299866131
vsb_rarefirst,baseline,44,val,0.4,96,2988,0.0321285140562249,0.026100051639770507,0.039094249187066665,0.026381982337116455,0.03907651922997184,111,0.03714859437751004
vsb_rarefirst,baseline,44,val,0.45,76,2988,0.025435073627844713,0.020091073960308754,0.031733487910812874,0.020370014718626112,0.03171879445314156,86,0.028781793842034806
vsb_rarefirst,baseline,44,val,0.5,53,2988,0.017737617135207495,0.013314202548411255,0.023137702768193207,0.01358669847566751,0.023126964441481438,60,0.020080321285140562
vsb_rarefirst,baseline,44,val,0.55,36,2988,0.012048192771084338,0.008452283143886904,0.016641098860422116,0.00871544951026771,0.016633974870858707,39,0.013052208835341365
vsb_rarefirst,baseline,44,val,0.6,20,2988,0.006693440428380187,0.004093179931279644,0.010318634046730448,0.004337204030041072,0.010316466434828843,20,0.006693440428380187
vsb_rarefirst,baseline,44,val,0.65,8,2988,0.002677376171352075,0.001156587659350634,0.005268646944875359,0.0013572963312203407,0.0052745586964572,8,0.002677376171352075
vsb_rarefirst,baseline,44,val,0.7,3,2988,0.001004016064257028,0.00020710012850079878,0.0029313305153932526,0.00034151350194927457,0.0029479184268981088,3,0.001004016064257028
vsb_rarefirst,baseline,44,val,0.75,1,2988,0.00033467202141900936,8.473126078865086e-06,0.0018632473056059613,5.908027269634173e-05,0.0018933824166189792,1,0.00033467202141900936
vsb_rarefirst,baseline,44,val,0.8,0,2988,0.0,0.0,0.0012338029821397562,0.0,0.0012839780695492898,0,0.0
vsb_rarefirst,baseline,44,val,0.85,0,2988,0.0,0.0,0.0012338029821397562,0.0,0.0012839780695492898,0,0.0
vsb_rarefirst,baseline,44,val,0.9,0,2988,0.0,0.0,0.0012338029821397562,0.0,0.0012839780695492898,0,0.0
vsb_rarefirst,baseline,44,val,0.95,0,2988,0.0,0.0,0.0012338029821397562,0.0,0.0012839780695492898,0,0.0
vsb_rarefirst,baseline,44,test,0.05,352,2988,0.11780455153949129,0.10645659067162924,0.12990667888261215,0.10673326057580278,0.12985730365138953,661,0.2212182061579652
vsb_rarefirst,baseline,44,test,0.1,284,2988,0.09504685408299866,0.08476412194688318,0.10613012652491918,0.08504496632399522,0.10608864375910698,458,0.15327978580990628
vsb_rarefirst,baseline,44,test,0.15,242,2988,0.08099062918340026,0.07145503538644216,0.09135580977358126,0.07173794861132227,0.0913193074416066,348,0.11646586345381527
vsb_rarefirst,baseline,44,test,0.2,208,2988,0.06961178045515395,0.060744398442954116,0.07933261105262289,0.06102855480874864,0.0793002241721352,286,0.09571619812583668
vsb_rarefirst,baseline,44,test,0.25,179,2988,0.05990629183400268,0.05166427564261147,0.06902246844680071,0.05194905203148478,0.06899367297618411,232,0.07764390896921017
vsb_rarefirst,baseline,44,test,0.3,152,2988,0.050870147255689425,0.043267308980422484,0.05936686431882456,0.04355213440937652,0.05934150586460953,192,0.0642570281124498
vsb_rarefirst,baseline,44,test,0.35,132,2988,0.04417670682730924,0.037091201111575246,0.05217109005308668,0.03737558966883,0.052148358209835426,159,0.05321285140562249
vsb_rarefirst,baseline,44,test,0.4,113,2988,0.03781793842034806,0.03126694419028529,0.04529251007591068,0.031550377137242645,0.04527236296586818,130,0.04350736278447122
vsb_rarefirst,baseline,44,test,0.45,100,2988,0.03346720214190094,0.027311475342652866,0.04055692122601176,0.02759382852243592,0.040538611523716496,108,0.03614457831325301
vsb_rarefirst,baseline,44,test,0.5,76,2988,0.025435073627844713,0.020091073960308754,0.031733487910812874,0.020370014718626112,0.03171879445314156,79,0.02643908969210174
vsb_rarefirst,baseline,44,test,0.55,61,2988,0.020414993306559572,0.015650948612375228,0.02614751768843313,0.015926217213941236,0.026135322661335964,64,0.0214190093708166
vsb_rarefirst,baseline,44,test,0.6,37,2988,0.012382864792503346,0.008733257214327968,0.017028107531682837,0.008997167375023103,0.017020741625869345,38,0.012717536813922356
vsb_rarefirst,baseline,44,test,0.65,25,2988,0.008366800535475234,0.005421660380319965,0.012326427257177046,0.005673685571682071,0.012322407992018003,25,0.008366800535475234
vsb_rarefirst,baseline,44,test,0.7,16,2988,0.00535475234270415,0.003063708335539584,0.008681253900565232,0.003298781092179063,0.008680950893626726,16,0.00535475234270415
vsb_rarefirst,baseline,44,test,0.75,7,2988,0.0023427041499330657,0.0009423911495033371,0.004820872326402332,0.0011352749758738187,0.0048280954320376905,7,0.0023427041499330657
vsb_rarefirst,baseline,44,test,0.8,1,2988,0.00033467202141900936,8.473126078865086e-06,0.0018632473056059613,5.908027269634173e-05,0.0018933824166189792,1,0.00033467202141900936
vsb_rarefirst,baseline,44,test,0.85,0,2988,0.0,0.0,0.0012338029821397562,0.0,0.0012839780695492898,0,0.0
vsb_rarefirst,baseline,44,test,0.9,0,2988,0.0,0.0,0.0012338029821397562,0.0,0.0012839780695492898,0,0.0
vsb_rarefirst,baseline,44,test,0.95,0,2988,0.0,0.0,0.0012338029821397562,0.0,0.0012839780695492898,0,0.0
vsb_rarefirst,p1_clahe,42,val,0.05,338,2988,0.11311914323962517,0.10197785810454736,0.12502409202697212,0.10225545187791255,0.12497632767255534,598,0.2001338688085676
vsb_rarefirst,p1_clahe,42,val,0.1,265,2988,0.08868808567603749,0.07873371168231934,0.0994560916987916,0.07901555238943957,0.09941684991810805,398,0.13319946452476572
vsb_rarefirst,p1_clahe,42,val,0.15,220,2988,0.07362784471218206,0.06451732043030545,0.08358335185994294,0.06480109214293053,0.08354950227514565,301,0.10073627844712182
vsb_rarefirst,p1_clahe,42,val,0.2,184,2988,0.06157965194109773,0.05322566772892903,0.0708041959911708,0.053510373270596906,0.07077477483590215,234,0.0783132530120482
vsb_rarefirst,p1_clahe,42,val,0.25,158,2988,0.05287817938420348,0.04512788497212509,0.061517925236478,0.045412754492700866,0.06149179349988136,195,0.06526104417670683
vsb_rarefirst,p1_clahe,42,val,0.3,140,2988,0.04685408299866131,0.03955659345483018,0.05505440143543363,0.03984121578741923,0.055030609049374436,160,0.0535475234270415
vsb_rarefirst,p1_clahe,42,val,0.35,110,2988,0.03681392235609103,0.030351810812162257,0.044201984809496726,0.03063503024802375,0.044182255995788976,125,0.04183400267737617
vsb_rarefirst,p1_clahe,42,val,0.4,89,2988,0.029785809906291833,0.0239872377928258,0.036527499978105706,0.024268305058040097,0.03651080417068598,101,0.033801874163319943
vsb_rarefirst,p1_clahe,42,val,0.45,73,2988,0.024431057563587683,0.01919779149629165,0.030621447129356952,0.019476120847229925,0.03060723446523965,81,0.02710843373493976
vsb_rarefirst,p1_clahe,42,val,0.5,57,2988,0.019076305220883535,0.014479422652901483,0.024645687020219038,0.014753394678735912,0.024634206717477167,61,0.020414993306559572
vsb_rarefirst,p1_clahe,42,val,0.55,40,2988,0.013386880856760375,0.009580543069142376,0.01818492690908624,0.009846499884137858,0.018176862976052685,43,0.014390896921017403
vsb_rarefirst,p1_clahe,42,val,0.6,19,2988,0.006358768406961178,0.0038326070536430896,0.00991226798559319,0.0040746593362960114,0.009910526508807874,20,0.006693440428380187
vsb_rarefirst,p1_clahe,42,val,0.65,6,2988,0.002008032128514056,0.0007372577274667237,0.0043654792313441194,0.0009206139808178215,0.004374271807327655,7,0.0023427041499330657
vsb_rarefirst,p1_clahe,42,val,0.7,4,2988,0.0013386880856760374,0.0003648640978271991,0.003423994703191617,0.0005207089610649502,0.0034372075875484646,4,0.0013386880856760374
vsb_rarefirst,p1_clahe,42,val,0.75,1,2988,0.00033467202141900936,8.473126078865086e-06,0.0018632473056059613,5.908027269634173e-05,0.0018933824166189792,1,0.00033467202141900936
vsb_rarefirst,p1_clahe,42,val,0.8,0,2988,0.0,0.0,0.0012338029821397562,0.0,0.0012839780695492898,0,0.0
vsb_rarefirst,p1_clahe,42,val,0.85,0,2988,0.0,0.0,0.0012338029821397562,0.0,0.0012839780695492898,0,0.0
vsb_rarefirst,p1_clahe,42,val,0.9,0,2988,0.0,0.0,0.0012338029821397562,0.0,0.0012839780695492898,0,0.0
vsb_rarefirst,p1_clahe,42,val,0.95,0,2988,0.0,0.0,0.0012338029821397562,0.0,0.0012839780695492898,0,0.0
vsb_rarefirst,p1_clahe,42,test,0.05,340,2988,0.11378848728246319,0.10261730549259086,0.12572197460327228,0.10289476906620373,0.1256739797237962,651,0.2178714859437751
vsb_rarefirst,p1_clahe,42,test,0.1,284,2988,0.09504685408299866,0.08476412194688318,0.10613012652491918,0.08504496632399522,0.10608864375910698,459,0.1536144578313253
vsb_rarefirst,p1_clahe,42,test,0.15,250,2988,0.08366800535475234,0.07398394422472589,0.09417608904775941,0.07426650275529412,0.09413863025576302,353,0.1181392235609103
vsb_rarefirst,p1_clahe,42,test,0.2,218,2988,0.07295850066934405,0.06388791907363187,0.0828754724585435,0.06417175935097022,0.08284186582757391,284,0.09504685408299866
vsb_rarefirst,p1_clahe,42,test,0.25,195,2988,0.06526104417670683,0.056667002603968515,0.07471777006134783,0.05695149657517444,0.07468698234875097,246,0.0823293172690763
vsb_rarefirst,p1_clahe,42,test,0.3,172,2988,0.05756358768406961,0.049481501835248735,0.06652489897697554,0.04976634801058255,0.06649698465872413,208,0.06961178045515395
vsb_rarefirst,p1_clahe,42,test,0.35,149,2988,0.0498661311914324,0.042338288259923425,0.058290077921017,0.04262307797705056,0.058265108437637395,172,0.05756358768406961
vsb_rarefirst,p1_clahe,42,test,0.4,126,2988,0.04216867469879518,0.03524699156313812,0.050003821949503896,0.03553114468393754,0.049981895476131695,140,0.04685408299866131
vsb_rarefirst,p1_clahe,42,test,0.45,99,2988,0.03313253012048193,0.027008353669557356,0.04019151523125898,0.027290605664533552,0.04017334976185284,107,0.035809906291834004
vsb_rarefirst,p1_clahe,42,test,0.5,74,2988,0.024765729585006693,0.019495285899226975,0.03099238886135493,0.019773824902042336,0.030978015030193273,78,0.02610441767068273
vsb_rarefirst,p1_clahe,42,test,0.55,53,2988,0.017737617135207495,0.013314202548411255,0.023137702768193207,0.01358669847566751,0.023126964441481438,56,0.018741633199464525
vsb_rarefirst,p1_clahe,42,test,0.6,39,2988,0.013052208835341365,0.009297415251549668,0.017799995126049357,0.009562718703305117,0.017792159537119392,42,0.014056224899598393
vsb_rarefirst,p1_clahe,42,test,0.65,25,2988,0.008366800535475234,0.005421660380319965,0.012326427257177046,0.005673685571682071,0.012322407992018003,25,0.008366800535475234
vsb_rarefirst,p1_clahe,42,test,0.7,15,2988,0.0050200803212851405,0.0028123410508343804,0.008266362673495939,0.0030446409928884233,0.008266606373151335,15,0.0050200803212851405
vsb_rarefirst,p1_clahe,42,test,0.75,6,2988,0.002008032128514056,0.0007372577274667237,0.0043654792313441194,0.0009206139808178215,0.004374271807327655,6,0.002008032128514056
vsb_rarefirst,p1_clahe,42,test,0.8,1,2988,0.00033467202141900936,8.473126078865086e-06,0.0018632473056059613,5.908027269634173e-05,0.0018933824166189792,1,0.00033467202141900936
vsb_rarefirst,p1_clahe,42,test,0.85,0,2988,0.0,0.0,0.0012338029821397562,0.0,0.0012839780695492898,0,0.0
vsb_rarefirst,p1_clahe,42,test,0.9,0,2988,0.0,0.0,0.0012338029821397562,0.0,0.0012839780695492898,0,0.0
vsb_rarefirst,p1_clahe,42,test,0.95,0,2988,0.0,0.0,0.0012338029821397562,0.0,0.0012839780695492898,0,0.0
vsb_rarefirst,p1_clahe,43,val,0.05,367,2988,0.12282463186077644,0.111261745868006,0.13513153230114358,0.11153739547488428,0.13508043804879852,640,0.214190093708166
vsb_rarefirst,p1_clahe,43,val,0.1,290,2988,0.09705488621151272,0.08667151200081655,0.10823468081750129,0.08695202374755537,0.10819249405414302,427,0.142904953145917
vsb_rarefirst,p1_clahe,43,val,0.15,237,2988,0.07931726907630522,0.06987606615043548,0.08959154519369313,0.07015919019821479,0.08955564275588393,314,0.10508701472556894
vsb_rarefirst,p1_clahe,43,val,0.2,186,2988,0.06224899598393574,0.05385073477815876,0.07151638057832588,0.05413540737820648,0.07148670996782464,244,0.08165997322623829
vsb_rarefirst,p1_clahe,43,val,0.25,154,2988,0.051539491298527446,0.043887131276393446,0.06008425105648502,0.04417197534584442,0.0600586341676737,193,0.0645917001338688
vsb_rarefirst,p1_clahe,43,val,0.3,125,2988,0.04183400267737617,0.034940048763717646,0.04964218972634128,0.03522415715497784,0.049620398385325365,157,0.05254350736278447
vsb_rarefirst,p1_clahe,43,val,0.35,105,2988,0.035140562248995984,0.028829628260999704,0.04238144132729271,0.02911244611999377,0.042362417024988816,131,0.043842034805890225
vsb_rarefirst,p1_clahe,43,val,0.4,95,2988,0.03179384203480589,0.025797647530241864,0.03872813579531091,0.026079464962568938,0.03871055198475333,115,0.03848728246318608
vsb_rarefirst,p1_clahe,43,val,0.45,79,2988,0.02643908969210174,0.020986678402267155,0.03284324891172068,0.021266180656284977,0.03282808237478079,94,0.03145917001338688
vsb_rarefirst,p1_clahe,43,val,0.5,64,2988,0.0214190093708166,0.01653336632866692,0.027270203118768564,0.01680950629682508,0.027257487437750215,73,0.024431057563587683
vsb_rarefirst,p1_clahe,43,val,0.55,47,2988,0.01572958500669344,0.011579802484403429,0.020862649340811668,0.011849668305507014,0.02085308689304575,51,0.01706827309236948
vsb_rarefirst,p1_clahe,43,val,0.6,33,2988,0.01104417670682731,0.007614160405420585,0.015475456928306432,0.007874879450711575,0.015469091071116747,35,0.011713520749665328
vsb_rarefirst,p1_clahe,43,val,0.65,14,2988,0.004685408299866131,0.002563852040206084,0.007848835165245064,0.0027930942023677587,0.00784966854390597,14,0.004685408299866131
vsb_rarefirst,p1_clahe,43,val,0.7,6,2988,0.002008032128514056,0.0007372577274667237,0.0043654792313441194,0.0009206139808178215,0.004374271807327655,6,0.002008032128514056
vsb_rarefirst,p1_clahe,43,val,0.75,3,2988,0.001004016064257028,0.00020710012850079878,0.0029313305153932526,0.00034151350194927457,0.0029479184268981088,3,0.001004016064257028
vsb_rarefirst,p1_clahe,43,val,0.8,0,2988,0.0,0.0,0.0012338029821397562,0.0,0.0012839780695492898,0,0.0
vsb_rarefirst,p1_clahe,43,val,0.85,0,2988,0.0,0.0,0.0012338029821397562,0.0,0.0012839780695492898,0,0.0
vsb_rarefirst,p1_clahe,43,val,0.9,0,2988,0.0,0.0,0.0012338029821397562,0.0,0.0012839780695492898,0,0.0
vsb_rarefirst,p1_clahe,43,val,0.95,0,2988,0.0,0.0,0.0012338029821397562,0.0,0.0012839780695492898,0,0.0
vsb_rarefirst,p1_clahe,43,test,0.05,342,2988,0.1144578313253012,0.10325687830498172,0.12641973222685385,0.103534211071582,0.12637150695795,646,0.21619812583668005
vsb_rarefirst,p1_clahe,43,test,0.1,284,2988,0.09504685408299866,0.08476412194688318,0.10613012652491918,0.08504496632399522,0.10608864375910698,451,0.15093708165997322
vsb_rarefirst,p1_clahe,43,test,0.15,247,2988,0.08266398929049532,0.07303524131496864,0.09311884446224004,0.0733179352818742,0.09308174386988484,368,0.12315930388219545
vsb_rarefirst,p1_clahe,43,test,0.2,219,2988,0.07329317269076305,0.0642025913785958,0.08322944035881011,0.06448639758744881,0.08319571221086133,305,0.10207496653279786
vsb_rarefirst,p1_clahe,43,test,0.25,202,2988,0.06760374832663989,0.05886118691106053,0.07720401202468509,0.05914551004004484,0.07717236122224277,256,0.0856760374832664
vsb_rarefirst,p1_clahe,43,test,0.3,176,2988,0.058902275769745646,0.05072833794939664,0.06795254114899327,0.05101314859935402,0.06792412254901678,216,0.07228915662650602
vsb_rarefirst,p1_clahe,43,test,0.35,154,2988,0.051539491298527446,0.043887131276393446,0.06008425105648502,0.04417197534584442,0.0600586341676737,181,0.06057563587684069
vsb_rarefirst,p1_clahe,43,test,0.4,129,2988,0.04317269076305221,0.03616855746430409,0.05108798912797657,0.03645283518492216,0.05106565883444517,148,0.049531459170013385
vsb_rarefirst,p1_clahe,43,test,0.45,97,2988,0.03246318607764391,0.02640263918116601,0.0394601817858206,0.02668468000900607,0.03944230617784825,109,0.036479250334672024
vsb_rarefirst,p1_clahe,43,test,0.5,79,2988,0.02643908969210174,0.020986678402267155,0.03284324891172068,0.021266180656284977,0.03282808237478079,89,0.029785809906291833
vsb_rarefirst,p1_clahe,43,test,0.55,61,2988,0.020414993306559572,0.015650948612375228,0.02614751768843313,0.015926217213941236,0.026135322661335964,67,0.02242302543507363
vsb_rarefirst,p1_clahe,43,test,0.6,40,2988,0.013386880856760375,0.009580543069142376,0.01818492690908624,0.009846499884137858,0.018176862976052685,43,0.014390896921017403
vsb_rarefirst,p1_clahe,43,test,0.65,30,2988,0.010040160642570281,0.006784018884953569,0.01430216001462869,0.0070419068462015235,0.014296609816328708,31,0.010374832663989291
vsb_rarefirst,p1_clahe,43,test,0.7,14,2988,0.004685408299866131,0.002563852040206084,0.007848835165245064,0.0027930942023677587,0.00784966854390597,14,0.004685408299866131
vsb_rarefirst,p1_clahe,43,test,0.75,4,2988,0.0013386880856760374,0.0003648640978271991,0.003423994703191617,0.0005207089610649502,0.0034372075875484646,4,0.0013386880856760374
vsb_rarefirst,p1_clahe,43,test,0.8,0,2988,0.0,0.0,0.0012338029821397562,0.0,0.0012839780695492898,0,0.0
vsb_rarefirst,p1_clahe,43,test,0.85,0,2988,0.0,0.0,0.0012338029821397562,0.0,0.0012839780695492898,0,0.0
vsb_rarefirst,p1_clahe,43,test,0.9,0,2988,0.0,0.0,0.0012338029821397562,0.0,0.0012839780695492898,0,0.0
vsb_rarefirst,p1_clahe,43,test,0.95,0,2988,0.0,0.0,0.0012338029821397562,0.0,0.0012839780695492898,0,0.0
vsb_rarefirst,p1_clahe,44,val,0.05,331,2988,0.1107764390896921,0.09974079413009444,0.1225805049411707,0.10001883869803746,0.12253354851406822,612,0.20481927710843373
vsb_rarefirst,p1_clahe,44,val,0.1,253,2988,0.08467202141900937,0.07493307295744285,0.09523291007027905,0.07521549324089992,0.09519509362945532,407,0.13621151271753681
vsb_rarefirst,p1_clahe,44,val,0.15,218,2988,0.07295850066934405,0.06388791907363187,0.0828754724585435,0.06417175935097022,0.08284186582757391,310,0.1037483266398929
vsb_rarefirst,p1_clahe,44,val,0.2,184,2988,0.06157965194109773,0.05322566772892903,0.0708041959911708,0.053510373270596906,0.07077477483590215,245,0.0819946452476573
vsb_rarefirst,p1_clahe,44,val,0.25,158,2988,0.05287817938420348,0.04512788497212509,0.061517925236478,0.045412754492700866,0.06149179349988136,197,0.06593038821954485
vsb_rarefirst,p1_clahe,44,val,0.3,134,2988,0.04484605087014726,0.037706878289367536,0.0528925819944665,0.037991333462280605,0.05286958365591689,162,0.05421686746987952
vsb_rarefirst,p1_clahe,44,val,0.35,114,2988,0.03815261044176707,0.031572280879976475,0.0456557298555403,0.031855780719023764,0.0456354440038531,133,0.044511378848728245
vsb_rarefirst,p1_clahe,44,val,0.4,88,2988,0.029451137884872823,0.02368620082374119,0.03616003999538715,0.02396713043700951,0.036143494171950535,97,0.03246318607764391
vsb_rarefirst,p1_clahe,44,val,0.45,68,2988,0.022757697456492636,0.017714537589278545,0.028762601618572768,0.01799172264783437,0.028749209565805046,74,0.024765729585006693
vsb_rarefirst,p1_clahe,44,val,0.5,46,2988,0.015394912985274432,0.011292478408960735,0.020481780249232903,0.011561848076091962,0.02047242250269477,49,0.01639892904953146
vsb_rarefirst,p1_clahe,44,val,0.55,38,2988,0.012717536813922356,0.009014977583096913,0.017414397193591707,0.009279599432107825,0.017406794188550654,40,0.013386880856760375
vsb_rarefirst,p1_clahe,44,val,0.6,22,2988,0.007362784471218206,0.0046198021756023435,0.011126240278869486,0.004867357322898204,0.011123282381503775,23,0.007697456492637216
vsb_rarefirst,p1_clahe,44,val,0.65,9,2988,0.0030120481927710845,0.00137819662265188,0.0057100718373799915,0.0015854775383842825,0.005714862109059289,9,0.0030120481927710845
vsb_rarefirst,p1_clahe,44,val,0.7,4,2988,0.0013386880856760374,0.0003648640978271991,0.003423994703191617,0.0005207089610649502,0.0034372075875484646,4,0.0013386880856760374
vsb_rarefirst,p1_clahe,44,val,0.75,0,2988,0.0,0.0,0.0012338029821397562,0.0,0.0012839780695492898,0,0.0
vsb_rarefirst,p1_clahe,44,val,0.8,0,2988,0.0,0.0,0.0012338029821397562,0.0,0.0012839780695492898,0,0.0
vsb_rarefirst,p1_clahe,44,val,0.85,0,2988,0.0,0.0,0.0012338029821397562,0.0,0.0012839780695492898,0,0.0
vsb_rarefirst,p1_clahe,44,val,0.9,0,2988,0.0,0.0,0.0012338029821397562,0.0,0.0012839780695492898,0,0.0
vsb_rarefirst,p1_clahe,44,val,0.95,0,2988,0.0,0.0,0.0012338029821397562,0.0,0.0012839780695492898,0,0.0
vsb_rarefirst,p1_clahe,44,test,0.05,315,2988,0.10542168674698796,0.09463355515310541,0.116989136644768,0.09491259971761386,0.11694403357823531,625,0.20917001338688085
vsb_rarefirst,p1_clahe,44,test,0.1,253,2988,0.08467202141900937,0.07493307295744285,0.09523291007027905,0.07521549324089992,0.09519509362945532,424,0.14190093708165996
vsb_rarefirst,p1_clahe,44,test,0.15,209,2988,0.06994645247657295,0.061058482764641875,0.07968716323301134,0.06134260961029682,0.07965465399035303,316,0.10575635876840696
vsb_rarefirst,p1_clahe,44,test,0.2,195,2988,0.06526104417670683,0.056667002603968515,0.07471777006134783,0.05695149657517444,0.07468698234875097,263,0.08801874163319946
vsb_rarefirst,p1_clahe,44,test,0.25,170,2988,0.05689424364123159,0.04885855834606121,0.0658106070644551,0.0491434177476546,0.06578294568212001,220,0.07362784471218206
vsb_rarefirst,p1_clahe,44,test,0.3,149,2988,0.0498661311914324,0.042338288259923425,0.058290077921017,0.04262307797705056,0.058265108437637395,178,0.059571619812583666
vsb_rarefirst,p1_clahe,44,test,0.35,126,2988,0.04216867469879518,0.03524699156313812,0.050003821949503896,0.03553114468393754,0.049981895476131695,147,0.04919678714859438
vsb_rarefirst,p1_clahe,44,test,0.4,105,2988,0.035140562248995984,0.028829628260999704,0.04238144132729271,0.02911244611999377,0.042362417024988816,118,0.039491298527443104
vsb_rarefirst,p1_clahe,44,test,0.45,80,2988,0.02677376171352075,0.021285706754205446,0.0332126844084634,0.021565385876975755,0.033197361773856036,88,0.029451137884872823
vsb_rarefirst,p1_clahe,44,test,0.5,63,2988,0.02108433734939759,0.01623888477400177,0.02689630943668722,0.016514743161711105,0.026883765953098156,67,0.02242302543507363
vsb_rarefirst,p1_clahe,44,test,0.55,48,2988,0.01606425702811245,0.011867649903086273,0.021243010301734817,0.01213799396558628,0.02123324585273251,49,0.01639892904953146
vsb_rarefirst,p1_clahe,44,test,0.6,32,2988,0.0107095046854083,0.007336505342429592,0.01508525927077112,0.007596327638140414,0.015079158263921878,33,0.01104417670682731
vsb_rarefirst,p1_clahe,44,test,0.65,18,2988,0.006024096385542169,0.0035740529350364414,0.009504020472553582,0.003813971797229439,0.009502729428108415,18,0.006024096385542169
vsb_rarefirst,p1_clahe,44,test,0.7,8,2988,0.002677376171352075,0.001156587659350634,0.005268646944875359,0.0013572963312203407,0.0052745586964572,8,0.002677376171352075
vsb_rarefirst,p1_clahe,44,test,0.75,2,2988,0.0006693440428380187,8.107095029592091e-05,0.002415787830628665,0.0001835774741957587,0.002437369834885594,2,0.0006693440428380187
vsb_rarefirst,p1_clahe,44,test,0.8,0,2988,0.0,0.0,0.0012338029821397562,0.0,0.0012839780695492898,0,0.0
vsb_rarefirst,p1_clahe,44,test,0.85,0,2988,0.0,0.0,0.0012338029821397562,0.0,0.0012839780695492898,0,0.0
vsb_rarefirst,p1_clahe,44,test,0.9,0,2988,0.0,0.0,0.0012338029821397562,0.0,0.0012839780695492898,0,0.0
vsb_rarefirst,p1_clahe,44,test,0.95,0,2988,0.0,0.0,0.0012338029821397562,0.0,0.0012839780695492898,0,0.0
vsb_rarefirst,p2_illumination,42,val,0.05,381,2988,0.12751004016064257,0.11575233003812468,0.14000230940127115,0.11602700145946589,0.13994961674094136,700,0.23427041499330656
vsb_rarefirst,p2_illumination,42,val,0.1,308,2988,0.10307898259705489,0.0924018954139349,0.11454016690167648,0.09268136318596525,0.11449587777152172,474,0.15863453815261044
vsb_rarefirst,p2_illumination,42,val,0.15,249,2988,0.08333333333333333,0.07366766226275319,0.09382372159023109,0.07395026625503398,0.09378638213625712,347,0.11613119143239625
vsb_rarefirst,p2_illumination,42,val,0.2,199,2988,0.06659973226238286,0.05792043236497353,0.07613886694724804,0.05820483195186346,0.07610758545112606,256,0.0856760374832664
vsb_rarefirst,p2_illumination,42,val,0.25,176,2988,0.058902275769745646,0.05072833794939664,0.06795254114899327,0.05101314859935402,0.06792412254901678,214,0.07161981258366801
vsb_rarefirst,p2_illumination,42,val,0.3,155,2988,0.05187416331994645,0.044197182333209385,0.06044280576199159,0.044482034221142094,0.06041705991214205,180,0.060240963855421686
vsb_rarefirst,p2_illumination,42,val,0.35,128,2988,0.0428380187416332,0.03586124729732007,0.050726720292112566,0.03614548505247929,0.050704524347122,142,0.04752342704149933
vsb_rarefirst,p2_illumination,42,val,0.4,103,2988,0.034471218206157964,0.028221867792256005,0.04165212587324949,0.028504507768060294,0.04163338613739022,113,0.03781793842034806
vsb_rarefirst,p2_illumination,42,val,0.45,74,2988,0.024765729585006693,0.019495285899226975,0.03099238886135493,0.019773824902042336,0.030978015030193273,79,0.02643908969210174
vsb_rarefirst,p2_illumination,42,val,0.5,52,2988,0.01740294511378849,0.013023963779373118,0.022759667560638637,0.013296058730368644,0.022749119567014277,55,0.018406961178045515
vsb_rarefirst,p2_illumination,42,val,0.55,29,2988,0.009705488621151271,0.006509281004173027,0.013909171508528915,0.006766123610676248,0.013903908432087948,31,0.010374832663989291
vsb_rarefirst,p2_illumination,42,val,0.6,12,2988,0.004016064257028112,0.0020768282450651433,0.007004736722972241,0.002298882082508198,0.007006911424233465,13,0.004350736278447122
vsb_rarefirst,p2_illumination,42,val,0.65,2,2988,0.0006693440428380187,8.107095029592091e-05,0.002415787830628665,0.0001835774741957587,0.002437369834885594,2,0.0006693440428380187
vsb_rarefirst,p2_illumination,42,val,0.7,1,2988,0.00033467202141900936,8.473126078865086e-06,0.0018632473056059613,5.908027269634173e-05,0.0018933824166189792,1,0.00033467202141900936
vsb_rarefirst,p2_illumination,42,val,0.75,0,2988,0.0,0.0,0.0012338029821397562,0.0,0.0012839780695492898,0,0.0
vsb_rarefirst,p2_illumination,42,val,0.8,0,2988,0.0,0.0,0.0012338029821397562,0.0,0.0012839780695492898,0,0.0
vsb_rarefirst,p2_illumination,42,val,0.85,0,2988,0.0,0.0,0.0012338029821397562,0.0,0.0012839780695492898,0,0.0
vsb_rarefirst,p2_illumination,42,val,0.9,0,2988,0.0,0.0,0.0012338029821397562,0.0,0.0012839780695492898,0,0.0
vsb_rarefirst,p2_illumination,42,val,0.95,0,2988,0.0,0.0,0.0012338029821397562,0.0,0.0012839780695492898,0,0.0
vsb_rarefirst,p2_illumination,42,test,0.05,357,2988,0.11947791164658635,0.10805757779117245,0.13164902538298323,0.10833391095098296,0.1315990763750395,711,0.23795180722891565
vsb_rarefirst,p2_illumination,42,test,0.1,302,2988,0.10107095046854082,0.09049043548272727,0.1124396645553573,0.09077025856760469,0.11239607467128605,495,0.16566265060240964
vsb_rarefirst,p2_illumination,42,test,0.15,265,2988,0.08868808567603749,0.07873371168231934,0.0994560916987916,0.07901555238943957,0.09941684991810805,382,0.1278447121820616
vsb_rarefirst,p2_illumination,42,test,0.2,236,2988,0.07898259705488621,0.06956042383240534,0.08923854159575041,0.06984358899537839,0.08920275933895429,313,0.10475234270414993
vsb_rarefirst,p2_illumination,42,test,0.25,200,2988,0.06693440428380187,0.058233952996759604,0.07649397909061069,0.05851832762686775,0.07646257439588781,254,0.08500669344042838
vsb_rarefirst,p2_illumination,42,test,0.3,175,2988,0.05856760374832664,0.050416511879548535,0.06759574673389016,0.05070133251892381,0.06756745400968096,211,0.07061579651941098
vsb_rarefirst,p2_illumination,42,test,0.35,152,2988,0.050870147255689425,0.043267308980422484,0.05936686431882456,0.04355213440937652,0.05934150586460953,175,0.05856760374832664
vsb_rarefirst,p2_illumination,42,test,0.4,129,2988,0.04317269076305221,0.03616855746430409,0.05108798912797657,0.03645283518492216,0.05106565883444517,144,0.04819277108433735
vsb_rarefirst,p2_illumination,42,test,0.45,105,2988,0.035140562248995984,0.028829628260999704,0.04238144132729271,0.02911244611999377,0.042362417024988816,116,0.038821954484605084
vsb_rarefirst,p2_illumination,42,test,0.5,82,2988,0.02744310575635877,0.021884476903736634,0.03395085422142962,0.022164495244115543,0.03393522164624831,89,0.029785809906291833
vsb_rarefirst,p2_illumination,42,test,0.55,51,2988,0.01706827309236948,0.012734175677690529,0.0223811935639568,0.013005855657771143,0.022370838019845744,55,0.018406961178045515
vsb_rarefirst,p2_illumination,42,test,0.6,28,2988,0.009370816599732263,0.006235615785652202,0.01351515972020816,0.006491354952410644,0.013510192470587521,30,0.010040160642570281
vsb_rarefirst,p2_illumination,42,test,0.65,14,2988,0.004685408299866131,0.002563852040206084,0.007848835165245064,0.0027930942023677587,0.00784966854390597,15,0.0050200803212851405
vsb_rarefirst,p2_illumination,42,test,0.7,7,2988,0.0023427041499330657,0.0009423911495033371,0.004820872326402332,0.0011352749758738187,0.0048280954320376905,7,0.0023427041499330657
vsb_rarefirst,p2_illumination,42,test,0.75,1,2988,0.00033467202141900936,8.473126078865086e-06,0.0018632473056059613,5.908027269634173e-05,0.0018933824166189792,1,0.00033467202141900936
vsb_rarefirst,p2_illumination,42,test,0.8,0,2988,0.0,0.0,0.0012338029821397562,0.0,0.0012839780695492898,0,0.0
vsb_rarefirst,p2_illumination,42,test,0.85,0,2988,0.0,0.0,0.0012338029821397562,0.0,0.0012839780695492898,0,0.0
vsb_rarefirst,p2_illumination,42,test,0.9,0,2988,0.0,0.0,0.0012338029821397562,0.0,0.0012839780695492898,0,0.0
vsb_rarefirst,p2_illumination,42,test,0.95,0,2988,0.0,0.0,0.0012338029821397562,0.0,0.0012839780695492898,0,0.0
vsb_rarefirst,p2_illumination,43,val,0.05,330,2988,0.11044176706827309,0.09942134245760874,0.12223129267292356,0.09969945078741306,0.12218445180492658,612,0.20481927710843373
vsb_rarefirst,p2_illumination,43,val,0.1,270,2988,0.09036144578313253,0.08031919174787741,0.10121387957186134,0.08060077914839847,0.1011740462579793,428,0.14323962516733602
vsb_rarefirst,p2_illumination,43,val,0.15,221,2988,0.07396251673360107,0.06483210587255059,0.08393720731428254,0.06511584266582536,0.08390323637201687,310,0.1037483266398929
vsb_rarefirst,p2_illumination,43,val,0.2,193,2988,0.0645917001338688,0.05604068592328943,0.07400682616990231,0.0563252237267884,0.07397628595760493,244,0.08165997322623829
vsb_rarefirst,p2_illumination,43,val,0.25,162,2988,0.05421686746987952,0.04637007351483148,0.06295017698188732,0.046654953501736346,0.06292353296991002,192,0.0642570281124498
vsb_rarefirst,p2_illumination,43,val,0.3,135,2988,0.045180722891566265,0.038014887565045584,0.05325315903310031,0.038299373941775544,0.053230027796187976,154,0.051539491298527446
vsb_rarefirst,p2_illumination,43,val,0.35,112,2988,0.03748326639892905,0.03096175236175852,0.044929147202786464,0.031245116308417267,0.04490913917492753,126,0.04216867469879518
vsb_rarefirst,p2_illumination,43,val,0.4,84,2988,0.028112449799196786,0.022484170270194833,0.03468811636940051,0.02276450941104724,0.03467217671884868,97,0.03246318607764391
vsb_rarefirst,p2_illumination,43,val,0.45,66,2988,0.02208835341365462,0.017123317489523136,0.028017023587972614,0.017399995646820304,0.028003967327287053,77,0.025769745649263723
vsb_rarefirst,p2_illumination,43,val,0.5,48,2988,0.01606425702811245,0.011867649903086273,0.021243010301734817,0.01213799396558628,0.02123324585273251,53,0.017737617135207495
vsb_rarefirst,p2_illumination,43,val,0.55,32,2988,0.0107095046854083,0.007336505342429592,0.01508525927077112,0.007596327638140414,0.015079158263921878,36,0.012048192771084338
vsb_rarefirst,p2_illumination,43,val,0.6,22,2988,0.007362784471218206,0.0046198021756023435,0.011126240278869486,0.004867357322898204,0.011123282381503775,22,0.007362784471218206
vsb_rarefirst,p2_illumination,43,val,0.65,17,2988,0.005689424364123159,0.003317688033156948,0.009093740109269262,0.0035552894170353916,0.009092927188536428,17,0.005689424364123159
vsb_rarefirst,p2_illumination,43,val,0.7,5,2988,0.0016733601070950468,0.0005435516935820346,0.003900708409433996,0.0007149646174476462,0.0039114365509318,5,0.0016733601070950468
vsb_rarefirst,p2_illumination,43,val,0.75,0,2988,0.0,0.0,0.0012338029821397562,0.0,0.0012839780695492898,0,0.0
vsb_rarefirst,p2_illumination,43,val,0.8,0,2988,0.0,0.0,0.0012338029821397562,0.0,0.0012839780695492898,0,0.0
vsb_rarefirst,p2_illumination,43,val,0.85,0,2988,0.0,0.0,0.0012338029821397562,0.0,0.0012839780695492898,0,0.0
vsb_rarefirst,p2_illumination,43,val,0.9,0,2988,0.0,0.0,0.0012338029821397562,0.0,0.0012839780695492898,0,0.0
vsb_rarefirst,p2_illumination,43,val,0.95,0,2988,0.0,0.0,0.0012338029821397562,0.0,0.0012839780695492898,0,0.0
vsb_rarefirst,p2_illumination,43,test,0.05,365,2988,0.12215528781793843,0.11062068186843287,0.13443526049874296,0.1108964692299113,0.13438439505423946,676,0.22623828647925034
vsb_rarefirst,p2_illumination,43,test,0.1,299,2988,0.1000669344042838,0.0895351983888122,0.11138892262399264,0.08981519644911908,0.11134568293047357,477,0.15963855421686746
vsb_rarefirst,p2_illumination,43,test,0.15,251,2988,0.08400267737617136,0.07430027349865746,0.09452840944441288,0.07458278625523196,0.09449083137559122,356,0.11914323962516733
vsb_rarefirst,p2_illumination,43,test,0.2,212,2988,0.07095046854082998,0.06200109739186492,0.08075046043340212,0.06228513282941453,0.08071758463053341,277,0.0927041499330656
vsb_rarefirst,p2_illumination,43,test,0.25,195,2988,0.06526104417670683,0.056667002603968515,0.07471777006134783,0.05695149657517444,0.07468698234875097,241,0.08065595716198126
vsb_rarefirst,p2_illumination,43,test,0.3,163,2988,0.054551539491298526,0.04668083892570537,0.06330802349437002,0.04696571929221779,0.06328125179919461,195,0.06526104417670683
vsb_rarefirst,p2_illumination,43,test,0.35,144,2988,0.04819277108433735,0.04079188229071771,0.05649349014780253,0.041076590671626285,0.05646917264423152,163,0.054551539491298526
vsb_rarefirst,p2_illumination,43,test,0.4,124,2988,0.041499330655957165,0.03463323123381362,0.04928043361296718,0.03491729324546953,0.04925877767506765,141,0.04718875502008032
vsb_rarefirst,p2_illumination,43,test,0.45,102,2988,0.03413654618473896,0.027918234850284288,0.041287224157415266,0.028200781953713137,0.04126862733197135,115,0.03848728246318608
vsb_rarefirst,p2_illumination,43,test,0.5,85,2988,0.028447121820615796,0.02278435311199741,0.03505641683459197,0.023064846078575757,0.03504032467108619,92,0.030789825970548863
vsb_rarefirst,p2_illumination,43,test,0.55,64,2988,0.0214190093708166,0.01653336632866692,0.027270203118768564,0.01680950629682508,0.027257487437750215,69,0.023092369477911646
vsb_rarefirst,p2_illumination,43,test,0.6,48,2988,0.01606425702811245,0.011867649903086273,0.021243010301734817,0.01213799396558628,0.02123324585273251,52,0.01740294511378849
vsb_rarefirst,p2_illumination,43,test,0.65,32,2988,0.0107095046854083,0.007336505342429592,0.01508525927077112,0.007596327638140414,0.015079158263921878,32,0.0107095046854083
vsb_rarefirst,p2_illumination,43,test,0.7,17,2988,0.005689424364123159,0.003317688033156948,0.009093740109269262,0.0035552894170353916,0.009092927188536428,17,0.005689424364123159
vsb_rarefirst,p2_illumination,43,test,0.75,6,2988,0.002008032128514056,0.0007372577274667237,0.0043654792313441194,0.0009206139808178215,0.004374271807327655,6,0.002008032128514056
vsb_rarefirst,p2_illumination,43,test,0.8,0,2988,0.0,0.0,0.0012338029821397562,0.0,0.0012839780695492898,0,0.0
vsb_rarefirst,p2_illumination,43,test,0.85,0,2988,0.0,0.0,0.0012338029821397562,0.0,0.0012839780695492898,0,0.0
vsb_rarefirst,p2_illumination,43,test,0.9,0,2988,0.0,0.0,0.0012338029821397562,0.0,0.0012839780695492898,0,0.0
vsb_rarefirst,p2_illumination,43,test,0.95,0,2988,0.0,0.0,0.0012338029821397562,0.0,0.0012839780695492898,0,0.0
vsb_rarefirst,p2_illumination,44,val,0.05,329,2988,0.11010709504685408,0.09910192339287888,0.12188204792381202,0.09938009532183338,0.12183532265074022,570,0.19076305220883535
vsb_rarefirst,p2_illumination,44,val,0.1,250,2988,0.08366800535475234,0.07398394422472589,0.09417608904775941,0.07426650275529412,0.09413863025576302,385,0.1288487282463186
vsb_rarefirst,p2_illumination,44,val,0.15,215,2988,0.07195448460508702,0.06294424626245512,0.08181322677932876,0.06322818613148973,0.08177998518775631,291,0.09738955823293173
vsb_rarefirst,p2_illumination,44,val,0.2,180,2988,0.060240963855421686,0.05197640602524293,0.06937896087967475,0.052261169594745534,0.0693500400326894,226,0.07563587684069611
vsb_rarefirst,p2_illumination,44,val,0.25,144,2988,0.04819277108433735,0.04079188229071771,0.05649349014780253,0.041076590671626285,0.05646917264423152,174,0.05823293172690763
vsb_rarefirst,p2_illumination,44,val,0.3,124,2988,0.041499330655957165,0.03463323123381362,0.04928043361296718,0.03491729324546953,0.04925877767506765,146,0.048862115127175365
vsb_rarefirst,p2_illumination,44,val,0.35,102,2988,0.03413654618473896,0.027918234850284288,0.041287224157415266,0.028200781953713137,0.04126862733197135,119,0.03982597054886212
vsb_rarefirst,p2_illumination,44,val,0.4,87,2988,0.029116465863453816,0.023385372039467316,0.03579237509568054,0.023666160126031097,0.035775979863162916,98,0.03279785809906292
vsb_rarefirst,p2_illumination,44,val,0.45,73,2988,0.024431057563587683,0.01919779149629165,0.030621447129356952,0.019476120847229925,0.03060723446523965,79,0.02643908969210174
vsb_rarefirst,p2_illumination,44,val,0.5,53,2988,0.017737617135207495,0.013314202548411255,0.023137702768193207,0.01358669847566751,0.023126964441481438,56,0.018741633199464525
vsb_rarefirst,p2_illumination,44,val,0.55,34,2988,0.011378848728246318,0.00789270024414552,0.01586480587382254,0.008154273616157729,0.015858181525436624,35,0.011713520749665328
vsb_rarefirst,p2_illumination,44,val,0.6,21,2988,0.007028112449799197,0.004355622215887636,0.010723252056267354,0.0046014753159981745,0.010720679768637772,21,0.007028112449799197
vsb_rarefirst,p2_illumination,44,val,0.65,10,2988,0.0033467202141900937,0.0016060131136273537,0.006146097753836945,0.0018189133224330227,0.00614991094477658,10,0.0033467202141900937
vsb_rarefirst,p2_illumination,44,val,0.7,3,2988,0.001004016064257028,0.00020710012850079878,0.0029313305153932526,0.00034151350194927457,0.0029479184268981088,3,0.001004016064257028
vsb_rarefirst,p2_illumination,44,val,0.75,0,2988,0.0,0.0,0.0012338029821397562,0.0,0.0012839780695492898,0,0.0
vsb_rarefirst,p2_illumination,44,val,0.8,0,2988,0.0,0.0,0.0012338029821397562,0.0,0.0012839780695492898,0,0.0
vsb_rarefirst,p2_illumination,44,val,0.85,0,2988,0.0,0.0,0.0012338029821397562,0.0,0.0012839780695492898,0,0.0
vsb_rarefirst,p2_illumination,44,val,0.9,0,2988,0.0,0.0,0.0012338029821397562,0.0,0.0012839780695492898,0,0.0
vsb_rarefirst,p2_illumination,44,val,0.95,0,2988,0.0,0.0,0.0012338029821397562,0.0,0.0012839780695492898,0,0.0
vsb_rarefirst,p2_illumination,44,test,0.05,323,2988,0.10809906291834002,0.09718610113825019,0.11978589001407028,0.09746465117979412,0.11973985907418329,611,0.20448460508701471
vsb_rarefirst,p2_illumination,44,test,0.1,260,2988,0.08701472556894244,0.07714932443465236,0.0976972164488599,0.07743141164464194,0.0976585675640755,412,0.13788487282463185
vsb_rarefirst,p2_illumination,44,test,0.15,226,2988,0.07563587684069611,0.06640686675001925,0.08570565594459335,0.0666904227564867,0.08567107938018567,323,0.10809906291834002
vsb_rarefirst,p2_illumination,44,test,0.2,198,2988,0.06626506024096386,0.057606976549969,0.07578369042694527,0.057891400555940706,0.0757525322272828,264,0.08835341365461848
vsb_rarefirst,p2_illumination,44,test,0.25,173,2988,0.05789825970548862,0.049793093189089754,0.0668819262726241,0.05007793160141143,0.06685388568766128,215,0.07195448460508702
vsb_rarefirst,p2_illumination,44,test,0.3,151,2988,0.05053547523427041,0.042957539484111115,0.059008030570795705,0.0432423540591179,0.05898280159510211,181,0.06057563587684069
vsb_rarefirst,p2_illumination,44,test,0.35,133,2988,0.044511378848728245,0.03739898239740827,0.05253189273472903,0.037683404972338644,0.05250902752609281,154,0.051539491298527446
vsb_rarefirst,p2_illumination,44,test,0.4,112,2988,0.03748326639892905,0.03096175236175852,0.044929147202786464,0.031245116308417267,0.04490913917492753,123,0.04116465863453815
vsb_rarefirst,p2_illumination,44,test,0.45,89,2988,0.029785809906291833,0.0239872377928258,0.036527499978105706,0.024268305058040097,0.03651080417068598,94,0.03145917001338688
vsb_rarefirst,p2_illumination,44,test,0.5,72,2988,0.024096385542168676,0.018900570650818318,0.03025023701065486,0.019178684237282986,0.03023618645542056,75,0.025100401606425703
vsb_rarefirst,p2_illumination,44,test,0.55,54,2988,0.018072289156626505,0.013604879481618768,0.023515311148480333,0.013877763026530456,0.023504384510384526,55,0.018406961178045515
vsb_rarefirst,p2_illumination,44,test,0.6,40,2988,0.013386880856760375,0.009580543069142376,0.01818492690908624,0.009846499884137858,0.018176862976052685,40,0.013386880856760375
vsb_rarefirst,p2_illumination,44,test,0.65,26,2988,0.008701472556894244,0.005691739352969323,0.01272384841961373,0.0059450760433879014,0.012719502140078203,26,0.008701472556894244
vsb_rarefirst,p2_illumination,44,test,0.7,15,2988,0.0050200803212851405,0.0028123410508343804,0.008266362673495939,0.0030446409928884233,0.008266606373151335,15,0.0050200803212851405
vsb_rarefirst,p2_illumination,44,test,0.75,6,2988,0.002008032128514056,0.0007372577274667237,0.0043654792313441194,0.0009206139808178215,0.004374271807327655,6,0.002008032128514056
vsb_rarefirst,p2_illumination,44,test,0.8,0,2988,0.0,0.0,0.0012338029821397562,0.0,0.0012839780695492898,0,0.0
vsb_rarefirst,p2_illumination,44,test,0.85,0,2988,0.0,0.0,0.0012338029821397562,0.0,0.0012839780695492898,0,0.0
vsb_rarefirst,p2_illumination,44,test,0.9,0,2988,0.0,0.0,0.0012338029821397562,0.0,0.0012839780695492898,0,0.0
vsb_rarefirst,p2_illumination,44,test,0.95,0,2988,0.0,0.0,0.0012338029821397562,0.0,0.0012839780695492898,0,0.0
vsb_rarefirst,p3_unsharp,42,val,0.05,339,2988,0.11345381526104417,0.10229756606009324,0.12537304899421672,0.10257509481000895,0.12532516936022495,611,0.20448460508701471
vsb_rarefirst,p3_unsharp,42,val,0.1,265,2988,0.08868808567603749,0.07873371168231934,0.0994560916987916,0.07901555238943957,0.09941684991810805,403,0.1348728246318608
vsb_rarefirst,p3_unsharp,42,val,0.15,220,2988,0.07362784471218206,0.06451732043030545,0.08358335185994294,0.06480109214293053,0.08354950227514565,309,0.10341365461847389
vsb_rarefirst,p3_unsharp,42,val,0.2,191,2988,0.0639223560910308,0.05541463983623661,0.07329561358177483,0.05569921915747127,0.07326532128739002,238,0.07965194109772424
vsb_rarefirst,p3_unsharp,42,val,0.25,166,2988,0.05555555555555555,0.04761364696356195,0.0643810554936065,0.04789852330896781,0.06435390164174268,203,0.0679384203480589
vsb_rarefirst,p3_unsharp,42,val,0.3,141,2988,0.04718875502008032,0.03986525858028396,0.05541432917586231,0.040149904252919685,0.05539040520364001,166,0.05555555555555555
vsb_rarefirst,p3_unsharp,42,val,0.35,119,2988,0.03982597054886212,0.033101074560941766,0.04746974374949328,0.033384878754613365,0.04744876906709365,132,0.04417670682730924
vsb_rarefirst,p3_unsharp,42,val,0.4,101,2988,0.033801874163319943,0.027614769895034818,0.04092215672847757,0.027897221421666243,0.0409037032442522,110,0.03681392235609103
vsb_rarefirst,p3_unsharp,42,val,0.45,88,2988,0.029451137884872823,0.02368620082374119,0.03616003999538715,0.02396713043700951,0.036143494171950535,92,0.030789825970548863
vsb_rarefirst,p3_unsharp,42,val,0.5,70,2988,0.023427041499330656,0.018306972175645742,0.029506989790694813,0.01858463504788608,0.0294932664052854,71,0.023761713520749666
vsb_rarefirst,p3_unsharp,42,val,0.55,42,2988,0.014056224899598393,0.010148768841914022,0.018952886701533344,0.010415954288343184,0.01894437781137942,43,0.014390896921017403
vsb_rarefirst,p3_unsharp,42,val,0.6,23,2988,0.007697456492637216,0.004885602919698738,0.011527704145804285,0.005134746654016168,0.01152437767015184,24,0.008032128514056224
vsb_rarefirst,p3_unsharp,42,val,0.65,12,2988,0.004016064257028112,0.0020768282450651433,0.007004736722972241,0.002298882082508198,0.007006911424233465,12,0.004016064257028112
vsb_rarefirst,p3_unsharp,42,val,0.7,4,2988,0.0013386880856760374,0.0003648640978271991,0.003423994703191617,0.0005207089610649502,0.0034372075875484646,4,0.0013386880856760374
vsb_rarefirst,p3_unsharp,42,val,0.75,0,2988,0.0,0.0,0.0012338029821397562,0.0,0.0012839780695492898,0,0.0
vsb_rarefirst,p3_unsharp,42,val,0.8,0,2988,0.0,0.0,0.0012338029821397562,0.0,0.0012839780695492898,0,0.0
vsb_rarefirst,p3_unsharp,42,val,0.85,0,2988,0.0,0.0,0.0012338029821397562,0.0,0.0012839780695492898,0,0.0
vsb_rarefirst,p3_unsharp,42,val,0.9,0,2988,0.0,0.0,0.0012338029821397562,0.0,0.0012839780695492898,0,0.0
vsb_rarefirst,p3_unsharp,42,val,0.95,0,2988,0.0,0.0,0.0012338029821397562,0.0,0.0012839780695492898,0,0.0
vsb_rarefirst,p3_unsharp,42,test,0.05,331,2988,0.1107764390896921,0.09974079413009444,0.1225805049411707,0.10001883869803746,0.12253354851406822,632,0.21151271753681392
vsb_rarefirst,p3_unsharp,42,test,0.1,276,2988,0.09236947791164658,0.08222317198877042,0.10332182769655543,0.08250444685254212,0.10328128627243181,442,0.14792503346720215
vsb_rarefirst,p3_unsharp,42,test,0.15,240,2988,0.08032128514056225,0.07082329732012034,0.09065025347791504,0.07110629590968974,0.09061399090370707,341,0.1141231593038822
vsb_rarefirst,p3_unsharp,42,test,0.2,214,2988,0.07161981258366801,0.06262980458855581,0.0814590296783929,0.06291377676742316,0.08142590993205684,280,0.09370816599732262
vsb_rarefirst,p3_unsharp,42,test,0.25,194,2988,0.06492637215528782,0.05635381068359111,0.07436233146155058,0.05663832685668673,0.07433166744747263,236,0.07898259705488621
vsb_rarefirst,p3_unsharp,42,test,0.3,174,2988,0.05823293172690763,0.05010476341648884,0.06723887531520578,0.050389593313371166,0.06721070859546757,203,0.0679384203480589
vsb_rarefirst,p3_unsharp,42,test,0.35,149,2988,0.0498661311914324,0.042338288259923425,0.058290077921017,0.04262307797705056,0.058265108437637395,169,0.056559571619812586
vsb_rarefirst,p3_unsharp,42,test,0.4,126,2988,0.04216867469879518,0.03524699156313812,0.050003821949503896,0.03553114468393754,0.049981895476131695,138,0.04618473895582329
vsb_rarefirst,p3_unsharp,42,test,0.45,107,2988,0.035809906291834004,0.02943803310221254,0.04311012087962528,0.029721018761463647,0.04309081362305099,116,0.038821954484605084
vsb_rarefirst,p3_unsharp,42,test,0.5,87,2988,0.029116465863453816,0.023385372039467316,0.03579237509568054,0.023666160126031097,0.035775979863162916,91,0.030455153949129853
vsb_rarefirst,p3_unsharp,42,test,0.55,65,2988,0.02175368139223561,0.01682817972667618,0.027643772098513018,0.01710459284698613,0.027630885507355193,68,0.022757697456492636
vsb_rarefirst,p3_unsharp,42,test,0.6,48,2988,0.01606425702811245,0.011867649903086273,0.021243010301734817,0.01213799396558628,0.02123324585273251,49,0.01639892904953146
vsb_rarefirst,p3_unsharp,42,test,0.65,23,2988,0.007697456492637216,0.004885602919698738,0.011527704145804285,0.005134746654016168,0.01152437767015184,23,0.007697456492637216
vsb_rarefirst,p3_unsharp,42,test,0.7,12,2988,0.004016064257028112,0.0020768282450651433,0.007004736722972241,0.002298882082508198,0.007006911424233465,12,0.004016064257028112
vsb_rarefirst,p3_unsharp,42,test,0.75,3,2988,0.001004016064257028,0.00020710012850079878,0.0029313305153932526,0.00034151350194927457,0.0029479184268981088,3,0.001004016064257028
vsb_rarefirst,p3_unsharp,42,test,0.8,0,2988,0.0,0.0,0.0012338029821397562,0.0,0.0012839780695492898,0,0.0
vsb_rarefirst,p3_unsharp,42,test,0.85,0,2988,0.0,0.0,0.0012338029821397562,0.0,0.0012839780695492898,0,0.0
vsb_rarefirst,p3_unsharp,42,test,0.9,0,2988,0.0,0.0,0.0012338029821397562,0.0,0.0012839780695492898,0,0.0
vsb_rarefirst,p3_unsharp,42,test,0.95,0,2988,0.0,0.0,0.0012338029821397562,0.0,0.0012839780695492898,0,0.0
vsb_rarefirst,p3_unsharp,43,val,0.05,312,2988,0.10441767068273092,0.09367691855976,0.11593978829794842,0.09395614561437136,0.11589503382217971,566,0.1894243641231593
vsb_rarefirst,p3_unsharp,43,val,0.1,245,2988,0.0819946452476573,0.07240301276199894,0.0924137759740452,0.0726857954181176,0.0923769144941094,361,0.12081659973226239
vsb_rarefirst,p3_unsharp,43,val,0.15,204,2988,0.06827309236947791,0.05948867474861929,0.07791379273143928,0.05977294430122216,0.07788189620059753,274,0.09170013386880857
vsb_rarefirst,p3_unsharp,43,val,0.2,165,2988,0.055220883534136546,0.04730262638359894,0.06402346202730677,0.04758750491678822,0.06399643541415624,203,0.0679384203480589
vsb_rarefirst,p3_unsharp,43,val,0.25,135,2988,0.045180722891566265,0.038014887565045584,0.05325315903310031,0.038299373941775544,0.053230027796187976,162,0.05421686746987952
vsb_rarefirst,p3_unsharp,43,val,0.3,110,2988,0.03681392235609103,0.030351810812162257,0.044201984809496726,0.03063503024802375,0.044182255995788976,126,0.04216867469879518
vsb_rarefirst,p3_unsharp,43,val,0.35,90,2988,0.030120481927710843,0.02428847954802129,0.03689475835307472,0.02456968069568665,0.036877913152805454,102,0.03413654618473896
vsb_rarefirst,p3_unsharp,43,val,0.4,67,2988,0.02242302543507363,0.017418772420347978,0.02838996453131341,0.017695707796437983,0.028376739797435407,75,0.025100401606425703
vsb_rarefirst,p3_unsharp,43,val,0.45,55,2988,0.018406961178045515,0.013895982651444398,0.023892504121748908,0.014169241051476659,0.02388139110520435,60,0.020080321285140562
vsb_rarefirst,p3_unsharp,43,val,0.5,39,2988,0.013052208835341365,0.009297415251549668,0.017799995126049357,0.009562718703305117,0.017792159537119392,41,0.013721552878179385
vsb_rarefirst,p3_unsharp,43,val,0.55,25,2988,0.008366800535475234,0.005421660380319965,0.012326427257177046,0.005673685571682071,0.012322407992018003,26,0.008701472556894244
vsb_rarefirst,p3_unsharp,43,val,0.6,13,2988,0.004350736278447122,0.002318555685441432,0.007428400274031036,0.0025444040853996293,0.007429874041108069,13,0.004350736278447122
vsb_rarefirst,p3_unsharp,43,val,0.65,5,2988,0.0016733601070950468,0.0005435516935820346,0.003900708409433996,0.0007149646174476462,0.0039114365509318,5,0.0016733601070950468
vsb_rarefirst,p3_unsharp,43,val,0.7,4,2988,0.0013386880856760374,0.0003648640978271991,0.003423994703191617,0.0005207089610649502,0.0034372075875484646,4,0.0013386880856760374
vsb_rarefirst,p3_unsharp,43,val,0.75,0,2988,0.0,0.0,0.0012338029821397562,0.0,0.0012839780695492898,0,0.0
vsb_rarefirst,p3_unsharp,43,val,0.8,0,2988,0.0,0.0,0.0012338029821397562,0.0,0.0012839780695492898,0,0.0
vsb_rarefirst,p3_unsharp,43,val,0.85,0,2988,0.0,0.0,0.0012338029821397562,0.0,0.0012839780695492898,0,0.0
vsb_rarefirst,p3_unsharp,43,val,0.9,0,2988,0.0,0.0,0.0012338029821397562,0.0,0.0012839780695492898,0,0.0
vsb_rarefirst,p3_unsharp,43,val,0.95,0,2988,0.0,0.0,0.0012338029821397562,0.0,0.0012839780695492898,0,0.0
vsb_rarefirst,p3_unsharp,43,test,0.05,311,2988,0.10408299866131192,0.09335810972593532,0.11558993577485546,0.09363739724155529,0.11554529757522977,574,0.19210174029451138
vsb_rarefirst,p3_unsharp,43,test,0.1,253,2988,0.08467202141900937,0.07493307295744285,0.09523291007027905,0.07521549324089992,0.09519509362945532,395,0.1321954484605087
vsb_rarefirst,p3_unsharp,43,test,0.15,206,2988,0.06894243641231593,0.060116413051053655,0.07862332462868726,0.06040062700034906,0.07859118274100269,288,0.0963855421686747
vsb_rarefirst,p3_unsharp,43,test,0.2,175,2988,0.05856760374832664,0.050416511879548535,0.06759574673389016,0.05070133251892381,0.06756745400968096,232,0.07764390896921017
vsb_rarefirst,p3_unsharp,43,test,0.25,151,2988,0.05053547523427041,0.042957539484111115,0.059008030570795705,0.0432423540591179,0.05898280159510211,186,0.06224899598393574
vsb_rarefirst,p3_unsharp,43,test,0.3,125,2988,0.04183400267737617,0.034940048763717646,0.04964218972634128,0.03522415715497784,0.049620398385325365,156,0.05220883534136546
vsb_rarefirst,p3_unsharp,43,test,0.35,114,2988,0.03815261044176707,0.031572280879976475,0.0456557298555403,0.031855780719023764,0.0456354440038531,135,0.045180722891566265
vsb_rarefirst,p3_unsharp,43,test,0.4,99,2988,0.03313253012048193,0.027008353669557356,0.04019151523125898,0.027290605664533552,0.04017334976185284,113,0.03781793842034806
vsb_rarefirst,p3_unsharp,43,test,0.45,73,2988,0.024431057563587683,0.01919779149629165,0.030621447129356952,0.019476120847229925,0.03060723446523965,84,0.028112449799196786
vsb_rarefirst,p3_unsharp,43,test,0.5,52,2988,0.01740294511378849,0.013023963779373118,0.022759667560638637,0.013296058730368644,0.022749119567014277,57,0.019076305220883535
vsb_rarefirst,p3_unsharp,43,test,0.55,38,2988,0.012717536813922356,0.009014977583096913,0.017414397193591707,0.009279599432107825,0.017406794188550654,42,0.014056224899598393
vsb_rarefirst,p3_unsharp,43,test,0.6,23,2988,0.007697456492637216,0.004885602919698738,0.011527704145804285,0.005134746654016168,0.01152437767015184,23,0.007697456492637216
vsb_rarefirst,p3_unsharp,43,test,0.65,15,2988,0.0050200803212851405,0.0028123410508343804,0.008266362673495939,0.0030446409928884233,0.008266606373151335,15,0.0050200803212851405
vsb_rarefirst,p3_unsharp,43,test,0.7,6,2988,0.002008032128514056,0.0007372577274667237,0.0043654792313441194,0.0009206139808178215,0.004374271807327655,6,0.002008032128514056
vsb_rarefirst,p3_unsharp,43,test,0.75,3,2988,0.001004016064257028,0.00020710012850079878,0.0029313305153932526,0.00034151350194927457,0.0029479184268981088,3,0.001004016064257028
vsb_rarefirst,p3_unsharp,43,test,0.8,0,2988,0.0,0.0,0.0012338029821397562,0.0,0.0012839780695492898,0,0.0
vsb_rarefirst,p3_unsharp,43,test,0.85,0,2988,0.0,0.0,0.0012338029821397562,0.0,0.0012839780695492898,0,0.0
vsb_rarefirst,p3_unsharp,43,test,0.9,0,2988,0.0,0.0,0.0012338029821397562,0.0,0.0012839780695492898,0,0.0
vsb_rarefirst,p3_unsharp,43,test,0.95,0,2988,0.0,0.0,0.0012338029821397562,0.0,0.0012839780695492898,0,0.0
vsb_rarefirst,p3_unsharp,44,val,0.05,317,2988,0.10609103078982597,0.0952714864867209,0.11768852931784402,0.09555040848221497,0.11764319405316626,574,0.19210174029451138
vsb_rarefirst,p3_unsharp,44,val,0.1,259,2988,0.08668005354752342,0.07683258061693504,0.09734530844262436,0.07711471628385565,0.09730677830509575,404,0.13520749665327977
vsb_rarefirst,p3_unsharp,44,val,0.15,220,2988,0.07362784471218206,0.06451732043030545,0.08358335185994294,0.06480109214293053,0.08354950227514565,319,0.10676037483266398
vsb_rarefirst,p3_unsharp,44,val,0.2,195,2988,0.06526104417670683,0.056667002603968515,0.07471777006134783,0.05695149657517444,0.07468698234875097,258,0.08634538152610442
vsb_rarefirst,p3_unsharp,44,val,0.25,168,2988,0.05622489959839357,0.04823593823969478,0.0650959943603086,0.04852080772822241,0.06506858646202013,204,0.06827309236947791
vsb_rarefirst,p3_unsharp,44,val,0.3,140,2988,0.04685408299866131,0.03955659345483018,0.05505440143543363,0.03984121578741923,0.055030609049374436,163,0.054551539491298526
vsb_rarefirst,p3_unsharp,44,val,0.35,117,2988,0.0391566265060241,0.03248914201448702,0.04674454836192912,0.032772830320466975,0.04672384826170799,133,0.044511378848728245
vsb_rarefirst,p3_unsharp,44,val,0.4,94,2988,0.03145917001338688,0.02549542966441336,0.038361838867497555,0.025777130616228584,0.03834440171132766,105,0.035140562248995984
vsb_rarefirst,p3_unsharp,44,val,0.45,68,2988,0.022757697456492636,0.017714537589278545,0.028762601618572768,0.01799172264783437,0.028749209565805046,74,0.024765729585006693
vsb_rarefirst,p3_unsharp,44,val,0.5,50,2988,0.01673360107095047,0.01244485136191454,0.022002268237943517,0.012716101696875778,0.021992107360975073,53,0.017737617135207495
vsb_rarefirst,p3_unsharp,44,val,0.55,35,2988,0.011713520749665328,0.008172086399777692,0.016253342037295646,0.008434474649257354,0.016246465112103033,36,0.012048192771084338
vsb_rarefirst,p3_unsharp,44,val,0.6,19,2988,0.006358768406961178,0.0038326070536430896,0.00991226798559319,0.0040746593362960114,0.009910526508807874,19,0.006358768406961178
vsb_rarefirst,p3_unsharp,44,val,0.65,12,2988,0.004016064257028112,0.0020768282450651433,0.007004736722972241,0.002298882082508198,0.007006911424233465,12,0.004016064257028112
vsb_rarefirst,p3_unsharp,44,val,0.7,3,2988,0.001004016064257028,0.00020710012850079878,0.0029313305153932526,0.00034151350194927457,0.0029479184268981088,3,0.001004016064257028
vsb_rarefirst,p3_unsharp,44,val,0.75,1,2988,0.00033467202141900936,8.473126078865086e-06,0.0018632473056059613,5.908027269634173e-05,0.0018933824166189792,1,0.00033467202141900936
vsb_rarefirst,p3_unsharp,44,val,0.8,0,2988,0.0,0.0,0.0012338029821397562,0.0,0.0012839780695492898,0,0.0
vsb_rarefirst,p3_unsharp,44,val,0.85,0,2988,0.0,0.0,0.0012338029821397562,0.0,0.0012839780695492898,0,0.0
vsb_rarefirst,p3_unsharp,44,val,0.9,0,2988,0.0,0.0,0.0012338029821397562,0.0,0.0012839780695492898,0,0.0
vsb_rarefirst,p3_unsharp,44,val,0.95,0,2988,0.0,0.0,0.0012338029821397562,0.0,0.0012839780695492898,0,0.0
vsb_rarefirst,p3_unsharp,44,test,0.05,358,2988,0.11981258366800536,0.10837786392110661,0.13199740629363835,0.10865412932168993,0.13194734262409857,651,0.2178714859437751
vsb_rarefirst,p3_unsharp,44,test,0.1,296,2988,0.09906291834002677,0.0885802957360313,0.11033784770714358,0.0888604669281082,0.11029495859218635,444,0.14859437751004015
vsb_rarefirst,p3_unsharp,44,test,0.15,255,2988,0.0853413654618474,0.07556605861418975,0.09593722547354139,0.0758483852101517,0.09589917089973558,341,0.1141231593038822
vsb_rarefirst,p3_unsharp,44,test,0.2,216,2988,0.07228915662650602,0.06325874614909612,0.08216736603124208,0.06354265326133064,0.08213400267768141,281,0.09404283801874164
vsb_rarefirst,p3_unsharp,44,test,0.25,189,2988,0.06325301204819277,0.05478886831304048,0.07258412837592439,0.055073486778933374,0.07255408442639585,234,0.0783132530120482
vsb_rarefirst,p3_unsharp,44,test,0.3,160,2988,0.0535475234270415,0.04574880308151888,0.062234225767346656,0.04603367965178057,0.06220783758033373,192,0.0642570281124498
vsb_rarefirst,p3_unsharp,44,test,0.35,139,2988,0.046519410977242305,0.03924803483063054,0.05469436823768516,0.03953263256927638,0.05467070764775126,157,0.05254350736278447
vsb_rarefirst,p3_unsharp,44,test,0.4,116,2988,0.038821954484605084,0.03218338156322614,0.046381747263594945,0.03246700903910261,0.04636118492330631,132,0.04417670682730924
vsb_rarefirst,p3_unsharp,44,test,0.45,99,2988,0.03313253012048193,0.027008353669557356,0.04019151523125898,0.027290605664533552,0.04017334976185284,112,0.03748326639892905
vsb_rarefirst,p3_unsharp,44,test,0.5,85,2988,0.028447121820615796,0.02278435311199741,0.03505641683459197,0.023064846078575757,0.03504032467108619,95,0.03179384203480589
vsb_rarefirst,p3_unsharp,44,test,0.55,63,2988,0.02108433734939759,0.01623888477400177,0.02689630943668722,0.016514743161711105,0.026883765953098156,68,0.022757697456492636
vsb_rarefirst,p3_unsharp,44,test,0.6,46,2988,0.015394912985274432,0.011292478408960735,0.020481780249232903,0.011561848076091962,0.02047242250269477,50,0.01673360107095047
vsb_rarefirst,p3_unsharp,44,test,0.65,21,2988,0.007028112449799197,0.004355622215887636,0.010723252056267354,0.0046014753159981745,0.010720679768637772,21,0.007028112449799197
vsb_rarefirst,p3_unsharp,44,test,0.7,12,2988,0.004016064257028112,0.0020768282450651433,0.007004736722972241,0.002298882082508198,0.007006911424233465,12,0.004016064257028112
vsb_rarefirst,p3_unsharp,44,test,0.75,5,2988,0.0016733601070950468,0.0005435516935820346,0.003900708409433996,0.0007149646174476462,0.0039114365509318,5,0.0016733601070950468
vsb_rarefirst,p3_unsharp,44,test,0.8,2,2988,0.0006693440428380187,8.107095029592091e-05,0.002415787830628665,0.0001835774741957587,0.002437369834885594,2,0.0006693440428380187
vsb_rarefirst,p3_unsharp,44,test,0.85,0,2988,0.0,0.0,0.0012338029821397562,0.0,0.0012839780695492898,0,0.0
vsb_rarefirst,p3_unsharp,44,test,0.9,0,2988,0.0,0.0,0.0012338029821397562,0.0,0.0012839780695492898,0,0.0
vsb_rarefirst,p3_unsharp,44,test,0.95,0,2988,0.0,0.0,0.0012338029821397562,0.0,0.0012839780695492898,0,0.0
vsb_rarefirst,a1_crop,42,val,0.05,598,2988,0.2001338688085676,0.18591967899441478,0.2149376355687316,0.18617706896572137,0.2148607117239146,1491,0.49899598393574296
vsb_rarefirst,a1_crop,42,val,0.1,442,2988,0.14792503346720215,0.13537738987304493,0.1611662237346635,0.13564755416065785,0.16110662584547727,843,0.2821285140562249
vsb_rarefirst,a1_crop,42,val,0.15,359,2988,0.12014725568942436,0.10869817936935929,0.13234575798981915,0.10897437687598774,0.1322955796895668,572,0.19143239625167335
vsb_rarefirst,a1_crop,42,val,0.2,296,2988,0.09906291834002677,0.0885802957360313,0.11033784770714358,0.0888604669281082,0.11029495859218635,409,0.13688085676037484
vsb_rarefirst,a1_crop,42,val,0.25,237,2988,0.07931726907630522,0.06987606615043548,0.08959154519369313,0.07015919019821479,0.08955564275588393,308,0.10307898259705489
vsb_rarefirst,a1_crop,42,val,0.3,173,2988,0.05789825970548862,0.049793093189089754,0.0668819262726241,0.05007793160141143,0.06685388568766128,213,0.071285140562249
vsb_rarefirst,a1_crop,42,val,0.35,129,2988,0.04317269076305221,0.03616855746430409,0.05108798912797657,0.03645283518492216,0.05106565883444517,149,0.0498661311914324
vsb_rarefirst,a1_crop,42,val,0.4,91,2988,0.030455153949129853,0.02458992278442076,0.0372618183391446,0.024871254146306816,0.03724482432195132,108,0.03614457831325301
vsb_rarefirst,a1_crop,42,val,0.45,67,2988,0.02242302543507363,0.017418772420347978,0.02838996453131341,0.017695707796437983,0.028376739797435407,74,0.024765729585006693
vsb_rarefirst,a1_crop,42,val,0.5,38,2988,0.012717536813922356,0.009014977583096913,0.017414397193591707,0.009279599432107825,0.017406794188550654,41,0.013721552878179385
vsb_rarefirst,a1_crop,42,val,0.55,23,2988,0.007697456492637216,0.004885602919698738,0.011527704145804285,0.005134746654016168,0.01152437767015184,25,0.008366800535475234
vsb_rarefirst,a1_crop,42,val,0.6,13,2988,0.004350736278447122,0.002318555685441432,0.007428400274031036,0.0025444040853996293,0.007429874041108069,14,0.004685408299866131
vsb_rarefirst,a1_crop,42,val,0.65,6,2988,0.002008032128514056,0.0007372577274667237,0.0043654792313441194,0.0009206139808178215,0.004374271807327655,6,0.002008032128514056
vsb_rarefirst,a1_crop,42,val,0.7,3,2988,0.001004016064257028,0.00020710012850079878,0.0029313305153932526,0.00034151350194927457,0.0029479184268981088,3,0.001004016064257028
vsb_rarefirst,a1_crop,42,val,0.75,0,2988,0.0,0.0,0.0012338029821397562,0.0,0.0012839780695492898,0,0.0
vsb_rarefirst,a1_crop,42,val,0.8,0,2988,0.0,0.0,0.0012338029821397562,0.0,0.0012839780695492898,0,0.0
vsb_rarefirst,a1_crop,42,val,0.85,0,2988,0.0,0.0,0.0012338029821397562,0.0,0.0012839780695492898,0,0.0
vsb_rarefirst,a1_crop,42,val,0.9,0,2988,0.0,0.0,0.0012338029821397562,0.0,0.0012839780695492898,0,0.0
vsb_rarefirst,a1_crop,42,val,0.95,0,2988,0.0,0.0,0.0012338029821397562,0.0,0.0012839780695492898,0,0.0
vsb_rarefirst,a1_crop,42,test,0.05,578,2988,0.1934404283801874,0.1794157487397426,0.2080679622845452,0.17967485031932548,0.2079932379749899,1493,0.499665327978581
vsb_rarefirst,a1_crop,42,test,0.1,427,2988,0.142904953145917,0.1305432106493151,0.15597030259685699,0.1308145162008082,0.15591239450883643,867,0.2901606425702811
vsb_rarefirst,a1_crop,42,test,0.15,359,2988,0.12014725568942436,0.10869817936935929,0.13234575798981915,0.10897437687598774,0.1322955796895668,601,0.20113788487282463
vsb_rarefirst,a1_crop,42,test,0.2,303,2988,0.10140562248995984,0.09080892140022168,0.11278983863029925,0.09108868575765852,0.11274613210099826,444,0.14859437751004015
vsb_rarefirst,a1_crop,42,test,0.25,252,2988,0.08433734939759036,0.07461664982767935,0.09488068303460896,0.07489911650091734,0.09484298574967186,329,0.11010709504685408
vsb_rarefirst,a1_crop,42,test,0.3,209,2988,0.06994645247657295,0.061058482764641875,0.07968716323301134,0.06134260961029682,0.07965465399035303,261,0.08734939759036145
vsb_rarefirst,a1_crop,42,test,0.35,167,2988,0.055890227576974566,0.04792475115108895,0.06473856603913346,0.0482096244776291,0.06471128509284743,194,0.06492637215528782
vsb_rarefirst,a1_crop,42,test,0.4,131,2988,0.043842034805890225,0.0367835356773213,0.051810172726261865,0.037067888771011005,0.05178757448788838,144,0.04819277108433735
vsb_rarefirst,a1_crop,42,test,0.45,99,2988,0.03313253012048193,0.027008353669557356,0.04019151523125898,0.027290605664533552,0.04017334976185284,106,0.03547523427041499
vsb_rarefirst,a1_crop,42,test,0.5,71,2988,0.023761713520749666,0.018603628949431926,0.029878753096675495,0.018881520449519903,0.02986486562341761,75,0.025100401606425703
vsb_rarefirst,a1_crop,42,test,0.55,49,2988,0.01639892904953146,0.012156004609289457,0.021622878424047382,0.012426809897964818,0.021612914540120008,50,0.01673360107095047
vsb_rarefirst,a1_crop,42,test,0.6,22,2988,0.007362784471218206,0.0046198021756023435,0.011126240278869486,0.004867357322898204,0.011123282381503775,22,0.007362784471218206
vsb_rarefirst,a1_crop,42,test,0.65,11,2988,0.003681392235609103,0.0018391263300511968,0.006577458995570259,0.0020569009835174723,0.006580407903458161,11,0.003681392235609103
vsb_rarefirst,a1_crop,42,test,0.7,7,2988,0.0023427041499330657,0.0009423911495033371,0.004820872326402332,0.0011352749758738187,0.0048280954320376905,7,0.0023427041499330657
vsb_rarefirst,a1_crop,42,test,0.75,3,2988,0.001004016064257028,0.00020710012850079878,0.0029313305153932526,0.00034151350194927457,0.0029479184268981088,3,0.001004016064257028
vsb_rarefirst,a1_crop,42,test,0.8,0,2988,0.0,0.0,0.0012338029821397562,0.0,0.0012839780695492898,0,0.0
vsb_rarefirst,a1_crop,42,test,0.85,0,2988,0.0,0.0,0.0012338029821397562,0.0,0.0012839780695492898,0,0.0
vsb_rarefirst,a1_crop,42,test,0.9,0,2988,0.0,0.0,0.0012338029821397562,0.0,0.0012839780695492898,0,0.0
vsb_rarefirst,a1_crop,42,test,0.95,0,2988,0.0,0.0,0.0012338029821397562,0.0,0.0012839780695492898,0,0.0
vsb_rarefirst,a1_crop,43,val,0.05,471,2988,0.1576305220883534,0.1447376068416738,0.17119757257060705,0.1450055127397754,0.17113472123957457,885,0.2961847389558233
vsb_rarefirst,a1_crop,43,val,0.1,378,2988,0.12650602409638553,0.1147896068477075,0.13895902507974417,0.11506448987430257,0.13890667446680655,603,0.20180722891566266
vsb_rarefirst,a1_crop,43,val,0.15,318,2988,0.10642570281124498,0.0955905037994278,0.1180381742191433,0.09586936424173967,0.1179927229134076,466,0.15595716198125836
vsb_rarefirst,a1_crop,43,val,0.2,281,2988,0.09404283801874164,0.08381096185929586,0.10507731689615539,0.08409196945644036,0.10503618676736375,380,0.12717536813922356
vsb_rarefirst,a1_crop,43,val,0.25,250,2988,0.08366800535475234,0.07398394422472589,0.09417608904775941,0.07426650275529412,0.09413863025576302,312,0.10441767068273092
vsb_rarefirst,a1_crop,43,val,0.3,223,2988,0.07463186077643909,0.06546184452367525,0.08464475147237671,0.06574551022700635,0.08461053805036793,268,0.08969210174029452
vsb_rarefirst,a1_crop,43,val,0.35,191,2988,0.0639223560910308,0.05541463983623661,0.07329561358177483,0.05569921915747127,0.07326532128739002,226,0.07563587684069611
vsb_rarefirst,a1_crop,43,val,0.4,160,2988,0.0535475234270415,0.04574880308151888,0.062234225767346656,0.04603367965178057,0.06220783758033373,184,0.06157965194109773
vsb_rarefirst,a1_crop,43,val,0.45,122,2988,0.040829986613119144,0.034019977827506896,0.048556543981426344,0.03430394199898613,0.048535159682018984,138,0.04618473895582329
vsb_rarefirst,a1_crop,43,val,0.5,104,2988,0.03480589022757698,0.028525666363038014,0.04201686418002756,0.028808396570244046,0.04199798195497251,117,0.0391566265060241
vsb_rarefirst,a1_crop,43,val,0.55,80,2988,0.02677376171352075,0.021285706754205446,0.0332126844084634,0.021565385876975755,0.033197361773856036,87,0.029116465863453816
vsb_rarefirst,a1_crop,43,val,0.6,52,2988,0.01740294511378849,0.013023963779373118,0.022759667560638637,0.013296058730368644,0.022749119567014277,58,0.019410977242302542
vsb_rarefirst,a1_crop,43,val,0.65,25,2988,0.008366800535475234,0.005421660380319965,0.012326427257177046,0.005673685571682071,0.012322407992018003,28,0.009370816599732263
vsb_rarefirst,a1_crop,43,val,0.7,12,2988,0.004016064257028112,0.0020768282450651433,0.007004736722972241,0.002298882082508198,0.007006911424233465,12,0.004016064257028112
vsb_rarefirst,a1_crop,43,val,0.75,2,2988,0.0006693440428380187,8.107095029592091e-05,0.002415787830628665,0.0001835774741957587,0.002437369834885594,2,0.0006693440428380187
vsb_rarefirst,a1_crop,43,val,0.8,0,2988,0.0,0.0,0.0012338029821397562,0.0,0.0012839780695492898,0,0.0
vsb_rarefirst,a1_crop,43,val,0.85,0,2988,0.0,0.0,0.0012338029821397562,0.0,0.0012839780695492898,0,0.0
vsb_rarefirst,a1_crop,43,val,0.9,0,2988,0.0,0.0,0.0012338029821397562,0.0,0.0012839780695492898,0,0.0
vsb_rarefirst,a1_crop,43,val,0.95,0,2988,0.0,0.0,0.0012338029821397562,0.0,0.0012839780695492898,0,0.0
vsb_rarefirst,a1_crop,43,test,0.05,455,2988,0.15227576974564927,0.1395711036257758,0.16566527491309094,0.13984026360677537,0.16560421645631818,903,0.30220883534136544
vsb_rarefirst,a1_crop,43,test,0.1,370,2988,0.12382864792503347,0.11222355455716741,0.13617572804596095,0.11249899657989273,0.13612429080308816,621,0.20783132530120482
vsb_rarefirst,a1_crop,43,test,0.15,339,2988,0.11345381526104417,0.10229756606009324,0.12537304899421672,0.10257509481000895,0.12532516936022495,512,0.1713520749665328
vsb_rarefirst,a1_crop,43,test,0.2,308,2988,0.10307898259705489,0.0924018954139349,0.11454016690167648,0.09268136318596525,0.11449587777152172,427,0.142904953145917
vsb_rarefirst,a1_crop,43,test,0.25,274,2988,0.09170013386880857,0.08158834423904229,0.10261934518443638,0.08186972429350957,0.1025790395919323,356,0.11914323962516733
vsb_rarefirst,a1_crop,43,test,0.3,252,2988,0.08433734939759036,0.07461664982767935,0.09488068303460896,0.07489911650091734,0.09484298574967186,312,0.10441767068273092
vsb_rarefirst,a1_crop,43,test,0.35,224,2988,0.0749665327978581,0.06577679703981613,0.08499844086142729,0.06606042658144283,0.0849641063156975,266,0.08902275769745649
vsb_rarefirst,a1_crop,43,test,0.4,195,2988,0.06526104417670683,0.056667002603968515,0.07471777006134783,0.05695149657517444,0.07468698234875097,227,0.07597054886211513
vsb_rarefirst,a1_crop,43,test,0.45,167,2988,0.055890227576974566,0.04792475115108895,0.06473856603913346,0.0482096244776291,0.06471128509284743,196,0.06559571619812583
vsb_rarefirst,a1_crop,43,test,0.5,137,2988,0.045850066934404285,0.03863124148960783,0.05397398114131683,0.03891578619036452,0.05395058478713107,153,0.05120481927710843
vsb_rarefirst,a1_crop,43,test,0.55,105,2988,0.035140562248995984,0.028829628260999704,0.04238144132729271,0.02911244611999377,0.042362417024988816,113,0.03781793842034806
vsb_rarefirst,a1_crop,43,test,0.6,73,2988,0.024431057563587683,0.01919779149629165,0.030621447129356952,0.019476120847229925,0.03060723446523965,76,0.025435073627844713
vsb_rarefirst,a1_crop,43,test,0.65,36,2988,0.012048192771084338,0.008452283143886904,0.016641098860422116,0.00871544951026771,0.016633974870858707,36,0.012048192771084338
vsb_rarefirst,a1_crop,43,test,0.7,16,2988,0.00535475234270415,0.003063708335539584,0.008681253900565232,0.003298781092179063,0.008680950893626726,16,0.00535475234270415
vsb_rarefirst,a1_crop,43,test,0.75,8,2988,0.002677376171352075,0.001156587659350634,0.005268646944875359,0.0013572963312203407,0.0052745586964572,8,0.002677376171352075
vsb_rarefirst,a1_crop,43,test,0.8,0,2988,0.0,0.0,0.0012338029821397562,0.0,0.0012839780695492898,0,0.0
vsb_rarefirst,a1_crop,43,test,0.85,0,2988,0.0,0.0,0.0012338029821397562,0.0,0.0012839780695492898,0,0.0
vsb_rarefirst,a1_crop,43,test,0.9,0,2988,0.0,0.0,0.0012338029821397562,0.0,0.0012839780695492898,0,0.0
vsb_rarefirst,a1_crop,43,test,0.95,0,2988,0.0,0.0,0.0012338029821397562,0.0,0.0012839780695492898,0,0.0
vsb_rarefirst,a1_crop,44,val,0.05,512,2988,0.1713520749665328,0.15800052486908014,0.1853503909281341,0.15826513591442784,0.18528296747532944,995,0.3329986613119143
vsb_rarefirst,a1_crop,44,val,0.1,401,2988,0.13420348058902276,0.12217659293607756,0.14695144968585733,0.12244982768342158,0.14689648291230625,666,0.22289156626506024
vsb_rarefirst,a1_crop,44,val,0.15,345,2988,0.11546184738955824,0.10421647060195015,0.12746613645340188,0.10449360603731832,0.1274175658515118,514,0.17202141900937082
vsb_rarefirst,a1_crop,44,val,0.2,300,2988,0.10040160642570281,0.08985357381393647,0.1117392067139907,0.0901335137518175,0.1116958502475412,403,0.1348728246318608
vsb_rarefirst,a1_crop,44,val,0.25,270,2988,0.09036144578313253,0.08031919174787741,0.10121387957186134,0.08060077914839847,0.1011740462579793,336,0.11244979919678715
vsb_rarefirst,a1_crop,44,val,0.3,230,2988,0.07697456492637215,0.06766765557697962,0.08711944053797244,0.06795105978364106,0.08708438083209545,270,0.09036144578313253
vsb_rarefirst,a1_crop,44,val,0.35,206,2988,0.06894243641231593,0.060116413051053655,0.07862332462868726,0.06040062700034906,0.07859118274100269,239,0.07998661311914324
vsb_rarefirst,a1_crop,44,val,0.4,175,2988,0.05856760374832664,0.050416511879548535,0.06759574673389016,0.05070133251892381,0.06756745400968096,193,0.0645917001338688
vsb_rarefirst,a1_crop,44,val,0.45,141,2988,0.04718875502008032,0.03986525858028396,0.05541432917586231,0.040149904252919685,0.05539040520364001,156,0.05220883534136546
vsb_rarefirst,a1_crop,44,val,0.5,106,2988,0.03547523427041499,0.029133751238922954,0.04274585951187809,0.02941665422945109,0.04272669353529752,116,0.038821954484605084
vsb_rarefirst,a1_crop,44,val,0.55,78,2988,0.02610441767068273,0.02068789373980835,0.03247357398478512,0.020967214084123716,0.03245856432717602,84,0.028112449799196786
vsb_rarefirst,a1_crop,44,val,0.6,46,2988,0.015394912985274432,0.011292478408960735,0.020481780249232903,0.011561848076091962,0.02047242250269477,49,0.01639892904953146
vsb_rarefirst,a1_crop,44,val,0.65,22,2988,0.007362784471218206,0.0046198021756023435,0.011126240278869486,0.004867357322898204,0.011123282381503775,23,0.007697456492637216
vsb_rarefirst,a1_crop,44,val,0.7,8,2988,0.002677376171352075,0.001156587659350634,0.005268646944875359,0.0013572963312203407,0.0052745586964572,8,0.002677376171352075
vsb_rarefirst,a1_crop,44,val,0.75,2,2988,0.0006693440428380187,8.107095029592091e-05,0.002415787830628665,0.0001835774741957587,0.002437369834885594,2,0.0006693440428380187
vsb_rarefirst,a1_crop,44,val,0.8,0,2988,0.0,0.0,0.0012338029821397562,0.0,0.0012839780695492898,0,0.0
vsb_rarefirst,a1_crop,44,val,0.85,0,2988,0.0,0.0,0.0012338029821397562,0.0,0.0012839780695492898,0,0.0
vsb_rarefirst,a1_crop,44,val,0.9,0,2988,0.0,0.0,0.0012338029821397562,0.0,0.0012839780695492898,0,0.0
vsb_rarefirst,a1_crop,44,val,0.95,0,2988,0.0,0.0,0.0012338029821397562,0.0,0.0012839780695492898,0,0.0
vsb_rarefirst,a1_crop,44,test,0.05,490,2988,0.1639892904953146,0.15087971244891815,0.17776031045880583,0.15114610522358185,0.1776953365313228,1012,0.3386880856760375
vsb_rarefirst,a1_crop,44,test,0.1,420,2988,0.14056224899598393,0.1282890500263058,0.15354375481798427,0.12856088133152455,0.1534866370397579,709,0.23728246318607765
vsb_rarefirst,a1_crop,44,test,0.15,363,2988,0.1214859437751004,0.10997973224011873,0.13373887472112236,0.11025565684082335,0.13368823820379533,557,0.1864123159303882
vsb_rarefirst,a1_crop,44,test,0.2,330,2988,0.11044176706827309,0.09942134245760874,0.12223129267292356,0.09969945078741306,0.12218445180492658,464,0.15528781793842034
vsb_rarefirst,a1_crop,44,test,0.25,303,2988,0.10140562248995984,0.09080892140022168,0.11278983863029925,0.09108868575765852,0.11274613210099826,405,0.1355421686746988
vsb_rarefirst,a1_crop,44,test,0.3,276,2988,0.09236947791164658,0.08222317198877042,0.10332182769655543,0.08250444685254212,0.10328128627243181,345,0.11546184738955824
vsb_rarefirst,a1_crop,44,test,0.35,237,2988,0.07931726907630522,0.06987606615043548,0.08959154519369313,0.07015919019821479,0.08955564275588393,279,0.09337349397590361
vsb_rarefirst,a1_crop,44,test,0.4,201,2988,0.06726907630522089,0.05854753799403447,0.07684902730294128,0.05883188713607304,0.07681749950644856,234,0.0783132530120482
vsb_rarefirst,a1_crop,44,test,0.45,173,2988,0.05789825970548862,0.049793093189089754,0.0668819262726241,0.05007793160141143,0.06685388568766128,197,0.06593038821954485
vsb_rarefirst,a1_crop,44,test,0.5,139,2988,0.046519410977242305,0.03924803483063054,0.05469436823768516,0.03953263256927638,0.05467070764775126,154,0.051539491298527446
vsb_rarefirst,a1_crop,44,test,0.55,110,2988,0.03681392235609103,0.030351810812162257,0.044201984809496726,0.03063503024802375,0.044182255995788976,117,0.0391566265060241
vsb_rarefirst,a1_crop,44,test,0.6,73,2988,0.024431057563587683,0.01919779149629165,0.030621447129356952,0.019476120847229925,0.03060723446523965,76,0.025435073627844713
vsb_rarefirst,a1_crop,44,test,0.65,37,2988,0.012382864792503346,0.008733257214327968,0.017028107531682837,0.008997167375023103,0.017020741625869345,39,0.013052208835341365
vsb_rarefirst,a1_crop,44,test,0.7,26,2988,0.008701472556894244,0.005691739352969323,0.01272384841961373,0.0059450760433879014,0.012719502140078203,26,0.008701472556894244
vsb_rarefirst,a1_crop,44,test,0.75,11,2988,0.003681392235609103,0.0018391263300511968,0.006577458995570259,0.0020569009835174723,0.006580407903458161,11,0.003681392235609103
vsb_rarefirst,a1_crop,44,test,0.8,0,2988,0.0,0.0,0.0012338029821397562,0.0,0.0012839780695492898,0,0.0
vsb_rarefirst,a1_crop,44,test,0.85,0,2988,0.0,0.0,0.0012338029821397562,0.0,0.0012839780695492898,0,0.0
vsb_rarefirst,a1_crop,44,test,0.9,0,2988,0.0,0.0,0.0012338029821397562,0.0,0.0012839780695492898,0,0.0
vsb_rarefirst,a1_crop,44,test,0.95,0,2988,0.0,0.0,0.0012338029821397562,0.0,0.0012839780695492898,0,0.0
vsb_rarefirst,a2_colorjitter,42,val,0.05,309,2988,0.10341365461847389,0.09272059800139906,0.1148901252271694,0.0930000058771474,0.11484571970010558,541,0.18105756358768407
vsb_rarefirst,a2_colorjitter,42,val,0.1,250,2988,0.08366800535475234,0.07398394422472589,0.09417608904775941,0.07426650275529412,0.09413863025576302,369,0.12349397590361445
vsb_rarefirst,a2_colorjitter,42,val,0.15,209,2988,0.06994645247657295,0.061058482764641875,0.07968716323301134,0.06134260961029682,0.07965465399035303,281,0.09404283801874164
vsb_rarefirst,a2_colorjitter,42,val,0.2,178,2988,0.059571619812583666,0.0513522204380292,0.06866590140649327,0.05163700895306281,0.06863723143484005,227,0.07597054886211513
vsb_rarefirst,a2_colorjitter,42,val,0.25,153,2988,0.05120481927710843,0.04357717320401283,0.05972560419243698,0.043862008459066446,0.05970011643468563,188,0.06291834002677377
vsb_rarefirst,a2_colorjitter,42,val,0.3,130,2988,0.04350736278447122,0.03647598736376046,0.05144913950790471,0.036760303521106416,0.05142667511802694,149,0.0498661311914324
vsb_rarefirst,a2_colorjitter,42,val,0.35,105,2988,0.035140562248995984,0.028829628260999704,0.04238144132729271,0.02911244611999377,0.042362417024988816,117,0.0391566265060241
vsb_rarefirst,a2_colorjitter,42,val,0.4,84,2988,0.028112449799196786,0.022484170270194833,0.03468811636940051,0.02276450941104724,0.03467217671884868,93,0.03112449799196787
vsb_rarefirst,a2_colorjitter,42,val,0.45,63,2988,0.02108433734939759,0.01623888477400177,0.02689630943668722,0.016514743161711105,0.026883765953098156,68,0.022757697456492636
vsb_rarefirst,a2_colorjitter,42,val,0.5,49,2988,0.01639892904953146,0.012156004609289457,0.021622878424047382,0.012426809897964818,0.021612914540120008,52,0.01740294511378849
vsb_rarefirst,a2_colorjitter,42,val,0.55,34,2988,0.011378848728246318,0.00789270024414552,0.01586480587382254,0.008154273616157729,0.015858181525436624,36,0.012048192771084338
vsb_rarefirst,a2_colorjitter,42,val,0.6,24,2988,0.008032128514056224,0.005152920158574958,0.011927738125461313,0.005403550582941435,0.011924058360992605,24,0.008032128514056224
vsb_rarefirst,a2_colorjitter,42,val,0.65,11,2988,0.003681392235609103,0.0018391263300511968,0.006577458995570259,0.0020569009835174723,0.006580407903458161,11,0.003681392235609103
vsb_rarefirst,a2_colorjitter,42,val,0.7,7,2988,0.0023427041499330657,0.0009423911495033371,0.004820872326402332,0.0011352749758738187,0.0048280954320376905,7,0.0023427041499330657
vsb_rarefirst,a2_colorjitter,42,val,0.75,2,2988,0.0006693440428380187,8.107095029592091e-05,0.002415787830628665,0.0001835774741957587,0.002437369834885594,2,0.0006693440428380187
vsb_rarefirst,a2_colorjitter,42,val,0.8,0,2988,0.0,0.0,0.0012338029821397562,0.0,0.0012839780695492898,0,0.0
vsb_rarefirst,a2_colorjitter,42,val,0.85,0,2988,0.0,0.0,0.0012338029821397562,0.0,0.0012839780695492898,0,0.0
vsb_rarefirst,a2_colorjitter,42,val,0.9,0,2988,0.0,0.0,0.0012338029821397562,0.0,0.0012839780695492898,0,0.0
vsb_rarefirst,a2_colorjitter,42,val,0.95,0,2988,0.0,0.0,0.0012338029821397562,0.0,0.0012839780695492898,0,0.0
vsb_rarefirst,a2_colorjitter,42,test,0.05,326,2988,0.10910307898259705,0.09814386315397539,0.12083411749209863,0.09842222489253104,0.12078773922074447,604,0.20214190093708165
vsb_rarefirst,a2_colorjitter,42,test,0.1,269,2988,0.09002677376171352,0.08000200963804817,0.10086240767063605,0.08028364822982618,0.10082269255678554,411,0.13755020080321284
vsb_rarefirst,a2_colorjitter,42,test,0.15,227,2988,0.07597054886211513,0.06672198327398406,0.08605918230170137,0.0670055019154858,0.08602448484095263,315,0.10542168674698796
vsb_rarefirst,a2_colorjitter,42,test,0.2,198,2988,0.06626506024096386,0.057606976549969,0.07578369042694527,0.057891400555940706,0.0757525322272828,260,0.08701472556894244
vsb_rarefirst,a2_colorjitter,42,test,0.25,178,2988,0.059571619812583666,0.0513522204380292,0.06866590140649327,0.05163700895306281,0.06863723143484005,218,0.07295850066934405
vsb_rarefirst,a2_colorjitter,42,test,0.3,157,2988,0.05254350736278447,0.04481756001150154,0.0611596420341701,0.04510242461006258,0.061133638762753635,183,0.06124497991967871
vsb_rarefirst,a2_colorjitter,42,test,0.35,139,2988,0.046519410977242305,0.03924803483063054,0.05469436823768516,0.03953263256927638,0.05467070764775126,155,0.05187416331994645
vsb_rarefirst,a2_colorjitter,42,test,0.4,115,2988,0.03848728246318608,0.03187776060105542,0.04601880833358249,0.0321613252686352,0.04599838407400769,127,0.04250334672021419
vsb_rarefirst,a2_colorjitter,42,test,0.45,95,2988,0.03179384203480589,0.025797647530241864,0.03872813579531091,0.026079464962568938,0.03871055198475333,104,0.03480589022757698
vsb_rarefirst,a2_colorjitter,42,test,0.5,73,2988,0.024431057563587683,0.01919779149629165,0.030621447129356952,0.019476120847229925,0.03060723446523965,79,0.02643908969210174
vsb_rarefirst,a2_colorjitter,42,test,0.55,54,2988,0.018072289156626505,0.013604879481618768,0.023515311148480333,0.013877763026530456,0.023504384510384526,59,0.019745649263721552
vsb_rarefirst,a2_colorjitter,42,test,0.6,39,2988,0.013052208835341365,0.009297415251549668,0.017799995126049357,0.009562718703305117,0.017792159537119392,41,0.013721552878179385
vsb_rarefirst,a2_colorjitter,42,test,0.65,23,2988,0.007697456492637216,0.004885602919698738,0.011527704145804285,0.005134746654016168,0.01152437767015184,25,0.008366800535475234
vsb_rarefirst,a2_colorjitter,42,test,0.7,14,2988,0.004685408299866131,0.002563852040206084,0.007848835165245064,0.0027930942023677587,0.00784966854390597,14,0.004685408299866131
vsb_rarefirst,a2_colorjitter,42,test,0.75,6,2988,0.002008032128514056,0.0007372577274667237,0.0043654792313441194,0.0009206139808178215,0.004374271807327655,6,0.002008032128514056
vsb_rarefirst,a2_colorjitter,42,test,0.8,2,2988,0.0006693440428380187,8.107095029592091e-05,0.002415787830628665,0.0001835774741957587,0.002437369834885594,2,0.0006693440428380187
vsb_rarefirst,a2_colorjitter,42,test,0.85,0,2988,0.0,0.0,0.0012338029821397562,0.0,0.0012839780695492898,0,0.0
vsb_rarefirst,a2_colorjitter,42,test,0.9,0,2988,0.0,0.0,0.0012338029821397562,0.0,0.0012839780695492898,0,0.0
vsb_rarefirst,a2_colorjitter,42,test,0.95,0,2988,0.0,0.0,0.0012338029821397562,0.0,0.0012839780695492898,0,0.0
vsb_rarefirst,a2_colorjitter,43,val,0.05,329,2988,0.11010709504685408,0.09910192339287888,0.12188204792381202,0.09938009532183338,0.12183532265074022,572,0.19143239625167335
vsb_rarefirst,a2_colorjitter,43,val,0.1,247,2988,0.08266398929049532,0.07303524131496864,0.09311884446224004,0.0733179352818742,0.09308174386988484,376,0.12583668005354753
vsb_rarefirst,a2_colorjitter,43,val,0.15,209,2988,0.06994645247657295,0.061058482764641875,0.07968716323301134,0.06134260961029682,0.07965465399035303,289,0.0967202141900937
vsb_rarefirst,a2_colorjitter,43,val,0.2,181,2988,0.06057563587684069,0.05228861099958821,0.06973537928369114,0.05257336106572691,0.06970633318147404,233,0.07797858099062918
vsb_rarefirst,a2_colorjitter,43,val,0.25,151,2988,0.05053547523427041,0.042957539484111115,0.059008030570795705,0.0432423540591179,0.05898280159510211,186,0.06224899598393574
vsb_rarefirst,a2_colorjitter,43,val,0.3,134,2988,0.04484605087014726,0.037706878289367536,0.0528925819944665,0.037991333462280605,0.05286958365591689,159,0.05321285140562249
vsb_rarefirst,a2_colorjitter,43,val,0.35,116,2988,0.038821954484605084,0.03218338156322614,0.046381747263594945,0.03246700903910261,0.04636118492330631,136,0.04551539491298527
vsb_rarefirst,a2_colorjitter,43,val,0.4,97,2988,0.03246318607764391,0.02640263918116601,0.0394601817858206,0.02668468000900607,0.03944230617784825,108,0.03614457831325301
vsb_rarefirst,a2_colorjitter,43,val,0.45,75,2988,0.025100401606425703,0.019793048460608923,0.031363067435830026,0.02007179120236046,0.031348533349641175,81,0.02710843373493976
vsb_rarefirst,a2_colorjitter,43,val,0.5,55,2988,0.018406961178045515,0.013895982651444398,0.023892504121748908,0.014169241051476659,0.02388139110520435,59,0.019745649263721552
vsb_rarefirst,a2_colorjitter,43,val,0.55,44,2988,0.014725568942436412,0.010719468964399993,0.019718452347612075,0.010987788649207091,0.019709512690047573,44,0.014725568942436412
vsb_rarefirst,a2_colorjitter,43,val,0.6,23,2988,0.007697456492637216,0.004885602919698738,0.011527704145804285,0.005134746654016168,0.01152437767015184,23,0.007697456492637216
vsb_rarefirst,a2_colorjitter,43,val,0.65,9,2988,0.0030120481927710845,0.00137819662265188,0.0057100718373799915,0.0015854775383842825,0.005714862109059289,9,0.0030120481927710845
vsb_rarefirst,a2_colorjitter,43,val,0.7,2,2988,0.0006693440428380187,8.107095029592091e-05,0.002415787830628665,0.0001835774741957587,0.002437369834885594,2,0.0006693440428380187
vsb_rarefirst,a2_colorjitter,43,val,0.75,0,2988,0.0,0.0,0.0012338029821397562,0.0,0.0012839780695492898,0,0.0
vsb_rarefirst,a2_colorjitter,43,val,0.8,0,2988,0.0,0.0,0.0012338029821397562,0.0,0.0012839780695492898,0,0.0
vsb_rarefirst,a2_colorjitter,43,val,0.85,0,2988,0.0,0.0,0.0012338029821397562,0.0,0.0012839780695492898,0,0.0
vsb_rarefirst,a2_colorjitter,43,val,0.9,0,2988,0.0,0.0,0.0012338029821397562,0.0,0.0012839780695492898,0,0.0
vsb_rarefirst,a2_colorjitter,43,val,0.95,0,2988,0.0,0.0,0.0012338029821397562,0.0,0.0012839780695492898,0,0.0
vsb_rarefirst,a2_colorjitter,43,test,0.05,330,2988,0.11044176706827309,0.09942134245760874,0.12223129267292356,0.09969945078741306,0.12218445180492658,623,0.20850066934404285
vsb_rarefirst,a2_colorjitter,43,test,0.1,263,2988,0.08801874163319946,0.07809982407314359,0.09875267364178412,0.07838176421494025,0.09871366885307528,423,0.14156626506024098
vsb_rarefirst,a2_colorjitter,43,test,0.15,228,2988,0.07630522088353414,0.06703715380321344,0.08641265497182367,0.06732063468704469,0.08637783668915977,336,0.11244979919678715
vsb_rarefirst,a2_colorjitter,43,test,0.2,200,2988,0.06693440428380187,0.058233952996759604,0.07649397909061069,0.05851832762686775,0.07646257439588781,277,0.0927041499330656
vsb_rarefirst,a2_colorjitter,43,test,0.25,185,2988,0.06191432396251673,0.053538165364886016,0.0711603239103047,0.053822854755963725,0.07113077797030136,235,0.07864792503346721
vsb_rarefirst,a2_colorjitter,43,test,0.3,167,2988,0.055890227576974566,0.04792475115108895,0.06473856603913346,0.0482096244776291,0.06471128509284743,203,0.0679384203480589
vsb_rarefirst,a2_colorjitter,43,test,0.35,147,2988,0.04919678714859438,0.041719426854718036,0.0575717390353754,0.042004187399372776,0.057547029775783125,172,0.05756358768406961
vsb_rarefirst,a2_colorjitter,43,test,0.4,125,2988,0.04183400267737617,0.034940048763717646,0.04964218972634128,0.03522415715497784,0.049620398385325365,142,0.04752342704149933
vsb_rarefirst,a2_colorjitter,43,test,0.45,112,2988,0.03748326639892905,0.03096175236175852,0.044929147202786464,0.031245116308417267,0.04490913917492753,122,0.040829986613119144
vsb_rarefirst,a2_colorjitter,43,test,0.5,86,2988,0.028781793842034806,0.02308475493627755,0.03542450187575434,0.023365397511909174,0.03540825785751881,91,0.030455153949129853
vsb_rarefirst,a2_colorjitter,43,test,0.55,67,2988,0.02242302543507363,0.017418772420347978,0.02838996453131341,0.017695707796437983,0.028376739797435407,70,0.023427041499330656
vsb_rarefirst,a2_colorjitter,43,test,0.6,43,2988,0.014390896921017403,0.010433820373539016,0.019335958600144528,0.010701584066791617,0.019327232652697018,44,0.014725568942436412
vsb_rarefirst,a2_colorjitter,43,test,0.65,27,2988,0.009036144578313253,0.005963080884088668,0.013120071387778683,0.006217653358173952,0.013115409445058183,27,0.009036144578313253
vsb_rarefirst,a2_colorjitter,43,test,0.7,10,2988,0.0033467202141900937,0.0016060131136273537,0.006146097753836945,0.0018189133224330227,0.00614991094477658,10,0.0033467202141900937
vsb_rarefirst,a2_colorjitter,43,test,0.75,4,2988,0.0013386880856760374,0.0003648640978271991,0.003423994703191617,0.0005207089610649502,0.0034372075875484646,4,0.0013386880856760374
vsb_rarefirst,a2_colorjitter,43,test,0.8,0,2988,0.0,0.0,0.0012338029821397562,0.0,0.0012839780695492898,0,0.0
vsb_rarefirst,a2_colorjitter,43,test,0.85,0,2988,0.0,0.0,0.0012338029821397562,0.0,0.0012839780695492898,0,0.0
vsb_rarefirst,a2_colorjitter,43,test,0.9,0,2988,0.0,0.0,0.0012338029821397562,0.0,0.0012839780695492898,0,0.0
vsb_rarefirst,a2_colorjitter,43,test,0.95,0,2988,0.0,0.0,0.0012338029821397562,0.0,0.0012839780695492898,0,0.0
vsb_rarefirst,a2_colorjitter,44,val,0.05,370,2988,0.12382864792503347,0.11222355455716741,0.13617572804596095,0.11249899657989273,0.13612429080308816,758,0.2536813922356091
vsb_rarefirst,a2_colorjitter,44,val,0.1,284,2988,0.09504685408299866,0.08476412194688318,0.10613012652491918,0.08504496632399522,0.10608864375910698,444,0.14859437751004015
vsb_rarefirst,a2_colorjitter,44,val,0.15,236,2988,0.07898259705488621,0.06956042383240534,0.08923854159575041,0.06984358899537839,0.08920275933895429,337,0.11278447121820616
vsb_rarefirst,a2_colorjitter,44,val,0.2,181,2988,0.06057563587684069,0.05228861099958821,0.06973537928369114,0.05257336106572691,0.06970633318147404,243,0.08132530120481928
vsb_rarefirst,a2_colorjitter,44,val,0.25,149,2988,0.0498661311914324,0.042338288259923425,0.058290077921017,0.04262307797705056,0.058265108437637395,185,0.06191432396251673
vsb_rarefirst,a2_colorjitter,44,val,0.3,123,2988,0.04116465863453815,0.03432654042730572,0.048918552183005906,0.03461055437682771,0.04889703192394343,145,0.04852744310575636
vsb_rarefirst,a2_colorjitter,44,val,0.35,88,2988,0.029451137884872823,0.02368620082374119,0.03616003999538715,0.02396713043700951,0.036143494171950535,103,0.034471218206157964
vsb_rarefirst,a2_colorjitter,44,val,0.4,66,2988,0.02208835341365462,0.017123317489523136,0.028017023587972614,0.017399995646820304,0.028003967327287053,72,0.024096385542168676
vsb_rarefirst,a2_colorjitter,44,val,0.45,40,2988,0.013386880856760375,0.009580543069142376,0.01818492690908624,0.009846499884137858,0.018176862976052685,46,0.015394912985274432
vsb_rarefirst,a2_colorjitter,44,val,0.5,20,2988,0.006693440428380187,0.004093179931279644,0.010318634046730448,0.004337204030041072,0.010316466434828843,21,0.007028112449799197
vsb_rarefirst,a2_colorjitter,44,val,0.55,12,2988,0.004016064257028112,0.0020768282450651433,0.007004736722972241,0.002298882082508198,0.007006911424233465,12,0.004016064257028112
vsb_rarefirst,a2_colorjitter,44,val,0.6,7,2988,0.0023427041499330657,0.0009423911495033371,0.004820872326402332,0.0011352749758738187,0.0048280954320376905,7,0.0023427041499330657
vsb_rarefirst,a2_colorjitter,44,val,0.65,3,2988,0.001004016064257028,0.00020710012850079878,0.0029313305153932526,0.00034151350194927457,0.0029479184268981088,3,0.001004016064257028
vsb_rarefirst,a2_colorjitter,44,val,0.7,1,2988,0.00033467202141900936,8.473126078865086e-06,0.0018632473056059613,5.908027269634173e-05,0.0018933824166189792,1,0.00033467202141900936
vsb_rarefirst,a2_colorjitter,44,val,0.75,0,2988,0.0,0.0,0.0012338029821397562,0.0,0.0012839780695492898,0,0.0
vsb_rarefirst,a2_colorjitter,44,val,0.8,0,2988,0.0,0.0,0.0012338029821397562,0.0,0.0012839780695492898,0,0.0
vsb_rarefirst,a2_colorjitter,44,val,0.85,0,2988,0.0,0.0,0.0012338029821397562,0.0,0.0012839780695492898,0,0.0
vsb_rarefirst,a2_colorjitter,44,val,0.9,0,2988,0.0,0.0,0.0012338029821397562,0.0,0.0012839780695492898,0,0.0
vsb_rarefirst,a2_colorjitter,44,val,0.95,0,2988,0.0,0.0,0.0012338029821397562,0.0,0.0012839780695492898,0,0.0
vsb_rarefirst,a2_colorjitter,44,test,0.05,387,2988,0.12951807228915663,0.11767850453341965,0.142088152319658,0.11795274961104668,0.1420347763079567,805,0.26941097724230256
vsb_rarefirst,a2_colorjitter,44,test,0.1,303,2988,0.10140562248995984,0.09080892140022168,0.11278983863029925,0.09108868575765852,0.11274613210099826,503,0.16834002677376173
vsb_rarefirst,a2_colorjitter,44,test,0.15,253,2988,0.08467202141900937,0.07493307295744285,0.09523291007027905,0.07521549324089992,0.09519509362945532,377,0.12617135207496652
vsb_rarefirst,a2_colorjitter,44,test,0.2,215,2988,0.07195448460508702,0.06294424626245512,0.08181322677932876,0.06322818613148973,0.08177998518775631,290,0.09705488621151272
vsb_rarefirst,a2_colorjitter,44,test,0.25,180,2988,0.060240963855421686,0.05197640602524293,0.06937896087967475,0.052261169594745534,0.0693500400326894,231,0.07730923694779117
vsb_rarefirst,a2_colorjitter,44,test,0.3,146,2988,0.048862115127175365,0.04141014469028055,0.05721242243565888,0.04169488898623163,0.05718784356915823,179,0.05990629183400268
vsb_rarefirst,a2_colorjitter,44,test,0.35,108,2988,0.03614457831325301,0.02974247170718179,0.0434742275270313,0.03002553762794969,0.04345477937633097,122,0.040829986613119144
vsb_rarefirst,a2_colorjitter,44,test,0.4,84,2988,0.028112449799196786,0.022484170270194833,0.03468811636940051,0.02276450941104724,0.03467217671884868,92,0.030789825970548863
vsb_rarefirst,a2_colorjitter,44,test,0.45,59,2988,0.019745649263721552,0.01506443732929281,0.025397333212605476,0.015339078216455653,0.025385492419289488,64,0.0214190093708166
vsb_rarefirst,a2_colorjitter,44,test,0.5,47,2988,0.01572958500669344,0.011579802484403429,0.020862649340811668,0.011849668305507014,0.02085308689304575,50,0.01673360107095047
vsb_rarefirst,a2_colorjitter,44,test,0.55,37,2988,0.012382864792503346,0.008733257214327968,0.017028107531682837,0.008997167375023103,0.017020741625869345,38,0.012717536813922356
vsb_rarefirst,a2_colorjitter,44,test,0.6,26,2988,0.008701472556894244,0.005691739352969323,0.01272384841961373,0.0059450760433879014,0.012719502140078203,26,0.008701472556894244
vsb_rarefirst,a2_colorjitter,44,test,0.65,11,2988,0.003681392235609103,0.0018391263300511968,0.006577458995570259,0.0020569009835174723,0.006580407903458161,11,0.003681392235609103
vsb_rarefirst,a2_colorjitter,44,test,0.7,2,2988,0.0006693440428380187,8.107095029592091e-05,0.002415787830628665,0.0001835774741957587,0.002437369834885594,2,0.0006693440428380187
vsb_rarefirst,a2_colorjitter,44,test,0.75,1,2988,0.00033467202141900936,8.473126078865086e-06,0.0018632473056059613,5.908027269634173e-05,0.0018933824166189792,1,0.00033467202141900936
vsb_rarefirst,a2_colorjitter,44,test,0.8,0,2988,0.0,0.0,0.0012338029821397562,0.0,0.0012839780695492898,0,0.0
vsb_rarefirst,a2_colorjitter,44,test,0.85,0,2988,0.0,0.0,0.0012338029821397562,0.0,0.0012839780695492898,0,0.0
vsb_rarefirst,a2_colorjitter,44,test,0.9,0,2988,0.0,0.0,0.0012338029821397562,0.0,0.0012839780695492898,0,0.0
vsb_rarefirst,a2_colorjitter,44,test,0.95,0,2988,0.0,0.0,0.0012338029821397562,0.0,0.0012839780695492898,0,0.0
vsb_rarefirst,p4_a4_combined,42,val,0.05,647,2988,0.21653279785809906,0.2018803494058984,0.23174234102468005,0.20213347602369997,0.23166005103447157,1330,0.44511378848728245
vsb_rarefirst,p4_a4_combined,42,val,0.1,532,2988,0.17804551539491298,0.1644818860232773,0.19224258683887044,0.16474485204498795,0.19217294374008997,931,0.3115796519410977
vsb_rarefirst,p4_a4_combined,42,val,0.15,464,2988,0.15528781793842034,0.1424765948499134,0.168777857449799,0.1427450517678938,0.16871578987309402,721,0.24129852744310576
vsb_rarefirst,p4_a4_combined,42,val,0.2,421,2988,0.14089692101740295,0.12861100180787705,0.15389047545839885,0.12888275828176254,0.15383324470928594,601,0.20113788487282463
vsb_rarefirst,p4_a4_combined,42,val,0.25,364,2988,0.12182061579651941,0.11030019270717693,0.13408708190719182,0.11057604875309801,0.1340363309112867,498,0.16666666666666666
vsb_rarefirst,p4_a4_combined,42,val,0.3,323,2988,0.10809906291834002,0.09718610113825019,0.11978589001407028,0.09746465117979412,0.11973985907418329,424,0.14190093708165996
vsb_rarefirst,p4_a4_combined,42,val,0.35,284,2988,0.09504685408299866,0.08476412194688318,0.10613012652491918,0.08504496632399522,0.10608864375910698,359,0.12014725568942436
vsb_rarefirst,p4_a4_combined,42,val,0.4,250,2988,0.08366800535475234,0.07398394422472589,0.09417608904775941,0.07426650275529412,0.09413863025576302,303,0.10140562248995984
vsb_rarefirst,p4_a4_combined,42,val,0.45,203,2988,0.0679384203480589,0.05917489930755961,0.07755893369091828,0.059459195904701334,0.07752715997735232,240,0.08032128514056225
vsb_rarefirst,p4_a4_combined,42,val,0.5,153,2988,0.05120481927710843,0.04357717320401283,0.05972560419243698,0.043862008459066446,0.05970011643468563,180,0.060240963855421686
vsb_rarefirst,p4_a4_combined,42,val,0.55,115,2988,0.03848728246318608,0.03187776060105542,0.04601880833358249,0.0321613252686352,0.04599838407400769,129,0.04317269076305221
vsb_rarefirst,p4_a4_combined,42,val,0.6,76,2988,0.025435073627844713,0.020091073960308754,0.031733487910812874,0.020370014718626112,0.03171879445314156,83,0.027777777777777776
vsb_rarefirst,p4_a4_combined,42,val,0.65,41,2988,0.013721552878179385,0.009864335572473147,0.01856921656775861,0.010130919201819022,0.018560928278137552,42,0.014056224899598393
vsb_rarefirst,p4_a4_combined,42,val,0.7,18,2988,0.006024096385542169,0.0035740529350364414,0.009504020472553582,0.003813971797229439,0.009502729428108415,19,0.006358768406961178
vsb_rarefirst,p4_a4_combined,42,val,0.75,3,2988,0.001004016064257028,0.00020710012850079878,0.0029313305153932526,0.00034151350194927457,0.0029479184268981088,3,0.001004016064257028
vsb_rarefirst,p4_a4_combined,42,val,0.8,0,2988,0.0,0.0,0.0012338029821397562,0.0,0.0012839780695492898,0,0.0
vsb_rarefirst,p4_a4_combined,42,val,0.85,0,2988,0.0,0.0,0.0012338029821397562,0.0,0.0012839780695492898,0,0.0
vsb_rarefirst,p4_a4_combined,42,val,0.9,0,2988,0.0,0.0,0.0012338029821397562,0.0,0.0012839780695492898,0,0.0
vsb_rarefirst,p4_a4_combined,42,val,0.95,0,2988,0.0,0.0,0.0012338029821397562,0.0,0.0012839780695492898,0,0.0
vsb_rarefirst,p4_a4_combined,42,test,0.05,618,2988,0.20682730923694778,0.19242987949228282,0.22180105022201405,0.19268554075703015,0.22172193232792647,1301,0.43540829986613117
vsb_rarefirst,p4_a4_combined,42,test,0.1,511,2988,0.17101740294511378,0.1576766509740819,0.1850055874063081,0.15794134365800508,0.18493827511198616,896,0.2998661311914324
vsb_rarefirst,p4_a4_combined,42,test,0.15,446,2988,0.14926372155287818,0.13666736581528607,0.16255094361755532,0.13693722254157167,0.16249089594362756,702,0.23493975903614459
vsb_rarefirst,p4_a4_combined,42,test,0.2,384,2988,0.1285140562248996,0.1167152967445271,0.1410453510085284,0.1169897555099661,0.1409923165497392,569,0.19042838018741634
vsb_rarefirst,p4_a4_combined,42,test,0.25,347,2988,0.11613119143239625,0.10485635281316824,0.12816358582795515,0.10513335595890964,0.12811478516945252,488,0.16331994645247658
vsb_rarefirst,p4_a4_combined,42,test,0.3,311,2988,0.10408299866131192,0.09335810972593532,0.11558993577485546,0.09363739724155529,0.11554529757522977,409,0.13688085676037484
vsb_rarefirst,p4_a4_combined,42,test,0.35,283,2988,0.09471218206157965,0.08444636185502963,0.105779229858978,0.08472726087252778,0.10573786459080838,356,0.11914323962516733
vsb_rarefirst,p4_a4_combined,42,test,0.4,251,2988,0.08400267737617136,0.07430027349865746,0.09452840944441288,0.07458278625523196,0.09449083137559122,314,0.10508701472556894
vsb_rarefirst,p4_a4_combined,42,test,0.45,210,2988,0.07028112449799197,0.061372627629111845,0.08004165526053383,0.06165672447641319,0.0800090237440027,250,0.08366800535475234
vsb_rarefirst,p4_a4_combined,42,test,0.5,176,2988,0.058902275769745646,0.05072833794939664,0.06795254114899327,0.05101314859935402,0.06792412254901678,201,0.06726907630522089
vsb_rarefirst,p4_a4_combined,42,test,0.55,137,2988,0.045850066934404285,0.03863124148960783,0.05397398114131683,0.03891578619036452,0.05395058478713107,151,0.05053547523427041
vsb_rarefirst,p4_a4_combined,42,test,0.6,93,2988,0.03112449799196787,0.0251934009287808,0.03799535558845535,0.02547498210063097,0.03797806560715923,98,0.03279785809906292
vsb_rarefirst,p4_a4_combined,42,test,0.65,58,2988,0.019410977242302542,0.01477173819352565,0.02502169736886311,0.015046050009424038,0.02501003600655507,58,0.019410977242302542
vsb_rarefirst,p4_a4_combined,42,test,0.7,31,2988,0.010374832663989291,0.007059776546024445,0.014694174215375062,0.007318656370674882,0.014688344911621378,31,0.010374832663989291
vsb_rarefirst,p4_a4_combined,42,test,0.75,9,2988,0.0030120481927710845,0.00137819662265188,0.0057100718373799915,0.0015854775383842825,0.005714862109059289,9,0.0030120481927710845
vsb_rarefirst,p4_a4_combined,42,test,0.8,1,2988,0.00033467202141900936,8.473126078865086e-06,0.0018632473056059613,5.908027269634173e-05,0.0018933824166189792,1,0.00033467202141900936
vsb_rarefirst,p4_a4_combined,42,test,0.85,0,2988,0.0,0.0,0.0012338029821397562,0.0,0.0012839780695492898,0,0.0
vsb_rarefirst,p4_a4_combined,42,test,0.9,0,2988,0.0,0.0,0.0012338029821397562,0.0,0.0012839780695492898,0,0.0
vsb_rarefirst,p4_a4_combined,42,test,0.95,0,2988,0.0,0.0,0.0012338029821397562,0.0,0.0012839780695492898,0,0.0
vsb_rarefirst,p4_a4_combined,43,val,0.05,664,2988,0.2222222222222222,0.20742593617669577,0.23756434755943873,0.20767756264607265,0.23748020294812142,1629,0.5451807228915663
vsb_rarefirst,p4_a4_combined,43,val,0.1,544,2988,0.18206157965194109,0.16837416645116177,0.19637444822453543,0.16863613476027803,0.19630347646199228,1049,0.3510709504685408
vsb_rarefirst,p4_a4_combined,43,val,0.15,461,2988,0.15428380187416332,0.14150790556605894,0.16774052164343042,0.1417765975231914,0.16767879025849833,762,0.25502008032128515
vsb_rarefirst,p4_a4_combined,43,val,0.2,391,2988,0.13085676037483265,0.1189631524836644,0.14347818436689985,0.11923711107048762,0.14342435332757986,585,0.19578313253012047
vsb_rarefirst,p4_a4_combined,43,val,0.25,325,2988,0.10876840696117805,0.09782457583398346,0.12048474151542429,0.09810300050920115,0.12043847898430834,454,0.15194109772423026
vsb_rarefirst,p4_a4_combined,43,val,0.3,265,2988,0.08868808567603749,0.07873371168231934,0.0994560916987916,0.07901555238943957,0.09941684991810805,351,0.11746987951807229
vsb_rarefirst,p4_a4_combined,43,val,0.35,219,2988,0.07329317269076305,0.0642025913785958,0.08322944035881011,0.06448639758744881,0.08319571221086133,276,0.09236947791164658
vsb_rarefirst,p4_a4_combined,43,val,0.4,169,2988,0.056559571619812586,0.04854720753330905,0.0654533411433446,0.04883207237636937,0.06542580643363921,209,0.06994645247657295
vsb_rarefirst,p4_a4_combined,43,val,0.45,127,2988,0.04250334672021419,0.035554058206814496,0.05036533168096193,0.035838254438670177,0.0503432703411651,152,0.050870147255689425
vsb_rarefirst,p4_a4_combined,43,val,0.5,88,2988,0.029451137884872823,0.02368620082374119,0.03616003999538715,0.02396713043700951,0.036143494171950535,106,0.03547523427041499
vsb_rarefirst,p4_a4_combined,43,val,0.55,52,2988,0.01740294511378849,0.013023963779373118,0.022759667560638637,0.013296058730368644,0.022749119567014277,62,0.020749665327978582
vsb_rarefirst,p4_a4_combined,43,val,0.6,24,2988,0.008032128514056224,0.005152920158574958,0.011927738125461313,0.005403550582941435,0.011924058360992605,27,0.009036144578313253
vsb_rarefirst,p4_a4_combined,43,val,0.65,12,2988,0.004016064257028112,0.0020768282450651433,0.007004736722972241,0.002298882082508198,0.007006911424233465,13,0.004350736278447122
vsb_rarefirst,p4_a4_combined,43,val,0.7,4,2988,0.0013386880856760374,0.0003648640978271991,0.003423994703191617,0.0005207089610649502,0.0034372075875484646,5,0.0016733601070950468
vsb_rarefirst,p4_a4_combined,43,val,0.75,0,2988,0.0,0.0,0.0012338029821397562,0.0,0.0012839780695492898,0,0.0
vsb_rarefirst,p4_a4_combined,43,val,0.8,0,2988,0.0,0.0,0.0012338029821397562,0.0,0.0012839780695492898,0,0.0
vsb_rarefirst,p4_a4_combined,43,val,0.85,0,2988,0.0,0.0,0.0012338029821397562,0.0,0.0012839780695492898,0,0.0
vsb_rarefirst,p4_a4_combined,43,val,0.9,0,2988,0.0,0.0,0.0012338029821397562,0.0,0.0012839780695492898,0,0.0
vsb_rarefirst,p4_a4_combined,43,val,0.95,0,2988,0.0,0.0,0.0012338029821397562,0.0,0.0012839780695492898,0,0.0
vsb_rarefirst,p4_a4_combined,43,test,0.05,626,2988,0.20950468540829986,0.19503566401597594,0.22454471479826335,0.19529062927538213,0.22446472076770277,1514,0.5066934404283802
vsb_rarefirst,p4_a4_combined,43,test,0.1,494,2988,0.16532797858099063,0.15217370847015863,0.17914102058781137,0.15243977958216712,0.17907560065180164,959,0.32095046854083
vsb_rarefirst,p4_a4_combined,43,test,0.15,418,2988,0.1398929049531459,0.12764521826528233,0.15285024194555477,0.12791719895233172,0.15279335017941864,715,0.2392904953145917
vsb_rarefirst,p4_a4_combined,43,test,0.2,369,2988,0.12349397590361445,0.11190292343460385,0.13582769092726402,0.11217843477795637,0.13577636798525847,552,0.18473895582329317
vsb_rarefirst,p4_a4_combined,43,test,0.25,320,2988,0.107095046854083,0.09622864100205072,0.11873736186044959,0.09650737780718656,0.11869167858749276,443,0.14825970548862116
vsb_rarefirst,p4_a4_combined,43,test,0.3,278,2988,0.09303882195448461,0.08285816522279334,0.10402414551197203,0.08313933390701501,0.103983368457491,359,0.12014725568942436
vsb_rarefirst,p4_a4_combined,43,test,0.35,231,2988,0.07730923694779117,0.06798298618002019,0.08747275406881024,0.06826635147517389,0.08743757376032867,291,0.09738955823293173
vsb_rarefirst,p4_a4_combined,43,test,0.4,194,2988,0.06492637215528782,0.05635381068359111,0.07436233146155058,0.05663832685668673,0.07433166744747263,235,0.07864792503346721
vsb_rarefirst,p4_a4_combined,43,test,0.45,149,2988,0.0498661311914324,0.042338288259923425,0.058290077921017,0.04262307797705056,0.058265108437637395,175,0.05856760374832664
vsb_rarefirst,p4_a4_combined,43,test,0.5,113,2988,0.03781793842034806,0.03126694419028529,0.04529251007591068,0.031550377137242645,0.04527236296586818,125,0.04183400267737617
vsb_rarefirst,p4_a4_combined,43,test,0.55,73,2988,0.024431057563587683,0.01919779149629165,0.030621447129356952,0.019476120847229925,0.03060723446523965,78,0.02610441767068273
vsb_rarefirst,p4_a4_combined,43,test,0.6,37,2988,0.012382864792503346,0.008733257214327968,0.017028107531682837,0.008997167375023103,0.017020741625869345,40,0.013386880856760375
vsb_rarefirst,p4_a4_combined,43,test,0.65,21,2988,0.007028112449799197,0.004355622215887636,0.010723252056267354,0.0046014753159981745,0.010720679768637772,22,0.007362784471218206
vsb_rarefirst,p4_a4_combined,43,test,0.7,12,2988,0.004016064257028112,0.0020768282450651433,0.007004736722972241,0.002298882082508198,0.007006911424233465,12,0.004016064257028112
vsb_rarefirst,p4_a4_combined,43,test,0.75,3,2988,0.001004016064257028,0.00020710012850079878,0.0029313305153932526,0.00034151350194927457,0.0029479184268981088,3,0.001004016064257028
vsb_rarefirst,p4_a4_combined,43,test,0.8,0,2988,0.0,0.0,0.0012338029821397562,0.0,0.0012839780695492898,0,0.0
vsb_rarefirst,p4_a4_combined,43,test,0.85,0,2988,0.0,0.0,0.0012338029821397562,0.0,0.0012839780695492898,0,0.0
vsb_rarefirst,p4_a4_combined,43,test,0.9,0,2988,0.0,0.0,0.0012338029821397562,0.0,0.0012839780695492898,0,0.0
vsb_rarefirst,p4_a4_combined,43,test,0.95,0,2988,0.0,0.0,0.0012338029821397562,0.0,0.0012839780695492898,0,0.0
vsb_rarefirst,p4_a4_combined,44,val,0.05,530,2988,0.17737617135207498,0.16383342181340096,0.1915536946164953,0.1640965533598726,0.1914842731856733,1203,0.4026104417670683
vsb_rarefirst,p4_a4_combined,44,val,0.1,428,2988,0.14323962516733602,0.13086532783003343,0.1563168583170625,0.1311365579099636,0.15625883741944707,760,0.2543507362784471
vsb_rarefirst,p4_a4_combined,44,val,0.15,367,2988,0.12282463186077644,0.111261745868006,0.13513153230114358,0.11153739547488428,0.13508043804879852,556,0.18607764390896922
vsb_rarefirst,p4_a4_combined,44,val,0.2,318,2988,0.10642570281124498,0.0955905037994278,0.1180381742191433,0.09586936424173967,0.1179927229134076,449,0.15026773761713522
vsb_rarefirst,p4_a4_combined,44,val,0.25,267,2988,0.0893574297188755,0.07936777412775121,0.10015933578992345,0.07964951431181715,0.10011985723526252,350,0.11713520749665328
vsb_rarefirst,p4_a4_combined,44,val,0.3,217,2988,0.07262382864792503,0.06357330387567364,0.08252144780281447,0.0638571777890617,0.08248796276971639,272,0.09103078982597054
vsb_rarefirst,p4_a4_combined,44,val,0.35,166,2988,0.05555555555555555,0.04761364696356195,0.0643810554936065,0.04789852330896781,0.06435390164174268,205,0.06860776439089693
vsb_rarefirst,p4_a4_combined,44,val,0.4,125,2988,0.04183400267737617,0.034940048763717646,0.04964218972634128,0.03522415715497784,0.049620398385325365,152,0.050870147255689425
vsb_rarefirst,p4_a4_combined,44,val,0.45,94,2988,0.03145917001338688,0.02549542966441336,0.038361838867497555,0.025777130616228584,0.03834440171132766,110,0.03681392235609103
vsb_rarefirst,p4_a4_combined,44,val,0.5,60,2988,0.020080321285140562,0.015357510517893264,0.025772603720760404,0.01563247019580024,0.025760585059710926,69,0.023092369477911646
vsb_rarefirst,p4_a4_combined,44,val,0.55,43,2988,0.014390896921017403,0.010433820373539016,0.019335958600144528,0.010701584066791617,0.019327232652697018,49,0.01639892904953146
vsb_rarefirst,p4_a4_combined,44,val,0.6,22,2988,0.007362784471218206,0.0046198021756023435,0.011126240278869486,0.004867357322898204,0.011123282381503775,22,0.007362784471218206
vsb_rarefirst,p4_a4_combined,44,val,0.65,12,2988,0.004016064257028112,0.0020768282450651433,0.007004736722972241,0.002298882082508198,0.007006911424233465,12,0.004016064257028112
vsb_rarefirst,p4_a4_combined,44,val,0.7,5,2988,0.0016733601070950468,0.0005435516935820346,0.003900708409433996,0.0007149646174476462,0.0039114365509318,5,0.0016733601070950468
vsb_rarefirst,p4_a4_combined,44,val,0.75,1,2988,0.00033467202141900936,8.473126078865086e-06,0.0018632473056059613,5.908027269634173e-05,0.0018933824166189792,1,0.00033467202141900936
vsb_rarefirst,p4_a4_combined,44,val,0.8,0,2988,0.0,0.0,0.0012338029821397562,0.0,0.0012839780695492898,0,0.0
vsb_rarefirst,p4_a4_combined,44,val,0.85,0,2988,0.0,0.0,0.0012338029821397562,0.0,0.0012839780695492898,0,0.0
vsb_rarefirst,p4_a4_combined,44,val,0.9,0,2988,0.0,0.0,0.0012338029821397562,0.0,0.0012839780695492898,0,0.0
vsb_rarefirst,p4_a4_combined,44,val,0.95,0,2988,0.0,0.0,0.0012338029821397562,0.0,0.0012839780695492898,0,0.0
vsb_rarefirst,p4_a4_combined,44,test,0.05,492,2988,0.1646586345381526,0.1515266711024984,0.1784507047857184,0.15179290317676866,0.17838550781766802,1127,0.3771753681392236
vsb_rarefirst,p4_a4_combined,44,test,0.1,388,2988,0.12985274431057564,0.11799962695641178,0.14243569976882609,0.11827380057862277,0.14238220996014664,706,0.2362784471218206
vsb_rarefirst,p4_a4_combined,44,test,0.15,336,2988,0.11244979919678715,0.1013385371130933,0.12432608353260881,0.10161626047058114,0.12427854984035466,530,0.17737617135207498
vsb_rarefirst,p4_a4_combined,44,test,0.2,299,2988,0.1000669344042838,0.0895351983888122,0.11138892262399264,0.08981519644911908,0.11134568293047357,422,0.14123159303882196
vsb_rarefirst,p4_a4_combined,44,test,0.25,259,2988,0.08668005354752342,0.07683258061693504,0.09734530844262436,0.07711471628385565,0.09730677830509575,330,0.11044176706827309
vsb_rarefirst,p4_a4_combined,44,test,0.3,221,2988,0.07396251673360107,0.06483210587255059,0.08393720731428254,0.06511584266582536,0.08390323637201687,274,0.09170013386880857
vsb_rarefirst,p4_a4_combined,44,test,0.35,181,2988,0.06057563587684069,0.05228861099958821,0.06973537928369114,0.05257336106572691,0.06970633318147404,216,0.07228915662650602
vsb_rarefirst,p4_a4_combined,44,test,0.4,149,2988,0.0498661311914324,0.042338288259923425,0.058290077921017,0.04262307797705056,0.058265108437637395,177,0.05923694779116466
vsb_rarefirst,p4_a4_combined,44,test,0.45,124,2988,0.041499330655957165,0.03463323123381362,0.04928043361296718,0.03491729324546953,0.04925877767506765,141,0.04718875502008032
vsb_rarefirst,p4_a4_combined,44,test,0.5,98,2988,0.03279785809906292,0.02670540741457384,0.03982593626508079,0.0269875553164956,0.03980791549012475,108,0.03614457831325301
vsb_rarefirst,p4_a4_combined,44,test,0.55,71,2988,0.023761713520749666,0.018603628949431926,0.029878753096675495,0.018881520449519903,0.02986486562341761,72,0.024096385542168676
vsb_rarefirst,p4_a4_combined,44,test,0.6,39,2988,0.013052208835341365,0.009297415251549668,0.017799995126049357,0.009562718703305117,0.017792159537119392,40,0.013386880856760375
vsb_rarefirst,p4_a4_combined,44,test,0.65,20,2988,0.006693440428380187,0.004093179931279644,0.010318634046730448,0.004337204030041072,0.010316466434828843,20,0.006693440428380187
vsb_rarefirst,p4_a4_combined,44,test,0.7,9,2988,0.0030120481927710845,0.00137819662265188,0.0057100718373799915,0.0015854775383842825,0.005714862109059289,9,0.0030120481927710845
vsb_rarefirst,p4_a4_combined,44,test,0.75,7,2988,0.0023427041499330657,0.0009423911495033371,0.004820872326402332,0.0011352749758738187,0.0048280954320376905,7,0.0023427041499330657
vsb_rarefirst,p4_a4_combined,44,test,0.8,0,2988,0.0,0.0,0.0012338029821397562,0.0,0.0012839780695492898,0,0.0
vsb_rarefirst,p4_a4_combined,44,test,0.85,0,2988,0.0,0.0,0.0012338029821397562,0.0,0.0012839780695492898,0,0.0
vsb_rarefirst,p4_a4_combined,44,test,0.9,0,2988,0.0,0.0,0.0012338029821397562,0.0,0.0012839780695492898,0,0.0
vsb_rarefirst,p4_a4_combined,44,test,0.95,0,2988,0.0,0.0,0.0012338029821397562,0.0,0.0012839780695492898,0,0.0
