variant,draw,rng_seed,selection_sources,test_sources,selected_threshold,test_fp_source_rate_seed42,test_fp_source_rate_seed43,test_fp_source_rate_seed44,test_fp_source_rate_seed_mean
baseline,0,20260817,75,75,0.8,0.0,0.0,0.0,0.0
baseline,1,20260817,75,75,0.75,0.013333333333333334,0.0,0.0,0.0044444444444444444
baseline,2,20260817,75,75,0.7,0.013333333333333334,0.013333333333333334,0.013333333333333334,0.013333333333333334
baseline,3,20260817,75,75,0.7,0.0,0.0,0.0,0.0
baseline,4,20260817,75,75,0.65,0.0,0.013333333333333334,0.0,0.0044444444444444444
baseline,5,20260817,75,75,0.7,0.013333333333333334,0.013333333333333334,0.013333333333333334,0.013333333333333334
baseline,6,20260817,75,75,0.6,0.0,0.02666666666666667,0.013333333333333334,0.013333333333333334
baseline,7,20260817,75,75,0.65,0.0,0.013333333333333334,0.013333333333333334,0.008888888888888889
baseline,8,20260817,75,75,0.75,0.0,0.0,0.013333333333333334,0.0044444444444444444
baseline,9,20260817,75,75,0.65,0.013333333333333334,0.013333333333333334,0.013333333333333334,0.013333333333333334
baseline,10,20260817,75,75,0.6,0.05333333333333334,0.09333333333333334,0.04,0.06222222222222223
baseline,11,20260817,75,75,0.65,0.013333333333333334,0.04,0.013333333333333334,0.022222222222222223
baseline,12,20260817,75,75,0.6,0.02666666666666667,0.04,0.013333333333333334,0.02666666666666667
baseline,13,20260817,75,75,0.6,0.013333333333333334,0.02666666666666667,0.02666666666666667,0.022222222222222223
baseline,14,20260817,75,75,0.8,0.0,0.0,0.0,0.0
baseline,15,20260817,75,75,0.7,0.02666666666666667,0.02666666666666667,0.02666666666666667,0.02666666666666667
baseline,16,20260817,75,75,0.75,0.013333333333333334,0.013333333333333334,0.013333333333333334,0.013333333333333334
baseline,17,20260817,75,75,0.75,0.013333333333333334,0.0,0.013333333333333334,0.008888888888888889
baseline,18,20260817,75,75,0.8,0.0,0.0,0.0,0.0
baseline,19,20260817,75,75,0.7,0.0,0.013333333333333334,0.013333333333333334,0.008888888888888889
baseline,20,20260817,75,75,0.7,0.0,0.0,0.0,0.0
baseline,21,20260817,75,75,0.85,0.0,0.0,0.0,0.0
baseline,22,20260817,75,75,0.75,0.013333333333333334,0.013333333333333334,0.0,0.008888888888888889
baseline,23,20260817,75,75,0.6,0.0,0.04,0.02666666666666667,0.022222222222222223
baseline,24,20260817,75,75,0.65,0.013333333333333334,0.013333333333333334,0.013333333333333334,0.013333333333333334
baseline,25,20260817,75,75,0.7,0.02666666666666667,0.0,0.013333333333333334,0.013333333333333334
baseline,26,20260817,75,75,0.8,0.0,0.0,0.0,0.0
baseline,27,20260817,75,75,0.75,0.013333333333333334,0.0,0.0,0.0044444444444444444
baseline,28,20260817,75,75,0.65,0.013333333333333334,0.05333333333333334,0.02666666666666667,0.031111111111111114
baseline,29,20260817,75,75,0.75,0.0,0.013333333333333334,0.0,0.0044444444444444444
baseline,30,20260817,75,75,0.8,0.0,0.0,0.013333333333333334,0.0044444444444444444
baseline,31,20260817,75,75,0.7,0.013333333333333334,0.013333333333333334,0.013333333333333334,0.013333333333333334
baseline,32,20260817,75,75,0.75,0.0,0.0,0.0,0.0
baseline,33,20260817,75,75,0.85,0.0,0.0,0.0,0.0
baseline,34,20260817,75,75,0.7,0.013333333333333334,0.013333333333333334,0.02666666666666667,0.017777777777777778
baseline,35,20260817,75,75,0.6,0.02666666666666667,0.06666666666666667,0.05333333333333334,0.04888888888888889
baseline,36,20260817,75,75,0.7,0.02666666666666667,0.02666666666666667,0.013333333333333334,0.022222222222222223
baseline,37,20260817,75,75,0.75,0.0,0.0,0.0,0.0
baseline,38,20260817,75,75,0.75,0.0,0.0,0.0,0.0
baseline,39,20260817,75,75,0.7,0.013333333333333334,0.0,0.0,0.0044444444444444444
baseline,40,20260817,75,75,0.6,0.02666666666666667,0.05333333333333334,0.02666666666666667,0.035555555555555556
baseline,41,20260817,75,75,0.85,0.0,0.0,0.0,0.0
baseline,42,20260817,75,75,0.7,0.02666666666666667,0.013333333333333334,0.013333333333333334,0.017777777777777778
baseline,43,20260817,75,75,0.65,0.04,0.06666666666666667,0.04,0.04888888888888889
baseline,44,20260817,75,75,0.65,0.0,0.013333333333333334,0.0,0.0044444444444444444
baseline,45,20260817,75,75,0.75,0.013333333333333334,0.013333333333333334,0.02666666666666667,0.017777777777777778
baseline,46,20260817,75,75,0.75,0.0,0.0,0.0,0.0
baseline,47,20260817,75,75,0.6,0.06666666666666667,0.05333333333333334,0.05333333333333334,0.05777777777777778
baseline,48,20260817,75,75,0.75,0.013333333333333334,0.02666666666666667,0.02666666666666667,0.022222222222222223
baseline,49,20260817,75,75,0.8,0.0,0.0,0.0,0.0
baseline,50,20260817,75,75,0.7,0.013333333333333334,0.02666666666666667,0.04,0.02666666666666667
baseline,51,20260817,75,75,0.65,0.013333333333333334,0.04,0.0,0.017777777777777778
baseline,52,20260817,75,75,0.7,0.013333333333333334,0.0,0.0,0.0044444444444444444
baseline,53,20260817,75,75,0.6,0.0,0.02666666666666667,0.013333333333333334,0.013333333333333334
baseline,54,20260817,75,75,0.7,0.013333333333333334,0.0,0.013333333333333334,0.008888888888888889
baseline,55,20260817,75,75,0.8,0.0,0.0,0.0,0.0
baseline,56,20260817,75,75,0.65,0.013333333333333334,0.02666666666666667,0.02666666666666667,0.022222222222222223
baseline,57,20260817,75,75,0.7,0.0,0.0,0.0,0.0
baseline,58,20260817,75,75,0.6,0.02666666666666667,0.04,0.04,0.035555555555555556
baseline,59,20260817,75,75,0.6,0.0,0.04,0.06666666666666667,0.035555555555555556
baseline,60,20260817,75,75,0.7,0.0,0.0,0.0,0.0
baseline,61,20260817,75,75,0.65,0.013333333333333334,0.02666666666666667,0.0,0.013333333333333334
baseline,62,20260817,75,75,0.7,0.02666666666666667,0.04,0.05333333333333334,0.04
baseline,63,20260817,75,75,0.8,0.0,0.0,0.0,0.0
baseline,64,20260817,75,75,0.65,0.02666666666666667,0.05333333333333334,0.02666666666666667,0.035555555555555556
baseline,65,20260817,75,75,0.6,0.013333333333333334,0.04,0.02666666666666667,0.02666666666666667
baseline,66,20260817,75,75,0.65,0.04,0.05333333333333334,0.05333333333333334,0.04888888888888889
baseline,67,20260817,75,75,0.75,0.0,0.0,0.0,0.0
baseline,68,20260817,75,75,0.85,0.0,0.0,0.0,0.0
baseline,69,20260817,75,75,0.75,0.02666666666666667,0.02666666666666667,0.02666666666666667,0.02666666666666667
baseline,70,20260817,75,75,0.7,0.0,0.0,0.0,0.0
baseline,71,20260817,75,75,0.7,0.0,0.0,0.013333333333333334,0.0044444444444444444
baseline,72,20260817,75,75,0.7,0.013333333333333334,0.013333333333333334,0.013333333333333334,0.013333333333333334
baseline,73,20260817,75,75,0.75,0.0,0.0,0.0,0.0
baseline,74,20260817,75,75,0.65,0.013333333333333334,0.02666666666666667,0.013333333333333334,0.017777777777777778
baseline,75,20260817,75,75,0.85,0.0,0.0,0.0,0.0
baseline,76,20260817,75,75,0.75,0.0,0.0,0.0,0.0
baseline,77,20260817,75,75,0.8,0.0,0.0,0.0,0.0
baseline,78,20260817,75,75,0.75,0.0,0.0,0.013333333333333334,0.0044444444444444444
baseline,79,20260817,75,75,0.8,0.0,0.0,0.0,0.0
baseline,80,20260817,75,75,0.8,0.0,0.0,0.0,0.0
baseline,81,20260817,75,75,0.8,0.0,0.0,0.0,0.0
baseline,82,20260817,75,75,0.7,0.0,0.013333333333333334,0.02666666666666667,0.013333333333333334
baseline,83,20260817,75,75,0.7,0.0,0.0,0.0,0.0
baseline,84,20260817,75,75,0.8,0.0,0.0,0.0,0.0
baseline,85,20260817,75,75,0.75,0.013333333333333334,0.013333333333333334,0.02666666666666667,0.017777777777777778
baseline,86,20260817,75,75,0.75,0.013333333333333334,0.013333333333333334,0.013333333333333334,0.013333333333333334
baseline,87,20260817,75,75,0.65,0.013333333333333334,0.013333333333333334,0.013333333333333334,0.013333333333333334
baseline,88,20260817,75,75,0.7,0.013333333333333334,0.013333333333333334,0.04,0.022222222222222223
baseline,89,20260817,75,75,0.7,0.013333333333333334,0.0,0.0,0.0044444444444444444
baseline,90,20260817,75,75,0.75,0.013333333333333334,0.0,0.0,0.0044444444444444444
baseline,91,20260817,75,75,0.8,0.0,0.0,0.0,0.0
baseline,92,20260817,75,75,0.85,0.0,0.0,0.0,0.0
baseline,93,20260817,75,75,0.85,0.0,0.0,0.0,0.0
baseline,94,20260817,75,75,0.7,0.0,0.0,0.0,0.0
baseline,95,20260817,75,75,0.8,0.0,0.0,0.0,0.0
baseline,96,20260817,75,75,0.6,0.013333333333333334,0.04,0.0,0.017777777777777778
baseline,97,20260817,75,75,0.85,0.0,0.0,0.0,0.0
baseline,98,20260817,75,75,0.65,0.02666666666666667,0.02666666666666667,0.02666666666666667,0.02666666666666667
baseline,99,20260817,75,75,0.65,0.0,0.013333333333333334,0.013333333333333334,0.008888888888888889
baseline,100,20260817,75,75,0.7,0.0,0.013333333333333334,0.013333333333333334,0.008888888888888889
baseline,101,20260817,75,75,0.5,0.12,0.10666666666666667,0.10666666666666667,0.11111111111111112
baseline,102,20260817,75,75,0.7,0.0,0.0,0.013333333333333334,0.0044444444444444444
baseline,103,20260817,75,75,0.65,0.0,0.0,0.0,0.0
baseline,104,20260817,75,75,0.8,0.0,0.0,0.0,0.0
baseline,105,20260817,75,75,0.7,0.02666666666666667,0.02666666666666667,0.02666666666666667,0.02666666666666667
baseline,106,20260817,75,75,0.65,0.04,0.02666666666666667,0.04,0.035555555555555556
baseline,107,20260817,75,75,0.7,0.0,0.0,0.013333333333333334,0.0044444444444444444
baseline,108,20260817,75,75,0.7,0.0,0.0,0.013333333333333334,0.0044444444444444444
baseline,109,20260817,75,75,0.8,0.0,0.0,0.0,0.0
baseline,110,20260817,75,75,0.6,0.02666666666666667,0.02666666666666667,0.02666666666666667,0.02666666666666667
baseline,111,20260817,75,75,0.6,0.0,0.02666666666666667,0.013333333333333334,0.013333333333333334
baseline,112,20260817,75,75,0.6,0.02666666666666667,0.04,0.04,0.035555555555555556
baseline,113,20260817,75,75,0.8,0.0,0.0,0.0,0.0
baseline,114,20260817,75,75,0.75,0.0,0.0,0.0,0.0
baseline,115,20260817,75,75,0.7,0.0,0.0,0.0,0.0
baseline,116,20260817,75,75,0.7,0.0,0.013333333333333334,0.02666666666666667,0.013333333333333334
baseline,117,20260817,75,75,0.75,0.013333333333333334,0.013333333333333334,0.013333333333333334,0.013333333333333334
baseline,118,20260817,75,75,0.7,0.0,0.0,0.0,0.0
baseline,119,20260817,75,75,0.7,0.013333333333333334,0.02666666666666667,0.02666666666666667,0.022222222222222223
baseline,120,20260817,75,75,0.85,0.0,0.0,0.0,0.0
baseline,121,20260817,75,75,0.7,0.0,0.0,0.0,0.0
baseline,122,20260817,75,75,0.75,0.0,0.0,0.0,0.0
baseline,123,20260817,75,75,0.65,0.02666666666666667,0.05333333333333334,0.02666666666666667,0.035555555555555556
baseline,124,20260817,75,75,0.65,0.0,0.013333333333333334,0.02666666666666667,0.013333333333333334
baseline,125,20260817,75,75,0.75,0.0,0.0,0.0,0.0
baseline,126,20260817,75,75,0.8,0.0,0.0,0.0,0.0
baseline,127,20260817,75,75,0.7,0.0,0.013333333333333334,0.02666666666666667,0.013333333333333334
baseline,128,20260817,75,75,0.65,0.02666666666666667,0.013333333333333334,0.013333333333333334,0.017777777777777778
baseline,129,20260817,75,75,0.75,0.0,0.0,0.013333333333333334,0.0044444444444444444
baseline,130,20260817,75,75,0.7,0.013333333333333334,0.013333333333333334,0.013333333333333334,0.013333333333333334
baseline,131,20260817,75,75,0.7,0.0,0.0,0.0,0.0
baseline,132,20260817,75,75,0.85,0.0,0.0,0.0,0.0
baseline,133,20260817,75,75,0.8,0.0,0.0,0.0,0.0
baseline,134,20260817,75,75,0.6,0.0,0.013333333333333334,0.013333333333333334,0.008888888888888889
baseline,135,20260817,75,75,0.85,0.0,0.0,0.0,0.0
baseline,136,20260817,75,75,0.8,0.0,0.0,0.0,0.0
baseline,137,20260817,75,75,0.7,0.0,0.013333333333333334,0.0,0.0044444444444444444
baseline,138,20260817,75,75,0.85,0.0,0.0,0.0,0.0
baseline,139,20260817,75,75,0.65,0.0,0.05333333333333334,0.013333333333333334,0.022222222222222223
baseline,140,20260817,75,75,0.65,0.013333333333333334,0.04,0.02666666666666667,0.02666666666666667
baseline,141,20260817,75,75,0.85,0.0,0.0,0.0,0.0
baseline,142,20260817,75,75,0.8,0.0,0.0,0.0,0.0
baseline,143,20260817,75,75,0.85,0.0,0.0,0.0,0.0
baseline,144,20260817,75,75,0.75,0.0,0.0,0.0,0.0
baseline,145,20260817,75,75,0.7,0.0,0.0,0.0,0.0
baseline,146,20260817,75,75,0.85,0.0,0.0,0.0,0.0
baseline,147,20260817,75,75,0.7,0.013333333333333334,0.0,0.0,0.0044444444444444444
baseline,148,20260817,75,75,0.6,0.05333333333333334,0.05333333333333334,0.04,0.04888888888888889
baseline,149,20260817,75,75,0.7,0.02666666666666667,0.05333333333333334,0.05333333333333334,0.044444444444444446
baseline,150,20260817,75,75,0.6,0.04,0.09333333333333334,0.06666666666666667,0.06666666666666667
baseline,151,20260817,75,75,0.65,0.05333333333333334,0.09333333333333334,0.04,0.06222222222222223
baseline,152,20260817,75,75,0.7,0.02666666666666667,0.013333333333333334,0.02666666666666667,0.022222222222222223
baseline,153,20260817,75,75,0.65,0.013333333333333334,0.04,0.02666666666666667,0.02666666666666667
baseline,154,20260817,75,75,0.7,0.0,0.0,0.013333333333333334,0.0044444444444444444
baseline,155,20260817,75,75,0.75,0.0,0.0,0.013333333333333334,0.0044444444444444444
baseline,156,20260817,75,75,0.6,0.08,0.08,0.09333333333333334,0.08444444444444445
baseline,157,20260817,75,75,0.65,0.02666666666666667,0.05333333333333334,0.02666666666666667,0.035555555555555556
baseline,158,20260817,75,75,0.8,0.0,0.0,0.0,0.0
baseline,159,20260817,75,75,0.6,0.013333333333333334,0.04,0.013333333333333334,0.022222222222222223
baseline,160,20260817,75,75,0.65,0.013333333333333334,0.02666666666666667,0.04,0.02666666666666667
baseline,161,20260817,75,75,0.7,0.013333333333333334,0.013333333333333334,0.02666666666666667,0.017777777777777778
baseline,162,20260817,75,75,0.65,0.0,0.0,0.0,0.0
baseline,163,20260817,75,75,0.65,0.04,0.04,0.02666666666666667,0.035555555555555556
baseline,164,20260817,75,75,0.85,0.0,0.0,0.0,0.0
baseline,165,20260817,75,75,0.7,0.0,0.0,0.0,0.0
baseline,166,20260817,75,75,0.75,0.04,0.02666666666666667,0.02666666666666667,0.031111111111111114
baseline,167,20260817,75,75,0.7,0.0,0.0,0.013333333333333334,0.0044444444444444444
baseline,168,20260817,75,75,0.65,0.013333333333333334,0.04,0.013333333333333334,0.022222222222222223
baseline,169,20260817,75,75,0.7,0.0,0.0,0.0,0.0
baseline,170,20260817,75,75,0.8,0.0,0.0,0.0,0.0
baseline,171,20260817,75,75,0.65,0.02666666666666667,0.06666666666666667,0.02666666666666667,0.04
baseline,172,20260817,75,75,0.75,0.0,0.0,0.013333333333333334,0.0044444444444444444
baseline,173,20260817,75,75,0.6,0.02666666666666667,0.013333333333333334,0.013333333333333334,0.017777777777777778
baseline,174,20260817,75,75,0.8,0.0,0.0,0.0,0.0
baseline,175,20260817,75,75,0.65,0.013333333333333334,0.04,0.02666666666666667,0.02666666666666667
baseline,176,20260817,75,75,0.6,0.04,0.04,0.04,0.04
baseline,177,20260817,75,75,0.65,0.0,0.013333333333333334,0.0,0.0044444444444444444
baseline,178,20260817,75,75,0.7,0.013333333333333334,0.0,0.0,0.0044444444444444444
baseline,179,20260817,75,75,0.7,0.0,0.0,0.0,0.0
baseline,180,20260817,75,75,0.8,0.0,0.0,0.0,0.0
baseline,181,20260817,75,75,0.7,0.013333333333333334,0.013333333333333334,0.04,0.022222222222222223
baseline,182,20260817,75,75,0.8,0.0,0.0,0.0,0.0
baseline,183,20260817,75,75,0.7,0.02666666666666667,0.02666666666666667,0.02666666666666667,0.02666666666666667
baseline,184,20260817,75,75,0.75,0.013333333333333334,0.013333333333333334,0.0,0.008888888888888889
baseline,185,20260817,75,75,0.6,0.02666666666666667,0.04,0.02666666666666667,0.031111111111111114
baseline,186,20260817,75,75,0.75,0.0,0.0,0.0,0.0
baseline,187,20260817,75,75,0.7,0.0,0.0,0.013333333333333334,0.0044444444444444444
baseline,188,20260817,75,75,0.75,0.013333333333333334,0.013333333333333334,0.0,0.008888888888888889
baseline,189,20260817,75,75,0.6,0.013333333333333334,0.0,0.013333333333333334,0.008888888888888889
baseline,190,20260817,75,75,0.7,0.0,0.013333333333333334,0.013333333333333334,0.008888888888888889
baseline,191,20260817,75,75,0.7,0.0,0.0,0.013333333333333334,0.0044444444444444444
baseline,192,20260817,75,75,0.7,0.013333333333333334,0.04,0.04,0.03111111111111111
baseline,193,20260817,75,75,0.8,0.0,0.0,0.0,0.0
baseline,194,20260817,75,75,0.7,0.013333333333333334,0.013333333333333334,0.013333333333333334,0.013333333333333334
baseline,195,20260817,75,75,0.7,0.04,0.04,0.04,0.04
baseline,196,20260817,75,75,0.8,0.0,0.0,0.0,0.0
baseline,197,20260817,75,75,0.65,0.013333333333333334,0.013333333333333334,0.0,0.008888888888888889
baseline,198,20260817,75,75,0.65,0.0,0.04,0.0,0.013333333333333334
baseline,199,20260817,75,75,0.85,0.0,0.0,0.0,0.0
baseline,200,20260817,75,75,0.75,0.0,0.013333333333333334,0.0,0.0044444444444444444
baseline,201,20260817,75,75,0.6,0.02666666666666667,0.04,0.02666666666666667,0.031111111111111114
baseline,202,20260817,75,75,0.8,0.0,0.0,0.0,0.0
baseline,203,20260817,75,75,0.7,0.0,0.02666666666666667,0.02666666666666667,0.017777777777777778
baseline,204,20260817,75,75,0.8,0.0,0.0,0.0,0.0
baseline,205,20260817,75,75,0.6,0.04,0.05333333333333334,0.06666666666666667,0.05333333333333334
baseline,206,20260817,75,75,0.8,0.0,0.0,0.0,0.0
baseline,207,20260817,75,75,0.75,0.0,0.0,0.0,0.0
baseline,208,20260817,75,75,0.8,0.0,0.0,0.0,0.0
baseline,209,20260817,75,75,0.65,0.04,0.05333333333333334,0.02666666666666667,0.04
baseline,210,20260817,75,75,0.8,0.0,0.0,0.013333333333333334,0.0044444444444444444
baseline,211,20260817,75,75,0.65,0.0,0.013333333333333334,0.0,0.0044444444444444444
baseline,212,20260817,75,75,0.65,0.013333333333333334,0.0,0.02666666666666667,0.013333333333333334
baseline,213,20260817,75,75,0.65,0.02666666666666667,0.02666666666666667,0.0,0.017777777777777778
baseline,214,20260817,75,75,0.75,0.013333333333333334,0.0,0.04,0.017777777777777778
baseline,215,20260817,75,75,0.75,0.0,0.0,0.0,0.0
baseline,216,20260817,75,75,0.65,0.0,0.02666666666666667,0.0,0.008888888888888889
baseline,217,20260817,75,75,0.7,0.0,0.0,0.0,0.0
baseline,218,20260817,75,75,0.7,0.0,0.0,0.013333333333333334,0.0044444444444444444
baseline,219,20260817,75,75,0.7,0.0,0.013333333333333334,0.013333333333333334,0.008888888888888889
baseline,220,20260817,75,75,0.7,0.013333333333333334,0.013333333333333334,0.013333333333333334,0.013333333333333334
baseline,221,20260817,75,75,0.8,0.0,0.0,0.0,0.0
baseline,222,20260817,75,75,0.65,0.0,0.013333333333333334,0.0,0.0044444444444444444
baseline,223,20260817,75,75,0.7,0.013333333333333334,0.02666666666666667,0.02666666666666667,0.022222222222222223
baseline,224,20260817,75,75,0.65,0.013333333333333334,0.02666666666666667,0.02666666666666667,0.022222222222222223
baseline,225,20260817,75,75,0.8,0.0,0.0,0.0,0.0
baseline,226,20260817,75,75,0.75,0.013333333333333334,0.0,0.0,0.0044444444444444444
baseline,227,20260817,75,75,0.75,0.0,0.0,0.013333333333333334,0.0044444444444444444
baseline,228,20260817,75,75,0.8,0.0,0.0,0.0,0.0
baseline,229,20260817,75,75,0.85,0.0,0.0,0.0,0.0
baseline,230,20260817,75,75,0.75,0.0,0.0,0.013333333333333334,0.0044444444444444444
baseline,231,20260817,75,75,0.6,0.05333333333333334,0.08,0.05333333333333334,0.06222222222222223
baseline,232,20260817,75,75,0.7,0.0,0.0,0.013333333333333334,0.0044444444444444444
baseline,233,20260817,75,75,0.7,0.0,0.013333333333333334,0.013333333333333334,0.008888888888888889
baseline,234,20260817,75,75,0.65,0.013333333333333334,0.04,0.02666666666666667,0.02666666666666667
baseline,235,20260817,75,75,0.55,0.013333333333333334,0.04,0.02666666666666667,0.02666666666666667
baseline,236,20260817,75,75,0.7,0.0,0.0,0.0,0.0
baseline,237,20260817,75,75,0.7,0.013333333333333334,0.013333333333333334,0.02666666666666667,0.017777777777777778
baseline,238,20260817,75,75,0.65,0.0,0.013333333333333334,0.0,0.0044444444444444444
baseline,239,20260817,75,75,0.75,0.0,0.0,0.0,0.0
baseline,240,20260817,75,75,0.7,0.02666666666666667,0.013333333333333334,0.02666666666666667,0.022222222222222223
baseline,241,20260817,75,75,0.65,0.02666666666666667,0.02666666666666667,0.04,0.031111111111111114
baseline,242,20260817,75,75,0.8,0.0,0.0,0.0,0.0
baseline,243,20260817,75,75,0.75,0.0,0.0,0.0,0.0
baseline,244,20260817,75,75,0.8,0.0,0.0,0.0,0.0
baseline,245,20260817,75,75,0.75,0.0,0.0,0.0,0.0
baseline,246,20260817,75,75,0.7,0.0,0.013333333333333334,0.02666666666666667,0.013333333333333334
baseline,247,20260817,75,75,0.75,0.0,0.0,0.0,0.0
baseline,248,20260817,75,75,0.85,0.0,0.0,0.0,0.0
baseline,249,20260817,75,75,0.65,0.013333333333333334,0.04,0.02666666666666667,0.02666666666666667
baseline,250,20260817,75,75,0.7,0.0,0.0,0.0,0.0
baseline,251,20260817,75,75,0.8,0.0,0.0,0.0,0.0
baseline,252,20260817,75,75,0.75,0.0,0.0,0.0,0.0
baseline,253,20260817,75,75,0.8,0.0,0.0,0.0,0.0
baseline,254,20260817,75,75,0.85,0.0,0.0,0.0,0.0
baseline,255,20260817,75,75,0.6,0.013333333333333334,0.013333333333333334,0.013333333333333334,0.013333333333333334
baseline,256,20260817,75,75,0.7,0.013333333333333334,0.013333333333333334,0.013333333333333334,0.013333333333333334
baseline,257,20260817,75,75,0.65,0.02666666666666667,0.04,0.02666666666666667,0.031111111111111114
baseline,258,20260817,75,75,0.8,0.0,0.0,0.0,0.0
baseline,259,20260817,75,75,0.7,0.013333333333333334,0.0,0.0,0.0044444444444444444
baseline,260,20260817,75,75,0.8,0.0,0.0,0.0,0.0
baseline,261,20260817,75,75,0.65,0.0,0.0,0.0,0.0
baseline,262,20260817,75,75,0.65,0.013333333333333334,0.04,0.013333333333333334,0.022222222222222223
baseline,263,20260817,75,75,0.65,0.04,0.06666666666666667,0.04,0.04888888888888889
baseline,264,20260817,75,75,0.8,0.0,0.0,0.0,0.0
baseline,265,20260817,75,75,0.7,0.02666666666666667,0.02666666666666667,0.02666666666666667,0.02666666666666667
baseline,266,20260817,75,75,0.8,0.0,0.0,0.0,0.0
baseline,267,20260817,75,75,0.6,0.02666666666666667,0.02666666666666667,0.02666666666666667,0.02666666666666667
baseline,268,20260817,75,75,0.65,0.0,0.0,0.013333333333333334,0.0044444444444444444
baseline,269,20260817,75,75,0.8,0.0,0.0,0.0,0.0
baseline,270,20260817,75,75,0.8,0.0,0.0,0.0,0.0
baseline,271,20260817,75,75,0.8,0.0,0.0,0.0,0.0
baseline,272,20260817,75,75,0.6,0.04,0.05333333333333334,0.05333333333333334,0.04888888888888889
baseline,273,20260817,75,75,0.7,0.0,0.0,0.02666666666666667,0.008888888888888889
baseline,274,20260817,75,75,0.8,0.0,0.0,0.0,0.0
baseline,275,20260817,75,75,0.8,0.0,0.0,0.0,0.0
baseline,276,20260817,75,75,0.6,0.04,0.06666666666666667,0.04,0.04888888888888889
baseline,277,20260817,75,75,0.8,0.0,0.0,0.0,0.0
baseline,278,20260817,75,75,0.8,0.0,0.0,0.0,0.0
baseline,279,20260817,75,75,0.6,0.05333333333333334,0.06666666666666667,0.08,0.06666666666666667
baseline,280,20260817,75,75,0.65,0.02666666666666667,0.06666666666666667,0.05333333333333334,0.04888888888888889
baseline,281,20260817,75,75,0.7,0.0,0.0,0.0,0.0
baseline,282,20260817,75,75,0.7,0.013333333333333334,0.013333333333333334,0.04,0.022222222222222223
baseline,283,20260817,75,75,0.65,0.013333333333333334,0.013333333333333334,0.0,0.008888888888888889
baseline,284,20260817,75,75,0.75,0.0,0.013333333333333334,0.013333333333333334,0.008888888888888889
baseline,285,20260817,75,75,0.85,0.0,0.0,0.0,0.0
baseline,286,20260817,75,75,0.65,0.013333333333333334,0.02666666666666667,0.04,0.02666666666666667
baseline,287,20260817,75,75,0.7,0.013333333333333334,0.02666666666666667,0.05333333333333334,0.031111111111111114
baseline,288,20260817,75,75,0.75,0.0,0.0,0.0,0.0
baseline,289,20260817,75,75,0.7,0.013333333333333334,0.013333333333333334,0.013333333333333334,0.013333333333333334
baseline,290,20260817,75,75,0.7,0.0,0.013333333333333334,0.0,0.0044444444444444444
baseline,291,20260817,75,75,0.85,0.0,0.0,0.0,0.0
baseline,292,20260817,75,75,0.65,0.06666666666666667,0.04,0.05333333333333334,0.05333333333333334
baseline,293,20260817,75,75,0.65,0.0,0.02666666666666667,0.013333333333333334,0.013333333333333334
baseline,294,20260817,75,75,0.7,0.02666666666666667,0.02666666666666667,0.05333333333333334,0.035555555555555556
baseline,295,20260817,75,75,0.7,0.0,0.0,0.02666666666666667,0.008888888888888889
baseline,296,20260817,75,75,0.85,0.0,0.0,0.0,0.0
baseline,297,20260817,75,75,0.7,0.0,0.0,0.0,0.0
baseline,298,20260817,75,75,0.8,0.0,0.0,0.0,0.0
baseline,299,20260817,75,75,0.8,0.0,0.0,0.0,0.0
baseline,300,20260817,75,75,0.6,0.04,0.05333333333333334,0.04,0.044444444444444446
baseline,301,20260817,75,75,0.7,0.0,0.0,0.0,0.0
baseline,302,20260817,75,75,0.55,0.013333333333333334,0.02666666666666667,0.02666666666666667,0.022222222222222223
baseline,303,20260817,75,75,0.8,0.0,0.0,0.0,0.0
baseline,304,20260817,75,75,0.75,0.0,0.0,0.0,0.0
baseline,305,20260817,75,75,0.85,0.0,0.0,0.0,0.0
baseline,306,20260817,75,75,0.75,0.013333333333333334,0.0,0.0,0.0044444444444444444
baseline,307,20260817,75,75,0.75,0.013333333333333334,0.013333333333333334,0.0,0.008888888888888889
baseline,308,20260817,75,75,0.8,0.0,0.0,0.0,0.0
baseline,309,20260817,75,75,0.8,0.0,0.0,0.0,0.0
baseline,310,20260817,75,75,0.8,0.0,0.0,0.0,0.0
baseline,311,20260817,75,75,0.7,0.0,0.0,0.013333333333333334,0.0044444444444444444
baseline,312,20260817,75,75,0.7,0.02666666666666667,0.013333333333333334,0.02666666666666667,0.022222222222222223
baseline,313,20260817,75,75,0.8,0.0,0.0,0.0,0.0
baseline,314,20260817,75,75,0.7,0.0,0.0,0.0,0.0
baseline,315,20260817,75,75,0.6,0.02666666666666667,0.05333333333333334,0.05333333333333334,0.044444444444444446
baseline,316,20260817,75,75,0.75,0.0,0.0,0.0,0.0
baseline,317,20260817,75,75,0.75,0.013333333333333334,0.0,0.013333333333333334,0.008888888888888889
baseline,318,20260817,75,75,0.6,0.013333333333333334,0.02666666666666667,0.02666666666666667,0.022222222222222223
baseline,319,20260817,75,75,0.7,0.013333333333333334,0.02666666666666667,0.02666666666666667,0.022222222222222223
baseline,320,20260817,75,75,0.8,0.0,0.0,0.0,0.0
baseline,321,20260817,75,75,0.85,0.0,0.0,0.0,0.0
baseline,322,20260817,75,75,0.8,0.0,0.0,0.0,0.0
baseline,323,20260817,75,75,0.6,0.0,0.013333333333333334,0.0,0.0044444444444444444
baseline,324,20260817,75,75,0.75,0.0,0.0,0.013333333333333334,0.0044444444444444444
baseline,325,20260817,75,75,0.65,0.04,0.05333333333333334,0.04,0.044444444444444446
baseline,326,20260817,75,75,0.65,0.013333333333333334,0.013333333333333334,0.02666666666666667,0.017777777777777778
baseline,327,20260817,75,75,0.85,0.0,0.0,0.0,0.0
baseline,328,20260817,75,75,0.85,0.0,0.0,0.0,0.0
baseline,329,20260817,75,75,0.85,0.0,0.0,0.0,0.0
baseline,330,20260817,75,75,0.8,0.0,0.0,0.013333333333333334,0.0044444444444444444
baseline,331,20260817,75,75,0.65,0.0,0.02666666666666667,0.0,0.008888888888888889
baseline,332,20260817,75,75,0.7,0.02666666666666667,0.013333333333333334,0.04,0.02666666666666667
baseline,333,20260817,75,75,0.75,0.0,0.0,0.0,0.0
baseline,334,20260817,75,75,0.75,0.013333333333333334,0.02666666666666667,0.013333333333333334,0.017777777777777778
baseline,335,20260817,75,75,0.7,0.0,0.0,0.0,0.0
baseline,336,20260817,75,75,0.7,0.0,0.0,0.0,0.0
baseline,337,20260817,75,75,0.7,0.013333333333333334,0.013333333333333334,0.013333333333333334,0.013333333333333334
baseline,338,20260817,75,75,0.7,0.02666666666666667,0.02666666666666667,0.02666666666666667,0.02666666666666667
baseline,339,20260817,75,75,0.8,0.0,0.0,0.0,0.0
baseline,340,20260817,75,75,0.7,0.013333333333333334,0.0,0.0,0.0044444444444444444
baseline,341,20260817,75,75,0.6,0.013333333333333334,0.04,0.04,0.03111111111111111
baseline,342,20260817,75,75,0.6,0.013333333333333334,0.04,0.013333333333333334,0.022222222222222223
baseline,343,20260817,75,75,0.65,0.013333333333333334,0.02666666666666667,0.013333333333333334,0.017777777777777778
baseline,344,20260817,75,75,0.6,0.05333333333333334,0.08,0.06666666666666667,0.06666666666666667
baseline,345,20260817,75,75,0.85,0.0,0.0,0.0,0.0
baseline,346,20260817,75,75,0.65,0.0,0.0,0.0,0.0
baseline,347,20260817,75,75,0.75,0.013333333333333334,0.0,0.0,0.0044444444444444444
baseline,348,20260817,75,75,0.8,0.0,0.0,0.0,0.0
baseline,349,20260817,75,75,0.6,0.02666666666666667,0.013333333333333334,0.05333333333333334,0.031111111111111114
baseline,350,20260817,75,75,0.5,0.08,0.08,0.09333333333333334,0.08444444444444445
baseline,351,20260817,75,75,0.8,0.0,0.0,0.013333333333333334,0.0044444444444444444
baseline,352,20260817,75,75,0.6,0.04,0.04,0.04,0.04
baseline,353,20260817,75,75,0.85,0.0,0.0,0.0,0.0
baseline,354,20260817,75,75,0.65,0.0,0.013333333333333334,0.0,0.0044444444444444444
baseline,355,20260817,75,75,0.7,0.0,0.0,0.013333333333333334,0.0044444444444444444
baseline,356,20260817,75,75,0.8,0.0,0.0,0.0,0.0
baseline,357,20260817,75,75,0.8,0.0,0.0,0.0,0.0
baseline,358,20260817,75,75,0.5,0.05333333333333334,0.06666666666666667,0.06666666666666667,0.06222222222222222
baseline,359,20260817,75,75,0.7,0.013333333333333334,0.013333333333333334,0.04,0.022222222222222223
baseline,360,20260817,75,75,0.65,0.0,0.04,0.013333333333333334,0.017777777777777778
baseline,361,20260817,75,75,0.65,0.02666666666666667,0.02666666666666667,0.02666666666666667,0.02666666666666667
baseline,362,20260817,75,75,0.8,0.0,0.0,0.0,0.0
baseline,363,20260817,75,75,0.85,0.0,0.0,0.0,0.0
baseline,364,20260817,75,75,0.75,0.0,0.0,0.0,0.0
baseline,365,20260817,75,75,0.7,0.02666666666666667,0.013333333333333334,0.013333333333333334,0.017777777777777778
baseline,366,20260817,75,75,0.7,0.0,0.013333333333333334,0.02666666666666667,0.013333333333333334
baseline,367,20260817,75,75,0.85,0.0,0.0,0.0,0.0
baseline,368,20260817,75,75,0.7,0.013333333333333334,0.0,0.013333333333333334,0.008888888888888889
baseline,369,20260817,75,75,0.6,0.05333333333333334,0.05333333333333334,0.04,0.04888888888888889
baseline,370,20260817,75,75,0.85,0.0,0.0,0.0,0.0
baseline,371,20260817,75,75,0.85,0.0,0.0,0.0,0.0
baseline,372,20260817,75,75,0.8,0.0,0.0,0.013333333333333334,0.0044444444444444444
baseline,373,20260817,75,75,0.7,0.013333333333333334,0.02666666666666667,0.02666666666666667,0.022222222222222223
baseline,374,20260817,75,75,0.65,0.02666666666666667,0.05333333333333334,0.02666666666666667,0.035555555555555556
baseline,375,20260817,75,75,0.7,0.013333333333333334,0.0,0.0,0.0044444444444444444
baseline,376,20260817,75,75,0.6,0.02666666666666667,0.04,0.04,0.035555555555555556
baseline,377,20260817,75,75,0.7,0.0,0.04,0.02666666666666667,0.022222222222222223
baseline,378,20260817,75,75,0.65,0.013333333333333334,0.013333333333333334,0.013333333333333334,0.013333333333333334
baseline,379,20260817,75,75,0.65,0.0,0.013333333333333334,0.0,0.0044444444444444444
baseline,380,20260817,75,75,0.6,0.02666666666666667,0.05333333333333334,0.02666666666666667,0.035555555555555556
baseline,381,20260817,75,75,0.8,0.0,0.0,0.0,0.0
baseline,382,20260817,75,75,0.8,0.0,0.0,0.0,0.0
baseline,383,20260817,75,75,0.8,0.0,0.0,0.0,0.0
baseline,384,20260817,75,75,0.8,0.0,0.0,0.0,0.0
baseline,385,20260817,75,75,0.65,0.013333333333333334,0.04,0.013333333333333334,0.022222222222222223
baseline,386,20260817,75,75,0.5,0.05333333333333334,0.08,0.04,0.05777777777777778
baseline,387,20260817,75,75,0.65,0.02666666666666667,0.013333333333333334,0.013333333333333334,0.017777777777777778
baseline,388,20260817,75,75,0.75,0.0,0.013333333333333334,0.0,0.0044444444444444444
baseline,389,20260817,75,75,0.6,0.06666666666666667,0.08,0.08,0.07555555555555556
baseline,390,20260817,75,75,0.8,0.0,0.0,0.0,0.0
baseline,391,20260817,75,75,0.7,0.0,0.013333333333333334,0.0,0.0044444444444444444
baseline,392,20260817,75,75,0.75,0.0,0.0,0.0,0.0
baseline,393,20260817,75,75,0.75,0.0,0.0,0.0,0.0
baseline,394,20260817,75,75,0.8,0.0,0.0,0.013333333333333334,0.0044444444444444444
baseline,395,20260817,75,75,0.6,0.04,0.06666666666666667,0.04,0.04888888888888889
baseline,396,20260817,75,75,0.75,0.0,0.0,0.0,0.0
baseline,397,20260817,75,75,0.8,0.0,0.0,0.0,0.0
baseline,398,20260817,75,75,0.55,0.013333333333333334,0.013333333333333334,0.02666666666666667,0.017777777777777778
baseline,399,20260817,75,75,0.7,0.02666666666666667,0.04,0.04,0.035555555555555556
baseline,400,20260817,75,75,0.75,0.0,0.0,0.0,0.0
baseline,401,20260817,75,75,0.65,0.0,0.0,0.0,0.0
baseline,402,20260817,75,75,0.6,0.0,0.02666666666666667,0.013333333333333334,0.013333333333333334
baseline,403,20260817,75,75,0.7,0.013333333333333334,0.013333333333333334,0.013333333333333334,0.013333333333333334
baseline,404,20260817,75,75,0.65,0.0,0.02666666666666667,0.02666666666666667,0.017777777777777778
baseline,405,20260817,75,75,0.65,0.013333333333333334,0.0,0.013333333333333334,0.008888888888888889
baseline,406,20260817,75,75,0.7,0.0,0.0,0.013333333333333334,0.0044444444444444444
baseline,407,20260817,75,75,0.7,0.0,0.0,0.013333333333333334,0.0044444444444444444
baseline,408,20260817,75,75,0.75,0.0,0.0,0.0,0.0
baseline,409,20260817,75,75,0.8,0.0,0.0,0.0,0.0
baseline,410,20260817,75,75,0.65,0.04,0.04,0.02666666666666667,0.035555555555555556
baseline,411,20260817,75,75,0.7,0.013333333333333334,0.013333333333333334,0.013333333333333334,0.013333333333333334
baseline,412,20260817,75,75,0.7,0.0,0.0,0.0,0.0
baseline,413,20260817,75,75,0.7,0.0,0.0,0.013333333333333334,0.0044444444444444444
baseline,414,20260817,75,75,0.7,0.02666666666666667,0.013333333333333334,0.013333333333333334,0.017777777777777778
baseline,415,20260817,75,75,0.75,0.0,0.0,0.013333333333333334,0.0044444444444444444
baseline,416,20260817,75,75,0.7,0.0,0.0,0.0,0.0
baseline,417,20260817,75,75,0.65,0.04,0.05333333333333334,0.04,0.044444444444444446
baseline,418,20260817,75,75,0.65,0.0,0.013333333333333334,0.0,0.0044444444444444444
baseline,419,20260817,75,75,0.65,0.0,0.04,0.02666666666666667,0.022222222222222223
baseline,420,20260817,75,75,0.7,0.013333333333333334,0.02666666666666667,0.02666666666666667,0.022222222222222223
baseline,421,20260817,75,75,0.65,0.04,0.05333333333333334,0.04,0.044444444444444446
baseline,422,20260817,75,75,0.65,0.06666666666666667,0.04,0.05333333333333334,0.05333333333333334
baseline,423,20260817,75,75,0.8,0.0,0.0,0.0,0.0
baseline,424,20260817,75,75,0.85,0.0,0.0,0.0,0.0
baseline,425,20260817,75,75,0.6,0.02666666666666667,0.06666666666666667,0.013333333333333334,0.035555555555555556
baseline,426,20260817,75,75,0.8,0.0,0.0,0.0,0.0
baseline,427,20260817,75,75,0.7,0.0,0.0,0.02666666666666667,0.008888888888888889
baseline,428,20260817,75,75,0.75,0.0,0.0,0.0,0.0
baseline,429,20260817,75,75,0.8,0.0,0.0,0.0,0.0
baseline,430,20260817,75,75,0.7,0.013333333333333334,0.013333333333333334,0.013333333333333334,0.013333333333333334
baseline,431,20260817,75,75,0.65,0.04,0.02666666666666667,0.02666666666666667,0.031111111111111114
baseline,432,20260817,75,75,0.7,0.0,0.0,0.0,0.0
baseline,433,20260817,75,75,0.75,0.0,0.0,0.0,0.0
baseline,434,20260817,75,75,0.7,0.0,0.0,0.0,0.0
baseline,435,20260817,75,75,0.7,0.0,0.0,0.013333333333333334,0.0044444444444444444
baseline,436,20260817,75,75,0.8,0.0,0.0,0.0,0.0
baseline,437,20260817,75,75,0.8,0.0,0.0,0.0,0.0
baseline,438,20260817,75,75,0.8,0.0,0.0,0.013333333333333334,0.0044444444444444444
baseline,439,20260817,75,75,0.7,0.0,0.013333333333333334,0.013333333333333334,0.008888888888888889
baseline,440,20260817,75,75,0.7,0.04,0.02666666666666667,0.04,0.035555555555555556
baseline,441,20260817,75,75,0.8,0.0,0.0,0.0,0.0
baseline,442,20260817,75,75,0.8,0.0,0.0,0.0,0.0
baseline,443,20260817,75,75,0.8,0.0,0.0,0.0,0.0
baseline,444,20260817,75,75,0.7,0.0,0.0,0.013333333333333334,0.0044444444444444444
baseline,445,20260817,75,75,0.65,0.013333333333333334,0.013333333333333334,0.02666666666666667,0.017777777777777778
baseline,446,20260817,75,75,0.75,0.0,0.0,0.0,0.0
baseline,447,20260817,75,75,0.75,0.0,0.0,0.0,0.0
baseline,448,20260817,75,75,0.7,0.0,0.0,0.0,0.0
baseline,449,20260817,75,75,0.65,0.04,0.02666666666666667,0.05333333333333334,0.04
baseline,450,20260817,75,75,0.8,0.0,0.0,0.0,0.0
baseline,451,20260817,75,75,0.55,0.06666666666666667,0.08,0.06666666666666667,0.07111111111111111
baseline,452,20260817,75,75,0.7,0.02666666666666667,0.013333333333333334,0.02666666666666667,0.022222222222222223
baseline,453,20260817,75,75,0.65,0.04,0.02666666666666667,0.04,0.035555555555555556
baseline,454,20260817,75,75,0.65,0.02666666666666667,0.02666666666666667,0.02666666666666667,0.02666666666666667
baseline,455,20260817,75,75,0.8,0.0,0.0,0.0,0.0
baseline,456,20260817,75,75,0.65,0.02666666666666667,0.013333333333333334,0.02666666666666667,0.022222222222222223
baseline,457,20260817,75,75,0.65,0.02666666666666667,0.02666666666666667,0.02666666666666667,0.02666666666666667
baseline,458,20260817,75,75,0.65,0.05333333333333334,0.02666666666666667,0.02666666666666667,0.035555555555555556
baseline,459,20260817,75,75,0.8,0.0,0.0,0.0,0.0
baseline,460,20260817,75,75,0.75,0.0,0.013333333333333334,0.0,0.0044444444444444444
baseline,461,20260817,75,75,0.7,0.0,0.0,0.0,0.0
baseline,462,20260817,75,75,0.6,0.02666666666666667,0.05333333333333334,0.06666666666666667,0.04888888888888889
baseline,463,20260817,75,75,0.8,0.0,0.0,0.0,0.0
baseline,464,20260817,75,75,0.75,0.0,0.0,0.0,0.0
baseline,465,20260817,75,75,0.8,0.0,0.0,0.0,0.0
baseline,466,20260817,75,75,0.65,0.013333333333333334,0.02666666666666667,0.02666666666666667,0.022222222222222223
baseline,467,20260817,75,75,0.85,0.0,0.0,0.0,0.0
baseline,468,20260817,75,75,0.8,0.0,0.0,0.0,0.0
baseline,469,20260817,75,75,0.7,0.0,0.0,0.0,0.0
baseline,470,20260817,75,75,0.7,0.02666666666666667,0.02666666666666667,0.02666666666666667,0.02666666666666667
baseline,471,20260817,75,75,0.7,0.013333333333333334,0.02666666666666667,0.04,0.02666666666666667
baseline,472,20260817,75,75,0.6,0.04,0.06666666666666667,0.04,0.04888888888888889
baseline,473,20260817,75,75,0.7,0.013333333333333334,0.013333333333333334,0.013333333333333334,0.013333333333333334
baseline,474,20260817,75,75,0.6,0.0,0.013333333333333334,0.013333333333333334,0.008888888888888889
baseline,475,20260817,75,75,0.65,0.02666666666666667,0.02666666666666667,0.0,0.017777777777777778
baseline,476,20260817,75,75,0.6,0.02666666666666667,0.06666666666666667,0.04,0.044444444444444446
baseline,477,20260817,75,75,0.7,0.0,0.0,0.0,0.0
baseline,478,20260817,75,75,0.65,0.02666666666666667,0.04,0.02666666666666667,0.031111111111111114
baseline,479,20260817,75,75,0.65,0.02666666666666667,0.04,0.05333333333333334,0.04
baseline,480,20260817,75,75,0.6,0.013333333333333334,0.02666666666666667,0.013333333333333334,0.017777777777777778
baseline,481,20260817,75,75,0.8,0.0,0.0,0.0,0.0
baseline,482,20260817,75,75,0.65,0.0,0.0,0.0,0.0
baseline,483,20260817,75,75,0.8,0.0,0.0,0.0,0.0
baseline,484,20260817,75,75,0.7,0.013333333333333334,0.0,0.0,0.0044444444444444444
baseline,485,20260817,75,75,0.65,0.0,0.02666666666666667,0.0,0.008888888888888889
baseline,486,20260817,75,75,0.65,0.04,0.04,0.04,0.04
baseline,487,20260817,75,75,0.8,0.0,0.0,0.0,0.0
baseline,488,20260817,75,75,0.85,0.0,0.0,0.0,0.0
baseline,489,20260817,75,75,0.7,0.013333333333333334,0.013333333333333334,0.02666666666666667,0.017777777777777778
baseline,490,20260817,75,75,0.65,0.013333333333333334,0.05333333333333334,0.02666666666666667,0.031111111111111114
baseline,491,20260817,75,75,0.65,0.013333333333333334,0.02666666666666667,0.013333333333333334,0.017777777777777778
baseline,492,20260817,75,75,0.85,0.0,0.0,0.0,0.0
baseline,493,20260817,75,75,0.6,0.04,0.04,0.08,0.05333333333333334
baseline,494,20260817,75,75,0.75,0.013333333333333334,0.013333333333333334,0.02666666666666667,0.017777777777777778
baseline,495,20260817,75,75,0.8,0.0,0.0,0.0,0.0
baseline,496,20260817,75,75,0.7,0.0,0.0,0.0,0.0
baseline,497,20260817,75,75,0.6,0.013333333333333334,0.05333333333333334,0.013333333333333334,0.02666666666666667
baseline,498,20260817,75,75,0.65,0.0,0.013333333333333334,0.0,0.0044444444444444444
baseline,499,20260817,75,75,0.7,0.013333333333333334,0.013333333333333334,0.013333333333333334,0.013333333333333334
baseline,500,20260817,75,75,0.7,0.013333333333333334,0.013333333333333334,0.013333333333333334,0.013333333333333334
baseline,501,20260817,75,75,0.7,0.0,0.0,0.0,0.0
baseline,502,20260817,75,75,0.65,0.013333333333333334,0.06666666666666667,0.02666666666666667,0.035555555555555556
baseline,503,20260817,75,75,0.6,0.04,0.04,0.02666666666666667,0.035555555555555556
baseline,504,20260817,75,75,0.8,0.0,0.0,0.0,0.0
baseline,505,20260817,75,75,0.75,0.0,0.0,0.0,0.0
baseline,506,20260817,75,75,0.65,0.0,0.02666666666666667,0.02666666666666667,0.017777777777777778
baseline,507,20260817,75,75,0.7,0.0,0.013333333333333334,0.02666666666666667,0.013333333333333334
baseline,508,20260817,75,75,0.6,0.04,0.08,0.05333333333333334,0.05777777777777778
baseline,509,20260817,75,75,0.8,0.0,0.0,0.0,0.0
baseline,510,20260817,75,75,0.85,0.0,0.0,0.0,0.0
baseline,511,20260817,75,75,0.7,0.0,0.013333333333333334,0.013333333333333334,0.008888888888888889
baseline,512,20260817,75,75,0.75,0.02666666666666667,0.013333333333333334,0.0,0.013333333333333334
baseline,513,20260817,75,75,0.7,0.013333333333333334,0.02666666666666667,0.02666666666666667,0.022222222222222223
baseline,514,20260817,75,75,0.8,0.0,0.0,0.0,0.0
baseline,515,20260817,75,75,0.8,0.0,0.0,0.013333333333333334,0.0044444444444444444
baseline,516,20260817,75,75,0.8,0.0,0.0,0.0,0.0
baseline,517,20260817,75,75,0.65,0.013333333333333334,0.02666666666666667,0.0,0.013333333333333334
baseline,518,20260817,75,75,0.55,0.05333333333333334,0.06666666666666667,0.05333333333333334,0.05777777777777778
baseline,519,20260817,75,75,0.7,0.0,0.0,0.013333333333333334,0.0044444444444444444
baseline,520,20260817,75,75,0.65,0.02666666666666667,0.04,0.02666666666666667,0.031111111111111114
baseline,521,20260817,75,75,0.7,0.013333333333333334,0.013333333333333334,0.02666666666666667,0.017777777777777778
baseline,522,20260817,75,75,0.8,0.0,0.0,0.0,0.0
baseline,523,20260817,75,75,0.65,0.02666666666666667,0.013333333333333334,0.013333333333333334,0.017777777777777778
baseline,524,20260817,75,75,0.6,0.05333333333333334,0.05333333333333334,0.05333333333333334,0.05333333333333334
baseline,525,20260817,75,75,0.8,0.0,0.0,0.0,0.0
baseline,526,20260817,75,75,0.65,0.02666666666666667,0.013333333333333334,0.013333333333333334,0.017777777777777778
baseline,527,20260817,75,75,0.7,0.013333333333333334,0.0,0.0,0.0044444444444444444
baseline,528,20260817,75,75,0.7,0.0,0.0,0.013333333333333334,0.0044444444444444444
baseline,529,20260817,75,75,0.6,0.0,0.02666666666666667,0.04,0.022222222222222223
baseline,530,20260817,75,75,0.7,0.013333333333333334,0.013333333333333334,0.013333333333333334,0.013333333333333334
baseline,531,20260817,75,75,0.55,0.04,0.02666666666666667,0.05333333333333334,0.04
baseline,532,20260817,75,75,0.75,0.0,0.0,0.013333333333333334,0.0044444444444444444
baseline,533,20260817,75,75,0.7,0.02666666666666667,0.04,0.04,0.035555555555555556
baseline,534,20260817,75,75,0.8,0.0,0.0,0.0,0.0
baseline,535,20260817,75,75,0.6,0.02666666666666667,0.05333333333333334,0.02666666666666667,0.035555555555555556
baseline,536,20260817,75,75,0.75,0.0,0.0,0.013333333333333334,0.0044444444444444444
baseline,537,20260817,75,75,0.65,0.02666666666666667,0.02666666666666667,0.013333333333333334,0.022222222222222223
baseline,538,20260817,75,75,0.65,0.0,0.02666666666666667,0.013333333333333334,0.013333333333333334
baseline,539,20260817,75,75,0.7,0.02666666666666667,0.013333333333333334,0.02666666666666667,0.022222222222222223
baseline,540,20260817,75,75,0.75,0.0,0.0,0.0,0.0
baseline,541,20260817,75,75,0.7,0.013333333333333334,0.02666666666666667,0.02666666666666667,0.022222222222222223
baseline,542,20260817,75,75,0.7,0.02666666666666667,0.04,0.06666666666666667,0.044444444444444446
baseline,543,20260817,75,75,0.7,0.013333333333333334,0.013333333333333334,0.02666666666666667,0.017777777777777778
baseline,544,20260817,75,75,0.8,0.0,0.0,0.0,0.0
baseline,545,20260817,75,75,0.75,0.0,0.0,0.013333333333333334,0.0044444444444444444
baseline,546,20260817,75,75,0.8,0.0,0.0,0.0,0.0
baseline,547,20260817,75,75,0.8,0.0,0.0,0.0,0.0
baseline,548,20260817,75,75,0.8,0.0,0.0,0.0,0.0
baseline,549,20260817,75,75,0.65,0.0,0.013333333333333334,0.0,0.0044444444444444444
baseline,550,20260817,75,75,0.7,0.0,0.0,0.013333333333333334,0.0044444444444444444
baseline,551,20260817,75,75,0.8,0.0,0.0,0.0,0.0
baseline,552,20260817,75,75,0.65,0.02666666666666667,0.02666666666666667,0.02666666666666667,0.02666666666666667
baseline,553,20260817,75,75,0.8,0.0,0.0,0.0,0.0
baseline,554,20260817,75,75,0.8,0.0,0.0,0.0,0.0
baseline,555,20260817,75,75,0.8,0.0,0.0,0.0,0.0
baseline,556,20260817,75,75,0.6,0.05333333333333334,0.02666666666666667,0.04,0.04
baseline,557,20260817,75,75,0.65,0.013333333333333334,0.02666666666666667,0.04,0.02666666666666667
baseline,558,20260817,75,75,0.7,0.02666666666666667,0.013333333333333334,0.02666666666666667,0.022222222222222223
baseline,559,20260817,75,75,0.6,0.013333333333333334,0.04,0.04,0.03111111111111111
baseline,560,20260817,75,75,0.8,0.0,0.0,0.013333333333333334,0.0044444444444444444
baseline,561,20260817,75,75,0.8,0.0,0.0,0.0,0.0
baseline,562,20260817,75,75,0.8,0.0,0.0,0.0,0.0
baseline,563,20260817,75,75,0.8,0.0,0.0,0.0,0.0
baseline,564,20260817,75,75,0.7,0.0,0.0,0.0,0.0
baseline,565,20260817,75,75,0.75,0.0,0.013333333333333334,0.013333333333333334,0.008888888888888889
baseline,566,20260817,75,75,0.7,0.0,0.0,0.0,0.0
baseline,567,20260817,75,75,0.75,0.0,0.0,0.0,0.0
baseline,568,20260817,75,75,0.8,0.0,0.0,0.0,0.0
baseline,569,20260817,75,75,0.65,0.02666666666666667,0.05333333333333334,0.04,0.04
baseline,570,20260817,75,75,0.75,0.0,0.0,0.0,0.0
baseline,571,20260817,75,75,0.8,0.0,0.0,0.0,0.0
baseline,572,20260817,75,75,0.7,0.0,0.013333333333333334,0.013333333333333334,0.008888888888888889
baseline,573,20260817,75,75,0.8,0.0,0.0,0.0,0.0
baseline,574,20260817,75,75,0.6,0.013333333333333334,0.02666666666666667,0.02666666666666667,0.022222222222222223
baseline,575,20260817,75,75,0.65,0.0,0.013333333333333334,0.013333333333333334,0.008888888888888889
baseline,576,20260817,75,75,0.7,0.013333333333333334,0.013333333333333334,0.013333333333333334,0.013333333333333334
baseline,577,20260817,75,75,0.6,0.013333333333333334,0.02666666666666667,0.02666666666666667,0.022222222222222223
baseline,578,20260817,75,75,0.75,0.0,0.0,0.0,0.0
baseline,579,20260817,75,75,0.65,0.0,0.0,0.0,0.0
baseline,580,20260817,75,75,0.6,0.013333333333333334,0.02666666666666667,0.02666666666666667,0.022222222222222223
baseline,581,20260817,75,75,0.75,0.0,0.0,0.0,0.0
baseline,582,20260817,75,75,0.7,0.02666666666666667,0.013333333333333334,0.02666666666666667,0.022222222222222223
baseline,583,20260817,75,75,0.7,0.04,0.04,0.04,0.04
baseline,584,20260817,75,75,0.7,0.0,0.0,0.0,0.0
baseline,585,20260817,75,75,0.75,0.013333333333333334,0.0,0.0,0.0044444444444444444
baseline,586,20260817,75,75,0.75,0.0,0.0,0.0,0.0
baseline,587,20260817,75,75,0.8,0.0,0.0,0.0,0.0
baseline,588,20260817,75,75,0.5,0.06666666666666667,0.08,0.06666666666666667,0.07111111111111111
baseline,589,20260817,75,75,0.65,0.02666666666666667,0.04,0.02666666666666667,0.031111111111111114
baseline,590,20260817,75,75,0.65,0.013333333333333334,0.04,0.04,0.03111111111111111
baseline,591,20260817,75,75,0.75,0.013333333333333334,0.013333333333333334,0.0,0.008888888888888889
baseline,592,20260817,75,75,0.8,0.0,0.0,0.0,0.0
baseline,593,20260817,75,75,0.7,0.0,0.0,0.0,0.0
baseline,594,20260817,75,75,0.65,0.02666666666666667,0.02666666666666667,0.05333333333333334,0.035555555555555556
baseline,595,20260817,75,75,0.75,0.0,0.0,0.0,0.0
baseline,596,20260817,75,75,0.8,0.0,0.0,0.0,0.0
baseline,597,20260817,75,75,0.85,0.0,0.0,0.0,0.0
baseline,598,20260817,75,75,0.7,0.02666666666666667,0.013333333333333334,0.02666666666666667,0.022222222222222223
baseline,599,20260817,75,75,0.85,0.0,0.0,0.0,0.0
baseline,600,20260817,75,75,0.85,0.0,0.0,0.0,0.0
baseline,601,20260817,75,75,0.65,0.013333333333333334,0.04,0.013333333333333334,0.022222222222222223
baseline,602,20260817,75,75,0.65,0.013333333333333334,0.02666666666666667,0.02666666666666667,0.022222222222222223
baseline,603,20260817,75,75,0.8,0.0,0.0,0.013333333333333334,0.0044444444444444444
baseline,604,20260817,75,75,0.7,0.013333333333333334,0.0,0.013333333333333334,0.008888888888888889
baseline,605,20260817,75,75,0.6,0.013333333333333334,0.05333333333333334,0.05333333333333334,0.04
baseline,606,20260817,75,75,0.65,0.0,0.04,0.02666666666666667,0.022222222222222223
baseline,607,20260817,75,75,0.8,0.0,0.0,0.0,0.0
baseline,608,20260817,75,75,0.6,0.0,0.05333333333333334,0.013333333333333334,0.022222222222222223
baseline,609,20260817,75,75,0.75,0.0,0.0,0.0,0.0
baseline,610,20260817,75,75,0.55,0.04,0.04,0.05333333333333334,0.044444444444444446
baseline,611,20260817,75,75,0.8,0.0,0.0,0.0,0.0
baseline,612,20260817,75,75,0.7,0.02666666666666667,0.04,0.04,0.035555555555555556
baseline,613,20260817,75,75,0.8,0.0,0.0,0.0,0.0
baseline,614,20260817,75,75,0.6,0.02666666666666667,0.02666666666666667,0.02666666666666667,0.02666666666666667
baseline,615,20260817,75,75,0.75,0.013333333333333334,0.0,0.013333333333333334,0.008888888888888889
baseline,616,20260817,75,75,0.75,0.013333333333333334,0.0,0.013333333333333334,0.008888888888888889
baseline,617,20260817,75,75,0.7,0.0,0.0,0.0,0.0
baseline,618,20260817,75,75,0.7,0.0,0.013333333333333334,0.02666666666666667,0.013333333333333334
baseline,619,20260817,75,75,0.7,0.02666666666666667,0.0,0.013333333333333334,0.013333333333333334
baseline,620,20260817,75,75,0.85,0.0,0.0,0.0,0.0
baseline,621,20260817,75,75,0.75,0.0,0.0,0.013333333333333334,0.0044444444444444444
baseline,622,20260817,75,75,0.8,0.0,0.0,0.0,0.0
baseline,623,20260817,75,75,0.75,0.0,0.0,0.0,0.0
baseline,624,20260817,75,75,0.65,0.0,0.013333333333333334,0.0,0.0044444444444444444
baseline,625,20260817,75,75,0.7,0.0,0.013333333333333334,0.02666666666666667,0.013333333333333334
baseline,626,20260817,75,75,0.65,0.0,0.0,0.013333333333333334,0.0044444444444444444
baseline,627,20260817,75,75,0.75,0.0,0.013333333333333334,0.0,0.0044444444444444444
baseline,628,20260817,75,75,0.7,0.0,0.0,0.013333333333333334,0.0044444444444444444
baseline,629,20260817,75,75,0.8,0.0,0.0,0.0,0.0
baseline,630,20260817,75,75,0.65,0.013333333333333334,0.02666666666666667,0.04,0.02666666666666667
baseline,631,20260817,75,75,0.8,0.0,0.0,0.0,0.0
baseline,632,20260817,75,75,0.7,0.013333333333333334,0.013333333333333334,0.02666666666666667,0.017777777777777778
baseline,633,20260817,75,75,0.65,0.0,0.013333333333333334,0.0,0.0044444444444444444
baseline,634,20260817,75,75,0.8,0.0,0.0,0.0,0.0
baseline,635,20260817,75,75,0.85,0.0,0.0,0.0,0.0
baseline,636,20260817,75,75,0.8,0.0,0.0,0.0,0.0
baseline,637,20260817,75,75,0.7,0.0,0.0,0.013333333333333334,0.0044444444444444444
baseline,638,20260817,75,75,0.8,0.0,0.0,0.0,0.0
baseline,639,20260817,75,75,0.8,0.0,0.0,0.0,0.0
baseline,640,20260817,75,75,0.65,0.0,0.04,0.04,0.02666666666666667
baseline,641,20260817,75,75,0.75,0.013333333333333334,0.013333333333333334,0.02666666666666667,0.017777777777777778
baseline,642,20260817,75,75,0.7,0.0,0.0,0.013333333333333334,0.0044444444444444444
baseline,643,20260817,75,75,0.8,0.0,0.0,0.013333333333333334,0.0044444444444444444
baseline,644,20260817,75,75,0.6,0.02666666666666667,0.04,0.04,0.035555555555555556
baseline,645,20260817,75,75,0.65,0.0,0.013333333333333334,0.013333333333333334,0.008888888888888889
baseline,646,20260817,75,75,0.7,0.0,0.013333333333333334,0.0,0.0044444444444444444
baseline,647,20260817,75,75,0.6,0.013333333333333334,0.02666666666666667,0.013333333333333334,0.017777777777777778
baseline,648,20260817,75,75,0.6,0.02666666666666667,0.04,0.02666666666666667,0.031111111111111114
baseline,649,20260817,75,75,0.8,0.0,0.0,0.013333333333333334,0.0044444444444444444
baseline,650,20260817,75,75,0.65,0.02666666666666667,0.06666666666666667,0.02666666666666667,0.04
baseline,651,20260817,75,75,0.6,0.02666666666666667,0.05333333333333334,0.02666666666666667,0.035555555555555556
baseline,652,20260817,75,75,0.7,0.0,0.013333333333333334,0.013333333333333334,0.008888888888888889
baseline,653,20260817,75,75,0.7,0.02666666666666667,0.013333333333333334,0.0,0.013333333333333334
baseline,654,20260817,75,75,0.75,0.02666666666666667,0.013333333333333334,0.0,0.013333333333333334
baseline,655,20260817,75,75,0.7,0.02666666666666667,0.013333333333333334,0.02666666666666667,0.022222222222222223
baseline,656,20260817,75,75,0.8,0.0,0.0,0.0,0.0
baseline,657,20260817,75,75,0.75,0.013333333333333334,0.0,0.0,0.0044444444444444444
baseline,658,20260817,75,75,0.65,0.02666666666666667,0.02666666666666667,0.02666666666666667,0.02666666666666667
baseline,659,20260817,75,75,0.8,0.0,0.0,0.0,0.0
baseline,660,20260817,75,75,0.65,0.013333333333333334,0.02666666666666667,0.013333333333333334,0.017777777777777778
baseline,661,20260817,75,75,0.7,0.02666666666666667,0.0,0.02666666666666667,0.017777777777777778
baseline,662,20260817,75,75,0.85,0.0,0.0,0.0,0.0
baseline,663,20260817,75,75,0.7,0.013333333333333334,0.013333333333333334,0.02666666666666667,0.017777777777777778
baseline,664,20260817,75,75,0.8,0.0,0.0,0.0,0.0
baseline,665,20260817,75,75,0.7,0.04,0.02666666666666667,0.02666666666666667,0.031111111111111114
baseline,666,20260817,75,75,0.75,0.013333333333333334,0.0,0.0,0.0044444444444444444
baseline,667,20260817,75,75,0.65,0.04,0.05333333333333334,0.013333333333333334,0.035555555555555556
baseline,668,20260817,75,75,0.85,0.0,0.0,0.0,0.0
baseline,669,20260817,75,75,0.7,0.0,0.013333333333333334,0.013333333333333334,0.008888888888888889
baseline,670,20260817,75,75,0.6,0.02666666666666667,0.013333333333333334,0.02666666666666667,0.022222222222222223
baseline,671,20260817,75,75,0.6,0.013333333333333334,0.05333333333333334,0.013333333333333334,0.02666666666666667
baseline,672,20260817,75,75,0.65,0.0,0.02666666666666667,0.02666666666666667,0.017777777777777778
baseline,673,20260817,75,75,0.7,0.02666666666666667,0.02666666666666667,0.02666666666666667,0.02666666666666667
baseline,674,20260817,75,75,0.75,0.0,0.0,0.02666666666666667,0.008888888888888889
baseline,675,20260817,75,75,0.75,0.0,0.0,0.0,0.0
baseline,676,20260817,75,75,0.75,0.013333333333333334,0.013333333333333334,0.013333333333333334,0.013333333333333334
baseline,677,20260817,75,75,0.6,0.0,0.02666666666666667,0.013333333333333334,0.013333333333333334
baseline,678,20260817,75,75,0.65,0.0,0.013333333333333334,0.0,0.0044444444444444444
baseline,679,20260817,75,75,0.7,0.02666666666666667,0.0,0.0,0.008888888888888889
baseline,680,20260817,75,75,0.85,0.0,0.0,0.0,0.0
baseline,681,20260817,75,75,0.7,0.0,0.0,0.0,0.0
baseline,682,20260817,75,75,0.8,0.0,0.0,0.0,0.0
baseline,683,20260817,75,75,0.85,0.0,0.0,0.0,0.0
baseline,684,20260817,75,75,0.8,0.0,0.0,0.0,0.0
baseline,685,20260817,75,75,0.7,0.0,0.0,0.013333333333333334,0.0044444444444444444
baseline,686,20260817,75,75,0.6,0.04,0.02666666666666667,0.04,0.035555555555555556
baseline,687,20260817,75,75,0.6,0.013333333333333334,0.04,0.05333333333333334,0.035555555555555556
baseline,688,20260817,75,75,0.75,0.013333333333333334,0.013333333333333334,0.0,0.008888888888888889
baseline,689,20260817,75,75,0.75,0.0,0.013333333333333334,0.0,0.0044444444444444444
baseline,690,20260817,75,75,0.75,0.0,0.0,0.0,0.0
baseline,691,20260817,75,75,0.8,0.0,0.0,0.0,0.0
baseline,692,20260817,75,75,0.8,0.0,0.0,0.0,0.0
baseline,693,20260817,75,75,0.7,0.013333333333333334,0.02666666666666667,0.02666666666666667,0.022222222222222223
baseline,694,20260817,75,75,0.65,0.013333333333333334,0.02666666666666667,0.02666666666666667,0.022222222222222223
baseline,695,20260817,75,75,0.75,0.0,0.0,0.0,0.0
baseline,696,20260817,75,75,0.85,0.0,0.0,0.0,0.0
baseline,697,20260817,75,75,0.85,0.0,0.0,0.0,0.0
baseline,698,20260817,75,75,0.6,0.013333333333333334,0.05333333333333334,0.04,0.035555555555555556
baseline,699,20260817,75,75,0.75,0.0,0.0,0.0,0.0
baseline,700,20260817,75,75,0.7,0.013333333333333334,0.0,0.013333333333333334,0.008888888888888889
baseline,701,20260817,75,75,0.7,0.0,0.013333333333333334,0.0,0.0044444444444444444
baseline,702,20260817,75,75,0.8,0.0,0.0,0.0,0.0
baseline,703,20260817,75,75,0.6,0.02666666666666667,0.05333333333333334,0.02666666666666667,0.035555555555555556
baseline,704,20260817,75,75,0.75,0.0,0.0,0.0,0.0
baseline,705,20260817,75,75,0.7,0.013333333333333334,0.013333333333333334,0.013333333333333334,0.013333333333333334
baseline,706,20260817,75,75,0.6,0.013333333333333334,0.04,0.04,0.03111111111111111
baseline,707,20260817,75,75,0.75,0.013333333333333334,0.0,0.0,0.0044444444444444444
baseline,708,20260817,75,75,0.65,0.02666666666666667,0.013333333333333334,0.05333333333333334,0.031111111111111114
baseline,709,20260817,75,75,0.8,0.0,0.0,0.0,0.0
baseline,710,20260817,75,75,0.7,0.04,0.02666666666666667,0.02666666666666667,0.031111111111111114
baseline,711,20260817,75,75,0.7,0.0,0.0,0.0,0.0
baseline,712,20260817,75,75,0.65,0.0,0.0,0.0,0.0
baseline,713,20260817,75,75,0.65,0.0,0.013333333333333334,0.0,0.0044444444444444444
baseline,714,20260817,75,75,0.65,0.013333333333333334,0.013333333333333334,0.013333333333333334,0.013333333333333334
baseline,715,20260817,75,75,0.7,0.0,0.0,0.0,0.0
baseline,716,20260817,75,75,0.7,0.0,0.013333333333333334,0.013333333333333334,0.008888888888888889
baseline,717,20260817,75,75,0.6,0.0,0.02666666666666667,0.0,0.008888888888888889
baseline,718,20260817,75,75,0.75,0.0,0.0,0.0,0.0
baseline,719,20260817,75,75,0.65,0.013333333333333334,0.06666666666666667,0.04,0.04
baseline,720,20260817,75,75,0.75,0.0,0.0,0.0,0.0
baseline,721,20260817,75,75,0.65,0.0,0.013333333333333334,0.013333333333333334,0.008888888888888889
baseline,722,20260817,75,75,0.75,0.0,0.0,0.0,0.0
baseline,723,20260817,75,75,0.6,0.06666666666666667,0.08,0.08,0.07555555555555556
baseline,724,20260817,75,75,0.85,0.0,0.0,0.0,0.0
baseline,725,20260817,75,75,0.8,0.0,0.0,0.0,0.0
baseline,726,20260817,75,75,0.8,0.0,0.0,0.0,0.0
baseline,727,20260817,75,75,0.65,0.013333333333333334,0.04,0.05333333333333334,0.035555555555555556
baseline,728,20260817,75,75,0.85,0.0,0.0,0.0,0.0
baseline,729,20260817,75,75,0.8,0.0,0.0,0.0,0.0
baseline,730,20260817,75,75,0.6,0.02666666666666667,0.08,0.02666666666666667,0.044444444444444446
baseline,731,20260817,75,75,0.65,0.0,0.013333333333333334,0.013333333333333334,0.008888888888888889
baseline,732,20260817,75,75,0.55,0.02666666666666667,0.04,0.06666666666666667,0.044444444444444446
baseline,733,20260817,75,75,0.7,0.0,0.0,0.013333333333333334,0.0044444444444444444
baseline,734,20260817,75,75,0.75,0.0,0.0,0.0,0.0
baseline,735,20260817,75,75,0.6,0.04,0.04,0.04,0.04
baseline,736,20260817,75,75,0.65,0.02666666666666667,0.04,0.04,0.035555555555555556
baseline,737,20260817,75,75,0.7,0.013333333333333334,0.02666666666666667,0.02666666666666667,0.022222222222222223
baseline,738,20260817,75,75,0.6,0.013333333333333334,0.02666666666666667,0.05333333333333334,0.031111111111111114
baseline,739,20260817,75,75,0.7,0.013333333333333334,0.0,0.0,0.0044444444444444444
baseline,740,20260817,75,75,0.75,0.0,0.0,0.0,0.0
baseline,741,20260817,75,75,0.7,0.02666666666666667,0.04,0.04,0.035555555555555556
baseline,742,20260817,75,75,0.65,0.04,0.04,0.013333333333333334,0.03111111111111111
baseline,743,20260817,75,75,0.75,0.02666666666666667,0.02666666666666667,0.0,0.017777777777777778
baseline,744,20260817,75,75,0.7,0.013333333333333334,0.013333333333333334,0.02666666666666667,0.017777777777777778
baseline,745,20260817,75,75,0.6,0.05333333333333334,0.05333333333333334,0.04,0.04888888888888889
baseline,746,20260817,75,75,0.65,0.0,0.02666666666666667,0.02666666666666667,0.017777777777777778
baseline,747,20260817,75,75,0.75,0.013333333333333334,0.0,0.0,0.0044444444444444444
baseline,748,20260817,75,75,0.65,0.013333333333333334,0.05333333333333334,0.0,0.022222222222222223
baseline,749,20260817,75,75,0.65,0.013333333333333334,0.02666666666666667,0.02666666666666667,0.022222222222222223
baseline,750,20260817,75,75,0.6,0.02666666666666667,0.04,0.04,0.035555555555555556
baseline,751,20260817,75,75,0.7,0.013333333333333334,0.04,0.013333333333333334,0.022222222222222223
baseline,752,20260817,75,75,0.75,0.0,0.0,0.0,0.0
baseline,753,20260817,75,75,0.7,0.02666666666666667,0.013333333333333334,0.013333333333333334,0.017777777777777778
baseline,754,20260817,75,75,0.75,0.0,0.013333333333333334,0.0,0.0044444444444444444
baseline,755,20260817,75,75,0.7,0.0,0.013333333333333334,0.0,0.0044444444444444444
baseline,756,20260817,75,75,0.7,0.04,0.02666666666666667,0.04,0.035555555555555556
baseline,757,20260817,75,75,0.75,0.013333333333333334,0.013333333333333334,0.0,0.008888888888888889
baseline,758,20260817,75,75,0.7,0.013333333333333334,0.013333333333333334,0.02666666666666667,0.017777777777777778
baseline,759,20260817,75,75,0.65,0.02666666666666667,0.04,0.05333333333333334,0.04
baseline,760,20260817,75,75,0.75,0.0,0.0,0.0,0.0
baseline,761,20260817,75,75,0.65,0.02666666666666667,0.013333333333333334,0.04,0.02666666666666667
baseline,762,20260817,75,75,0.85,0.0,0.0,0.0,0.0
baseline,763,20260817,75,75,0.6,0.013333333333333334,0.06666666666666667,0.04,0.04
baseline,764,20260817,75,75,0.75,0.02666666666666667,0.013333333333333334,0.013333333333333334,0.017777777777777778
baseline,765,20260817,75,75,0.7,0.013333333333333334,0.013333333333333334,0.02666666666666667,0.017777777777777778
baseline,766,20260817,75,75,0.6,0.02666666666666667,0.04,0.013333333333333334,0.02666666666666667
baseline,767,20260817,75,75,0.65,0.0,0.02666666666666667,0.0,0.008888888888888889
baseline,768,20260817,75,75,0.7,0.0,0.0,0.013333333333333334,0.0044444444444444444
baseline,769,20260817,75,75,0.7,0.013333333333333334,0.04,0.013333333333333334,0.022222222222222223
baseline,770,20260817,75,75,0.75,0.0,0.0,0.0,0.0
baseline,771,20260817,75,75,0.7,0.013333333333333334,0.0,0.0,0.0044444444444444444
baseline,772,20260817,75,75,0.65,0.0,0.013333333333333334,0.013333333333333334,0.008888888888888889
baseline,773,20260817,75,75,0.65,0.02666666666666667,0.05333333333333334,0.02666666666666667,0.035555555555555556
baseline,774,20260817,75,75,0.7,0.02666666666666667,0.013333333333333334,0.013333333333333334,0.017777777777777778
baseline,775,20260817,75,75,0.7,0.013333333333333334,0.013333333333333334,0.02666666666666667,0.017777777777777778
baseline,776,20260817,75,75,0.7,0.013333333333333334,0.0,0.0,0.0044444444444444444
baseline,777,20260817,75,75,0.6,0.04,0.08,0.06666666666666667,0.06222222222222222
baseline,778,20260817,75,75,0.65,0.0,0.013333333333333334,0.013333333333333334,0.008888888888888889
baseline,779,20260817,75,75,0.65,0.013333333333333334,0.02666666666666667,0.04,0.02666666666666667
baseline,780,20260817,75,75,0.6,0.04,0.05333333333333334,0.04,0.044444444444444446
baseline,781,20260817,75,75,0.7,0.0,0.0,0.0,0.0
baseline,782,20260817,75,75,0.7,0.013333333333333334,0.013333333333333334,0.013333333333333334,0.013333333333333334
baseline,783,20260817,75,75,0.75,0.0,0.013333333333333334,0.0,0.0044444444444444444
baseline,784,20260817,75,75,0.8,0.0,0.0,0.0,0.0
baseline,785,20260817,75,75,0.65,0.013333333333333334,0.013333333333333334,0.02666666666666667,0.017777777777777778
baseline,786,20260817,75,75,0.85,0.0,0.0,0.0,0.0
baseline,787,20260817,75,75,0.8,0.0,0.0,0.0,0.0
baseline,788,20260817,75,75,0.65,0.0,0.0,0.013333333333333334,0.0044444444444444444
baseline,789,20260817,75,75,0.8,0.0,0.0,0.0,0.0
baseline,790,20260817,75,75,0.7,0.013333333333333334,0.013333333333333334,0.013333333333333334,0.013333333333333334
baseline,791,20260817,75,75,0.7,0.0,0.013333333333333334,0.013333333333333334,0.008888888888888889
baseline,792,20260817,75,75,0.7,0.013333333333333334,0.0,0.013333333333333334,0.008888888888888889
baseline,793,20260817,75,75,0.8,0.0,0.0,0.0,0.0
baseline,794,20260817,75,75,0.7,0.0,0.02666666666666667,0.02666666666666667,0.017777777777777778
baseline,795,20260817,75,75,0.7,0.013333333333333334,0.013333333333333334,0.013333333333333334,0.013333333333333334
baseline,796,20260817,75,75,0.65,0.02666666666666667,0.04,0.013333333333333334,0.02666666666666667
baseline,797,20260817,75,75,0.8,0.0,0.0,0.0,0.0
baseline,798,20260817,75,75,0.75,0.013333333333333334,0.013333333333333334,0.0,0.008888888888888889
baseline,799,20260817,75,75,0.6,0.013333333333333334,0.04,0.0,0.017777777777777778
baseline,800,20260817,75,75,0.65,0.0,0.013333333333333334,0.013333333333333334,0.008888888888888889
baseline,801,20260817,75,75,0.6,0.013333333333333334,0.04,0.06666666666666667,0.04
baseline,802,20260817,75,75,0.65,0.04,0.04,0.04,0.04
baseline,803,20260817,75,75,0.85,0.0,0.0,0.0,0.0
baseline,804,20260817,75,75,0.7,0.0,0.013333333333333334,0.02666666666666667,0.013333333333333334
baseline,805,20260817,75,75,0.8,0.0,0.0,0.0,0.0
baseline,806,20260817,75,75,0.85,0.0,0.0,0.0,0.0
baseline,807,20260817,75,75,0.75,0.0,0.0,0.0,0.0
baseline,808,20260817,75,75,0.6,0.013333333333333334,0.04,0.05333333333333334,0.035555555555555556
baseline,809,20260817,75,75,0.75,0.0,0.0,0.0,0.0
baseline,810,20260817,75,75,0.7,0.0,0.013333333333333334,0.013333333333333334,0.008888888888888889
baseline,811,20260817,75,75,0.7,0.0,0.0,0.013333333333333334,0.0044444444444444444
baseline,812,20260817,75,75,0.75,0.013333333333333334,0.013333333333333334,0.013333333333333334,0.013333333333333334
baseline,813,20260817,75,75,0.8,0.0,0.0,0.0,0.0
baseline,814,20260817,75,75,0.8,0.0,0.0,0.0,0.0
baseline,815,20260817,75,75,0.7,0.0,0.013333333333333334,0.013333333333333334,0.008888888888888889
baseline,816,20260817,75,75,0.65,0.013333333333333334,0.0,0.013333333333333334,0.008888888888888889
baseline,817,20260817,75,75,0.6,0.02666666666666667,0.04,0.05333333333333334,0.04
baseline,818,20260817,75,75,0.7,0.02666666666666667,0.02666666666666667,0.04,0.031111111111111114
baseline,819,20260817,75,75,0.55,0.08,0.06666666666666667,0.06666666666666667,0.07111111111111111
baseline,820,20260817,75,75,0.7,0.0,0.0,0.0,0.0
baseline,821,20260817,75,75,0.65,0.04,0.05333333333333334,0.02666666666666667,0.04
baseline,822,20260817,75,75,0.8,0.0,0.0,0.0,0.0
baseline,823,20260817,75,75,0.7,0.0,0.0,0.0,0.0
baseline,824,20260817,75,75,0.65,0.0,0.02666666666666667,0.0,0.008888888888888889
baseline,825,20260817,75,75,0.8,0.0,0.0,0.0,0.0
baseline,826,20260817,75,75,0.85,0.0,0.0,0.0,0.0
baseline,827,20260817,75,75,0.75,0.013333333333333334,0.013333333333333334,0.0,0.008888888888888889
baseline,828,20260817,75,75,0.7,0.013333333333333334,0.013333333333333334,0.013333333333333334,0.013333333333333334
baseline,829,20260817,75,75,0.6,0.013333333333333334,0.02666666666666667,0.04,0.02666666666666667
baseline,830,20260817,75,75,0.7,0.013333333333333334,0.013333333333333334,0.013333333333333334,0.013333333333333334
baseline,831,20260817,75,75,0.7,0.013333333333333334,0.0,0.0,0.0044444444444444444
baseline,832,20260817,75,75,0.8,0.0,0.0,0.0,0.0
baseline,833,20260817,75,75,0.65,0.013333333333333334,0.04,0.06666666666666667,0.04
baseline,834,20260817,75,75,0.8,0.0,0.0,0.0,0.0
baseline,835,20260817,75,75,0.8,0.0,0.0,0.0,0.0
baseline,836,20260817,75,75,0.75,0.0,0.0,0.013333333333333334,0.0044444444444444444
baseline,837,20260817,75,75,0.65,0.0,0.0,0.013333333333333334,0.0044444444444444444
baseline,838,20260817,75,75,0.65,0.04,0.04,0.04,0.04
baseline,839,20260817,75,75,0.7,0.013333333333333334,0.013333333333333334,0.02666666666666667,0.017777777777777778
baseline,840,20260817,75,75,0.6,0.02666666666666667,0.04,0.02666666666666667,0.031111111111111114
baseline,841,20260817,75,75,0.65,0.02666666666666667,0.04,0.04,0.035555555555555556
baseline,842,20260817,75,75,0.6,0.02666666666666667,0.05333333333333334,0.04,0.04
baseline,843,20260817,75,75,0.65,0.04,0.02666666666666667,0.02666666666666667,0.031111111111111114
baseline,844,20260817,75,75,0.6,0.05333333333333334,0.06666666666666667,0.04,0.05333333333333334
baseline,845,20260817,75,75,0.6,0.013333333333333334,0.013333333333333334,0.013333333333333334,0.013333333333333334
baseline,846,20260817,75,75,0.65,0.013333333333333334,0.013333333333333334,0.02666666666666667,0.017777777777777778
baseline,847,20260817,75,75,0.6,0.04,0.04,0.02666666666666667,0.035555555555555556
baseline,848,20260817,75,75,0.85,0.0,0.0,0.0,0.0
baseline,849,20260817,75,75,0.85,0.0,0.0,0.0,0.0
baseline,850,20260817,75,75,0.7,0.0,0.0,0.013333333333333334,0.0044444444444444444
baseline,851,20260817,75,75,0.8,0.0,0.0,0.0,0.0
baseline,852,20260817,75,75,0.65,0.0,0.02666666666666667,0.013333333333333334,0.013333333333333334
baseline,853,20260817,75,75,0.65,0.02666666666666667,0.04,0.02666666666666667,0.031111111111111114
baseline,854,20260817,75,75,0.65,0.02666666666666667,0.013333333333333334,0.013333333333333334,0.017777777777777778
baseline,855,20260817,75,75,0.8,0.0,0.0,0.013333333333333334,0.0044444444444444444
baseline,856,20260817,75,75,0.7,0.013333333333333334,0.0,0.0,0.0044444444444444444
baseline,857,20260817,75,75,0.7,0.0,0.0,0.0,0.0
baseline,858,20260817,75,75,0.7,0.013333333333333334,0.013333333333333334,0.02666666666666667,0.017777777777777778
baseline,859,20260817,75,75,0.75,0.013333333333333334,0.013333333333333334,0.013333333333333334,0.013333333333333334
baseline,860,20260817,75,75,0.7,0.013333333333333334,0.0,0.0,0.0044444444444444444
baseline,861,20260817,75,75,0.7,0.013333333333333334,0.013333333333333334,0.013333333333333334,0.013333333333333334
baseline,862,20260817,75,75,0.85,0.0,0.0,0.0,0.0
baseline,863,20260817,75,75,0.65,0.0,0.02666666666666667,0.04,0.022222222222222223
baseline,864,20260817,75,75,0.75,0.013333333333333334,0.013333333333333334,0.02666666666666667,0.017777777777777778
baseline,865,20260817,75,75,0.65,0.013333333333333334,0.02666666666666667,0.04,0.02666666666666667
baseline,866,20260817,75,75,0.7,0.02666666666666667,0.04,0.04,0.035555555555555556
baseline,867,20260817,75,75,0.75,0.0,0.0,0.013333333333333334,0.0044444444444444444
baseline,868,20260817,75,75,0.65,0.02666666666666667,0.04,0.04,0.035555555555555556
baseline,869,20260817,75,75,0.7,0.0,0.0,0.013333333333333334,0.0044444444444444444
baseline,870,20260817,75,75,0.85,0.0,0.0,0.0,0.0
baseline,871,20260817,75,75,0.7,0.013333333333333334,0.0,0.0,0.0044444444444444444
baseline,872,20260817,75,75,0.65,0.02666666666666667,0.04,0.013333333333333334,0.02666666666666667
baseline,873,20260817,75,75,0.7,0.0,0.013333333333333334,0.013333333333333334,0.008888888888888889
baseline,874,20260817,75,75,0.55,0.06666666666666667,0.06666666666666667,0.05333333333333334,0.06222222222222222
baseline,875,20260817,75,75,0.7,0.013333333333333334,0.013333333333333334,0.0,0.008888888888888889
baseline,876,20260817,75,75,0.6,0.013333333333333334,0.05333333333333334,0.02666666666666667,0.031111111111111114
baseline,877,20260817,75,75,0.65,0.02666666666666667,0.02666666666666667,0.04,0.031111111111111114
baseline,878,20260817,75,75,0.7,0.02666666666666667,0.0,0.0,0.008888888888888889
baseline,879,20260817,75,75,0.85,0.0,0.0,0.0,0.0
baseline,880,20260817,75,75,0.75,0.02666666666666667,0.04,0.013333333333333334,0.02666666666666667
baseline,881,20260817,75,75,0.75,0.0,0.0,0.02666666666666667,0.008888888888888889
baseline,882,20260817,75,75,0.7,0.0,0.013333333333333334,0.0,0.0044444444444444444
baseline,883,20260817,75,75,0.6,0.0,0.0,0.0,0.0
baseline,884,20260817,75,75,0.75,0.0,0.013333333333333334,0.0,0.0044444444444444444
baseline,885,20260817,75,75,0.6,0.0,0.04,0.04,0.02666666666666667
baseline,886,20260817,75,75,0.75,0.0,0.0,0.0,0.0
baseline,887,20260817,75,75,0.85,0.0,0.0,0.0,0.0
baseline,888,20260817,75,75,0.85,0.0,0.0,0.0,0.0
baseline,889,20260817,75,75,0.85,0.0,0.0,0.0,0.0
baseline,890,20260817,75,75,0.7,0.0,0.013333333333333334,0.04,0.017777777777777778
baseline,891,20260817,75,75,0.8,0.0,0.0,0.0,0.0
baseline,892,20260817,75,75,0.65,0.013333333333333334,0.013333333333333334,0.02666666666666667,0.017777777777777778
baseline,893,20260817,75,75,0.6,0.013333333333333334,0.02666666666666667,0.013333333333333334,0.017777777777777778
baseline,894,20260817,75,75,0.7,0.0,0.0,0.013333333333333334,0.0044444444444444444
baseline,895,20260817,75,75,0.75,0.0,0.0,0.0,0.0
baseline,896,20260817,75,75,0.65,0.0,0.013333333333333334,0.013333333333333334,0.008888888888888889
baseline,897,20260817,75,75,0.65,0.013333333333333334,0.02666666666666667,0.02666666666666667,0.022222222222222223
baseline,898,20260817,75,75,0.7,0.0,0.0,0.0,0.0
baseline,899,20260817,75,75,0.7,0.0,0.0,0.0,0.0
baseline,900,20260817,75,75,0.65,0.013333333333333334,0.02666666666666667,0.04,0.02666666666666667
baseline,901,20260817,75,75,0.8,0.0,0.0,0.0,0.0
baseline,902,20260817,75,75,0.7,0.0,0.0,0.013333333333333334,0.0044444444444444444
baseline,903,20260817,75,75,0.65,0.013333333333333334,0.013333333333333334,0.013333333333333334,0.013333333333333334
baseline,904,20260817,75,75,0.7,0.0,0.0,0.0,0.0
baseline,905,20260817,75,75,0.7,0.0,0.0,0.0,0.0
baseline,906,20260817,75,75,0.75,0.0,0.0,0.0,0.0
baseline,907,20260817,75,75,0.7,0.0,0.013333333333333334,0.02666666666666667,0.013333333333333334
baseline,908,20260817,75,75,0.85,0.0,0.0,0.0,0.0
baseline,909,20260817,75,75,0.85,0.0,0.0,0.0,0.0
baseline,910,20260817,75,75,0.8,0.0,0.0,0.0,0.0
baseline,911,20260817,75,75,0.8,0.0,0.0,0.013333333333333334,0.0044444444444444444
baseline,912,20260817,75,75,0.8,0.0,0.0,0.0,0.0
baseline,913,20260817,75,75,0.7,0.013333333333333334,0.0,0.013333333333333334,0.008888888888888889
baseline,914,20260817,75,75,0.7,0.02666666666666667,0.0,0.013333333333333334,0.013333333333333334
baseline,915,20260817,75,75,0.8,0.0,0.0,0.0,0.0
baseline,916,20260817,75,75,0.7,0.013333333333333334,0.013333333333333334,0.04,0.022222222222222223
baseline,917,20260817,75,75,0.7,0.013333333333333334,0.0,0.013333333333333334,0.008888888888888889
baseline,918,20260817,75,75,0.75,0.0,0.0,0.0,0.0
baseline,919,20260817,75,75,0.7,0.02666666666666667,0.0,0.013333333333333334,0.013333333333333334
baseline,920,20260817,75,75,0.75,0.013333333333333334,0.0,0.0,0.0044444444444444444
baseline,921,20260817,75,75,0.75,0.0,0.0,0.0,0.0
baseline,922,20260817,75,75,0.65,0.013333333333333334,0.013333333333333334,0.0,0.008888888888888889
baseline,923,20260817,75,75,0.85,0.0,0.0,0.0,0.0
baseline,924,20260817,75,75,0.85,0.0,0.0,0.0,0.0
baseline,925,20260817,75,75,0.7,0.0,0.013333333333333334,0.013333333333333334,0.008888888888888889
baseline,926,20260817,75,75,0.6,0.06666666666666667,0.06666666666666667,0.06666666666666667,0.06666666666666667
baseline,927,20260817,75,75,0.75,0.013333333333333334,0.013333333333333334,0.0,0.008888888888888889
baseline,928,20260817,75,75,0.7,0.0,0.0,0.02666666666666667,0.008888888888888889
baseline,929,20260817,75,75,0.45,0.04,0.06666666666666667,0.05333333333333334,0.05333333333333334
baseline,930,20260817,75,75,0.85,0.0,0.0,0.0,0.0
baseline,931,20260817,75,75,0.8,0.0,0.0,0.0,0.0
baseline,932,20260817,75,75,0.8,0.0,0.0,0.0,0.0
baseline,933,20260817,75,75,0.8,0.0,0.0,0.0,0.0
baseline,934,20260817,75,75,0.75,0.02666666666666667,0.013333333333333334,0.0,0.013333333333333334
baseline,935,20260817,75,75,0.65,0.013333333333333334,0.02666666666666667,0.02666666666666667,0.022222222222222223
baseline,936,20260817,75,75,0.8,0.0,0.0,0.0,0.0
baseline,937,20260817,75,75,0.65,0.04,0.06666666666666667,0.05333333333333334,0.05333333333333334
baseline,938,20260817,75,75,0.7,0.02666666666666667,0.02666666666666667,0.02666666666666667,0.02666666666666667
baseline,939,20260817,75,75,0.8,0.0,0.0,0.0,0.0
baseline,940,20260817,75,75,0.7,0.0,0.0,0.013333333333333334,0.0044444444444444444
baseline,941,20260817,75,75,0.75,0.0,0.0,0.013333333333333334,0.0044444444444444444
baseline,942,20260817,75,75,0.8,0.0,0.0,0.0,0.0
baseline,943,20260817,75,75,0.8,0.0,0.0,0.0,0.0
baseline,944,20260817,75,75,0.65,0.02666666666666667,0.04,0.02666666666666667,0.031111111111111114
baseline,945,20260817,75,75,0.8,0.0,0.0,0.0,0.0
baseline,946,20260817,75,75,0.65,0.02666666666666667,0.05333333333333334,0.05333333333333334,0.044444444444444446
baseline,947,20260817,75,75,0.8,0.0,0.0,0.0,0.0
baseline,948,20260817,75,75,0.85,0.0,0.0,0.0,0.0
baseline,949,20260817,75,75,0.8,0.0,0.0,0.0,0.0
baseline,950,20260817,75,75,0.65,0.013333333333333334,0.05333333333333334,0.05333333333333334,0.04
baseline,951,20260817,75,75,0.8,0.0,0.0,0.013333333333333334,0.0044444444444444444
baseline,952,20260817,75,75,0.6,0.06666666666666667,0.09333333333333334,0.013333333333333334,0.05777777777777778
baseline,953,20260817,75,75,0.7,0.0,0.013333333333333334,0.0,0.0044444444444444444
baseline,954,20260817,75,75,0.8,0.0,0.0,0.0,0.0
baseline,955,20260817,75,75,0.7,0.0,0.0,0.02666666666666667,0.008888888888888889
baseline,956,20260817,75,75,0.85,0.0,0.0,0.0,0.0
baseline,957,20260817,75,75,0.55,0.05333333333333334,0.13333333333333333,0.12,0.10222222222222221
baseline,958,20260817,75,75,0.65,0.013333333333333334,0.04,0.04,0.03111111111111111
baseline,959,20260817,75,75,0.8,0.0,0.0,0.0,0.0
baseline,960,20260817,75,75,0.85,0.0,0.0,0.0,0.0
baseline,961,20260817,75,75,0.75,0.0,0.0,0.0,0.0
baseline,962,20260817,75,75,0.6,0.013333333333333334,0.05333333333333334,0.013333333333333334,0.02666666666666667
baseline,963,20260817,75,75,0.7,0.02666666666666667,0.02666666666666667,0.02666666666666667,0.02666666666666667
baseline,964,20260817,75,75,0.65,0.013333333333333334,0.013333333333333334,0.0,0.008888888888888889
baseline,965,20260817,75,75,0.65,0.013333333333333334,0.04,0.02666666666666667,0.02666666666666667
baseline,966,20260817,75,75,0.7,0.0,0.0,0.0,0.0
baseline,967,20260817,75,75,0.7,0.04,0.02666666666666667,0.06666666666666667,0.044444444444444446
baseline,968,20260817,75,75,0.7,0.02666666666666667,0.02666666666666667,0.02666666666666667,0.02666666666666667
baseline,969,20260817,75,75,0.7,0.0,0.0,0.0,0.0
baseline,970,20260817,75,75,0.65,0.04,0.06666666666666667,0.04,0.04888888888888889
baseline,971,20260817,75,75,0.8,0.0,0.0,0.0,0.0
baseline,972,20260817,75,75,0.7,0.02666666666666667,0.013333333333333334,0.04,0.02666666666666667
baseline,973,20260817,75,75,0.7,0.013333333333333334,0.013333333333333334,0.02666666666666667,0.017777777777777778
baseline,974,20260817,75,75,0.8,0.0,0.0,0.013333333333333334,0.0044444444444444444
baseline,975,20260817,75,75,0.7,0.0,0.0,0.013333333333333334,0.0044444444444444444
baseline,976,20260817,75,75,0.7,0.0,0.0,0.0,0.0
baseline,977,20260817,75,75,0.7,0.0,0.0,0.0,0.0
baseline,978,20260817,75,75,0.65,0.0,0.02666666666666667,0.013333333333333334,0.013333333333333334
baseline,979,20260817,75,75,0.8,0.0,0.0,0.0,0.0
baseline,980,20260817,75,75,0.8,0.0,0.0,0.0,0.0
baseline,981,20260817,75,75,0.65,0.04,0.04,0.04,0.04
baseline,982,20260817,75,75,0.65,0.0,0.0,0.0,0.0
baseline,983,20260817,75,75,0.75,0.0,0.0,0.0,0.0
baseline,984,20260817,75,75,0.75,0.013333333333333334,0.0,0.013333333333333334,0.008888888888888889
baseline,985,20260817,75,75,0.6,0.013333333333333334,0.02666666666666667,0.02666666666666667,0.022222222222222223
baseline,986,20260817,75,75,0.65,0.013333333333333334,0.02666666666666667,0.013333333333333334,0.017777777777777778
baseline,987,20260817,75,75,0.7,0.0,0.0,0.0,0.0
baseline,988,20260817,75,75,0.65,0.02666666666666667,0.04,0.02666666666666667,0.031111111111111114
baseline,989,20260817,75,75,0.65,0.0,0.02666666666666667,0.0,0.008888888888888889
baseline,990,20260817,75,75,0.8,0.0,0.0,0.0,0.0
baseline,991,20260817,75,75,0.7,0.013333333333333334,0.0,0.013333333333333334,0.008888888888888889
baseline,992,20260817,75,75,0.8,0.0,0.0,0.0,0.0
baseline,993,20260817,75,75,0.7,0.013333333333333334,0.0,0.02666666666666667,0.013333333333333334
baseline,994,20260817,75,75,0.7,0.02666666666666667,0.02666666666666667,0.02666666666666667,0.02666666666666667
baseline,995,20260817,75,75,0.65,0.013333333333333334,0.04,0.02666666666666667,0.02666666666666667
baseline,996,20260817,75,75,0.65,0.013333333333333334,0.02666666666666667,0.0,0.013333333333333334
baseline,997,20260817,75,75,0.7,0.0,0.0,0.0,0.0
baseline,998,20260817,75,75,0.6,0.04,0.04,0.05333333333333334,0.044444444444444446
baseline,999,20260817,75,75,0.75,0.0,0.0,0.0,0.0
p1_clahe,0,20260817,75,75,0.7,0.013333333333333334,0.0,0.0,0.0044444444444444444
p1_clahe,1,20260817,75,75,0.75,0.02666666666666667,0.02666666666666667,0.013333333333333334,0.022222222222222223
p1_clahe,2,20260817,75,75,0.6,0.02666666666666667,0.02666666666666667,0.02666666666666667,0.02666666666666667
p1_clahe,3,20260817,75,75,0.7,0.0,0.0,0.0,0.0
p1_clahe,4,20260817,75,75,0.7,0.0,0.0,0.0,0.0
p1_clahe,5,20260817,75,75,0.75,0.013333333333333334,0.0,0.0,0.0044444444444444444
p1_clahe,6,20260817,75,75,0.65,0.013333333333333334,0.013333333333333334,0.013333333333333334,0.013333333333333334
p1_clahe,7,20260817,75,75,0.65,0.013333333333333334,0.02666666666666667,0.013333333333333334,0.017777777777777778
p1_clahe,8,20260817,75,75,0.8,0.0,0.0,0.0,0.0
p1_clahe,9,20260817,75,75,0.7,0.013333333333333334,0.013333333333333334,0.013333333333333334,0.013333333333333334
p1_clahe,10,20260817,75,75,0.75,0.0,0.0,0.0,0.0
p1_clahe,11,20260817,75,75,0.65,0.0,0.0,0.013333333333333334,0.0044444444444444444
p1_clahe,12,20260817,75,75,0.65,0.02666666666666667,0.02666666666666667,0.02666666666666667,0.02666666666666667
p1_clahe,13,20260817,75,75,0.65,0.013333333333333334,0.05333333333333334,0.013333333333333334,0.02666666666666667
p1_clahe,14,20260817,75,75,0.75,0.0,0.0,0.0,0.0
p1_clahe,15,20260817,75,75,0.75,0.0,0.0,0.0,0.0
p1_clahe,16,20260817,75,75,0.75,0.0,0.013333333333333334,0.0,0.0044444444444444444
p1_clahe,17,20260817,75,75,0.65,0.013333333333333334,0.04,0.02666666666666667,0.02666666666666667
p1_clahe,18,20260817,75,75,0.7,0.013333333333333334,0.02666666666666667,0.013333333333333334,0.017777777777777778
p1_clahe,19,20260817,75,75,0.65,0.013333333333333334,0.0,0.0,0.0044444444444444444
p1_clahe,20,20260817,75,75,0.75,0.0,0.0,0.0,0.0
p1_clahe,21,20260817,75,75,0.7,0.02666666666666667,0.013333333333333334,0.0,0.013333333333333334
p1_clahe,22,20260817,75,75,0.8,0.0,0.0,0.0,0.0
p1_clahe,23,20260817,75,75,0.7,0.0,0.0,0.013333333333333334,0.0044444444444444444
p1_clahe,24,20260817,75,75,0.65,0.013333333333333334,0.0,0.013333333333333334,0.008888888888888889
p1_clahe,25,20260817,75,75,0.75,0.0,0.0,0.0,0.0
p1_clahe,26,20260817,75,75,0.7,0.013333333333333334,0.013333333333333334,0.013333333333333334,0.013333333333333334
p1_clahe,27,20260817,75,75,0.8,0.0,0.0,0.0,0.0
p1_clahe,28,20260817,75,75,0.7,0.013333333333333334,0.0,0.0,0.0044444444444444444
p1_clahe,29,20260817,75,75,0.8,0.0,0.0,0.0,0.0
p1_clahe,30,20260817,75,75,0.8,0.0,0.0,0.0,0.0
p1_clahe,31,20260817,75,75,0.8,0.0,0.0,0.0,0.0
p1_clahe,32,20260817,75,75,0.65,0.02666666666666667,0.02666666666666667,0.013333333333333334,0.022222222222222223
p1_clahe,33,20260817,75,75,0.7,0.0,0.0,0.0,0.0
p1_clahe,34,20260817,75,75,0.65,0.02666666666666667,0.02666666666666667,0.0,0.017777777777777778
p1_clahe,35,20260817,75,75,0.65,0.02666666666666667,0.02666666666666667,0.013333333333333334,0.022222222222222223
p1_clahe,36,20260817,75,75,0.8,0.0,0.0,0.0,0.0
p1_clahe,37,20260817,75,75,0.75,0.0,0.0,0.0,0.0
p1_clahe,38,20260817,75,75,0.75,0.0,0.0,0.0,0.0
p1_clahe,39,20260817,75,75,0.7,0.02666666666666667,0.0,0.0,0.008888888888888889
p1_clahe,40,20260817,75,75,0.7,0.013333333333333334,0.013333333333333334,0.013333333333333334,0.013333333333333334
p1_clahe,41,20260817,75,75,0.65,0.013333333333333334,0.04,0.0,0.017777777777777778
p1_clahe,42,20260817,75,75,0.7,0.013333333333333334,0.013333333333333334,0.02666666666666667,0.017777777777777778
p1_clahe,43,20260817,75,75,0.7,0.013333333333333334,0.02666666666666667,0.0,0.013333333333333334
p1_clahe,44,20260817,75,75,0.75,0.0,0.0,0.0,0.0
p1_clahe,45,20260817,75,75,0.8,0.0,0.0,0.0,0.0
p1_clahe,46,20260817,75,75,0.7,0.0,0.013333333333333334,0.013333333333333334,0.008888888888888889
p1_clahe,47,20260817,75,75,0.75,0.05333333333333334,0.02666666666666667,0.013333333333333334,0.031111111111111114
p1_clahe,48,20260817,75,75,0.8,0.013333333333333334,0.0,0.0,0.0044444444444444444
p1_clahe,49,20260817,75,75,0.75,0.0,0.0,0.0,0.0
p1_clahe,50,20260817,75,75,0.8,0.0,0.0,0.0,0.0
p1_clahe,51,20260817,75,75,0.65,0.013333333333333334,0.0,0.013333333333333334,0.008888888888888889
p1_clahe,52,20260817,75,75,0.75,0.0,0.0,0.0,0.0
p1_clahe,53,20260817,75,75,0.65,0.0,0.0,0.0,0.0
p1_clahe,54,20260817,75,75,0.65,0.0,0.0,0.0,0.0
p1_clahe,55,20260817,75,75,0.75,0.0,0.0,0.0,0.0
p1_clahe,56,20260817,75,75,0.7,0.02666666666666667,0.0,0.013333333333333334,0.013333333333333334
p1_clahe,57,20260817,75,75,0.75,0.0,0.0,0.0,0.0
p1_clahe,58,20260817,75,75,0.75,0.0,0.0,0.0,0.0
p1_clahe,59,20260817,75,75,0.65,0.0,0.04,0.0,0.013333333333333334
p1_clahe,60,20260817,75,75,0.75,0.0,0.0,0.0,0.0
p1_clahe,61,20260817,75,75,0.75,0.0,0.0,0.0,0.0
p1_clahe,62,20260817,75,75,0.65,0.04,0.04,0.02666666666666667,0.035555555555555556
p1_clahe,63,20260817,75,75,0.75,0.0,0.0,0.0,0.0
p1_clahe,64,20260817,75,75,0.65,0.02666666666666667,0.013333333333333334,0.013333333333333334,0.017777777777777778
p1_clahe,65,20260817,75,75,0.6,0.04,0.04,0.013333333333333334,0.03111111111111111
p1_clahe,66,20260817,75,75,0.65,0.04,0.06666666666666667,0.013333333333333334,0.04
p1_clahe,67,20260817,75,75,0.7,0.0,0.0,0.0,0.0
p1_clahe,68,20260817,75,75,0.75,0.0,0.013333333333333334,0.0,0.0044444444444444444
p1_clahe,69,20260817,75,75,0.8,0.0,0.0,0.0,0.0
p1_clahe,70,20260817,75,75,0.8,0.0,0.0,0.0,0.0
p1_clahe,71,20260817,75,75,0.65,0.0,0.013333333333333334,0.0,0.0044444444444444444
p1_clahe,72,20260817,75,75,0.7,0.02666666666666667,0.013333333333333334,0.013333333333333334,0.017777777777777778
p1_clahe,73,20260817,75,75,0.65,0.013333333333333334,0.013333333333333334,0.013333333333333334,0.013333333333333334
p1_clahe,74,20260817,75,75,0.65,0.0,0.02666666666666667,0.0,0.008888888888888889
p1_clahe,75,20260817,75,75,0.8,0.0,0.0,0.0,0.0
p1_clahe,76,20260817,75,75,0.65,0.013333333333333334,0.04,0.013333333333333334,0.022222222222222223
p1_clahe,77,20260817,75,75,0.8,0.0,0.0,0.0,0.0
p1_clahe,78,20260817,75,75,0.65,0.02666666666666667,0.02666666666666667,0.013333333333333334,0.022222222222222223
p1_clahe,79,20260817,75,75,0.8,0.0,0.0,0.0,0.0
p1_clahe,80,20260817,75,75,0.8,0.013333333333333334,0.0,0.0,0.0044444444444444444
p1_clahe,81,20260817,75,75,0.8,0.013333333333333334,0.0,0.0,0.0044444444444444444
p1_clahe,82,20260817,75,75,0.7,0.013333333333333334,0.013333333333333334,0.0,0.008888888888888889
p1_clahe,83,20260817,75,75,0.7,0.0,0.0,0.0,0.0
p1_clahe,84,20260817,75,75,0.8,0.0,0.0,0.0,0.0
p1_clahe,85,20260817,75,75,0.75,0.0,0.013333333333333334,0.0,0.0044444444444444444
p1_clahe,86,20260817,75,75,0.75,0.013333333333333334,0.0,0.013333333333333334,0.008888888888888889
p1_clahe,87,20260817,75,75,0.7,0.013333333333333334,0.0,0.013333333333333334,0.008888888888888889
p1_clahe,88,20260817,75,75,0.7,0.0,0.013333333333333334,0.0,0.0044444444444444444
p1_clahe,89,20260817,75,75,0.6,0.04,0.05333333333333334,0.02666666666666667,0.04
p1_clahe,90,20260817,75,75,0.8,0.0,0.0,0.0,0.0
p1_clahe,91,20260817,75,75,0.8,0.0,0.0,0.0,0.0
p1_clahe,92,20260817,75,75,0.7,0.04,0.013333333333333334,0.013333333333333334,0.022222222222222223
p1_clahe,93,20260817,75,75,0.7,0.02666666666666667,0.0,0.013333333333333334,0.013333333333333334
p1_clahe,94,20260817,75,75,0.75,0.0,0.0,0.0,0.0
p1_clahe,95,20260817,75,75,0.75,0.0,0.0,0.0,0.0
p1_clahe,96,20260817,75,75,0.65,0.02666666666666667,0.013333333333333334,0.013333333333333334,0.017777777777777778
p1_clahe,97,20260817,75,75,0.8,0.0,0.0,0.0,0.0
p1_clahe,98,20260817,75,75,0.75,0.0,0.0,0.0,0.0
p1_clahe,99,20260817,75,75,0.65,0.0,0.0,0.0,0.0
p1_clahe,100,20260817,75,75,0.7,0.0,0.0,0.0,0.0
p1_clahe,101,20260817,75,75,0.7,0.02666666666666667,0.02666666666666667,0.02666666666666667,0.02666666666666667
p1_clahe,102,20260817,75,75,0.75,0.0,0.0,0.0,0.0
p1_clahe,103,20260817,75,75,0.65,0.0,0.0,0.0,0.0
p1_clahe,104,20260817,75,75,0.7,0.0,0.0,0.0,0.0
p1_clahe,105,20260817,75,75,0.75,0.013333333333333334,0.0,0.0,0.0044444444444444444
p1_clahe,106,20260817,75,75,0.75,0.013333333333333334,0.02666666666666667,0.0,0.013333333333333334
p1_clahe,107,20260817,75,75,0.65,0.02666666666666667,0.02666666666666667,0.0,0.017777777777777778
p1_clahe,108,20260817,75,75,0.75,0.0,0.0,0.0,0.0
p1_clahe,109,20260817,75,75,0.75,0.013333333333333334,0.02666666666666667,0.0,0.013333333333333334
p1_clahe,110,20260817,75,75,0.65,0.04,0.04,0.013333333333333334,0.03111111111111111
p1_clahe,111,20260817,75,75,0.65,0.013333333333333334,0.02666666666666667,0.0,0.013333333333333334
p1_clahe,112,20260817,75,75,0.75,0.013333333333333334,0.013333333333333334,0.013333333333333334,0.013333333333333334
p1_clahe,113,20260817,75,75,0.7,0.0,0.013333333333333334,0.0,0.0044444444444444444
p1_clahe,114,20260817,75,75,0.8,0.0,0.0,0.0,0.0
p1_clahe,115,20260817,75,75,0.7,0.0,0.0,0.0,0.0
p1_clahe,116,20260817,75,75,0.75,0.0,0.0,0.0,0.0
p1_clahe,117,20260817,75,75,0.8,0.013333333333333334,0.0,0.0,0.0044444444444444444
p1_clahe,118,20260817,75,75,0.75,0.0,0.0,0.0,0.0
p1_clahe,119,20260817,75,75,0.65,0.02666666666666667,0.05333333333333334,0.013333333333333334,0.031111111111111114
p1_clahe,120,20260817,75,75,0.8,0.0,0.0,0.0,0.0
p1_clahe,121,20260817,75,75,0.65,0.013333333333333334,0.0,0.013333333333333334,0.008888888888888889
p1_clahe,122,20260817,75,75,0.65,0.02666666666666667,0.02666666666666667,0.02666666666666667,0.02666666666666667
p1_clahe,123,20260817,75,75,0.7,0.06666666666666667,0.013333333333333334,0.013333333333333334,0.03111111111111111
p1_clahe,124,20260817,75,75,0.75,0.0,0.0,0.0,0.0
p1_clahe,125,20260817,75,75,0.7,0.0,0.0,0.0,0.0
p1_clahe,126,20260817,75,75,0.7,0.02666666666666667,0.013333333333333334,0.0,0.013333333333333334
p1_clahe,127,20260817,75,75,0.75,0.0,0.0,0.0,0.0
p1_clahe,128,20260817,75,75,0.75,0.0,0.0,0.0,0.0
p1_clahe,129,20260817,75,75,0.65,0.02666666666666667,0.013333333333333334,0.0,0.013333333333333334
p1_clahe,130,20260817,75,75,0.75,0.0,0.0,0.0,0.0
p1_clahe,131,20260817,75,75,0.8,0.0,0.0,0.0,0.0
p1_clahe,132,20260817,75,75,0.75,0.013333333333333334,0.013333333333333334,0.0,0.008888888888888889
p1_clahe,133,20260817,75,75,0.75,0.0,0.013333333333333334,0.0,0.0044444444444444444
p1_clahe,134,20260817,75,75,0.65,0.013333333333333334,0.013333333333333334,0.013333333333333334,0.013333333333333334
p1_clahe,135,20260817,75,75,0.65,0.0,0.0,0.0,0.0
p1_clahe,136,20260817,75,75,0.75,0.0,0.013333333333333334,0.0,0.0044444444444444444
p1_clahe,137,20260817,75,75,0.75,0.0,0.0,0.0,0.0
p1_clahe,138,20260817,75,75,0.6,0.05333333333333334,0.05333333333333334,0.04,0.04888888888888889
p1_clahe,139,20260817,75,75,0.65,0.02666666666666667,0.02666666666666667,0.0,0.017777777777777778
p1_clahe,140,20260817,75,75,0.75,0.0,0.0,0.0,0.0
p1_clahe,141,20260817,75,75,0.75,0.0,0.0,0.0,0.0
p1_clahe,142,20260817,75,75,0.75,0.0,0.0,0.0,0.0
p1_clahe,143,20260817,75,75,0.8,0.013333333333333334,0.0,0.0,0.0044444444444444444
p1_clahe,144,20260817,75,75,0.75,0.0,0.0,0.0,0.0
p1_clahe,145,20260817,75,75,0.7,0.0,0.0,0.0,0.0
p1_clahe,146,20260817,75,75,0.65,0.013333333333333334,0.04,0.013333333333333334,0.022222222222222223
p1_clahe,147,20260817,75,75,0.7,0.0,0.0,0.0,0.0
p1_clahe,148,20260817,75,75,0.7,0.04,0.02666666666666667,0.0,0.022222222222222223
p1_clahe,149,20260817,75,75,0.65,0.06666666666666667,0.05333333333333334,0.04,0.05333333333333334
p1_clahe,150,20260817,75,75,0.65,0.06666666666666667,0.06666666666666667,0.04,0.057777777777777775
p1_clahe,151,20260817,75,75,0.65,0.04,0.05333333333333334,0.05333333333333334,0.04888888888888889
p1_clahe,152,20260817,75,75,0.75,0.02666666666666667,0.0,0.0,0.008888888888888889
p1_clahe,153,20260817,75,75,0.75,0.013333333333333334,0.0,0.0,0.0044444444444444444
p1_clahe,154,20260817,75,75,0.75,0.0,0.0,0.0,0.0
p1_clahe,155,20260817,75,75,0.65,0.013333333333333334,0.013333333333333334,0.0,0.008888888888888889
p1_clahe,156,20260817,75,75,0.75,0.013333333333333334,0.02666666666666667,0.0,0.013333333333333334
p1_clahe,157,20260817,75,75,0.65,0.04,0.02666666666666667,0.02666666666666667,0.031111111111111114
p1_clahe,158,20260817,75,75,0.7,0.013333333333333334,0.013333333333333334,0.0,0.008888888888888889
p1_clahe,159,20260817,75,75,0.65,0.013333333333333334,0.04,0.013333333333333334,0.022222222222222223
p1_clahe,160,20260817,75,75,0.75,0.0,0.0,0.0,0.0
p1_clahe,161,20260817,75,75,0.75,0.0,0.0,0.0,0.0
p1_clahe,162,20260817,75,75,0.65,0.0,0.0,0.0,0.0
p1_clahe,163,20260817,75,75,0.7,0.02666666666666667,0.013333333333333334,0.02666666666666667,0.022222222222222223
p1_clahe,164,20260817,75,75,0.75,0.0,0.0,0.0,0.0
p1_clahe,165,20260817,75,75,0.75,0.0,0.0,0.0,0.0
p1_clahe,166,20260817,75,75,0.8,0.0,0.0,0.0,0.0
p1_clahe,167,20260817,75,75,0.75,0.0,0.0,0.0,0.0
p1_clahe,168,20260817,75,75,0.75,0.0,0.013333333333333334,0.0,0.0044444444444444444
p1_clahe,169,20260817,75,75,0.8,0.0,0.0,0.0,0.0
p1_clahe,170,20260817,75,75,0.75,0.0,0.0,0.0,0.0
p1_clahe,171,20260817,75,75,0.75,0.013333333333333334,0.0,0.0,0.0044444444444444444
p1_clahe,172,20260817,75,75,0.8,0.0,0.0,0.0,0.0
p1_clahe,173,20260817,75,75,0.6,0.02666666666666667,0.013333333333333334,0.02666666666666667,0.022222222222222223
p1_clahe,174,20260817,75,75,0.8,0.0,0.0,0.0,0.0
p1_clahe,175,20260817,75,75,0.65,0.02666666666666667,0.013333333333333334,0.0,0.013333333333333334
p1_clahe,176,20260817,75,75,0.65,0.05333333333333334,0.04,0.013333333333333334,0.035555555555555556
p1_clahe,177,20260817,75,75,0.65,0.0,0.0,0.0,0.0
p1_clahe,178,20260817,75,75,0.7,0.0,0.0,0.0,0.0
p1_clahe,179,20260817,75,75,0.75,0.0,0.0,0.0,0.0
p1_clahe,180,20260817,75,75,0.8,0.0,0.0,0.0,0.0
p1_clahe,181,20260817,75,75,0.75,0.0,0.0,0.0,0.0
p1_clahe,182,20260817,75,75,0.75,0.0,0.0,0.0,0.0
p1_clahe,183,20260817,75,75,0.65,0.04,0.05333333333333334,0.013333333333333334,0.035555555555555556
p1_clahe,184,20260817,75,75,0.65,0.02666666666666667,0.013333333333333334,0.0,0.013333333333333334
p1_clahe,185,20260817,75,75,0.6,0.013333333333333334,0.013333333333333334,0.013333333333333334,0.013333333333333334
p1_clahe,186,20260817,75,75,0.8,0.0,0.0,0.0,0.0
p1_clahe,187,20260817,75,75,0.7,0.013333333333333334,0.013333333333333334,0.0,0.008888888888888889
p1_clahe,188,20260817,75,75,0.8,0.013333333333333334,0.0,0.0,0.0044444444444444444
p1_clahe,189,20260817,75,75,0.65,0.0,0.0,0.0,0.0
p1_clahe,190,20260817,75,75,0.8,0.0,0.0,0.0,0.0
p1_clahe,191,20260817,75,75,0.65,0.0,0.02666666666666667,0.013333333333333334,0.013333333333333334
p1_clahe,192,20260817,75,75,0.65,0.04,0.05333333333333334,0.05333333333333334,0.04888888888888889
p1_clahe,193,20260817,75,75,0.75,0.0,0.013333333333333334,0.0,0.0044444444444444444
p1_clahe,194,20260817,75,75,0.75,0.0,0.013333333333333334,0.0,0.0044444444444444444
p1_clahe,195,20260817,75,75,0.75,0.02666666666666667,0.013333333333333334,0.0,0.013333333333333334
p1_clahe,196,20260817,75,75,0.7,0.013333333333333334,0.013333333333333334,0.0,0.008888888888888889
p1_clahe,197,20260817,75,75,0.7,0.0,0.0,0.0,0.0
p1_clahe,198,20260817,75,75,0.75,0.0,0.0,0.0,0.0
p1_clahe,199,20260817,75,75,0.75,0.0,0.0,0.0,0.0
p1_clahe,200,20260817,75,75,0.8,0.0,0.0,0.0,0.0
p1_clahe,201,20260817,75,75,0.75,0.0,0.013333333333333334,0.0,0.0044444444444444444
p1_clahe,202,20260817,75,75,0.7,0.013333333333333334,0.02666666666666667,0.013333333333333334,0.017777777777777778
p1_clahe,203,20260817,75,75,0.75,0.0,0.0,0.0,0.0
p1_clahe,204,20260817,75,75,0.8,0.0,0.0,0.0,0.0
p1_clahe,205,20260817,75,75,0.75,0.013333333333333334,0.013333333333333334,0.0,0.008888888888888889
p1_clahe,206,20260817,75,75,0.75,0.0,0.0,0.0,0.0
p1_clahe,207,20260817,75,75,0.7,0.013333333333333334,0.013333333333333334,0.0,0.008888888888888889
p1_clahe,208,20260817,75,75,0.8,0.0,0.0,0.0,0.0
p1_clahe,209,20260817,75,75,0.75,0.013333333333333334,0.02666666666666667,0.013333333333333334,0.017777777777777778
p1_clahe,210,20260817,75,75,0.8,0.0,0.0,0.0,0.0
p1_clahe,211,20260817,75,75,0.75,0.0,0.0,0.0,0.0
p1_clahe,212,20260817,75,75,0.65,0.0,0.013333333333333334,0.0,0.0044444444444444444
p1_clahe,213,20260817,75,75,0.65,0.02666666666666667,0.02666666666666667,0.013333333333333334,0.022222222222222223
p1_clahe,214,20260817,75,75,0.8,0.0,0.0,0.0,0.0
p1_clahe,215,20260817,75,75,0.75,0.0,0.0,0.0,0.0
p1_clahe,216,20260817,75,75,0.7,0.0,0.0,0.0,0.0
p1_clahe,217,20260817,75,75,0.8,0.0,0.0,0.0,0.0
p1_clahe,218,20260817,75,75,0.75,0.0,0.0,0.0,0.0
p1_clahe,219,20260817,75,75,0.65,0.02666666666666667,0.02666666666666667,0.0,0.017777777777777778
p1_clahe,220,20260817,75,75,0.75,0.0,0.013333333333333334,0.0,0.0044444444444444444
p1_clahe,221,20260817,75,75,0.75,0.02666666666666667,0.0,0.013333333333333334,0.013333333333333334
p1_clahe,222,20260817,75,75,0.75,0.0,0.0,0.0,0.0
p1_clahe,223,20260817,75,75,0.75,0.013333333333333334,0.0,0.0,0.0044444444444444444
p1_clahe,224,20260817,75,75,0.7,0.013333333333333334,0.013333333333333334,0.0,0.008888888888888889
p1_clahe,225,20260817,75,75,0.7,0.013333333333333334,0.013333333333333334,0.013333333333333334,0.013333333333333334
p1_clahe,226,20260817,75,75,0.7,0.013333333333333334,0.013333333333333334,0.013333333333333334,0.013333333333333334
p1_clahe,227,20260817,75,75,0.75,0.0,0.0,0.0,0.0
p1_clahe,228,20260817,75,75,0.8,0.0,0.0,0.0,0.0
p1_clahe,229,20260817,75,75,0.65,0.05333333333333334,0.05333333333333334,0.02666666666666667,0.044444444444444446
p1_clahe,230,20260817,75,75,0.7,0.0,0.013333333333333334,0.0,0.0044444444444444444
p1_clahe,231,20260817,75,75,0.7,0.013333333333333334,0.02666666666666667,0.013333333333333334,0.017777777777777778
p1_clahe,232,20260817,75,75,0.75,0.0,0.0,0.0,0.0
p1_clahe,233,20260817,75,75,0.75,0.0,0.0,0.0,0.0
p1_clahe,234,20260817,75,75,0.7,0.013333333333333334,0.013333333333333334,0.013333333333333334,0.013333333333333334
p1_clahe,235,20260817,75,75,0.65,0.0,0.02666666666666667,0.013333333333333334,0.013333333333333334
p1_clahe,236,20260817,75,75,0.75,0.0,0.0,0.0,0.0
p1_clahe,237,20260817,75,75,0.7,0.013333333333333334,0.013333333333333334,0.013333333333333334,0.013333333333333334
p1_clahe,238,20260817,75,75,0.65,0.02666666666666667,0.02666666666666667,0.013333333333333334,0.022222222222222223
p1_clahe,239,20260817,75,75,0.8,0.0,0.0,0.0,0.0
p1_clahe,240,20260817,75,75,0.7,0.013333333333333334,0.0,0.013333333333333334,0.008888888888888889
p1_clahe,241,20260817,75,75,0.7,0.02666666666666667,0.02666666666666667,0.013333333333333334,0.022222222222222223
p1_clahe,242,20260817,75,75,0.75,0.013333333333333334,0.0,0.013333333333333334,0.008888888888888889
p1_clahe,243,20260817,75,75,0.8,0.0,0.0,0.0,0.0
p1_clahe,244,20260817,75,75,0.8,0.0,0.0,0.0,0.0
p1_clahe,245,20260817,75,75,0.6,0.013333333333333334,0.013333333333333334,0.02666666666666667,0.017777777777777778
p1_clahe,246,20260817,75,75,0.8,0.0,0.0,0.0,0.0
p1_clahe,247,20260817,75,75,0.65,0.02666666666666667,0.05333333333333334,0.0,0.02666666666666667
p1_clahe,248,20260817,75,75,0.75,0.013333333333333334,0.0,0.0,0.0044444444444444444
p1_clahe,249,20260817,75,75,0.65,0.02666666666666667,0.02666666666666667,0.013333333333333334,0.022222222222222223
p1_clahe,250,20260817,75,75,0.75,0.0,0.0,0.0,0.0
p1_clahe,251,20260817,75,75,0.8,0.0,0.0,0.0,0.0
p1_clahe,252,20260817,75,75,0.7,0.013333333333333334,0.02666666666666667,0.0,0.013333333333333334
p1_clahe,253,20260817,75,75,0.75,0.0,0.0,0.0,0.0
p1_clahe,254,20260817,75,75,0.8,0.0,0.0,0.0,0.0
p1_clahe,255,20260817,75,75,0.65,0.013333333333333334,0.013333333333333334,0.013333333333333334,0.013333333333333334
p1_clahe,256,20260817,75,75,0.75,0.013333333333333334,0.013333333333333334,0.013333333333333334,0.013333333333333334
p1_clahe,257,20260817,75,75,0.75,0.013333333333333334,0.0,0.0,0.0044444444444444444
p1_clahe,258,20260817,75,75,0.75,0.0,0.013333333333333334,0.0,0.0044444444444444444
p1_clahe,259,20260817,75,75,0.7,0.0,0.02666666666666667,0.0,0.008888888888888889
p1_clahe,260,20260817,75,75,0.75,0.013333333333333334,0.0,0.0,0.0044444444444444444
p1_clahe,261,20260817,75,75,0.75,0.0,0.0,0.0,0.0
p1_clahe,262,20260817,75,75,0.7,0.013333333333333334,0.013333333333333334,0.02666666666666667,0.017777777777777778
p1_clahe,263,20260817,75,75,0.75,0.013333333333333334,0.013333333333333334,0.013333333333333334,0.013333333333333334
p1_clahe,264,20260817,75,75,0.8,0.0,0.0,0.0,0.0
p1_clahe,265,20260817,75,75,0.65,0.04,0.04,0.05333333333333334,0.044444444444444446
p1_clahe,266,20260817,75,75,0.8,0.0,0.0,0.0,0.0
p1_clahe,267,20260817,75,75,0.65,0.013333333333333334,0.013333333333333334,0.0,0.008888888888888889
p1_clahe,268,20260817,75,75,0.65,0.0,0.0,0.0,0.0
p1_clahe,269,20260817,75,75,0.7,0.013333333333333334,0.02666666666666667,0.013333333333333334,0.017777777777777778
p1_clahe,270,20260817,75,75,0.8,0.0,0.0,0.0,0.0
p1_clahe,271,20260817,75,75,0.8,0.0,0.0,0.0,0.0
p1_clahe,272,20260817,75,75,0.65,0.05333333333333334,0.02666666666666667,0.013333333333333334,0.031111111111111114
p1_clahe,273,20260817,75,75,0.75,0.0,0.0,0.0,0.0
p1_clahe,274,20260817,75,75,0.75,0.0,0.0,0.0,0.0
p1_clahe,275,20260817,75,75,0.8,0.0,0.0,0.0,0.0
p1_clahe,276,20260817,75,75,0.65,0.02666666666666667,0.013333333333333334,0.013333333333333334,0.017777777777777778
p1_clahe,277,20260817,75,75,0.8,0.0,0.0,0.0,0.0
p1_clahe,278,20260817,75,75,0.8,0.0,0.0,0.0,0.0
p1_clahe,279,20260817,75,75,0.7,0.04,0.0,0.013333333333333334,0.017777777777777778
p1_clahe,280,20260817,75,75,0.75,0.013333333333333334,0.013333333333333334,0.0,0.008888888888888889
p1_clahe,281,20260817,75,75,0.65,0.013333333333333334,0.0,0.0,0.0044444444444444444
p1_clahe,282,20260817,75,75,0.75,0.0,0.0,0.0,0.0
p1_clahe,283,20260817,75,75,0.65,0.013333333333333334,0.013333333333333334,0.0,0.008888888888888889
p1_clahe,284,20260817,75,75,0.8,0.0,0.0,0.0,0.0
p1_clahe,285,20260817,75,75,0.8,0.0,0.0,0.0,0.0
p1_clahe,286,20260817,75,75,0.6,0.02666666666666667,0.04,0.04,0.035555555555555556
p1_clahe,287,20260817,75,75,0.75,0.02666666666666667,0.013333333333333334,0.0,0.013333333333333334
p1_clahe,288,20260817,75,75,0.8,0.0,0.0,0.0,0.0
p1_clahe,289,20260817,75,75,0.8,0.0,0.0,0.0,0.0
p1_clahe,290,20260817,75,75,0.7,0.0,0.013333333333333334,0.02666666666666667,0.013333333333333334
p1_clahe,291,20260817,75,75,0.8,0.0,0.0,0.0,0.0
p1_clahe,292,20260817,75,75,0.65,0.08,0.06666666666666667,0.04,0.06222222222222222
p1_clahe,293,20260817,75,75,0.65,0.04,0.02666666666666667,0.02666666666666667,0.031111111111111114
p1_clahe,294,20260817,75,75,0.65,0.04,0.04,0.013333333333333334,0.03111111111111111
p1_clahe,295,20260817,75,75,0.7,0.0,0.013333333333333334,0.0,0.0044444444444444444
p1_clahe,296,20260817,75,75,0.8,0.0,0.0,0.0,0.0
p1_clahe,297,20260817,75,75,0.75,0.0,0.0,0.0,0.0
p1_clahe,298,20260817,75,75,0.8,0.0,0.0,0.0,0.0
p1_clahe,299,20260817,75,75,0.7,0.0,0.02666666666666667,0.0,0.008888888888888889
p1_clahe,300,20260817,75,75,0.65,0.04,0.06666666666666667,0.02666666666666667,0.044444444444444446
p1_clahe,301,20260817,75,75,0.75,0.0,0.0,0.0,0.0
p1_clahe,302,20260817,75,75,0.75,0.0,0.0,0.0,0.0
p1_clahe,303,20260817,75,75,0.8,0.0,0.0,0.0,0.0
p1_clahe,304,20260817,75,75,0.65,0.02666666666666667,0.02666666666666667,0.013333333333333334,0.022222222222222223
p1_clahe,305,20260817,75,75,0.8,0.0,0.0,0.0,0.0
p1_clahe,306,20260817,75,75,0.8,0.0,0.0,0.0,0.0
p1_clahe,307,20260817,75,75,0.8,0.0,0.0,0.0,0.0
p1_clahe,308,20260817,75,75,0.8,0.0,0.0,0.0,0.0
p1_clahe,309,20260817,75,75,0.8,0.0,0.0,0.0,0.0
p1_clahe,310,20260817,75,75,0.8,0.0,0.0,0.0,0.0
p1_clahe,311,20260817,75,75,0.75,0.0,0.0,0.0,0.0
p1_clahe,312,20260817,75,75,0.75,0.013333333333333334,0.013333333333333334,0.0,0.008888888888888889
p1_clahe,313,20260817,75,75,0.75,0.0,0.0,0.0,0.0
p1_clahe,314,20260817,75,75,0.75,0.0,0.0,0.0,0.0
p1_clahe,315,20260817,75,75,0.65,0.02666666666666667,0.02666666666666667,0.0,0.017777777777777778
p1_clahe,316,20260817,75,75,0.8,0.0,0.0,0.0,0.0
p1_clahe,317,20260817,75,75,0.8,0.0,0.0,0.0,0.0
p1_clahe,318,20260817,75,75,0.65,0.013333333333333334,0.013333333333333334,0.013333333333333334,0.013333333333333334
p1_clahe,319,20260817,75,75,0.65,0.04,0.013333333333333334,0.013333333333333334,0.022222222222222223
p1_clahe,320,20260817,75,75,0.75,0.0,0.0,0.0,0.0
p1_clahe,321,20260817,75,75,0.75,0.013333333333333334,0.013333333333333334,0.0,0.008888888888888889
p1_clahe,322,20260817,75,75,0.8,0.0,0.0,0.0,0.0
p1_clahe,323,20260817,75,75,0.7,0.0,0.0,0.0,0.0
p1_clahe,324,20260817,75,75,0.65,0.0,0.0,0.0,0.0
p1_clahe,325,20260817,75,75,0.65,0.04,0.04,0.02666666666666667,0.035555555555555556
p1_clahe,326,20260817,75,75,0.75,0.0,0.0,0.0,0.0
p1_clahe,327,20260817,75,75,0.65,0.013333333333333334,0.04,0.0,0.017777777777777778
p1_clahe,328,20260817,75,75,0.8,0.0,0.0,0.0,0.0
p1_clahe,329,20260817,75,75,0.7,0.0,0.0,0.0,0.0
p1_clahe,330,20260817,75,75,0.8,0.0,0.0,0.0,0.0
p1_clahe,331,20260817,75,75,0.65,0.013333333333333334,0.02666666666666667,0.013333333333333334,0.017777777777777778
p1_clahe,332,20260817,75,75,0.75,0.0,0.0,0.0,0.0
p1_clahe,333,20260817,75,75,0.8,0.0,0.0,0.0,0.0
p1_clahe,334,20260817,75,75,0.8,0.0,0.0,0.0,0.0
p1_clahe,335,20260817,75,75,0.7,0.0,0.0,0.0,0.0
p1_clahe,336,20260817,75,75,0.75,0.0,0.0,0.0,0.0
p1_clahe,337,20260817,75,75,0.75,0.013333333333333334,0.013333333333333334,0.0,0.008888888888888889
p1_clahe,338,20260817,75,75,0.75,0.013333333333333334,0.013333333333333334,0.013333333333333334,0.013333333333333334
p1_clahe,339,20260817,75,75,0.75,0.0,0.0,0.0,0.0
p1_clahe,340,20260817,75,75,0.75,0.0,0.0,0.0,0.0
p1_clahe,341,20260817,75,75,0.6,0.02666666666666667,0.02666666666666667,0.05333333333333334,0.035555555555555556
p1_clahe,342,20260817,75,75,0.65,0.013333333333333334,0.013333333333333334,0.013333333333333334,0.013333333333333334
p1_clahe,343,20260817,75,75,0.75,0.0,0.0,0.0,0.0
p1_clahe,344,20260817,75,75,0.7,0.04,0.06666666666666667,0.04,0.04888888888888889
p1_clahe,345,20260817,75,75,0.65,0.0,0.013333333333333334,0.0,0.0044444444444444444
p1_clahe,346,20260817,75,75,0.75,0.0,0.0,0.0,0.0
p1_clahe,347,20260817,75,75,0.7,0.0,0.013333333333333334,0.013333333333333334,0.008888888888888889
p1_clahe,348,20260817,75,75,0.8,0.0,0.0,0.0,0.0
p1_clahe,349,20260817,75,75,0.65,0.0,0.02666666666666667,0.0,0.008888888888888889
p1_clahe,350,20260817,75,75,0.6,0.04,0.04,0.04,0.04
p1_clahe,351,20260817,75,75,0.75,0.0,0.0,0.0,0.0
p1_clahe,352,20260817,75,75,0.7,0.013333333333333334,0.013333333333333334,0.02666666666666667,0.017777777777777778
p1_clahe,353,20260817,75,75,0.75,0.0,0.0,0.0,0.0
p1_clahe,354,20260817,75,75,0.75,0.0,0.0,0.0,0.0
p1_clahe,355,20260817,75,75,0.75,0.013333333333333334,0.0,0.0,0.0044444444444444444
p1_clahe,356,20260817,75,75,0.8,0.0,0.0,0.0,0.0
p1_clahe,357,20260817,75,75,0.75,0.0,0.0,0.0,0.0
p1_clahe,358,20260817,75,75,0.7,0.013333333333333334,0.013333333333333334,0.0,0.008888888888888889
p1_clahe,359,20260817,75,75,0.8,0.0,0.0,0.0,0.0
p1_clahe,360,20260817,75,75,0.65,0.02666666666666667,0.02666666666666667,0.013333333333333334,0.022222222222222223
p1_clahe,361,20260817,75,75,0.75,0.0,0.0,0.0,0.0
p1_clahe,362,20260817,75,75,0.8,0.0,0.0,0.0,0.0
p1_clahe,363,20260817,75,75,0.75,0.0,0.0,0.0,0.0
p1_clahe,364,20260817,75,75,0.8,0.0,0.0,0.0,0.0
p1_clahe,365,20260817,75,75,0.8,0.0,0.0,0.0,0.0
p1_clahe,366,20260817,75,75,0.75,0.0,0.0,0.0,0.0
p1_clahe,367,20260817,75,75,0.7,0.013333333333333334,0.02666666666666667,0.02666666666666667,0.022222222222222223
p1_clahe,368,20260817,75,75,0.65,0.02666666666666667,0.013333333333333334,0.013333333333333334,0.017777777777777778
p1_clahe,369,20260817,75,75,0.65,0.02666666666666667,0.02666666666666667,0.0,0.017777777777777778
p1_clahe,370,20260817,75,75,0.7,0.0,0.013333333333333334,0.0,0.0044444444444444444
p1_clahe,371,20260817,75,75,0.6,0.02666666666666667,0.02666666666666667,0.02666666666666667,0.02666666666666667
p1_clahe,372,20260817,75,75,0.8,0.0,0.0,0.0,0.0
p1_clahe,373,20260817,75,75,0.75,0.013333333333333334,0.0,0.0,0.0044444444444444444
p1_clahe,374,20260817,75,75,0.75,0.0,0.0,0.0,0.0
p1_clahe,375,20260817,75,75,0.65,0.02666666666666667,0.02666666666666667,0.013333333333333334,0.022222222222222223
p1_clahe,376,20260817,75,75,0.7,0.0,0.013333333333333334,0.013333333333333334,0.008888888888888889
p1_clahe,377,20260817,75,75,0.7,0.0,0.02666666666666667,0.02666666666666667,0.017777777777777778
p1_clahe,378,20260817,75,75,0.65,0.0,0.013333333333333334,0.013333333333333334,0.008888888888888889
p1_clahe,379,20260817,75,75,0.65,0.013333333333333334,0.0,0.0,0.0044444444444444444
p1_clahe,380,20260817,75,75,0.7,0.0,0.0,0.0,0.0
p1_clahe,381,20260817,75,75,0.8,0.0,0.0,0.0,0.0
p1_clahe,382,20260817,75,75,0.75,0.0,0.0,0.0,0.0
p1_clahe,383,20260817,75,75,0.8,0.0,0.0,0.0,0.0
p1_clahe,384,20260817,75,75,0.8,0.0,0.0,0.0,0.0
p1_clahe,385,20260817,75,75,0.65,0.04,0.02666666666666667,0.02666666666666667,0.031111111111111114
p1_clahe,386,20260817,75,75,0.6,0.02666666666666667,0.05333333333333334,0.04,0.04
p1_clahe,387,20260817,75,75,0.65,0.013333333333333334,0.013333333333333334,0.013333333333333334,0.013333333333333334
p1_clahe,388,20260817,75,75,0.65,0.013333333333333334,0.013333333333333334,0.0,0.008888888888888889
p1_clahe,389,20260817,75,75,0.65,0.06666666666666667,0.05333333333333334,0.04,0.05333333333333334
p1_clahe,390,20260817,75,75,0.75,0.0,0.0,0.0,0.0
p1_clahe,391,20260817,75,75,0.7,0.0,0.013333333333333334,0.013333333333333334,0.008888888888888889
p1_clahe,392,20260817,75,75,0.8,0.0,0.0,0.0,0.0
p1_clahe,393,20260817,75,75,0.8,0.0,0.0,0.0,0.0
p1_clahe,394,20260817,75,75,0.8,0.0,0.0,0.0,0.0
p1_clahe,395,20260817,75,75,0.65,0.013333333333333334,0.02666666666666667,0.0,0.013333333333333334
p1_clahe,396,20260817,75,75,0.65,0.04,0.013333333333333334,0.013333333333333334,0.022222222222222223
p1_clahe,397,20260817,75,75,0.8,0.0,0.0,0.0,0.0
p1_clahe,398,20260817,75,75,0.65,0.0,0.013333333333333334,0.0,0.0044444444444444444
p1_clahe,399,20260817,75,75,0.75,0.013333333333333334,0.013333333333333334,0.013333333333333334,0.013333333333333334
p1_clahe,400,20260817,75,75,0.7,0.0,0.013333333333333334,0.0,0.0044444444444444444
p1_clahe,401,20260817,75,75,0.75,0.0,0.0,0.0,0.0
p1_clahe,402,20260817,75,75,0.7,0.0,0.013333333333333334,0.0,0.0044444444444444444
p1_clahe,403,20260817,75,75,0.6,0.05333333333333334,0.04,0.05333333333333334,0.04888888888888889
p1_clahe,404,20260817,75,75,0.6,0.06666666666666667,0.05333333333333334,0.06666666666666667,0.06222222222222222
p1_clahe,405,20260817,75,75,0.75,0.0,0.0,0.0,0.0
p1_clahe,406,20260817,75,75,0.75,0.0,0.0,0.0,0.0
p1_clahe,407,20260817,75,75,0.7,0.0,0.0,0.0,0.0
p1_clahe,408,20260817,75,75,0.8,0.0,0.0,0.0,0.0
p1_clahe,409,20260817,75,75,0.8,0.0,0.0,0.0,0.0
p1_clahe,410,20260817,75,75,0.65,0.04,0.04,0.04,0.04
p1_clahe,411,20260817,75,75,0.8,0.013333333333333334,0.0,0.0,0.0044444444444444444
p1_clahe,412,20260817,75,75,0.6,0.013333333333333334,0.013333333333333334,0.013333333333333334,0.013333333333333334
p1_clahe,413,20260817,75,75,0.65,0.013333333333333334,0.013333333333333334,0.0,0.008888888888888889
p1_clahe,414,20260817,75,75,0.65,0.02666666666666667,0.02666666666666667,0.04,0.031111111111111114
p1_clahe,415,20260817,75,75,0.8,0.0,0.0,0.0,0.0
p1_clahe,416,20260817,75,75,0.6,0.02666666666666667,0.02666666666666667,0.02666666666666667,0.02666666666666667
p1_clahe,417,20260817,75,75,0.75,0.013333333333333334,0.013333333333333334,0.0,0.008888888888888889
p1_clahe,418,20260817,75,75,0.7,0.0,0.013333333333333334,0.013333333333333334,0.008888888888888889
p1_clahe,419,20260817,75,75,0.75,0.0,0.013333333333333334,0.0,0.0044444444444444444
p1_clahe,420,20260817,75,75,0.75,0.013333333333333334,0.013333333333333334,0.0,0.008888888888888889
p1_clahe,421,20260817,75,75,0.75,0.013333333333333334,0.02666666666666667,0.0,0.013333333333333334
p1_clahe,422,20260817,75,75,0.65,0.04,0.04,0.02666666666666667,0.035555555555555556
p1_clahe,423,20260817,75,75,0.75,0.013333333333333334,0.0,0.013333333333333334,0.008888888888888889
p1_clahe,424,20260817,75,75,0.75,0.0,0.0,0.0,0.0
p1_clahe,425,20260817,75,75,0.75,0.0,0.0,0.0,0.0
p1_clahe,426,20260817,75,75,0.8,0.0,0.0,0.0,0.0
p1_clahe,427,20260817,75,75,0.7,0.0,0.013333333333333334,0.0,0.0044444444444444444
p1_clahe,428,20260817,75,75,0.65,0.05333333333333334,0.05333333333333334,0.02666666666666667,0.044444444444444446
p1_clahe,429,20260817,75,75,0.8,0.0,0.0,0.0,0.0
p1_clahe,430,20260817,75,75,0.75,0.013333333333333334,0.013333333333333334,0.013333333333333334,0.013333333333333334
p1_clahe,431,20260817,75,75,0.6,0.05333333333333334,0.05333333333333334,0.05333333333333334,0.05333333333333334
p1_clahe,432,20260817,75,75,0.75,0.0,0.0,0.0,0.0
p1_clahe,433,20260817,75,75,0.75,0.0,0.0,0.0,0.0
p1_clahe,434,20260817,75,75,0.7,0.0,0.0,0.0,0.0
p1_clahe,435,20260817,75,75,0.7,0.02666666666666667,0.013333333333333334,0.0,0.013333333333333334
p1_clahe,436,20260817,75,75,0.8,0.0,0.0,0.0,0.0
p1_clahe,437,20260817,75,75,0.8,0.0,0.0,0.0,0.0
p1_clahe,438,20260817,75,75,0.75,0.013333333333333334,0.0,0.013333333333333334,0.008888888888888889
p1_clahe,439,20260817,75,75,0.75,0.0,0.0,0.0,0.0
p1_clahe,440,20260817,75,75,0.7,0.013333333333333334,0.013333333333333334,0.04,0.022222222222222223
p1_clahe,441,20260817,75,75,0.8,0.0,0.0,0.0,0.0
p1_clahe,442,20260817,75,75,0.8,0.0,0.0,0.0,0.0
p1_clahe,443,20260817,75,75,0.75,0.0,0.013333333333333334,0.0,0.0044444444444444444
p1_clahe,444,20260817,75,75,0.75,0.0,0.0,0.0,0.0
p1_clahe,445,20260817,75,75,0.65,0.013333333333333334,0.02666666666666667,0.013333333333333334,0.017777777777777778
p1_clahe,446,20260817,75,75,0.75,0.0,0.0,0.0,0.0
p1_clahe,447,20260817,75,75,0.65,0.013333333333333334,0.013333333333333334,0.013333333333333334,0.013333333333333334
p1_clahe,448,20260817,75,75,0.8,0.0,0.0,0.0,0.0
p1_clahe,449,20260817,75,75,0.65,0.02666666666666667,0.02666666666666667,0.013333333333333334,0.022222222222222223
p1_clahe,450,20260817,75,75,0.75,0.013333333333333334,0.013333333333333334,0.0,0.008888888888888889
p1_clahe,451,20260817,75,75,0.75,0.013333333333333334,0.013333333333333334,0.0,0.008888888888888889
p1_clahe,452,20260817,75,75,0.75,0.013333333333333334,0.0,0.0,0.0044444444444444444
p1_clahe,453,20260817,75,75,0.7,0.013333333333333334,0.013333333333333334,0.013333333333333334,0.013333333333333334
p1_clahe,454,20260817,75,75,0.75,0.0,0.0,0.0,0.0
p1_clahe,455,20260817,75,75,0.7,0.0,0.0,0.013333333333333334,0.0044444444444444444
p1_clahe,456,20260817,75,75,0.75,0.0,0.0,0.0,0.0
p1_clahe,457,20260817,75,75,0.75,0.013333333333333334,0.013333333333333334,0.0,0.008888888888888889
p1_clahe,458,20260817,75,75,0.65,0.013333333333333334,0.02666666666666667,0.013333333333333334,0.017777777777777778
p1_clahe,459,20260817,75,75,0.75,0.0,0.0,0.0,0.0
p1_clahe,460,20260817,75,75,0.8,0.0,0.0,0.0,0.0
p1_clahe,461,20260817,75,75,0.75,0.0,0.0,0.0,0.0
p1_clahe,462,20260817,75,75,0.65,0.02666666666666667,0.04,0.02666666666666667,0.031111111111111114
p1_clahe,463,20260817,75,75,0.75,0.0,0.0,0.0,0.0
p1_clahe,464,20260817,75,75,0.75,0.0,0.0,0.0,0.0
p1_clahe,465,20260817,75,75,0.75,0.013333333333333334,0.0,0.0,0.0044444444444444444
p1_clahe,466,20260817,75,75,0.65,0.04,0.02666666666666667,0.013333333333333334,0.02666666666666667
p1_clahe,467,20260817,75,75,0.8,0.0,0.0,0.0,0.0
p1_clahe,468,20260817,75,75,0.75,0.04,0.02666666666666667,0.013333333333333334,0.02666666666666667
p1_clahe,469,20260817,75,75,0.7,0.0,0.013333333333333334,0.013333333333333334,0.008888888888888889
p1_clahe,470,20260817,75,75,0.75,0.013333333333333334,0.013333333333333334,0.013333333333333334,0.013333333333333334
p1_clahe,471,20260817,75,75,0.7,0.0,0.013333333333333334,0.0,0.0044444444444444444
p1_clahe,472,20260817,75,75,0.65,0.05333333333333334,0.05333333333333334,0.02666666666666667,0.044444444444444446
p1_clahe,473,20260817,75,75,0.8,0.0,0.0,0.0,0.0
p1_clahe,474,20260817,75,75,0.75,0.0,0.0,0.0,0.0
p1_clahe,475,20260817,75,75,0.75,0.0,0.0,0.0,0.0
p1_clahe,476,20260817,75,75,0.75,0.0,0.0,0.0,0.0
p1_clahe,477,20260817,75,75,0.75,0.013333333333333334,0.0,0.0,0.0044444444444444444
p1_clahe,478,20260817,75,75,0.65,0.02666666666666667,0.05333333333333334,0.013333333333333334,0.031111111111111114
p1_clahe,479,20260817,75,75,0.75,0.013333333333333334,0.013333333333333334,0.013333333333333334,0.013333333333333334
p1_clahe,480,20260817,75,75,0.7,0.0,0.0,0.0,0.0
p1_clahe,481,20260817,75,75,0.75,0.013333333333333334,0.0,0.0,0.0044444444444444444
p1_clahe,482,20260817,75,75,0.65,0.0,0.013333333333333334,0.0,0.0044444444444444444
p1_clahe,483,20260817,75,75,0.75,0.0,0.013333333333333334,0.0,0.0044444444444444444
p1_clahe,484,20260817,75,75,0.75,0.0,0.0,0.0,0.0
p1_clahe,485,20260817,75,75,0.75,0.0,0.0,0.0,0.0
p1_clahe,486,20260817,75,75,0.65,0.05333333333333334,0.02666666666666667,0.04,0.04
p1_clahe,487,20260817,75,75,0.75,0.013333333333333334,0.013333333333333334,0.0,0.008888888888888889
p1_clahe,488,20260817,75,75,0.75,0.0,0.0,0.0,0.0
p1_clahe,489,20260817,75,75,0.75,0.013333333333333334,0.0,0.013333333333333334,0.008888888888888889
p1_clahe,490,20260817,75,75,0.7,0.013333333333333334,0.013333333333333334,0.0,0.008888888888888889
p1_clahe,491,20260817,75,75,0.75,0.0,0.0,0.0,0.0
p1_clahe,492,20260817,75,75,0.75,0.0,0.0,0.0,0.0
p1_clahe,493,20260817,75,75,0.7,0.02666666666666667,0.02666666666666667,0.0,0.017777777777777778
p1_clahe,494,20260817,75,75,0.65,0.04,0.05333333333333334,0.04,0.044444444444444446
p1_clahe,495,20260817,75,75,0.75,0.013333333333333334,0.013333333333333334,0.0,0.008888888888888889
p1_clahe,496,20260817,75,75,0.65,0.013333333333333334,0.02666666666666667,0.02666666666666667,0.022222222222222223
p1_clahe,497,20260817,75,75,0.75,0.0,0.0,0.0,0.0
p1_clahe,498,20260817,75,75,0.6,0.0,0.04,0.02666666666666667,0.022222222222222223
p1_clahe,499,20260817,75,75,0.8,0.0,0.0,0.0,0.0
p1_clahe,500,20260817,75,75,0.65,0.013333333333333334,0.013333333333333334,0.013333333333333334,0.013333333333333334
p1_clahe,501,20260817,75,75,0.75,0.0,0.0,0.0,0.0
p1_clahe,502,20260817,75,75,0.75,0.0,0.013333333333333334,0.0,0.0044444444444444444
p1_clahe,503,20260817,75,75,0.65,0.013333333333333334,0.013333333333333334,0.0,0.008888888888888889
p1_clahe,504,20260817,75,75,0.8,0.0,0.0,0.0,0.0
p1_clahe,505,20260817,75,75,0.8,0.0,0.0,0.0,0.0
p1_clahe,506,20260817,75,75,0.65,0.013333333333333334,0.013333333333333334,0.0,0.008888888888888889
p1_clahe,507,20260817,75,75,0.75,0.0,0.0,0.0,0.0
p1_clahe,508,20260817,75,75,0.75,0.013333333333333334,0.0,0.013333333333333334,0.008888888888888889
p1_clahe,509,20260817,75,75,0.7,0.013333333333333334,0.0,0.0,0.0044444444444444444
p1_clahe,510,20260817,75,75,0.75,0.0,0.0,0.0,0.0
p1_clahe,511,20260817,75,75,0.7,0.0,0.013333333333333334,0.013333333333333334,0.008888888888888889
p1_clahe,512,20260817,75,75,0.8,0.013333333333333334,0.0,0.0,0.0044444444444444444
p1_clahe,513,20260817,75,75,0.8,0.0,0.0,0.0,0.0
p1_clahe,514,20260817,75,75,0.75,0.0,0.013333333333333334,0.0,0.0044444444444444444
p1_clahe,515,20260817,75,75,0.8,0.0,0.0,0.0,0.0
p1_clahe,516,20260817,75,75,0.8,0.0,0.0,0.0,0.0
p1_clahe,517,20260817,75,75,0.7,0.013333333333333334,0.013333333333333334,0.013333333333333334,0.013333333333333334
p1_clahe,518,20260817,75,75,0.7,0.013333333333333334,0.0,0.0,0.0044444444444444444
p1_clahe,519,20260817,75,75,0.8,0.0,0.0,0.0,0.0
p1_clahe,520,20260817,75,75,0.65,0.04,0.02666666666666667,0.02666666666666667,0.031111111111111114
p1_clahe,521,20260817,75,75,0.75,0.0,0.0,0.0,0.0
p1_clahe,522,20260817,75,75,0.8,0.0,0.0,0.0,0.0
p1_clahe,523,20260817,75,75,0.75,0.0,0.0,0.0,0.0
p1_clahe,524,20260817,75,75,0.65,0.05333333333333334,0.05333333333333334,0.04,0.04888888888888889
p1_clahe,525,20260817,75,75,0.8,0.0,0.0,0.0,0.0
p1_clahe,526,20260817,75,75,0.65,0.04,0.013333333333333334,0.013333333333333334,0.022222222222222223
p1_clahe,527,20260817,75,75,0.65,0.04,0.013333333333333334,0.013333333333333334,0.022222222222222223
p1_clahe,528,20260817,75,75,0.75,0.0,0.0,0.0,0.0
p1_clahe,529,20260817,75,75,0.65,0.02666666666666667,0.013333333333333334,0.0,0.013333333333333334
p1_clahe,530,20260817,75,75,0.65,0.02666666666666667,0.04,0.013333333333333334,0.02666666666666667
p1_clahe,531,20260817,75,75,0.65,0.02666666666666667,0.013333333333333334,0.0,0.013333333333333334
p1_clahe,532,20260817,75,75,0.8,0.0,0.0,0.0,0.0
p1_clahe,533,20260817,75,75,0.75,0.02666666666666667,0.013333333333333334,0.02666666666666667,0.022222222222222223
p1_clahe,534,20260817,75,75,0.7,0.02666666666666667,0.02666666666666667,0.0,0.017777777777777778
p1_clahe,535,20260817,75,75,0.75,0.0,0.0,0.0,0.0
p1_clahe,536,20260817,75,75,0.65,0.013333333333333334,0.02666666666666667,0.0,0.013333333333333334
p1_clahe,537,20260817,75,75,0.75,0.013333333333333334,0.0,0.0,0.0044444444444444444
p1_clahe,538,20260817,75,75,0.65,0.013333333333333334,0.02666666666666667,0.013333333333333334,0.017777777777777778
p1_clahe,539,20260817,75,75,0.75,0.0,0.013333333333333334,0.0,0.0044444444444444444
p1_clahe,540,20260817,75,75,0.8,0.0,0.0,0.0,0.0
p1_clahe,541,20260817,75,75,0.75,0.0,0.0,0.0,0.0
p1_clahe,542,20260817,75,75,0.8,0.0,0.0,0.0,0.0
p1_clahe,543,20260817,75,75,0.7,0.02666666666666667,0.02666666666666667,0.013333333333333334,0.022222222222222223
p1_clahe,544,20260817,75,75,0.75,0.0,0.0,0.0,0.0
p1_clahe,545,20260817,75,75,0.8,0.0,0.0,0.0,0.0
p1_clahe,546,20260817,75,75,0.8,0.0,0.0,0.0,0.0
p1_clahe,547,20260817,75,75,0.75,0.0,0.0,0.0,0.0
p1_clahe,548,20260817,75,75,0.7,0.0,0.0,0.0,0.0
p1_clahe,549,20260817,75,75,0.7,0.0,0.0,0.0,0.0
p1_clahe,550,20260817,75,75,0.7,0.02666666666666667,0.02666666666666667,0.0,0.017777777777777778
p1_clahe,551,20260817,75,75,0.8,0.0,0.0,0.0,0.0
p1_clahe,552,20260817,75,75,0.65,0.02666666666666667,0.02666666666666667,0.013333333333333334,0.022222222222222223
p1_clahe,553,20260817,75,75,0.75,0.013333333333333334,0.013333333333333334,0.013333333333333334,0.013333333333333334
p1_clahe,554,20260817,75,75,0.8,0.013333333333333334,0.0,0.0,0.0044444444444444444
p1_clahe,555,20260817,75,75,0.8,0.013333333333333334,0.0,0.0,0.0044444444444444444
p1_clahe,556,20260817,75,75,0.7,0.013333333333333334,0.0,0.0,0.0044444444444444444
p1_clahe,557,20260817,75,75,0.65,0.013333333333333334,0.02666666666666667,0.013333333333333334,0.017777777777777778
p1_clahe,558,20260817,75,75,0.65,0.02666666666666667,0.013333333333333334,0.013333333333333334,0.017777777777777778
p1_clahe,559,20260817,75,75,0.7,0.0,0.0,0.0,0.0
p1_clahe,560,20260817,75,75,0.7,0.0,0.0,0.0,0.0
p1_clahe,561,20260817,75,75,0.75,0.013333333333333334,0.0,0.0,0.0044444444444444444
p1_clahe,562,20260817,75,75,0.7,0.013333333333333334,0.013333333333333334,0.0,0.008888888888888889
p1_clahe,563,20260817,75,75,0.8,0.0,0.0,0.0,0.0
p1_clahe,564,20260817,75,75,0.75,0.0,0.0,0.0,0.0
p1_clahe,565,20260817,75,75,0.75,0.0,0.0,0.0,0.0
p1_clahe,566,20260817,75,75,0.7,0.0,0.0,0.0,0.0
p1_clahe,567,20260817,75,75,0.8,0.0,0.0,0.0,0.0
p1_clahe,568,20260817,75,75,0.75,0.02666666666666667,0.02666666666666667,0.013333333333333334,0.022222222222222223
p1_clahe,569,20260817,75,75,0.7,0.04,0.02666666666666667,0.02666666666666667,0.031111111111111114
p1_clahe,570,20260817,75,75,0.8,0.0,0.0,0.0,0.0
p1_clahe,571,20260817,75,75,0.75,0.013333333333333334,0.0,0.0,0.0044444444444444444
p1_clahe,572,20260817,75,75,0.7,0.0,0.0,0.013333333333333334,0.0044444444444444444
p1_clahe,573,20260817,75,75,0.8,0.0,0.0,0.0,0.0
p1_clahe,574,20260817,75,75,0.7,0.0,0.0,0.0,0.0
p1_clahe,575,20260817,75,75,0.7,0.04,0.02666666666666667,0.0,0.022222222222222223
p1_clahe,576,20260817,75,75,0.8,0.0,0.0,0.0,0.0
p1_clahe,577,20260817,75,75,0.65,0.013333333333333334,0.013333333333333334,0.013333333333333334,0.013333333333333334
p1_clahe,578,20260817,75,75,0.65,0.013333333333333334,0.0,0.013333333333333334,0.008888888888888889
p1_clahe,579,20260817,75,75,0.7,0.0,0.0,0.0,0.0
p1_clahe,580,20260817,75,75,0.65,0.013333333333333334,0.02666666666666667,0.02666666666666667,0.022222222222222223
p1_clahe,581,20260817,75,75,0.7,0.013333333333333334,0.0,0.0,0.0044444444444444444
p1_clahe,582,20260817,75,75,0.75,0.0,0.0,0.0,0.0
p1_clahe,583,20260817,75,75,0.75,0.04,0.013333333333333334,0.02666666666666667,0.02666666666666667
p1_clahe,584,20260817,75,75,0.75,0.0,0.0,0.0,0.0
p1_clahe,585,20260817,75,75,0.8,0.0,0.0,0.0,0.0
p1_clahe,586,20260817,75,75,0.8,0.0,0.0,0.0,0.0
p1_clahe,587,20260817,75,75,0.8,0.0,0.0,0.0,0.0
p1_clahe,588,20260817,75,75,0.55,0.06666666666666667,0.06666666666666667,0.04,0.057777777777777775
p1_clahe,589,20260817,75,75,0.7,0.013333333333333334,0.013333333333333334,0.02666666666666667,0.017777777777777778
p1_clahe,590,20260817,75,75,0.7,0.02666666666666667,0.02666666666666667,0.0,0.017777777777777778
p1_clahe,591,20260817,75,75,0.8,0.013333333333333334,0.0,0.0,0.0044444444444444444
p1_clahe,592,20260817,75,75,0.75,0.0,0.0,0.0,0.0
p1_clahe,593,20260817,75,75,0.8,0.0,0.0,0.0,0.0
p1_clahe,594,20260817,75,75,0.75,0.013333333333333334,0.013333333333333334,0.013333333333333334,0.013333333333333334
p1_clahe,595,20260817,75,75,0.7,0.0,0.0,0.0,0.0
p1_clahe,596,20260817,75,75,0.8,0.0,0.0,0.0,0.0
p1_clahe,597,20260817,75,75,0.8,0.0,0.0,0.0,0.0
p1_clahe,598,20260817,75,75,0.7,0.013333333333333334,0.013333333333333334,0.013333333333333334,0.013333333333333334
p1_clahe,599,20260817,75,75,0.75,0.0,0.0,0.0,0.0
p1_clahe,600,20260817,75,75,0.75,0.0,0.0,0.0,0.0
p1_clahe,601,20260817,75,75,0.65,0.013333333333333334,0.013333333333333334,0.013333333333333334,0.013333333333333334
p1_clahe,602,20260817,75,75,0.65,0.0,0.013333333333333334,0.013333333333333334,0.008888888888888889
p1_clahe,603,20260817,75,75,0.8,0.0,0.0,0.0,0.0
p1_clahe,604,20260817,75,75,0.8,0.0,0.0,0.0,0.0
p1_clahe,605,20260817,75,75,0.65,0.013333333333333334,0.013333333333333334,0.013333333333333334,0.013333333333333334
p1_clahe,606,20260817,75,75,0.7,0.0,0.013333333333333334,0.0,0.0044444444444444444
p1_clahe,607,20260817,75,75,0.8,0.0,0.0,0.0,0.0
p1_clahe,608,20260817,75,75,0.65,0.013333333333333334,0.02666666666666667,0.02666666666666667,0.022222222222222223
p1_clahe,609,20260817,75,75,0.8,0.0,0.0,0.0,0.0
p1_clahe,610,20260817,75,75,0.65,0.013333333333333334,0.013333333333333334,0.0,0.008888888888888889
p1_clahe,611,20260817,75,75,0.8,0.0,0.0,0.0,0.0
p1_clahe,612,20260817,75,75,0.7,0.04,0.013333333333333334,0.02666666666666667,0.02666666666666667
p1_clahe,613,20260817,75,75,0.75,0.013333333333333334,0.0,0.013333333333333334,0.008888888888888889
p1_clahe,614,20260817,75,75,0.65,0.02666666666666667,0.02666666666666667,0.013333333333333334,0.022222222222222223
p1_clahe,615,20260817,75,75,0.8,0.0,0.0,0.0,0.0
p1_clahe,616,20260817,75,75,0.8,0.0,0.0,0.0,0.0
p1_clahe,617,20260817,75,75,0.75,0.013333333333333334,0.0,0.0,0.0044444444444444444
p1_clahe,618,20260817,75,75,0.65,0.013333333333333334,0.05333333333333334,0.013333333333333334,0.02666666666666667
p1_clahe,619,20260817,75,75,0.6,0.04,0.04,0.04,0.04
p1_clahe,620,20260817,75,75,0.7,0.0,0.0,0.0,0.0
p1_clahe,621,20260817,75,75,0.75,0.0,0.0,0.0,0.0
p1_clahe,622,20260817,75,75,0.8,0.0,0.0,0.0,0.0
p1_clahe,623,20260817,75,75,0.75,0.0,0.0,0.0,0.0
p1_clahe,624,20260817,75,75,0.75,0.0,0.0,0.0,0.0
p1_clahe,625,20260817,75,75,0.65,0.0,0.02666666666666667,0.02666666666666667,0.017777777777777778
p1_clahe,626,20260817,75,75,0.7,0.013333333333333334,0.013333333333333334,0.0,0.008888888888888889
p1_clahe,627,20260817,75,75,0.8,0.0,0.0,0.0,0.0
p1_clahe,628,20260817,75,75,0.75,0.0,0.0,0.0,0.0
p1_clahe,629,20260817,75,75,0.75,0.0,0.0,0.0,0.0
p1_clahe,630,20260817,75,75,0.65,0.02666666666666667,0.02666666666666667,0.02666666666666667,0.02666666666666667
p1_clahe,631,20260817,75,75,0.8,0.0,0.0,0.0,0.0
p1_clahe,632,20260817,75,75,0.75,0.013333333333333334,0.013333333333333334,0.013333333333333334,0.013333333333333334
p1_clahe,633,20260817,75,75,0.65,0.0,0.013333333333333334,0.0,0.0044444444444444444
p1_clahe,634,20260817,75,75,0.75,0.0,0.0,0.0,0.0
p1_clahe,635,20260817,75,75,0.75,0.04,0.02666666666666667,0.02666666666666667,0.031111111111111114
p1_clahe,636,20260817,75,75,0.8,0.013333333333333334,0.0,0.0,0.0044444444444444444
p1_clahe,637,20260817,75,75,0.8,0.0,0.0,0.0,0.0
p1_clahe,638,20260817,75,75,0.8,0.0,0.0,0.0,0.0
p1_clahe,639,20260817,75,75,0.75,0.013333333333333334,0.0,0.0,0.0044444444444444444
p1_clahe,640,20260817,75,75,0.75,0.0,0.0,0.0,0.0
p1_clahe,641,20260817,75,75,0.65,0.02666666666666667,0.04,0.02666666666666667,0.031111111111111114
p1_clahe,642,20260817,75,75,0.7,0.0,0.0,0.0,0.0
p1_clahe,643,20260817,75,75,0.75,0.0,0.0,0.0,0.0
p1_clahe,644,20260817,75,75,0.65,0.02666666666666667,0.04,0.013333333333333334,0.02666666666666667
p1_clahe,645,20260817,75,75,0.65,0.0,0.013333333333333334,0.0,0.0044444444444444444
p1_clahe,646,20260817,75,75,0.7,0.0,0.013333333333333334,0.0,0.0044444444444444444
p1_clahe,647,20260817,75,75,0.7,0.013333333333333334,0.0,0.0,0.0044444444444444444
p1_clahe,648,20260817,75,75,0.7,0.013333333333333334,0.0,0.013333333333333334,0.008888888888888889
p1_clahe,649,20260817,75,75,0.8,0.0,0.0,0.0,0.0
p1_clahe,650,20260817,75,75,0.65,0.02666666666666667,0.05333333333333334,0.02666666666666667,0.035555555555555556
p1_clahe,651,20260817,75,75,0.7,0.013333333333333334,0.013333333333333334,0.0,0.008888888888888889
p1_clahe,652,20260817,75,75,0.8,0.0,0.0,0.0,0.0
p1_clahe,653,20260817,75,75,0.65,0.02666666666666667,0.04,0.02666666666666667,0.031111111111111114
p1_clahe,654,20260817,75,75,0.8,0.013333333333333334,0.0,0.0,0.0044444444444444444
p1_clahe,655,20260817,75,75,0.75,0.013333333333333334,0.013333333333333334,0.013333333333333334,0.013333333333333334
p1_clahe,656,20260817,75,75,0.75,0.0,0.0,0.0,0.0
p1_clahe,657,20260817,75,75,0.8,0.0,0.0,0.0,0.0
p1_clahe,658,20260817,75,75,0.7,0.04,0.02666666666666667,0.013333333333333334,0.02666666666666667
p1_clahe,659,20260817,75,75,0.8,0.0,0.0,0.0,0.0
p1_clahe,660,20260817,75,75,0.65,0.02666666666666667,0.02666666666666667,0.013333333333333334,0.022222222222222223
p1_clahe,661,20260817,75,75,0.8,0.0,0.0,0.0,0.0
p1_clahe,662,20260817,75,75,0.7,0.02666666666666667,0.013333333333333334,0.013333333333333334,0.017777777777777778
p1_clahe,663,20260817,75,75,0.65,0.02666666666666667,0.02666666666666667,0.0,0.017777777777777778
p1_clahe,664,20260817,75,75,0.75,0.013333333333333334,0.0,0.013333333333333334,0.008888888888888889
p1_clahe,665,20260817,75,75,0.75,0.013333333333333334,0.02666666666666667,0.0,0.013333333333333334
p1_clahe,666,20260817,75,75,0.8,0.0,0.0,0.0,0.0
p1_clahe,667,20260817,75,75,0.7,0.05333333333333334,0.013333333333333334,0.013333333333333334,0.02666666666666667
p1_clahe,668,20260817,75,75,0.75,0.0,0.0,0.0,0.0
p1_clahe,669,20260817,75,75,0.65,0.0,0.02666666666666667,0.013333333333333334,0.013333333333333334
p1_clahe,670,20260817,75,75,0.7,0.0,0.0,0.0,0.0
p1_clahe,671,20260817,75,75,0.65,0.02666666666666667,0.02666666666666667,0.013333333333333334,0.022222222222222223
p1_clahe,672,20260817,75,75,0.65,0.02666666666666667,0.04,0.013333333333333334,0.02666666666666667
p1_clahe,673,20260817,75,75,0.75,0.013333333333333334,0.013333333333333334,0.013333333333333334,0.013333333333333334
p1_clahe,674,20260817,75,75,0.8,0.0,0.0,0.0,0.0
p1_clahe,675,20260817,75,75,0.8,0.0,0.0,0.0,0.0
p1_clahe,676,20260817,75,75,0.8,0.0,0.0,0.0,0.0
p1_clahe,677,20260817,75,75,0.65,0.013333333333333334,0.0,0.0,0.0044444444444444444
p1_clahe,678,20260817,75,75,0.75,0.0,0.0,0.0,0.0
p1_clahe,679,20260817,75,75,0.75,0.0,0.0,0.0,0.0
p1_clahe,680,20260817,75,75,0.8,0.0,0.0,0.0,0.0
p1_clahe,681,20260817,75,75,0.8,0.0,0.0,0.0,0.0
p1_clahe,682,20260817,75,75,0.75,0.0,0.013333333333333334,0.0,0.0044444444444444444
p1_clahe,683,20260817,75,75,0.75,0.0,0.013333333333333334,0.0,0.0044444444444444444
p1_clahe,684,20260817,75,75,0.8,0.0,0.0,0.0,0.0
p1_clahe,685,20260817,75,75,0.75,0.0,0.0,0.0,0.0
p1_clahe,686,20260817,75,75,0.65,0.0,0.02666666666666667,0.02666666666666667,0.017777777777777778
p1_clahe,687,20260817,75,75,0.65,0.013333333333333334,0.02666666666666667,0.013333333333333334,0.017777777777777778
p1_clahe,688,20260817,75,75,0.8,0.0,0.0,0.0,0.0
p1_clahe,689,20260817,75,75,0.65,0.06666666666666667,0.08,0.02666666666666667,0.057777777777777775
p1_clahe,690,20260817,75,75,0.8,0.0,0.0,0.0,0.0
p1_clahe,691,20260817,75,75,0.8,0.0,0.0,0.0,0.0
p1_clahe,692,20260817,75,75,0.8,0.013333333333333334,0.0,0.0,0.0044444444444444444
p1_clahe,693,20260817,75,75,0.8,0.0,0.0,0.0,0.0
p1_clahe,694,20260817,75,75,0.65,0.013333333333333334,0.04,0.0,0.017777777777777778
p1_clahe,695,20260817,75,75,0.8,0.0,0.0,0.0,0.0
p1_clahe,696,20260817,75,75,0.75,0.013333333333333334,0.013333333333333334,0.013333333333333334,0.013333333333333334
p1_clahe,697,20260817,75,75,0.7,0.0,0.0,0.0,0.0
p1_clahe,698,20260817,75,75,0.75,0.0,0.0,0.0,0.0
p1_clahe,699,20260817,75,75,0.75,0.013333333333333334,0.013333333333333334,0.0,0.008888888888888889
p1_clahe,700,20260817,75,75,0.75,0.0,0.0,0.0,0.0
p1_clahe,701,20260817,75,75,0.75,0.0,0.0,0.0,0.0
p1_clahe,702,20260817,75,75,0.7,0.013333333333333334,0.013333333333333334,0.013333333333333334,0.013333333333333334
p1_clahe,703,20260817,75,75,0.65,0.04,0.04,0.02666666666666667,0.035555555555555556
p1_clahe,704,20260817,75,75,0.75,0.0,0.0,0.0,0.0
p1_clahe,705,20260817,75,75,0.8,0.0,0.0,0.0,0.0
p1_clahe,706,20260817,75,75,0.7,0.0,0.0,0.0,0.0
p1_clahe,707,20260817,75,75,0.65,0.0,0.013333333333333334,0.0,0.0044444444444444444
p1_clahe,708,20260817,75,75,0.7,0.013333333333333334,0.013333333333333334,0.0,0.008888888888888889
p1_clahe,709,20260817,75,75,0.8,0.0,0.0,0.0,0.0
p1_clahe,710,20260817,75,75,0.75,0.02666666666666667,0.013333333333333334,0.013333333333333334,0.017777777777777778
p1_clahe,711,20260817,75,75,0.6,0.04,0.04,0.04,0.04
p1_clahe,712,20260817,75,75,0.75,0.0,0.0,0.0,0.0
p1_clahe,713,20260817,75,75,0.75,0.0,0.0,0.0,0.0
p1_clahe,714,20260817,75,75,0.7,0.013333333333333334,0.013333333333333334,0.0,0.008888888888888889
p1_clahe,715,20260817,75,75,0.75,0.0,0.0,0.0,0.0
p1_clahe,716,20260817,75,75,0.65,0.04,0.04,0.02666666666666667,0.035555555555555556
p1_clahe,717,20260817,75,75,0.65,0.013333333333333334,0.0,0.0,0.0044444444444444444
p1_clahe,718,20260817,75,75,0.7,0.013333333333333334,0.013333333333333334,0.0,0.008888888888888889
p1_clahe,719,20260817,75,75,0.7,0.013333333333333334,0.013333333333333334,0.0,0.008888888888888889
p1_clahe,720,20260817,75,75,0.8,0.0,0.0,0.0,0.0
p1_clahe,721,20260817,75,75,0.75,0.0,0.0,0.0,0.0
p1_clahe,722,20260817,75,75,0.65,0.0,0.02666666666666667,0.013333333333333334,0.013333333333333334
p1_clahe,723,20260817,75,75,0.7,0.04,0.02666666666666667,0.02666666666666667,0.031111111111111114
p1_clahe,724,20260817,75,75,0.7,0.013333333333333334,0.013333333333333334,0.0,0.008888888888888889
p1_clahe,725,20260817,75,75,0.75,0.0,0.0,0.0,0.0
p1_clahe,726,20260817,75,75,0.8,0.0,0.0,0.0,0.0
p1_clahe,727,20260817,75,75,0.6,0.013333333333333334,0.05333333333333334,0.02666666666666667,0.031111111111111114
p1_clahe,728,20260817,75,75,0.7,0.0,0.013333333333333334,0.0,0.0044444444444444444
p1_clahe,729,20260817,75,75,0.75,0.013333333333333334,0.0,0.0,0.0044444444444444444
p1_clahe,730,20260817,75,75,0.7,0.013333333333333334,0.02666666666666667,0.013333333333333334,0.017777777777777778
p1_clahe,731,20260817,75,75,0.75,0.0,0.0,0.0,0.0
p1_clahe,732,20260817,75,75,0.65,0.013333333333333334,0.02666666666666667,0.0,0.013333333333333334
p1_clahe,733,20260817,75,75,0.75,0.0,0.0,0.0,0.0
p1_clahe,734,20260817,75,75,0.8,0.0,0.0,0.0,0.0
p1_clahe,735,20260817,75,75,0.75,0.0,0.0,0.0,0.0
p1_clahe,736,20260817,75,75,0.75,0.02666666666666667,0.013333333333333334,0.013333333333333334,0.017777777777777778
p1_clahe,737,20260817,75,75,0.75,0.013333333333333334,0.013333333333333334,0.0,0.008888888888888889
p1_clahe,738,20260817,75,75,0.65,0.02666666666666667,0.0,0.0,0.008888888888888889
p1_clahe,739,20260817,75,75,0.75,0.0,0.0,0.0,0.0
p1_clahe,740,20260817,75,75,0.75,0.0,0.0,0.0,0.0
p1_clahe,741,20260817,75,75,0.75,0.013333333333333334,0.02666666666666667,0.0,0.013333333333333334
p1_clahe,742,20260817,75,75,0.75,0.0,0.0,0.0,0.0
p1_clahe,743,20260817,75,75,0.8,0.013333333333333334,0.0,0.0,0.0044444444444444444
p1_clahe,744,20260817,75,75,0.8,0.0,0.0,0.0,0.0
p1_clahe,745,20260817,75,75,0.65,0.04,0.05333333333333334,0.04,0.044444444444444446
p1_clahe,746,20260817,75,75,0.75,0.0,0.0,0.0,0.0
p1_clahe,747,20260817,75,75,0.8,0.0,0.0,0.0,0.0
p1_clahe,748,20260817,75,75,0.75,0.0,0.0,0.0,0.0
p1_clahe,749,20260817,75,75,0.65,0.02666666666666667,0.0,0.013333333333333334,0.013333333333333334
p1_clahe,750,20260817,75,75,0.65,0.02666666666666667,0.0,0.0,0.008888888888888889
p1_clahe,751,20260817,75,75,0.75,0.02666666666666667,0.02666666666666667,0.0,0.017777777777777778
p1_clahe,752,20260817,75,75,0.65,0.013333333333333334,0.02666666666666667,0.02666666666666667,0.022222222222222223
p1_clahe,753,20260817,75,75,0.65,0.013333333333333334,0.02666666666666667,0.02666666666666667,0.022222222222222223
p1_clahe,754,20260817,75,75,0.8,0.0,0.0,0.0,0.0
p1_clahe,755,20260817,75,75,0.75,0.0,0.0,0.0,0.0
p1_clahe,756,20260817,75,75,0.75,0.013333333333333334,0.013333333333333334,0.013333333333333334,0.013333333333333334
p1_clahe,757,20260817,75,75,0.7,0.0,0.0,0.013333333333333334,0.0044444444444444444
p1_clahe,758,20260817,75,75,0.75,0.0,0.0,0.0,0.0
p1_clahe,759,20260817,75,75,0.7,0.013333333333333334,0.013333333333333334,0.013333333333333334,0.013333333333333334
p1_clahe,760,20260817,75,75,0.8,0.0,0.0,0.0,0.0
p1_clahe,761,20260817,75,75,0.65,0.04,0.02666666666666667,0.013333333333333334,0.02666666666666667
p1_clahe,762,20260817,75,75,0.8,0.0,0.0,0.0,0.0
p1_clahe,763,20260817,75,75,0.65,0.04,0.04,0.013333333333333334,0.03111111111111111
p1_clahe,764,20260817,75,75,0.8,0.0,0.0,0.0,0.0
p1_clahe,765,20260817,75,75,0.75,0.013333333333333334,0.013333333333333334,0.0,0.008888888888888889
p1_clahe,766,20260817,75,75,0.7,0.0,0.0,0.0,0.0
p1_clahe,767,20260817,75,75,0.75,0.0,0.0,0.0,0.0
p1_clahe,768,20260817,75,75,0.75,0.013333333333333334,0.0,0.0,0.0044444444444444444
p1_clahe,769,20260817,75,75,0.7,0.013333333333333334,0.04,0.02666666666666667,0.02666666666666667
p1_clahe,770,20260817,75,75,0.65,0.013333333333333334,0.04,0.02666666666666667,0.02666666666666667
p1_clahe,771,20260817,75,75,0.75,0.0,0.0,0.0,0.0
p1_clahe,772,20260817,75,75,0.65,0.013333333333333334,0.02666666666666667,0.0,0.013333333333333334
p1_clahe,773,20260817,75,75,0.65,0.02666666666666667,0.04,0.04,0.035555555555555556
p1_clahe,774,20260817,75,75,0.7,0.02666666666666667,0.02666666666666667,0.013333333333333334,0.022222222222222223
p1_clahe,775,20260817,75,75,0.8,0.013333333333333334,0.0,0.0,0.0044444444444444444
p1_clahe,776,20260817,75,75,0.8,0.0,0.0,0.0,0.0
p1_clahe,777,20260817,75,75,0.7,0.02666666666666667,0.02666666666666667,0.013333333333333334,0.022222222222222223
p1_clahe,778,20260817,75,75,0.75,0.0,0.0,0.0,0.0
p1_clahe,779,20260817,75,75,0.75,0.013333333333333334,0.013333333333333334,0.0,0.008888888888888889
p1_clahe,780,20260817,75,75,0.55,0.02666666666666667,0.05333333333333334,0.02666666666666667,0.035555555555555556
p1_clahe,781,20260817,75,75,0.75,0.0,0.0,0.0,0.0
p1_clahe,782,20260817,75,75,0.65,0.04,0.04,0.013333333333333334,0.03111111111111111
p1_clahe,783,20260817,75,75,0.7,0.013333333333333334,0.013333333333333334,0.0,0.008888888888888889
p1_clahe,784,20260817,75,75,0.8,0.0,0.0,0.0,0.0
p1_clahe,785,20260817,75,75,0.65,0.02666666666666667,0.013333333333333334,0.013333333333333334,0.017777777777777778
p1_clahe,786,20260817,75,75,0.65,0.0,0.0,0.013333333333333334,0.0044444444444444444
p1_clahe,787,20260817,75,75,0.7,0.013333333333333334,0.013333333333333334,0.013333333333333334,0.013333333333333334
p1_clahe,788,20260817,75,75,0.65,0.013333333333333334,0.05333333333333334,0.02666666666666667,0.031111111111111114
p1_clahe,789,20260817,75,75,0.8,0.0,0.0,0.0,0.0
p1_clahe,790,20260817,75,75,0.65,0.013333333333333334,0.013333333333333334,0.02666666666666667,0.017777777777777778
p1_clahe,791,20260817,75,75,0.75,0.0,0.0,0.0,0.0
p1_clahe,792,20260817,75,75,0.75,0.0,0.0,0.0,0.0
p1_clahe,793,20260817,75,75,0.8,0.0,0.0,0.0,0.0
p1_clahe,794,20260817,75,75,0.65,0.04,0.04,0.013333333333333334,0.03111111111111111
p1_clahe,795,20260817,75,75,0.8,0.0,0.0,0.0,0.0
p1_clahe,796,20260817,75,75,0.75,0.0,0.0,0.0,0.0
p1_clahe,797,20260817,75,75,0.8,0.0,0.0,0.0,0.0
p1_clahe,798,20260817,75,75,0.65,0.02666666666666667,0.04,0.02666666666666667,0.031111111111111114
p1_clahe,799,20260817,75,75,0.65,0.013333333333333334,0.02666666666666667,0.013333333333333334,0.017777777777777778
p1_clahe,800,20260817,75,75,0.75,0.0,0.0,0.0,0.0
p1_clahe,801,20260817,75,75,0.7,0.0,0.013333333333333334,0.0,0.0044444444444444444
p1_clahe,802,20260817,75,75,0.75,0.013333333333333334,0.013333333333333334,0.013333333333333334,0.013333333333333334
p1_clahe,803,20260817,75,75,0.8,0.0,0.0,0.0,0.0
p1_clahe,804,20260817,75,75,0.8,0.0,0.0,0.0,0.0
p1_clahe,805,20260817,75,75,0.75,0.0,0.0,0.0,0.0
p1_clahe,806,20260817,75,75,0.75,0.0,0.0,0.0,0.0
p1_clahe,807,20260817,75,75,0.8,0.0,0.0,0.0,0.0
p1_clahe,808,20260817,75,75,0.7,0.0,0.013333333333333334,0.0,0.0044444444444444444
p1_clahe,809,20260817,75,75,0.8,0.0,0.0,0.0,0.0
p1_clahe,810,20260817,75,75,0.75,0.0,0.0,0.0,0.0
p1_clahe,811,20260817,75,75,0.8,0.0,0.0,0.0,0.0
p1_clahe,812,20260817,75,75,0.8,0.0,0.0,0.0,0.0
p1_clahe,813,20260817,75,75,0.7,0.02666666666666667,0.013333333333333334,0.02666666666666667,0.022222222222222223
p1_clahe,814,20260817,75,75,0.75,0.0,0.0,0.0,0.0
p1_clahe,815,20260817,75,75,0.75,0.013333333333333334,0.0,0.0,0.0044444444444444444
p1_clahe,816,20260817,75,75,0.75,0.0,0.0,0.0,0.0
p1_clahe,817,20260817,75,75,0.75,0.0,0.0,0.0,0.0
p1_clahe,818,20260817,75,75,0.75,0.013333333333333334,0.02666666666666667,0.0,0.013333333333333334
p1_clahe,819,20260817,75,75,0.7,0.02666666666666667,0.0,0.0,0.008888888888888889
p1_clahe,820,20260817,75,75,0.8,0.0,0.0,0.0,0.0
p1_clahe,821,20260817,75,75,0.65,0.02666666666666667,0.02666666666666667,0.02666666666666667,0.02666666666666667
p1_clahe,822,20260817,75,75,0.75,0.0,0.0,0.0,0.0
p1_clahe,823,20260817,75,75,0.6,0.02666666666666667,0.02666666666666667,0.02666666666666667,0.02666666666666667
p1_clahe,824,20260817,75,75,0.7,0.0,0.013333333333333334,0.013333333333333334,0.008888888888888889
p1_clahe,825,20260817,75,75,0.8,0.0,0.0,0.0,0.0
p1_clahe,826,20260817,75,75,0.75,0.0,0.0,0.0,0.0
p1_clahe,827,20260817,75,75,0.75,0.0,0.0,0.0,0.0
p1_clahe,828,20260817,75,75,0.75,0.0,0.0,0.0,0.0
p1_clahe,829,20260817,75,75,0.7,0.013333333333333334,0.013333333333333334,0.013333333333333334,0.013333333333333334
p1_clahe,830,20260817,75,75,0.7,0.013333333333333334,0.0,0.0,0.0044444444444444444
p1_clahe,831,20260817,75,75,0.8,0.0,0.0,0.0,0.0
p1_clahe,832,20260817,75,75,0.8,0.0,0.0,0.0,0.0
p1_clahe,833,20260817,75,75,0.7,0.02666666666666667,0.04,0.0,0.022222222222222223
p1_clahe,834,20260817,75,75,0.75,0.0,0.0,0.0,0.0
p1_clahe,835,20260817,75,75,0.75,0.0,0.0,0.0,0.0
p1_clahe,836,20260817,75,75,0.7,0.013333333333333334,0.0,0.013333333333333334,0.008888888888888889
p1_clahe,837,20260817,75,75,0.65,0.0,0.013333333333333334,0.013333333333333334,0.008888888888888889
p1_clahe,838,20260817,75,75,0.75,0.02666666666666667,0.0,0.013333333333333334,0.013333333333333334
p1_clahe,839,20260817,75,75,0.65,0.02666666666666667,0.013333333333333334,0.013333333333333334,0.017777777777777778
p1_clahe,840,20260817,75,75,0.65,0.013333333333333334,0.0,0.013333333333333334,0.008888888888888889
p1_clahe,841,20260817,75,75,0.7,0.02666666666666667,0.02666666666666667,0.013333333333333334,0.022222222222222223
p1_clahe,842,20260817,75,75,0.65,0.04,0.04,0.02666666666666667,0.035555555555555556
p1_clahe,843,20260817,75,75,0.65,0.04,0.013333333333333334,0.013333333333333334,0.022222222222222223
p1_clahe,844,20260817,75,75,0.7,0.0,0.013333333333333334,0.013333333333333334,0.008888888888888889
p1_clahe,845,20260817,75,75,0.65,0.013333333333333334,0.013333333333333334,0.0,0.008888888888888889
p1_clahe,846,20260817,75,75,0.75,0.0,0.013333333333333334,0.0,0.0044444444444444444
p1_clahe,847,20260817,75,75,0.65,0.02666666666666667,0.04,0.02666666666666667,0.031111111111111114
p1_clahe,848,20260817,75,75,0.7,0.013333333333333334,0.0,0.0,0.0044444444444444444
p1_clahe,849,20260817,75,75,0.65,0.05333333333333334,0.10666666666666667,0.05333333333333334,0.07111111111111111
p1_clahe,850,20260817,75,75,0.7,0.0,0.0,0.013333333333333334,0.0044444444444444444
p1_clahe,851,20260817,75,75,0.75,0.0,0.0,0.0,0.0
p1_clahe,852,20260817,75,75,0.7,0.02666666666666667,0.02666666666666667,0.0,0.017777777777777778
p1_clahe,853,20260817,75,75,0.65,0.04,0.02666666666666667,0.013333333333333334,0.02666666666666667
p1_clahe,854,20260817,75,75,0.75,0.0,0.0,0.0,0.0
p1_clahe,855,20260817,75,75,0.75,0.0,0.0,0.0,0.0
p1_clahe,856,20260817,75,75,0.8,0.0,0.0,0.0,0.0
p1_clahe,857,20260817,75,75,0.75,0.0,0.0,0.0,0.0
p1_clahe,858,20260817,75,75,0.75,0.02666666666666667,0.0,0.0,0.008888888888888889
p1_clahe,859,20260817,75,75,0.8,0.0,0.0,0.0,0.0
p1_clahe,860,20260817,75,75,0.75,0.0,0.0,0.0,0.0
p1_clahe,861,20260817,75,75,0.75,0.013333333333333334,0.013333333333333334,0.0,0.008888888888888889
p1_clahe,862,20260817,75,75,0.65,0.05333333333333334,0.02666666666666667,0.013333333333333334,0.031111111111111114
p1_clahe,863,20260817,75,75,0.7,0.02666666666666667,0.013333333333333334,0.013333333333333334,0.017777777777777778
p1_clahe,864,20260817,75,75,0.65,0.04,0.05333333333333334,0.04,0.044444444444444446
p1_clahe,865,20260817,75,75,0.75,0.013333333333333334,0.0,0.0,0.0044444444444444444
p1_clahe,866,20260817,75,75,0.7,0.05333333333333334,0.02666666666666667,0.0,0.02666666666666667
p1_clahe,867,20260817,75,75,0.65,0.04,0.04,0.02666666666666667,0.035555555555555556
p1_clahe,868,20260817,75,75,0.75,0.013333333333333334,0.0,0.0,0.0044444444444444444
p1_clahe,869,20260817,75,75,0.75,0.0,0.0,0.0,0.0
p1_clahe,870,20260817,75,75,0.75,0.013333333333333334,0.013333333333333334,0.0,0.008888888888888889
p1_clahe,871,20260817,75,75,0.75,0.0,0.0,0.0,0.0
p1_clahe,872,20260817,75,75,0.7,0.0,0.02666666666666667,0.0,0.008888888888888889
p1_clahe,873,20260817,75,75,0.75,0.0,0.013333333333333334,0.0,0.0044444444444444444
p1_clahe,874,20260817,75,75,0.65,0.0,0.04,0.013333333333333334,0.017777777777777778
p1_clahe,875,20260817,75,75,0.75,0.0,0.013333333333333334,0.0,0.0044444444444444444
p1_clahe,876,20260817,75,75,0.65,0.02666666666666667,0.02666666666666667,0.013333333333333334,0.022222222222222223
p1_clahe,877,20260817,75,75,0.65,0.04,0.04,0.04,0.04
p1_clahe,878,20260817,75,75,0.7,0.04,0.013333333333333334,0.0,0.017777777777777778
p1_clahe,879,20260817,75,75,0.8,0.0,0.0,0.0,0.0
p1_clahe,880,20260817,75,75,0.75,0.013333333333333334,0.013333333333333334,0.0,0.008888888888888889
p1_clahe,881,20260817,75,75,0.8,0.0,0.0,0.0,0.0
p1_clahe,882,20260817,75,75,0.65,0.013333333333333334,0.013333333333333334,0.013333333333333334,0.013333333333333334
p1_clahe,883,20260817,75,75,0.65,0.0,0.013333333333333334,0.0,0.0044444444444444444
p1_clahe,884,20260817,75,75,0.65,0.05333333333333334,0.02666666666666667,0.013333333333333334,0.031111111111111114
p1_clahe,885,20260817,75,75,0.6,0.013333333333333334,0.013333333333333334,0.02666666666666667,0.017777777777777778
p1_clahe,886,20260817,75,75,0.7,0.02666666666666667,0.013333333333333334,0.0,0.013333333333333334
p1_clahe,887,20260817,75,75,0.75,0.0,0.0,0.0,0.0
p1_clahe,888,20260817,75,75,0.65,0.013333333333333334,0.013333333333333334,0.013333333333333334,0.013333333333333334
p1_clahe,889,20260817,75,75,0.65,0.0,0.013333333333333334,0.0,0.0044444444444444444
p1_clahe,890,20260817,75,75,0.8,0.0,0.0,0.0,0.0
p1_clahe,891,20260817,75,75,0.8,0.0,0.0,0.0,0.0
p1_clahe,892,20260817,75,75,0.75,0.013333333333333334,0.0,0.013333333333333334,0.008888888888888889
p1_clahe,893,20260817,75,75,0.65,0.013333333333333334,0.013333333333333334,0.013333333333333334,0.013333333333333334
p1_clahe,894,20260817,75,75,0.8,0.0,0.0,0.0,0.0
p1_clahe,895,20260817,75,75,0.65,0.0,0.013333333333333334,0.013333333333333334,0.008888888888888889
p1_clahe,896,20260817,75,75,0.65,0.02666666666666667,0.013333333333333334,0.0,0.013333333333333334
p1_clahe,897,20260817,75,75,0.65,0.02666666666666667,0.013333333333333334,0.0,0.013333333333333334
p1_clahe,898,20260817,75,75,0.7,0.0,0.0,0.0,0.0
p1_clahe,899,20260817,75,75,0.8,0.0,0.0,0.0,0.0
p1_clahe,900,20260817,75,75,0.65,0.02666666666666667,0.0,0.0,0.008888888888888889
p1_clahe,901,20260817,75,75,0.8,0.0,0.0,0.0,0.0
p1_clahe,902,20260817,75,75,0.8,0.0,0.0,0.0,0.0
p1_clahe,903,20260817,75,75,0.6,0.013333333333333334,0.013333333333333334,0.02666666666666667,0.017777777777777778
p1_clahe,904,20260817,75,75,0.7,0.0,0.0,0.0,0.0
p1_clahe,905,20260817,75,75,0.8,0.0,0.0,0.0,0.0
p1_clahe,906,20260817,75,75,0.75,0.0,0.0,0.0,0.0
p1_clahe,907,20260817,75,75,0.8,0.0,0.0,0.0,0.0
p1_clahe,908,20260817,75,75,0.75,0.0,0.0,0.0,0.0
p1_clahe,909,20260817,75,75,0.75,0.013333333333333334,0.02666666666666667,0.0,0.013333333333333334
p1_clahe,910,20260817,75,75,0.8,0.0,0.0,0.0,0.0
p1_clahe,911,20260817,75,75,0.7,0.013333333333333334,0.013333333333333334,0.013333333333333334,0.013333333333333334
p1_clahe,912,20260817,75,75,0.8,0.0,0.0,0.0,0.0
p1_clahe,913,20260817,75,75,0.65,0.013333333333333334,0.04,0.013333333333333334,0.022222222222222223
p1_clahe,914,20260817,75,75,0.7,0.02666666666666667,0.013333333333333334,0.0,0.013333333333333334
p1_clahe,915,20260817,75,75,0.8,0.0,0.0,0.0,0.0
p1_clahe,916,20260817,75,75,0.7,0.013333333333333334,0.02666666666666667,0.013333333333333334,0.017777777777777778
p1_clahe,917,20260817,75,75,0.75,0.0,0.0,0.0,0.0
p1_clahe,918,20260817,75,75,0.7,0.04,0.013333333333333334,0.0,0.017777777777777778
p1_clahe,919,20260817,75,75,0.75,0.0,0.0,0.0,0.0
p1_clahe,920,20260817,75,75,0.8,0.0,0.0,0.0,0.0
p1_clahe,921,20260817,75,75,0.75,0.0,0.0,0.0,0.0
p1_clahe,922,20260817,75,75,0.7,0.013333333333333334,0.013333333333333334,0.0,0.008888888888888889
p1_clahe,923,20260817,75,75,0.7,0.013333333333333334,0.0,0.013333333333333334,0.008888888888888889
p1_clahe,924,20260817,75,75,0.65,0.013333333333333334,0.013333333333333334,0.0,0.008888888888888889
p1_clahe,925,20260817,75,75,0.7,0.013333333333333334,0.0,0.0,0.0044444444444444444
p1_clahe,926,20260817,75,75,0.75,0.013333333333333334,0.0,0.013333333333333334,0.008888888888888889
p1_clahe,927,20260817,75,75,0.7,0.013333333333333334,0.0,0.013333333333333334,0.008888888888888889
p1_clahe,928,20260817,75,75,0.75,0.0,0.0,0.0,0.0
p1_clahe,929,20260817,75,75,0.65,0.013333333333333334,0.013333333333333334,0.013333333333333334,0.013333333333333334
p1_clahe,930,20260817,75,75,0.75,0.0,0.013333333333333334,0.0,0.0044444444444444444
p1_clahe,931,20260817,75,75,0.75,0.013333333333333334,0.0,0.013333333333333334,0.008888888888888889
p1_clahe,932,20260817,75,75,0.75,0.0,0.0,0.0,0.0
p1_clahe,933,20260817,75,75,0.75,0.0,0.0,0.0,0.0
p1_clahe,934,20260817,75,75,0.7,0.013333333333333334,0.0,0.013333333333333334,0.008888888888888889
p1_clahe,935,20260817,75,75,0.75,0.013333333333333334,0.013333333333333334,0.0,0.008888888888888889
p1_clahe,936,20260817,75,75,0.7,0.013333333333333334,0.02666666666666667,0.013333333333333334,0.017777777777777778
p1_clahe,937,20260817,75,75,0.65,0.05333333333333334,0.05333333333333334,0.06666666666666667,0.05777777777777778
p1_clahe,938,20260817,75,75,0.8,0.0,0.0,0.0,0.0
p1_clahe,939,20260817,75,75,0.75,0.013333333333333334,0.0,0.0,0.0044444444444444444
p1_clahe,940,20260817,75,75,0.75,0.0,0.0,0.0,0.0
p1_clahe,941,20260817,75,75,0.75,0.0,0.0,0.0,0.0
p1_clahe,942,20260817,75,75,0.8,0.0,0.0,0.0,0.0
p1_clahe,943,20260817,75,75,0.8,0.0,0.0,0.0,0.0
p1_clahe,944,20260817,75,75,0.75,0.013333333333333334,0.02666666666666667,0.013333333333333334,0.017777777777777778
p1_clahe,945,20260817,75,75,0.75,0.0,0.0,0.0,0.0
p1_clahe,946,20260817,75,75,0.75,0.013333333333333334,0.013333333333333334,0.013333333333333334,0.013333333333333334
p1_clahe,947,20260817,75,75,0.8,0.0,0.0,0.0,0.0
p1_clahe,948,20260817,75,75,0.75,0.0,0.013333333333333334,0.0,0.0044444444444444444
p1_clahe,949,20260817,75,75,0.7,0.02666666666666667,0.02666666666666667,0.013333333333333334,0.022222222222222223
p1_clahe,950,20260817,75,75,0.7,0.05333333333333334,0.04,0.013333333333333334,0.035555555555555556
p1_clahe,951,20260817,75,75,0.8,0.0,0.0,0.0,0.0
p1_clahe,952,20260817,75,75,0.75,0.0,0.0,0.0,0.0
p1_clahe,953,20260817,75,75,0.75,0.0,0.0,0.0,0.0
p1_clahe,954,20260817,75,75,0.75,0.0,0.0,0.0,0.0
p1_clahe,955,20260817,75,75,0.8,0.0,0.0,0.0,0.0
p1_clahe,956,20260817,75,75,0.7,0.0,0.0,0.0,0.0
p1_clahe,957,20260817,75,75,0.6,0.08,0.06666666666666667,0.05333333333333334,0.06666666666666667
p1_clahe,958,20260817,75,75,0.65,0.04,0.04,0.02666666666666667,0.035555555555555556
p1_clahe,959,20260817,75,75,0.8,0.0,0.0,0.0,0.0
p1_clahe,960,20260817,75,75,0.75,0.0,0.0,0.0,0.0
p1_clahe,961,20260817,75,75,0.8,0.0,0.0,0.0,0.0
p1_clahe,962,20260817,75,75,0.65,0.0,0.0,0.0,0.0
p1_clahe,963,20260817,75,75,0.65,0.05333333333333334,0.05333333333333334,0.02666666666666667,0.044444444444444446
p1_clahe,964,20260817,75,75,0.65,0.0,0.0,0.0,0.0
p1_clahe,965,20260817,75,75,0.7,0.02666666666666667,0.06666666666666667,0.0,0.03111111111111111
p1_clahe,966,20260817,75,75,0.75,0.0,0.0,0.0,0.0
p1_clahe,967,20260817,75,75,0.75,0.013333333333333334,0.013333333333333334,0.013333333333333334,0.013333333333333334
p1_clahe,968,20260817,75,75,0.8,0.0,0.0,0.0,0.0
p1_clahe,969,20260817,75,75,0.7,0.0,0.0,0.0,0.0
p1_clahe,970,20260817,75,75,0.7,0.04,0.05333333333333334,0.02666666666666667,0.04
p1_clahe,971,20260817,75,75,0.75,0.013333333333333334,0.0,0.0,0.0044444444444444444
p1_clahe,972,20260817,75,75,0.75,0.0,0.0,0.0,0.0
p1_clahe,973,20260817,75,75,0.7,0.013333333333333334,0.0,0.0,0.0044444444444444444
p1_clahe,974,20260817,75,75,0.8,0.0,0.0,0.0,0.0
p1_clahe,975,20260817,75,75,0.65,0.013333333333333334,0.0,0.0,0.0044444444444444444
p1_clahe,976,20260817,75,75,0.7,0.013333333333333334,0.0,0.0,0.0044444444444444444
p1_clahe,977,20260817,75,75,0.7,0.0,0.02666666666666667,0.0,0.008888888888888889
p1_clahe,978,20260817,75,75,0.75,0.0,0.0,0.0,0.0
p1_clahe,979,20260817,75,75,0.8,0.0,0.0,0.0,0.0
p1_clahe,980,20260817,75,75,0.75,0.02666666666666667,0.013333333333333334,0.013333333333333334,0.017777777777777778
p1_clahe,981,20260817,75,75,0.75,0.0,0.0,0.0,0.0
p1_clahe,982,20260817,75,75,0.75,0.0,0.0,0.0,0.0
p1_clahe,983,20260817,75,75,0.8,0.0,0.0,0.0,0.0
p1_clahe,984,20260817,75,75,0.8,0.0,0.0,0.0,0.0
p1_clahe,985,20260817,75,75,0.65,0.0,0.0,0.0,0.0
p1_clahe,986,20260817,75,75,0.75,0.0,0.0,0.0,0.0
p1_clahe,987,20260817,75,75,0.7,0.013333333333333334,0.0,0.0,0.0044444444444444444
p1_clahe,988,20260817,75,75,0.65,0.04,0.04,0.04,0.04
p1_clahe,989,20260817,75,75,0.65,0.013333333333333334,0.02666666666666667,0.013333333333333334,0.017777777777777778
p1_clahe,990,20260817,75,75,0.75,0.0,0.0,0.0,0.0
p1_clahe,991,20260817,75,75,0.75,0.0,0.0,0.0,0.0
p1_clahe,992,20260817,75,75,0.75,0.02666666666666667,0.013333333333333334,0.0,0.013333333333333334
p1_clahe,993,20260817,75,75,0.7,0.0,0.0,0.0,0.0
p1_clahe,994,20260817,75,75,0.7,0.04,0.02666666666666667,0.013333333333333334,0.02666666666666667
p1_clahe,995,20260817,75,75,0.7,0.013333333333333334,0.013333333333333334,0.0,0.008888888888888889
p1_clahe,996,20260817,75,75,0.7,0.013333333333333334,0.0,0.0,0.0044444444444444444
p1_clahe,997,20260817,75,75,0.75,0.0,0.0,0.0,0.0
p1_clahe,998,20260817,75,75,0.65,0.05333333333333334,0.04,0.013333333333333334,0.035555555555555556
p1_clahe,999,20260817,75,75,0.8,0.0,0.0,0.0,0.0
p2_illumination,0,20260817,75,75,0.7,0.0,0.013333333333333334,0.0,0.0044444444444444444
p2_illumination,1,20260817,75,75,0.7,0.013333333333333334,0.02666666666666667,0.013333333333333334,0.017777777777777778
p2_illumination,2,20260817,75,75,0.6,0.02666666666666667,0.05333333333333334,0.05333333333333334,0.044444444444444446
p2_illumination,3,20260817,75,75,0.7,0.0,0.0,0.0,0.0
p2_illumination,4,20260817,75,75,0.65,0.0,0.02666666666666667,0.0,0.008888888888888889
p2_illumination,5,20260817,75,75,0.6,0.013333333333333334,0.04,0.05333333333333334,0.035555555555555556
p2_illumination,6,20260817,75,75,0.7,0.0,0.0,0.0,0.0
p2_illumination,7,20260817,75,75,0.7,0.0,0.0,0.013333333333333334,0.0044444444444444444
p2_illumination,8,20260817,75,75,0.75,0.0,0.0,0.0,0.0
p2_illumination,9,20260817,75,75,0.75,0.013333333333333334,0.013333333333333334,0.013333333333333334,0.013333333333333334
p2_illumination,10,20260817,75,75,0.65,0.013333333333333334,0.04,0.02666666666666667,0.02666666666666667
p2_illumination,11,20260817,75,75,0.7,0.0,0.0,0.0,0.0
p2_illumination,12,20260817,75,75,0.7,0.0,0.013333333333333334,0.013333333333333334,0.008888888888888889
p2_illumination,13,20260817,75,75,0.7,0.0,0.0,0.013333333333333334,0.0044444444444444444
p2_illumination,14,20260817,75,75,0.7,0.0,0.0,0.04,0.013333333333333334
p2_illumination,15,20260817,75,75,0.7,0.0,0.013333333333333334,0.013333333333333334,0.008888888888888889
p2_illumination,16,20260817,75,75,0.7,0.013333333333333334,0.013333333333333334,0.013333333333333334,0.013333333333333334
p2_illumination,17,20260817,75,75,0.7,0.02666666666666667,0.02666666666666667,0.013333333333333334,0.022222222222222223
p2_illumination,18,20260817,75,75,0.7,0.013333333333333334,0.02666666666666667,0.013333333333333334,0.017777777777777778
p2_illumination,19,20260817,75,75,0.6,0.0,0.02666666666666667,0.013333333333333334,0.013333333333333334
p2_illumination,20,20260817,75,75,0.75,0.0,0.0,0.0,0.0
p2_illumination,21,20260817,75,75,0.65,0.0,0.02666666666666667,0.02666666666666667,0.017777777777777778
p2_illumination,22,20260817,75,75,0.75,0.0,0.0,0.0,0.0
p2_illumination,23,20260817,75,75,0.65,0.0,0.02666666666666667,0.02666666666666667,0.017777777777777778
p2_illumination,24,20260817,75,75,0.6,0.0,0.05333333333333334,0.0,0.017777777777777778
p2_illumination,25,20260817,75,75,0.7,0.0,0.013333333333333334,0.04,0.017777777777777778
p2_illumination,26,20260817,75,75,0.7,0.013333333333333334,0.02666666666666667,0.013333333333333334,0.017777777777777778
p2_illumination,27,20260817,75,75,0.75,0.0,0.013333333333333334,0.013333333333333334,0.008888888888888889
p2_illumination,28,20260817,75,75,0.65,0.0,0.04,0.013333333333333334,0.017777777777777778
p2_illumination,29,20260817,75,75,0.75,0.0,0.0,0.0,0.0
p2_illumination,30,20260817,75,75,0.75,0.0,0.0,0.0,0.0
p2_illumination,31,20260817,75,75,0.75,0.0,0.0,0.013333333333333334,0.0044444444444444444
p2_illumination,32,20260817,75,75,0.65,0.0,0.013333333333333334,0.02666666666666667,0.013333333333333334
p2_illumination,33,20260817,75,75,0.7,0.0,0.0,0.0,0.0
p2_illumination,34,20260817,75,75,0.6,0.02666666666666667,0.02666666666666667,0.04,0.031111111111111114
p2_illumination,35,20260817,75,75,0.6,0.04,0.02666666666666667,0.04,0.035555555555555556
p2_illumination,36,20260817,75,75,0.75,0.0,0.0,0.013333333333333334,0.0044444444444444444
p2_illumination,37,20260817,75,75,0.7,0.013333333333333334,0.013333333333333334,0.0,0.008888888888888889
p2_illumination,38,20260817,75,75,0.7,0.0,0.0,0.0,0.0
p2_illumination,39,20260817,75,75,0.7,0.013333333333333334,0.013333333333333334,0.013333333333333334,0.013333333333333334
p2_illumination,40,20260817,75,75,0.65,0.013333333333333334,0.04,0.013333333333333334,0.022222222222222223
p2_illumination,41,20260817,75,75,0.65,0.013333333333333334,0.02666666666666667,0.013333333333333334,0.017777777777777778
p2_illumination,42,20260817,75,75,0.7,0.013333333333333334,0.013333333333333334,0.013333333333333334,0.013333333333333334
p2_illumination,43,20260817,75,75,0.7,0.0,0.013333333333333334,0.013333333333333334,0.008888888888888889
p2_illumination,44,20260817,75,75,0.75,0.0,0.0,0.0,0.0
p2_illumination,45,20260817,75,75,0.75,0.013333333333333334,0.013333333333333334,0.013333333333333334,0.013333333333333334
p2_illumination,46,20260817,75,75,0.75,0.0,0.0,0.0,0.0
p2_illumination,47,20260817,75,75,0.7,0.02666666666666667,0.04,0.02666666666666667,0.031111111111111114
p2_illumination,48,20260817,75,75,0.75,0.0,0.013333333333333334,0.013333333333333334,0.008888888888888889
p2_illumination,49,20260817,75,75,0.7,0.0,0.013333333333333334,0.0,0.0044444444444444444
p2_illumination,50,20260817,75,75,0.75,0.0,0.0,0.013333333333333334,0.0044444444444444444
p2_illumination,51,20260817,75,75,0.6,0.0,0.02666666666666667,0.0,0.008888888888888889
p2_illumination,52,20260817,75,75,0.7,0.0,0.0,0.02666666666666667,0.008888888888888889
p2_illumination,53,20260817,75,75,0.65,0.013333333333333334,0.013333333333333334,0.0,0.008888888888888889
p2_illumination,54,20260817,75,75,0.7,0.0,0.02666666666666667,0.0,0.008888888888888889
p2_illumination,55,20260817,75,75,0.75,0.0,0.0,0.0,0.0
p2_illumination,56,20260817,75,75,0.75,0.0,0.013333333333333334,0.013333333333333334,0.008888888888888889
p2_illumination,57,20260817,75,75,0.7,0.0,0.0,0.0,0.0
p2_illumination,58,20260817,75,75,0.7,0.013333333333333334,0.013333333333333334,0.013333333333333334,0.013333333333333334
p2_illumination,59,20260817,75,75,0.7,0.0,0.013333333333333334,0.0,0.0044444444444444444
p2_illumination,60,20260817,75,75,0.7,0.0,0.013333333333333334,0.013333333333333334,0.008888888888888889
p2_illumination,61,20260817,75,75,0.7,0.0,0.0,0.0,0.0
p2_illumination,62,20260817,75,75,0.7,0.02666666666666667,0.05333333333333334,0.02666666666666667,0.035555555555555556
p2_illumination,63,20260817,75,75,0.7,0.0,0.02666666666666667,0.0,0.008888888888888889
p2_illumination,64,20260817,75,75,0.55,0.10666666666666667,0.08,0.09333333333333334,0.09333333333333334
p2_illumination,65,20260817,75,75,0.6,0.04,0.04,0.04,0.04
p2_illumination,66,20260817,75,75,0.7,0.0,0.013333333333333334,0.013333333333333334,0.008888888888888889
p2_illumination,67,20260817,75,75,0.7,0.0,0.013333333333333334,0.0,0.0044444444444444444
p2_illumination,68,20260817,75,75,0.7,0.013333333333333334,0.013333333333333334,0.013333333333333334,0.013333333333333334
p2_illumination,69,20260817,75,75,0.75,0.013333333333333334,0.02666666666666667,0.02666666666666667,0.022222222222222223
p2_illumination,70,20260817,75,75,0.75,0.0,0.0,0.0,0.0
p2_illumination,71,20260817,75,75,0.7,0.0,0.0,0.0,0.0
p2_illumination,72,20260817,75,75,0.7,0.02666666666666667,0.02666666666666667,0.013333333333333334,0.022222222222222223
p2_illumination,73,20260817,75,75,0.7,0.0,0.013333333333333334,0.0,0.0044444444444444444
p2_illumination,74,20260817,75,75,0.7,0.0,0.0,0.013333333333333334,0.0044444444444444444
p2_illumination,75,20260817,75,75,0.75,0.0,0.013333333333333334,0.013333333333333334,0.008888888888888889
p2_illumination,76,20260817,75,75,0.6,0.013333333333333334,0.02666666666666667,0.02666666666666667,0.022222222222222223
p2_illumination,77,20260817,75,75,0.75,0.0,0.0,0.0,0.0
p2_illumination,78,20260817,75,75,0.7,0.0,0.013333333333333334,0.0,0.0044444444444444444
p2_illumination,79,20260817,75,75,0.75,0.013333333333333334,0.013333333333333334,0.02666666666666667,0.017777777777777778
p2_illumination,80,20260817,75,75,0.75,0.013333333333333334,0.02666666666666667,0.02666666666666667,0.022222222222222223
p2_illumination,81,20260817,75,75,0.75,0.0,0.02666666666666667,0.013333333333333334,0.013333333333333334
p2_illumination,82,20260817,75,75,0.65,0.0,0.02666666666666667,0.0,0.008888888888888889
p2_illumination,83,20260817,75,75,0.7,0.0,0.013333333333333334,0.0,0.0044444444444444444
p2_illumination,84,20260817,75,75,0.75,0.0,0.0,0.0,0.0
p2_illumination,85,20260817,75,75,0.7,0.013333333333333334,0.013333333333333334,0.013333333333333334,0.013333333333333334
p2_illumination,86,20260817,75,75,0.75,0.0,0.0,0.013333333333333334,0.0044444444444444444
p2_illumination,87,20260817,75,75,0.65,0.013333333333333334,0.013333333333333334,0.013333333333333334,0.013333333333333334
p2_illumination,88,20260817,75,75,0.7,0.0,0.0,0.013333333333333334,0.0044444444444444444
p2_illumination,89,20260817,75,75,0.6,0.04,0.06666666666666667,0.06666666666666667,0.057777777777777775
p2_illumination,90,20260817,75,75,0.75,0.0,0.013333333333333334,0.013333333333333334,0.008888888888888889
p2_illumination,91,20260817,75,75,0.75,0.0,0.0,0.0,0.0
p2_illumination,92,20260817,75,75,0.7,0.013333333333333334,0.02666666666666667,0.02666666666666667,0.022222222222222223
p2_illumination,93,20260817,75,75,0.75,0.0,0.013333333333333334,0.0,0.0044444444444444444
p2_illumination,94,20260817,75,75,0.7,0.0,0.0,0.013333333333333334,0.0044444444444444444
p2_illumination,95,20260817,75,75,0.7,0.0,0.04,0.02666666666666667,0.022222222222222223
p2_illumination,96,20260817,75,75,0.65,0.013333333333333334,0.013333333333333334,0.02666666666666667,0.017777777777777778
p2_illumination,97,20260817,75,75,0.75,0.0,0.013333333333333334,0.013333333333333334,0.008888888888888889
p2_illumination,98,20260817,75,75,0.75,0.0,0.013333333333333334,0.0,0.0044444444444444444
p2_illumination,99,20260817,75,75,0.7,0.0,0.02666666666666667,0.0,0.008888888888888889
p2_illumination,100,20260817,75,75,0.7,0.0,0.013333333333333334,0.0,0.0044444444444444444
p2_illumination,101,20260817,75,75,0.65,0.02666666666666667,0.05333333333333334,0.02666666666666667,0.035555555555555556
p2_illumination,102,20260817,75,75,0.65,0.0,0.013333333333333334,0.0,0.0044444444444444444
p2_illumination,103,20260817,75,75,0.65,0.0,0.0,0.0,0.0
p2_illumination,104,20260817,75,75,0.7,0.0,0.0,0.013333333333333334,0.0044444444444444444
p2_illumination,105,20260817,75,75,0.75,0.0,0.013333333333333334,0.02666666666666667,0.013333333333333334
p2_illumination,106,20260817,75,75,0.7,0.013333333333333334,0.02666666666666667,0.013333333333333334,0.017777777777777778
p2_illumination,107,20260817,75,75,0.7,0.0,0.0,0.013333333333333334,0.0044444444444444444
p2_illumination,108,20260817,75,75,0.7,0.0,0.013333333333333334,0.013333333333333334,0.008888888888888889
p2_illumination,109,20260817,75,75,0.75,0.0,0.0,0.0,0.0
p2_illumination,110,20260817,75,75,0.7,0.02666666666666667,0.02666666666666667,0.013333333333333334,0.022222222222222223
p2_illumination,111,20260817,75,75,0.65,0.0,0.0,0.013333333333333334,0.0044444444444444444
p2_illumination,112,20260817,75,75,0.7,0.013333333333333334,0.02666666666666667,0.02666666666666667,0.022222222222222223
p2_illumination,113,20260817,75,75,0.7,0.0,0.0,0.0,0.0
p2_illumination,114,20260817,75,75,0.75,0.0,0.013333333333333334,0.0,0.0044444444444444444
p2_illumination,115,20260817,75,75,0.65,0.0,0.0,0.0,0.0
p2_illumination,116,20260817,75,75,0.7,0.013333333333333334,0.0,0.0,0.0044444444444444444
p2_illumination,117,20260817,75,75,0.75,0.0,0.013333333333333334,0.013333333333333334,0.008888888888888889
p2_illumination,118,20260817,75,75,0.7,0.0,0.0,0.0,0.0
p2_illumination,119,20260817,75,75,0.65,0.02666666666666667,0.04,0.02666666666666667,0.031111111111111114
p2_illumination,120,20260817,75,75,0.75,0.0,0.0,0.0,0.0
p2_illumination,121,20260817,75,75,0.6,0.0,0.02666666666666667,0.013333333333333334,0.013333333333333334
p2_illumination,122,20260817,75,75,0.65,0.0,0.013333333333333334,0.013333333333333334,0.008888888888888889
p2_illumination,123,20260817,75,75,0.7,0.02666666666666667,0.05333333333333334,0.02666666666666667,0.035555555555555556
p2_illumination,124,20260817,75,75,0.75,0.0,0.0,0.0,0.0
p2_illumination,125,20260817,75,75,0.7,0.0,0.0,0.0,0.0
p2_illumination,126,20260817,75,75,0.7,0.0,0.02666666666666667,0.013333333333333334,0.013333333333333334
p2_illumination,127,20260817,75,75,0.7,0.0,0.013333333333333334,0.0,0.0044444444444444444
p2_illumination,128,20260817,75,75,0.75,0.0,0.0,0.0,0.0
p2_illumination,129,20260817,75,75,0.7,0.013333333333333334,0.013333333333333334,0.02666666666666667,0.017777777777777778
p2_illumination,130,20260817,75,75,0.7,0.013333333333333334,0.0,0.0,0.0044444444444444444
p2_illumination,131,20260817,75,75,0.75,0.0,0.0,0.0,0.0
p2_illumination,132,20260817,75,75,0.7,0.0,0.02666666666666667,0.013333333333333334,0.013333333333333334
p2_illumination,133,20260817,75,75,0.75,0.013333333333333334,0.02666666666666667,0.013333333333333334,0.017777777777777778
p2_illumination,134,20260817,75,75,0.6,0.013333333333333334,0.013333333333333334,0.013333333333333334,0.013333333333333334
p2_illumination,135,20260817,75,75,0.7,0.0,0.013333333333333334,0.0,0.0044444444444444444
p2_illumination,136,20260817,75,75,0.7,0.013333333333333334,0.013333333333333334,0.013333333333333334,0.013333333333333334
p2_illumination,137,20260817,75,75,0.65,0.013333333333333334,0.0,0.0,0.0044444444444444444
p2_illumination,138,20260817,75,75,0.6,0.06666666666666667,0.02666666666666667,0.05333333333333334,0.04888888888888889
p2_illumination,139,20260817,75,75,0.7,0.0,0.02666666666666667,0.02666666666666667,0.017777777777777778
p2_illumination,140,20260817,75,75,0.7,0.0,0.04,0.02666666666666667,0.022222222222222223
p2_illumination,141,20260817,75,75,0.7,0.0,0.02666666666666667,0.013333333333333334,0.013333333333333334
p2_illumination,142,20260817,75,75,0.75,0.0,0.0,0.0,0.0
p2_illumination,143,20260817,75,75,0.75,0.0,0.013333333333333334,0.013333333333333334,0.008888888888888889
p2_illumination,144,20260817,75,75,0.7,0.0,0.0,0.0,0.0
p2_illumination,145,20260817,75,75,0.65,0.0,0.0,0.0,0.0
p2_illumination,146,20260817,75,75,0.7,0.02666666666666667,0.013333333333333334,0.04,0.02666666666666667
p2_illumination,147,20260817,75,75,0.7,0.0,0.0,0.0,0.0
p2_illumination,148,20260817,75,75,0.6,0.0,0.04,0.04,0.02666666666666667
p2_illumination,149,20260817,75,75,0.7,0.05333333333333334,0.04,0.02666666666666667,0.04
p2_illumination,150,20260817,75,75,0.7,0.013333333333333334,0.02666666666666667,0.04,0.02666666666666667
p2_illumination,151,20260817,75,75,0.7,0.02666666666666667,0.05333333333333334,0.02666666666666667,0.035555555555555556
p2_illumination,152,20260817,75,75,0.75,0.0,0.013333333333333334,0.013333333333333334,0.008888888888888889
p2_illumination,153,20260817,75,75,0.75,0.0,0.013333333333333334,0.013333333333333334,0.008888888888888889
p2_illumination,154,20260817,75,75,0.7,0.0,0.0,0.013333333333333334,0.0044444444444444444
p2_illumination,155,20260817,75,75,0.7,0.013333333333333334,0.0,0.0,0.0044444444444444444
p2_illumination,156,20260817,75,75,0.7,0.02666666666666667,0.02666666666666667,0.05333333333333334,0.035555555555555556
p2_illumination,157,20260817,75,75,0.7,0.013333333333333334,0.013333333333333334,0.013333333333333334,0.013333333333333334
p2_illumination,158,20260817,75,75,0.7,0.0,0.0,0.0,0.0
p2_illumination,159,20260817,75,75,0.7,0.0,0.013333333333333334,0.013333333333333334,0.008888888888888889
p2_illumination,160,20260817,75,75,0.75,0.0,0.0,0.0,0.0
p2_illumination,161,20260817,75,75,0.65,0.0,0.02666666666666667,0.02666666666666667,0.017777777777777778
p2_illumination,162,20260817,75,75,0.7,0.0,0.02666666666666667,0.0,0.008888888888888889
p2_illumination,163,20260817,75,75,0.6,0.05333333333333334,0.05333333333333334,0.04,0.04888888888888889
p2_illumination,164,20260817,75,75,0.6,0.02666666666666667,0.013333333333333334,0.04,0.02666666666666667
p2_illumination,165,20260817,75,75,0.7,0.0,0.02666666666666667,0.013333333333333334,0.013333333333333334
p2_illumination,166,20260817,75,75,0.75,0.0,0.0,0.02666666666666667,0.008888888888888889
p2_illumination,167,20260817,75,75,0.75,0.0,0.0,0.0,0.0
p2_illumination,168,20260817,75,75,0.7,0.0,0.0,0.013333333333333334,0.0044444444444444444
p2_illumination,169,20260817,75,75,0.75,0.0,0.013333333333333334,0.0,0.0044444444444444444
p2_illumination,170,20260817,75,75,0.75,0.0,0.0,0.0,0.0
p2_illumination,171,20260817,75,75,0.75,0.0,0.013333333333333334,0.013333333333333334,0.008888888888888889
p2_illumination,172,20260817,75,75,0.75,0.0,0.0,0.0,0.0
p2_illumination,173,20260817,75,75,0.65,0.02666666666666667,0.013333333333333334,0.013333333333333334,0.017777777777777778
p2_illumination,174,20260817,75,75,0.75,0.0,0.0,0.013333333333333334,0.0044444444444444444
p2_illumination,175,20260817,75,75,0.6,0.0,0.02666666666666667,0.02666666666666667,0.017777777777777778
p2_illumination,176,20260817,75,75,0.65,0.013333333333333334,0.05333333333333334,0.02666666666666667,0.031111111111111114
p2_illumination,177,20260817,75,75,0.65,0.0,0.013333333333333334,0.0,0.0044444444444444444
p2_illumination,178,20260817,75,75,0.75,0.0,0.0,0.0,0.0
p2_illumination,179,20260817,75,75,0.7,0.0,0.013333333333333334,0.0,0.0044444444444444444
p2_illumination,180,20260817,75,75,0.75,0.0,0.013333333333333334,0.013333333333333334,0.008888888888888889
p2_illumination,181,20260817,75,75,0.7,0.013333333333333334,0.0,0.013333333333333334,0.008888888888888889
p2_illumination,182,20260817,75,75,0.75,0.0,0.0,0.0,0.0
p2_illumination,183,20260817,75,75,0.7,0.013333333333333334,0.013333333333333334,0.02666666666666667,0.017777777777777778
p2_illumination,184,20260817,75,75,0.7,0.0,0.013333333333333334,0.013333333333333334,0.008888888888888889
p2_illumination,185,20260817,75,75,0.6,0.013333333333333334,0.04,0.0,0.017777777777777778
p2_illumination,186,20260817,75,75,0.75,0.0,0.0,0.0,0.0
p2_illumination,187,20260817,75,75,0.7,0.0,0.013333333333333334,0.013333333333333334,0.008888888888888889
p2_illumination,188,20260817,75,75,0.75,0.0,0.013333333333333334,0.013333333333333334,0.008888888888888889
p2_illumination,189,20260817,75,75,0.7,0.0,0.0,0.0,0.0
p2_illumination,190,20260817,75,75,0.75,0.0,0.0,0.0,0.0
p2_illumination,191,20260817,75,75,0.65,0.0,0.02666666666666667,0.0,0.008888888888888889
p2_illumination,192,20260817,75,75,0.7,0.02666666666666667,0.013333333333333334,0.04,0.02666666666666667
p2_illumination,193,20260817,75,75,0.75,0.0,0.0,0.0,0.0
p2_illumination,194,20260817,75,75,0.7,0.013333333333333334,0.013333333333333334,0.013333333333333334,0.013333333333333334
p2_illumination,195,20260817,75,75,0.7,0.013333333333333334,0.02666666666666667,0.013333333333333334,0.017777777777777778
p2_illumination,196,20260817,75,75,0.7,0.0,0.013333333333333334,0.0,0.0044444444444444444
p2_illumination,197,20260817,75,75,0.65,0.0,0.02666666666666667,0.0,0.008888888888888889
p2_illumination,198,20260817,75,75,0.7,0.0,0.013333333333333334,0.0,0.0044444444444444444
p2_illumination,199,20260817,75,75,0.75,0.0,0.0,0.0,0.0
p2_illumination,200,20260817,75,75,0.75,0.0,0.0,0.0,0.0
p2_illumination,201,20260817,75,75,0.7,0.013333333333333334,0.02666666666666667,0.013333333333333334,0.017777777777777778
p2_illumination,202,20260817,75,75,0.7,0.013333333333333334,0.013333333333333334,0.013333333333333334,0.013333333333333334
p2_illumination,203,20260817,75,75,0.7,0.0,0.013333333333333334,0.013333333333333334,0.008888888888888889
p2_illumination,204,20260817,75,75,0.75,0.0,0.0,0.0,0.0
p2_illumination,205,20260817,75,75,0.55,0.06666666666666667,0.06666666666666667,0.06666666666666667,0.06666666666666667
p2_illumination,206,20260817,75,75,0.75,0.0,0.0,0.0,0.0
p2_illumination,207,20260817,75,75,0.7,0.0,0.013333333333333334,0.0,0.0044444444444444444
p2_illumination,208,20260817,75,75,0.75,0.0,0.0,0.0,0.0
p2_illumination,209,20260817,75,75,0.75,0.0,0.013333333333333334,0.013333333333333334,0.008888888888888889
p2_illumination,210,20260817,75,75,0.75,0.0,0.0,0.013333333333333334,0.0044444444444444444
p2_illumination,211,20260817,75,75,0.7,0.0,0.013333333333333334,0.0,0.0044444444444444444
p2_illumination,212,20260817,75,75,0.7,0.0,0.0,0.0,0.0
p2_illumination,213,20260817,75,75,0.7,0.013333333333333334,0.02666666666666667,0.013333333333333334,0.017777777777777778
p2_illumination,214,20260817,75,75,0.75,0.0,0.013333333333333334,0.0,0.0044444444444444444
p2_illumination,215,20260817,75,75,0.65,0.013333333333333334,0.02666666666666667,0.02666666666666667,0.022222222222222223
p2_illumination,216,20260817,75,75,0.65,0.0,0.02666666666666667,0.0,0.008888888888888889
p2_illumination,217,20260817,75,75,0.75,0.0,0.0,0.0,0.0
p2_illumination,218,20260817,75,75,0.75,0.0,0.0,0.0,0.0
p2_illumination,219,20260817,75,75,0.7,0.013333333333333334,0.013333333333333334,0.0,0.008888888888888889
p2_illumination,220,20260817,75,75,0.7,0.013333333333333334,0.013333333333333334,0.013333333333333334,0.013333333333333334
p2_illumination,221,20260817,75,75,0.7,0.013333333333333334,0.013333333333333334,0.013333333333333334,0.013333333333333334
p2_illumination,222,20260817,75,75,0.7,0.0,0.0,0.0,0.0
p2_illumination,223,20260817,75,75,0.65,0.013333333333333334,0.013333333333333334,0.02666666666666667,0.017777777777777778
p2_illumination,224,20260817,75,75,0.6,0.02666666666666667,0.04,0.04,0.035555555555555556
p2_illumination,225,20260817,75,75,0.7,0.013333333333333334,0.013333333333333334,0.013333333333333334,0.013333333333333334
p2_illumination,226,20260817,75,75,0.7,0.013333333333333334,0.02666666666666667,0.013333333333333334,0.017777777777777778
p2_illumination,227,20260817,75,75,0.7,0.0,0.0,0.013333333333333334,0.0044444444444444444
p2_illumination,228,20260817,75,75,0.75,0.0,0.0,0.013333333333333334,0.0044444444444444444
p2_illumination,229,20260817,75,75,0.7,0.013333333333333334,0.02666666666666667,0.04,0.02666666666666667
p2_illumination,230,20260817,75,75,0.75,0.0,0.013333333333333334,0.0,0.0044444444444444444
p2_illumination,231,20260817,75,75,0.7,0.013333333333333334,0.02666666666666667,0.02666666666666667,0.022222222222222223
p2_illumination,232,20260817,75,75,0.7,0.0,0.0,0.0,0.0
p2_illumination,233,20260817,75,75,0.7,0.0,0.04,0.013333333333333334,0.017777777777777778
p2_illumination,234,20260817,75,75,0.75,0.0,0.013333333333333334,0.013333333333333334,0.008888888888888889
p2_illumination,235,20260817,75,75,0.7,0.0,0.0,0.013333333333333334,0.0044444444444444444
p2_illumination,236,20260817,75,75,0.7,0.0,0.0,0.0,0.0
p2_illumination,237,20260817,75,75,0.7,0.0,0.0,0.02666666666666667,0.008888888888888889
p2_illumination,238,20260817,75,75,0.65,0.013333333333333334,0.013333333333333334,0.04,0.022222222222222223
p2_illumination,239,20260817,75,75,0.75,0.0,0.0,0.0,0.0
p2_illumination,240,20260817,75,75,0.75,0.0,0.013333333333333334,0.013333333333333334,0.008888888888888889
p2_illumination,241,20260817,75,75,0.75,0.013333333333333334,0.013333333333333334,0.013333333333333334,0.013333333333333334
p2_illumination,242,20260817,75,75,0.75,0.0,0.0,0.013333333333333334,0.0044444444444444444
p2_illumination,243,20260817,75,75,0.75,0.0,0.0,0.0,0.0
p2_illumination,244,20260817,75,75,0.75,0.0,0.0,0.013333333333333334,0.0044444444444444444
p2_illumination,245,20260817,75,75,0.65,0.0,0.0,0.0,0.0
p2_illumination,246,20260817,75,75,0.75,0.0,0.0,0.0,0.0
p2_illumination,247,20260817,75,75,0.7,0.013333333333333334,0.02666666666666667,0.02666666666666667,0.022222222222222223
p2_illumination,248,20260817,75,75,0.75,0.0,0.013333333333333334,0.013333333333333334,0.008888888888888889
p2_illumination,249,20260817,75,75,0.6,0.02666666666666667,0.06666666666666667,0.05333333333333334,0.04888888888888889
p2_illumination,250,20260817,75,75,0.7,0.0,0.0,0.013333333333333334,0.0044444444444444444
p2_illumination,251,20260817,75,75,0.75,0.0,0.0,0.0,0.0
p2_illumination,252,20260817,75,75,0.7,0.0,0.0,0.013333333333333334,0.0044444444444444444
p2_illumination,253,20260817,75,75,0.75,0.0,0.0,0.0,0.0
p2_illumination,254,20260817,75,75,0.75,0.0,0.0,0.0,0.0
p2_illumination,255,20260817,75,75,0.65,0.013333333333333334,0.013333333333333334,0.02666666666666667,0.017777777777777778
p2_illumination,256,20260817,75,75,0.7,0.013333333333333334,0.02666666666666667,0.013333333333333334,0.017777777777777778
p2_illumination,257,20260817,75,75,0.7,0.02666666666666667,0.02666666666666667,0.04,0.031111111111111114
p2_illumination,258,20260817,75,75,0.75,0.0,0.0,0.0,0.0
p2_illumination,259,20260817,75,75,0.65,0.0,0.02666666666666667,0.013333333333333334,0.013333333333333334
p2_illumination,260,20260817,75,75,0.75,0.0,0.0,0.0,0.0
p2_illumination,261,20260817,75,75,0.75,0.0,0.0,0.0,0.0
p2_illumination,262,20260817,75,75,0.7,0.013333333333333334,0.04,0.013333333333333334,0.022222222222222223
p2_illumination,263,20260817,75,75,0.75,0.0,0.02666666666666667,0.013333333333333334,0.013333333333333334
p2_illumination,264,20260817,75,75,0.75,0.0,0.013333333333333334,0.013333333333333334,0.008888888888888889
p2_illumination,265,20260817,75,75,0.7,0.013333333333333334,0.02666666666666667,0.013333333333333334,0.017777777777777778
p2_illumination,266,20260817,75,75,0.75,0.0,0.0,0.0,0.0
p2_illumination,267,20260817,75,75,0.65,0.013333333333333334,0.04,0.013333333333333334,0.022222222222222223
p2_illumination,268,20260817,75,75,0.6,0.013333333333333334,0.04,0.0,0.017777777777777778
p2_illumination,269,20260817,75,75,0.7,0.0,0.013333333333333334,0.0,0.0044444444444444444
p2_illumination,270,20260817,75,75,0.75,0.0,0.0,0.0,0.0
p2_illumination,271,20260817,75,75,0.75,0.0,0.0,0.0,0.0
p2_illumination,272,20260817,75,75,0.65,0.013333333333333334,0.02666666666666667,0.04,0.02666666666666667
p2_illumination,273,20260817,75,75,0.75,0.0,0.0,0.0,0.0
p2_illumination,274,20260817,75,75,0.75,0.0,0.0,0.0,0.0
p2_illumination,275,20260817,75,75,0.75,0.0,0.013333333333333334,0.013333333333333334,0.008888888888888889
p2_illumination,276,20260817,75,75,0.7,0.0,0.02666666666666667,0.02666666666666667,0.017777777777777778
p2_illumination,277,20260817,75,75,0.75,0.0,0.0,0.0,0.0
p2_illumination,278,20260817,75,75,0.75,0.0,0.0,0.0,0.0
p2_illumination,279,20260817,75,75,0.65,0.02666666666666667,0.05333333333333334,0.04,0.04
p2_illumination,280,20260817,75,75,0.65,0.013333333333333334,0.04,0.04,0.03111111111111111
p2_illumination,281,20260817,75,75,0.7,0.0,0.013333333333333334,0.0,0.0044444444444444444
p2_illumination,282,20260817,75,75,0.75,0.0,0.0,0.013333333333333334,0.0044444444444444444
p2_illumination,283,20260817,75,75,0.7,0.0,0.0,0.013333333333333334,0.0044444444444444444
p2_illumination,284,20260817,75,75,0.75,0.0,0.0,0.0,0.0
p2_illumination,285,20260817,75,75,0.75,0.0,0.0,0.0,0.0
p2_illumination,286,20260817,75,75,0.6,0.02666666666666667,0.04,0.05333333333333334,0.04
p2_illumination,287,20260817,75,75,0.7,0.0,0.02666666666666667,0.013333333333333334,0.013333333333333334
p2_illumination,288,20260817,75,75,0.75,0.0,0.0,0.0,0.0
p2_illumination,289,20260817,75,75,0.75,0.013333333333333334,0.013333333333333334,0.013333333333333334,0.013333333333333334
p2_illumination,290,20260817,75,75,0.7,0.0,0.0,0.0,0.0
p2_illumination,291,20260817,75,75,0.75,0.0,0.0,0.0,0.0
p2_illumination,292,20260817,75,75,0.7,0.04,0.05333333333333334,0.04,0.044444444444444446
p2_illumination,293,20260817,75,75,0.65,0.013333333333333334,0.05333333333333334,0.04,0.035555555555555556
p2_illumination,294,20260817,75,75,0.65,0.02666666666666667,0.06666666666666667,0.02666666666666667,0.04
p2_illumination,295,20260817,75,75,0.75,0.0,0.013333333333333334,0.0,0.0044444444444444444
p2_illumination,296,20260817,75,75,0.75,0.0,0.0,0.0,0.0
p2_illumination,297,20260817,75,75,0.7,0.0,0.0,0.0,0.0
p2_illumination,298,20260817,75,75,0.75,0.0,0.013333333333333334,0.013333333333333334,0.008888888888888889
p2_illumination,299,20260817,75,75,0.7,0.0,0.0,0.013333333333333334,0.0044444444444444444
p2_illumination,300,20260817,75,75,0.6,0.04,0.05333333333333334,0.04,0.044444444444444446
p2_illumination,301,20260817,75,75,0.7,0.0,0.0,0.0,0.0
p2_illumination,302,20260817,75,75,0.65,0.013333333333333334,0.02666666666666667,0.02666666666666667,0.022222222222222223
p2_illumination,303,20260817,75,75,0.75,0.0,0.0,0.0,0.0
p2_illumination,304,20260817,75,75,0.7,0.0,0.013333333333333334,0.02666666666666667,0.013333333333333334
p2_illumination,305,20260817,75,75,0.75,0.0,0.0,0.0,0.0
p2_illumination,306,20260817,75,75,0.75,0.0,0.0,0.0,0.0
p2_illumination,307,20260817,75,75,0.75,0.0,0.0,0.013333333333333334,0.0044444444444444444
p2_illumination,308,20260817,75,75,0.75,0.0,0.0,0.0,0.0
p2_illumination,309,20260817,75,75,0.75,0.0,0.013333333333333334,0.013333333333333334,0.008888888888888889
p2_illumination,310,20260817,75,75,0.75,0.0,0.0,0.0,0.0
p2_illumination,311,20260817,75,75,0.7,0.0,0.02666666666666667,0.013333333333333334,0.013333333333333334
p2_illumination,312,20260817,75,75,0.7,0.0,0.013333333333333334,0.013333333333333334,0.008888888888888889
p2_illumination,313,20260817,75,75,0.75,0.0,0.0,0.0,0.0
p2_illumination,314,20260817,75,75,0.75,0.0,0.0,0.0,0.0
p2_illumination,315,20260817,75,75,0.6,0.04,0.05333333333333334,0.02666666666666667,0.04
p2_illumination,316,20260817,75,75,0.75,0.0,0.0,0.0,0.0
p2_illumination,317,20260817,75,75,0.75,0.0,0.013333333333333334,0.013333333333333334,0.008888888888888889
p2_illumination,318,20260817,75,75,0.7,0.0,0.0,0.0,0.0
p2_illumination,319,20260817,75,75,0.7,0.02666666666666667,0.05333333333333334,0.013333333333333334,0.031111111111111114
p2_illumination,320,20260817,75,75,0.75,0.0,0.0,0.0,0.0
p2_illumination,321,20260817,75,75,0.7,0.0,0.013333333333333334,0.013333333333333334,0.008888888888888889
p2_illumination,322,20260817,75,75,0.75,0.0,0.0,0.0,0.0
p2_illumination,323,20260817,75,75,0.65,0.0,0.02666666666666667,0.0,0.008888888888888889
p2_illumination,324,20260817,75,75,0.7,0.0,0.013333333333333334,0.0,0.0044444444444444444
p2_illumination,325,20260817,75,75,0.7,0.013333333333333334,0.013333333333333334,0.02666666666666667,0.017777777777777778
p2_illumination,326,20260817,75,75,0.75,0.0,0.0,0.0,0.0
p2_illumination,327,20260817,75,75,0.7,0.0,0.013333333333333334,0.013333333333333334,0.008888888888888889
p2_illumination,328,20260817,75,75,0.75,0.0,0.0,0.0,0.0
p2_illumination,329,20260817,75,75,0.65,0.0,0.0,0.0,0.0
p2_illumination,330,20260817,75,75,0.75,0.0,0.013333333333333334,0.0,0.0044444444444444444
p2_illumination,331,20260817,75,75,0.7,0.0,0.02666666666666667,0.013333333333333334,0.013333333333333334
p2_illumination,332,20260817,75,75,0.7,0.0,0.0,0.05333333333333334,0.017777777777777778
p2_illumination,333,20260817,75,75,0.75,0.0,0.0,0.0,0.0
p2_illumination,334,20260817,75,75,0.75,0.0,0.0,0.013333333333333334,0.0044444444444444444
p2_illumination,335,20260817,75,75,0.65,0.0,0.02666666666666667,0.013333333333333334,0.013333333333333334
p2_illumination,336,20260817,75,75,0.6,0.0,0.013333333333333334,0.02666666666666667,0.013333333333333334
p2_illumination,337,20260817,75,75,0.7,0.0,0.013333333333333334,0.0,0.0044444444444444444
p2_illumination,338,20260817,75,75,0.75,0.0,0.013333333333333334,0.013333333333333334,0.008888888888888889
p2_illumination,339,20260817,75,75,0.75,0.0,0.0,0.0,0.0
p2_illumination,340,20260817,75,75,0.7,0.0,0.013333333333333334,0.013333333333333334,0.008888888888888889
p2_illumination,341,20260817,75,75,0.7,0.0,0.0,0.0,0.0
p2_illumination,342,20260817,75,75,0.65,0.0,0.02666666666666667,0.013333333333333334,0.013333333333333334
p2_illumination,343,20260817,75,75,0.6,0.013333333333333334,0.02666666666666667,0.04,0.02666666666666667
p2_illumination,344,20260817,75,75,0.65,0.05333333333333334,0.06666666666666667,0.06666666666666667,0.06222222222222222
p2_illumination,345,20260817,75,75,0.65,0.0,0.02666666666666667,0.0,0.008888888888888889
p2_illumination,346,20260817,75,75,0.7,0.0,0.013333333333333334,0.0,0.0044444444444444444
p2_illumination,347,20260817,75,75,0.7,0.0,0.013333333333333334,0.0,0.0044444444444444444
p2_illumination,348,20260817,75,75,0.75,0.0,0.0,0.0,0.0
p2_illumination,349,20260817,75,75,0.7,0.0,0.013333333333333334,0.013333333333333334,0.008888888888888889
p2_illumination,350,20260817,75,75,0.6,0.02666666666666667,0.06666666666666667,0.04,0.044444444444444446
p2_illumination,351,20260817,75,75,0.75,0.0,0.0,0.0,0.0
p2_illumination,352,20260817,75,75,0.7,0.0,0.013333333333333334,0.0,0.0044444444444444444
p2_illumination,353,20260817,75,75,0.75,0.0,0.0,0.0,0.0
p2_illumination,354,20260817,75,75,0.75,0.0,0.0,0.0,0.0
p2_illumination,355,20260817,75,75,0.75,0.0,0.0,0.0,0.0
p2_illumination,356,20260817,75,75,0.75,0.0,0.0,0.0,0.0
p2_illumination,357,20260817,75,75,0.75,0.0,0.0,0.0,0.0
p2_illumination,358,20260817,75,75,0.55,0.02666666666666667,0.04,0.04,0.035555555555555556
p2_illumination,359,20260817,75,75,0.75,0.0,0.0,0.0,0.0
p2_illumination,360,20260817,75,75,0.65,0.0,0.05333333333333334,0.013333333333333334,0.022222222222222223
p2_illumination,361,20260817,75,75,0.7,0.013333333333333334,0.013333333333333334,0.0,0.008888888888888889
p2_illumination,362,20260817,75,75,0.75,0.0,0.0,0.0,0.0
p2_illumination,363,20260817,75,75,0.75,0.0,0.013333333333333334,0.0,0.0044444444444444444
p2_illumination,364,20260817,75,75,0.75,0.0,0.0,0.0,0.0
p2_illumination,365,20260817,75,75,0.75,0.013333333333333334,0.013333333333333334,0.013333333333333334,0.013333333333333334
p2_illumination,366,20260817,75,75,0.7,0.013333333333333334,0.0,0.02666666666666667,0.013333333333333334
p2_illumination,367,20260817,75,75,0.75,0.0,0.013333333333333334,0.0,0.0044444444444444444
p2_illumination,368,20260817,75,75,0.6,0.013333333333333334,0.05333333333333334,0.013333333333333334,0.02666666666666667
p2_illumination,369,20260817,75,75,0.7,0.0,0.0,0.0,0.0
p2_illumination,370,20260817,75,75,0.65,0.0,0.02666666666666667,0.0,0.008888888888888889
p2_illumination,371,20260817,75,75,0.6,0.013333333333333334,0.02666666666666667,0.013333333333333334,0.017777777777777778
p2_illumination,372,20260817,75,75,0.75,0.013333333333333334,0.02666666666666667,0.02666666666666667,0.022222222222222223
p2_illumination,373,20260817,75,75,0.7,0.013333333333333334,0.02666666666666667,0.013333333333333334,0.017777777777777778
p2_illumination,374,20260817,75,75,0.7,0.013333333333333334,0.05333333333333334,0.013333333333333334,0.02666666666666667
p2_illumination,375,20260817,75,75,0.7,0.0,0.013333333333333334,0.013333333333333334,0.008888888888888889
p2_illumination,376,20260817,75,75,0.65,0.013333333333333334,0.02666666666666667,0.013333333333333334,0.017777777777777778
p2_illumination,377,20260817,75,75,0.7,0.013333333333333334,0.013333333333333334,0.013333333333333334,0.013333333333333334
p2_illumination,378,20260817,75,75,0.7,0.0,0.0,0.013333333333333334,0.0044444444444444444
p2_illumination,379,20260817,75,75,0.65,0.0,0.02666666666666667,0.0,0.008888888888888889
p2_illumination,380,20260817,75,75,0.7,0.0,0.02666666666666667,0.013333333333333334,0.013333333333333334
p2_illumination,381,20260817,75,75,0.75,0.0,0.0,0.013333333333333334,0.0044444444444444444
p2_illumination,382,20260817,75,75,0.75,0.0,0.0,0.0,0.0
p2_illumination,383,20260817,75,75,0.75,0.0,0.013333333333333334,0.013333333333333334,0.008888888888888889
p2_illumination,384,20260817,75,75,0.75,0.0,0.02666666666666667,0.02666666666666667,0.017777777777777778
p2_illumination,385,20260817,75,75,0.6,0.02666666666666667,0.08,0.05333333333333334,0.05333333333333334
p2_illumination,386,20260817,75,75,0.7,0.013333333333333334,0.02666666666666667,0.013333333333333334,0.017777777777777778
p2_illumination,387,20260817,75,75,0.7,0.013333333333333334,0.013333333333333334,0.013333333333333334,0.013333333333333334
p2_illumination,388,20260817,75,75,0.7,0.0,0.02666666666666667,0.013333333333333334,0.013333333333333334
p2_illumination,389,20260817,75,75,0.7,0.0,0.02666666666666667,0.013333333333333334,0.013333333333333334
p2_illumination,390,20260817,75,75,0.75,0.0,0.0,0.0,0.0
p2_illumination,391,20260817,75,75,0.7,0.0,0.0,0.0,0.0
p2_illumination,392,20260817,75,75,0.75,0.0,0.0,0.0,0.0
p2_illumination,393,20260817,75,75,0.75,0.0,0.0,0.0,0.0
p2_illumination,394,20260817,75,75,0.75,0.0,0.0,0.0,0.0
p2_illumination,395,20260817,75,75,0.65,0.013333333333333334,0.02666666666666667,0.04,0.02666666666666667
p2_illumination,396,20260817,75,75,0.6,0.02666666666666667,0.04,0.02666666666666667,0.031111111111111114
p2_illumination,397,20260817,75,75,0.75,0.0,0.013333333333333334,0.0,0.0044444444444444444
p2_illumination,398,20260817,75,75,0.7,0.0,0.0,0.0,0.0
p2_illumination,399,20260817,75,75,0.7,0.013333333333333334,0.013333333333333334,0.04,0.022222222222222223
p2_illumination,400,20260817,75,75,0.7,0.0,0.0,0.0,0.0
p2_illumination,401,20260817,75,75,0.75,0.0,0.0,0.0,0.0
p2_illumination,402,20260817,75,75,0.65,0.0,0.013333333333333334,0.0,0.0044444444444444444
p2_illumination,403,20260817,75,75,0.7,0.013333333333333334,0.02666666666666667,0.02666666666666667,0.022222222222222223
p2_illumination,404,20260817,75,75,0.7,0.0,0.013333333333333334,0.0,0.0044444444444444444
p2_illumination,405,20260817,75,75,0.7,0.0,0.0,0.0,0.0
p2_illumination,406,20260817,75,75,0.7,0.0,0.0,0.013333333333333334,0.0044444444444444444
p2_illumination,407,20260817,75,75,0.7,0.0,0.013333333333333334,0.0,0.0044444444444444444
p2_illumination,408,20260817,75,75,0.75,0.0,0.0,0.0,0.0
p2_illumination,409,20260817,75,75,0.75,0.0,0.0,0.0,0.0
p2_illumination,410,20260817,75,75,0.7,0.04,0.06666666666666667,0.02666666666666667,0.044444444444444446
p2_illumination,411,20260817,75,75,0.75,0.0,0.013333333333333334,0.013333333333333334,0.008888888888888889
p2_illumination,412,20260817,75,75,0.6,0.0,0.013333333333333334,0.013333333333333334,0.008888888888888889
p2_illumination,413,20260817,75,75,0.55,0.04,0.04,0.04,0.04
p2_illumination,414,20260817,75,75,0.7,0.013333333333333334,0.05333333333333334,0.013333333333333334,0.02666666666666667
p2_illumination,415,20260817,75,75,0.75,0.0,0.0,0.0,0.0
p2_illumination,416,20260817,75,75,0.6,0.02666666666666667,0.08,0.04,0.04888888888888889
p2_illumination,417,20260817,75,75,0.75,0.013333333333333334,0.02666666666666667,0.02666666666666667,0.022222222222222223
p2_illumination,418,20260817,75,75,0.75,0.0,0.0,0.0,0.0
p2_illumination,419,20260817,75,75,0.75,0.0,0.0,0.0,0.0
p2_illumination,420,20260817,75,75,0.7,0.0,0.04,0.0,0.013333333333333334
p2_illumination,421,20260817,75,75,0.7,0.013333333333333334,0.02666666666666667,0.02666666666666667,0.022222222222222223
p2_illumination,422,20260817,75,75,0.7,0.02666666666666667,0.02666666666666667,0.04,0.031111111111111114
p2_illumination,423,20260817,75,75,0.75,0.0,0.0,0.013333333333333334,0.0044444444444444444
p2_illumination,424,20260817,75,75,0.75,0.0,0.0,0.0,0.0
p2_illumination,425,20260817,75,75,0.7,0.0,0.013333333333333334,0.0,0.0044444444444444444
p2_illumination,426,20260817,75,75,0.75,0.0,0.0,0.0,0.0
p2_illumination,427,20260817,75,75,0.7,0.0,0.0,0.0,0.0
p2_illumination,428,20260817,75,75,0.7,0.0,0.05333333333333334,0.013333333333333334,0.022222222222222223
p2_illumination,429,20260817,75,75,0.75,0.013333333333333334,0.013333333333333334,0.02666666666666667,0.017777777777777778
p2_illumination,430,20260817,75,75,0.6,0.02666666666666667,0.02666666666666667,0.013333333333333334,0.022222222222222223
p2_illumination,431,20260817,75,75,0.65,0.02666666666666667,0.02666666666666667,0.05333333333333334,0.035555555555555556
p2_illumination,432,20260817,75,75,0.7,0.013333333333333334,0.02666666666666667,0.013333333333333334,0.017777777777777778
p2_illumination,433,20260817,75,75,0.75,0.0,0.0,0.0,0.0
p2_illumination,434,20260817,75,75,0.7,0.0,0.0,0.0,0.0
p2_illumination,435,20260817,75,75,0.6,0.04,0.05333333333333334,0.02666666666666667,0.04
p2_illumination,436,20260817,75,75,0.75,0.0,0.0,0.013333333333333334,0.0044444444444444444
p2_illumination,437,20260817,75,75,0.75,0.0,0.0,0.0,0.0
p2_illumination,438,20260817,75,75,0.7,0.013333333333333334,0.013333333333333334,0.02666666666666667,0.017777777777777778
p2_illumination,439,20260817,75,75,0.7,0.013333333333333334,0.0,0.0,0.0044444444444444444
p2_illumination,440,20260817,75,75,0.7,0.013333333333333334,0.013333333333333334,0.05333333333333334,0.02666666666666667
p2_illumination,441,20260817,75,75,0.75,0.013333333333333334,0.02666666666666667,0.013333333333333334,0.017777777777777778
p2_illumination,442,20260817,75,75,0.75,0.0,0.0,0.0,0.0
p2_illumination,443,20260817,75,75,0.75,0.013333333333333334,0.013333333333333334,0.02666666666666667,0.017777777777777778
p2_illumination,444,20260817,75,75,0.7,0.0,0.0,0.0,0.0
p2_illumination,445,20260817,75,75,0.7,0.013333333333333334,0.013333333333333334,0.013333333333333334,0.013333333333333334
p2_illumination,446,20260817,75,75,0.7,0.0,0.013333333333333334,0.0,0.0044444444444444444
p2_illumination,447,20260817,75,75,0.7,0.013333333333333334,0.013333333333333334,0.0,0.008888888888888889
p2_illumination,448,20260817,75,75,0.75,0.0,0.0,0.0,0.0
p2_illumination,449,20260817,75,75,0.6,0.05333333333333334,0.05333333333333334,0.02666666666666667,0.044444444444444446
p2_illumination,450,20260817,75,75,0.75,0.0,0.0,0.0,0.0
p2_illumination,451,20260817,75,75,0.6,0.04,0.10666666666666667,0.05333333333333334,0.06666666666666667
p2_illumination,452,20260817,75,75,0.7,0.013333333333333334,0.013333333333333334,0.013333333333333334,0.013333333333333334
p2_illumination,453,20260817,75,75,0.7,0.0,0.013333333333333334,0.0,0.0044444444444444444
p2_illumination,454,20260817,75,75,0.75,0.0,0.0,0.0,0.0
p2_illumination,455,20260817,75,75,0.75,0.0,0.0,0.0,0.0
p2_illumination,456,20260817,75,75,0.75,0.0,0.0,0.0,0.0
p2_illumination,457,20260817,75,75,0.7,0.0,0.02666666666666667,0.0,0.008888888888888889
p2_illumination,458,20260817,75,75,0.7,0.0,0.013333333333333334,0.0,0.0044444444444444444
p2_illumination,459,20260817,75,75,0.75,0.0,0.0,0.013333333333333334,0.0044444444444444444
p2_illumination,460,20260817,75,75,0.75,0.0,0.0,0.0,0.0
p2_illumination,461,20260817,75,75,0.7,0.0,0.0,0.0,0.0
p2_illumination,462,20260817,75,75,0.55,0.05333333333333334,0.06666666666666667,0.10666666666666667,0.07555555555555556
p2_illumination,463,20260817,75,75,0.75,0.0,0.013333333333333334,0.0,0.0044444444444444444
p2_illumination,464,20260817,75,75,0.7,0.0,0.013333333333333334,0.013333333333333334,0.008888888888888889
p2_illumination,465,20260817,75,75,0.75,0.0,0.013333333333333334,0.013333333333333334,0.008888888888888889
p2_illumination,466,20260817,75,75,0.6,0.04,0.04,0.013333333333333334,0.03111111111111111
p2_illumination,467,20260817,75,75,0.75,0.0,0.0,0.0,0.0
p2_illumination,468,20260817,75,75,0.75,0.0,0.02666666666666667,0.02666666666666667,0.017777777777777778
p2_illumination,469,20260817,75,75,0.7,0.0,0.0,0.0,0.0
p2_illumination,470,20260817,75,75,0.6,0.02666666666666667,0.04,0.02666666666666667,0.031111111111111114
p2_illumination,471,20260817,75,75,0.75,0.0,0.0,0.013333333333333334,0.0044444444444444444
p2_illumination,472,20260817,75,75,0.55,0.06666666666666667,0.08,0.06666666666666667,0.07111111111111111
p2_illumination,473,20260817,75,75,0.75,0.0,0.013333333333333334,0.0,0.0044444444444444444
p2_illumination,474,20260817,75,75,0.7,0.0,0.02666666666666667,0.0,0.008888888888888889
p2_illumination,475,20260817,75,75,0.7,0.0,0.0,0.0,0.0
p2_illumination,476,20260817,75,75,0.7,0.0,0.0,0.013333333333333334,0.0044444444444444444
p2_illumination,477,20260817,75,75,0.7,0.0,0.013333333333333334,0.0,0.0044444444444444444
p2_illumination,478,20260817,75,75,0.65,0.02666666666666667,0.02666666666666667,0.04,0.031111111111111114
p2_illumination,479,20260817,75,75,0.7,0.02666666666666667,0.04,0.04,0.035555555555555556
p2_illumination,480,20260817,75,75,0.7,0.0,0.0,0.013333333333333334,0.0044444444444444444
p2_illumination,481,20260817,75,75,0.75,0.0,0.013333333333333334,0.013333333333333334,0.008888888888888889
p2_illumination,482,20260817,75,75,0.7,0.0,0.0,0.0,0.0
p2_illumination,483,20260817,75,75,0.75,0.013333333333333334,0.013333333333333334,0.013333333333333334,0.013333333333333334
p2_illumination,484,20260817,75,75,0.65,0.0,0.0,0.0,0.0
p2_illumination,485,20260817,75,75,0.75,0.0,0.0,0.0,0.0
p2_illumination,486,20260817,75,75,0.65,0.013333333333333334,0.013333333333333334,0.02666666666666667,0.017777777777777778
p2_illumination,487,20260817,75,75,0.75,0.0,0.0,0.0,0.0
p2_illumination,488,20260817,75,75,0.7,0.0,0.0,0.0,0.0
p2_illumination,489,20260817,75,75,0.65,0.013333333333333334,0.013333333333333334,0.013333333333333334,0.013333333333333334
p2_illumination,490,20260817,75,75,0.65,0.0,0.013333333333333334,0.02666666666666667,0.013333333333333334
p2_illumination,491,20260817,75,75,0.7,0.0,0.0,0.013333333333333334,0.0044444444444444444
p2_illumination,492,20260817,75,75,0.7,0.013333333333333334,0.0,0.0,0.0044444444444444444
p2_illumination,493,20260817,75,75,0.75,0.0,0.0,0.0,0.0
p2_illumination,494,20260817,75,75,0.7,0.013333333333333334,0.04,0.02666666666666667,0.02666666666666667
p2_illumination,495,20260817,75,75,0.75,0.0,0.0,0.013333333333333334,0.0044444444444444444
p2_illumination,496,20260817,75,75,0.7,0.0,0.013333333333333334,0.013333333333333334,0.008888888888888889
p2_illumination,497,20260817,75,75,0.7,0.0,0.02666666666666667,0.02666666666666667,0.017777777777777778
p2_illumination,498,20260817,75,75,0.65,0.0,0.013333333333333334,0.0,0.0044444444444444444
p2_illumination,499,20260817,75,75,0.75,0.0,0.02666666666666667,0.013333333333333334,0.013333333333333334
p2_illumination,500,20260817,75,75,0.6,0.013333333333333334,0.02666666666666667,0.013333333333333334,0.017777777777777778
p2_illumination,501,20260817,75,75,0.75,0.0,0.0,0.0,0.0
p2_illumination,502,20260817,75,75,0.65,0.013333333333333334,0.04,0.013333333333333334,0.022222222222222223
p2_illumination,503,20260817,75,75,0.65,0.013333333333333334,0.013333333333333334,0.013333333333333334,0.013333333333333334
p2_illumination,504,20260817,75,75,0.75,0.0,0.0,0.0,0.0
p2_illumination,505,20260817,75,75,0.75,0.0,0.0,0.0,0.0
p2_illumination,506,20260817,75,75,0.7,0.0,0.02666666666666667,0.0,0.008888888888888889
p2_illumination,507,20260817,75,75,0.75,0.0,0.0,0.0,0.0
p2_illumination,508,20260817,75,75,0.7,0.013333333333333334,0.04,0.04,0.03111111111111111
p2_illumination,509,20260817,75,75,0.7,0.013333333333333334,0.0,0.013333333333333334,0.008888888888888889
p2_illumination,510,20260817,75,75,0.7,0.0,0.0,0.0,0.0
p2_illumination,511,20260817,75,75,0.7,0.0,0.013333333333333334,0.0,0.0044444444444444444
p2_illumination,512,20260817,75,75,0.75,0.0,0.02666666666666667,0.02666666666666667,0.017777777777777778
p2_illumination,513,20260817,75,75,0.75,0.0,0.0,0.013333333333333334,0.0044444444444444444
p2_illumination,514,20260817,75,75,0.75,0.0,0.0,0.0,0.0
p2_illumination,515,20260817,75,75,0.75,0.0,0.0,0.0,0.0
p2_illumination,516,20260817,75,75,0.75,0.0,0.013333333333333334,0.013333333333333334,0.008888888888888889
p2_illumination,517,20260817,75,75,0.7,0.0,0.013333333333333334,0.0,0.0044444444444444444
p2_illumination,518,20260817,75,75,0.55,0.04,0.05333333333333334,0.05333333333333334,0.04888888888888889
p2_illumination,519,20260817,75,75,0.75,0.0,0.0,0.0,0.0
p2_illumination,520,20260817,75,75,0.55,0.05333333333333334,0.08,0.06666666666666667,0.06666666666666667
p2_illumination,521,20260817,75,75,0.7,0.0,0.0,0.013333333333333334,0.0044444444444444444
p2_illumination,522,20260817,75,75,0.75,0.0,0.0,0.0,0.0
p2_illumination,523,20260817,75,75,0.75,0.0,0.0,0.0,0.0
p2_illumination,524,20260817,75,75,0.65,0.013333333333333334,0.013333333333333334,0.05333333333333334,0.02666666666666667
p2_illumination,525,20260817,75,75,0.75,0.0,0.0,0.0,0.0
p2_illumination,526,20260817,75,75,0.6,0.013333333333333334,0.0,0.02666666666666667,0.013333333333333334
p2_illumination,527,20260817,75,75,0.7,0.0,0.013333333333333334,0.0,0.0044444444444444444
p2_illumination,528,20260817,75,75,0.7,0.0,0.013333333333333334,0.02666666666666667,0.013333333333333334
p2_illumination,529,20260817,75,75,0.7,0.0,0.013333333333333334,0.013333333333333334,0.008888888888888889
p2_illumination,530,20260817,75,75,0.55,0.02666666666666667,0.04,0.02666666666666667,0.031111111111111114
p2_illumination,531,20260817,75,75,0.7,0.013333333333333334,0.013333333333333334,0.0,0.008888888888888889
p2_illumination,532,20260817,75,75,0.75,0.0,0.013333333333333334,0.0,0.0044444444444444444
p2_illumination,533,20260817,75,75,0.7,0.04,0.04,0.04,0.04
p2_illumination,534,20260817,75,75,0.7,0.0,0.013333333333333334,0.02666666666666667,0.013333333333333334
p2_illumination,535,20260817,75,75,0.7,0.0,0.0,0.013333333333333334,0.0044444444444444444
p2_illumination,536,20260817,75,75,0.7,0.0,0.013333333333333334,0.02666666666666667,0.013333333333333334
p2_illumination,537,20260817,75,75,0.7,0.0,0.013333333333333334,0.013333333333333334,0.008888888888888889
p2_illumination,538,20260817,75,75,0.65,0.013333333333333334,0.013333333333333334,0.04,0.022222222222222223
p2_illumination,539,20260817,75,75,0.7,0.013333333333333334,0.04,0.02666666666666667,0.02666666666666667
p2_illumination,540,20260817,75,75,0.75,0.0,0.0,0.0,0.0
p2_illumination,541,20260817,75,75,0.75,0.0,0.0,0.0,0.0
p2_illumination,542,20260817,75,75,0.75,0.013333333333333334,0.013333333333333334,0.013333333333333334,0.013333333333333334
p2_illumination,543,20260817,75,75,0.7,0.013333333333333334,0.02666666666666667,0.02666666666666667,0.022222222222222223
p2_illumination,544,20260817,75,75,0.75,0.0,0.0,0.0,0.0
p2_illumination,545,20260817,75,75,0.75,0.0,0.0,0.0,0.0
p2_illumination,546,20260817,75,75,0.75,0.0,0.0,0.0,0.0
p2_illumination,547,20260817,75,75,0.75,0.0,0.013333333333333334,0.0,0.0044444444444444444
p2_illumination,548,20260817,75,75,0.7,0.0,0.02666666666666667,0.0,0.008888888888888889
p2_illumination,549,20260817,75,75,0.65,0.0,0.013333333333333334,0.0,0.0044444444444444444
p2_illumination,550,20260817,75,75,0.7,0.0,0.013333333333333334,0.02666666666666667,0.013333333333333334
p2_illumination,551,20260817,75,75,0.75,0.0,0.013333333333333334,0.0,0.0044444444444444444
p2_illumination,552,20260817,75,75,0.7,0.02666666666666667,0.02666666666666667,0.013333333333333334,0.022222222222222223
p2_illumination,553,20260817,75,75,0.75,0.0,0.013333333333333334,0.013333333333333334,0.008888888888888889
p2_illumination,554,20260817,75,75,0.75,0.0,0.013333333333333334,0.013333333333333334,0.008888888888888889
p2_illumination,555,20260817,75,75,0.75,0.013333333333333334,0.02666666666666667,0.02666666666666667,0.022222222222222223
p2_illumination,556,20260817,75,75,0.65,0.04,0.04,0.04,0.04
p2_illumination,557,20260817,75,75,0.7,0.02666666666666667,0.02666666666666667,0.02666666666666667,0.02666666666666667
p2_illumination,558,20260817,75,75,0.65,0.013333333333333334,0.02666666666666667,0.013333333333333334,0.017777777777777778
p2_illumination,559,20260817,75,75,0.6,0.013333333333333334,0.06666666666666667,0.05333333333333334,0.044444444444444446
p2_illumination,560,20260817,75,75,0.7,0.013333333333333334,0.0,0.0,0.0044444444444444444
p2_illumination,561,20260817,75,75,0.75,0.0,0.0,0.0,0.0
p2_illumination,562,20260817,75,75,0.7,0.0,0.0,0.013333333333333334,0.0044444444444444444
p2_illumination,563,20260817,75,75,0.75,0.0,0.0,0.0,0.0
p2_illumination,564,20260817,75,75,0.7,0.0,0.0,0.0,0.0
p2_illumination,565,20260817,75,75,0.7,0.0,0.013333333333333334,0.013333333333333334,0.008888888888888889
p2_illumination,566,20260817,75,75,0.7,0.0,0.013333333333333334,0.0,0.0044444444444444444
p2_illumination,567,20260817,75,75,0.75,0.0,0.0,0.0,0.0
p2_illumination,568,20260817,75,75,0.75,0.013333333333333334,0.013333333333333334,0.02666666666666667,0.017777777777777778
p2_illumination,569,20260817,75,75,0.65,0.02666666666666667,0.02666666666666667,0.05333333333333334,0.035555555555555556
p2_illumination,570,20260817,75,75,0.75,0.0,0.0,0.0,0.0
p2_illumination,571,20260817,75,75,0.75,0.0,0.013333333333333334,0.013333333333333334,0.008888888888888889
p2_illumination,572,20260817,75,75,0.7,0.013333333333333334,0.02666666666666667,0.0,0.013333333333333334
p2_illumination,573,20260817,75,75,0.75,0.0,0.0,0.0,0.0
p2_illumination,574,20260817,75,75,0.7,0.0,0.0,0.0,0.0
p2_illumination,575,20260817,75,75,0.6,0.0,0.05333333333333334,0.05333333333333334,0.035555555555555556
p2_illumination,576,20260817,75,75,0.75,0.0,0.013333333333333334,0.0,0.0044444444444444444
p2_illumination,577,20260817,75,75,0.65,0.02666666666666667,0.02666666666666667,0.02666666666666667,0.02666666666666667
p2_illumination,578,20260817,75,75,0.7,0.0,0.0,0.0,0.0
p2_illumination,579,20260817,75,75,0.75,0.0,0.0,0.0,0.0
p2_illumination,580,20260817,75,75,0.6,0.013333333333333334,0.02666666666666667,0.02666666666666667,0.022222222222222223
p2_illumination,581,20260817,75,75,0.7,0.013333333333333334,0.013333333333333334,0.0,0.008888888888888889
p2_illumination,582,20260817,75,75,0.7,0.0,0.013333333333333334,0.02666666666666667,0.013333333333333334
p2_illumination,583,20260817,75,75,0.7,0.04,0.04,0.05333333333333334,0.044444444444444446
p2_illumination,584,20260817,75,75,0.7,0.0,0.0,0.013333333333333334,0.0044444444444444444
p2_illumination,585,20260817,75,75,0.75,0.0,0.013333333333333334,0.013333333333333334,0.008888888888888889
p2_illumination,586,20260817,75,75,0.75,0.0,0.0,0.0,0.0
p2_illumination,587,20260817,75,75,0.75,0.0,0.0,0.0,0.0
p2_illumination,588,20260817,75,75,0.6,0.02666666666666667,0.06666666666666667,0.04,0.044444444444444446
p2_illumination,589,20260817,75,75,0.65,0.013333333333333334,0.02666666666666667,0.013333333333333334,0.017777777777777778
p2_illumination,590,20260817,75,75,0.7,0.013333333333333334,0.04,0.013333333333333334,0.022222222222222223
p2_illumination,591,20260817,75,75,0.75,0.0,0.02666666666666667,0.013333333333333334,0.013333333333333334
p2_illumination,592,20260817,75,75,0.75,0.0,0.013333333333333334,0.0,0.0044444444444444444
p2_illumination,593,20260817,75,75,0.75,0.0,0.0,0.0,0.0
p2_illumination,594,20260817,75,75,0.75,0.0,0.02666666666666667,0.013333333333333334,0.013333333333333334
p2_illumination,595,20260817,75,75,0.7,0.0,0.0,0.013333333333333334,0.0044444444444444444
p2_illumination,596,20260817,75,75,0.75,0.0,0.0,0.0,0.0
p2_illumination,597,20260817,75,75,0.75,0.0,0.0,0.013333333333333334,0.0044444444444444444
p2_illumination,598,20260817,75,75,0.65,0.013333333333333334,0.02666666666666667,0.04,0.02666666666666667
p2_illumination,599,20260817,75,75,0.75,0.0,0.0,0.013333333333333334,0.0044444444444444444
p2_illumination,600,20260817,75,75,0.7,0.0,0.013333333333333334,0.013333333333333334,0.008888888888888889
p2_illumination,601,20260817,75,75,0.65,0.013333333333333334,0.013333333333333334,0.02666666666666667,0.017777777777777778
p2_illumination,602,20260817,75,75,0.65,0.0,0.04,0.013333333333333334,0.017777777777777778
p2_illumination,603,20260817,75,75,0.75,0.0,0.013333333333333334,0.0,0.0044444444444444444
p2_illumination,604,20260817,75,75,0.75,0.0,0.0,0.0,0.0
p2_illumination,605,20260817,75,75,0.65,0.013333333333333334,0.02666666666666667,0.02666666666666667,0.022222222222222223
p2_illumination,606,20260817,75,75,0.7,0.0,0.013333333333333334,0.0,0.0044444444444444444
p2_illumination,607,20260817,75,75,0.75,0.0,0.0,0.0,0.0
p2_illumination,608,20260817,75,75,0.65,0.0,0.02666666666666667,0.02666666666666667,0.017777777777777778
p2_illumination,609,20260817,75,75,0.75,0.0,0.0,0.0,0.0
p2_illumination,610,20260817,75,75,0.6,0.02666666666666667,0.05333333333333334,0.04,0.04
p2_illumination,611,20260817,75,75,0.75,0.0,0.0,0.0,0.0
p2_illumination,612,20260817,75,75,0.65,0.05333333333333334,0.06666666666666667,0.05333333333333334,0.05777777777777778
p2_illumination,613,20260817,75,75,0.75,0.0,0.0,0.013333333333333334,0.0044444444444444444
p2_illumination,614,20260817,75,75,0.65,0.013333333333333334,0.04,0.013333333333333334,0.022222222222222223
p2_illumination,615,20260817,75,75,0.75,0.0,0.013333333333333334,0.013333333333333334,0.008888888888888889
p2_illumination,616,20260817,75,75,0.75,0.0,0.0,0.0,0.0
p2_illumination,617,20260817,75,75,0.7,0.0,0.0,0.0,0.0
p2_illumination,618,20260817,75,75,0.7,0.013333333333333334,0.0,0.0,0.0044444444444444444
p2_illumination,619,20260817,75,75,0.6,0.05333333333333334,0.09333333333333334,0.04,0.06222222222222223
p2_illumination,620,20260817,75,75,0.7,0.0,0.0,0.0,0.0
p2_illumination,621,20260817,75,75,0.7,0.013333333333333334,0.013333333333333334,0.013333333333333334,0.013333333333333334
p2_illumination,622,20260817,75,75,0.75,0.0,0.0,0.0,0.0
p2_illumination,623,20260817,75,75,0.7,0.0,0.013333333333333334,0.013333333333333334,0.008888888888888889
p2_illumination,624,20260817,75,75,0.7,0.0,0.013333333333333334,0.0,0.0044444444444444444
p2_illumination,625,20260817,75,75,0.65,0.04,0.02666666666666667,0.02666666666666667,0.031111111111111114
p2_illumination,626,20260817,75,75,0.75,0.0,0.0,0.0,0.0
p2_illumination,627,20260817,75,75,0.75,0.0,0.0,0.0,0.0
p2_illumination,628,20260817,75,75,0.75,0.0,0.013333333333333334,0.0,0.0044444444444444444
p2_illumination,629,20260817,75,75,0.75,0.0,0.0,0.0,0.0
p2_illumination,630,20260817,75,75,0.7,0.0,0.013333333333333334,0.0,0.0044444444444444444
p2_illumination,631,20260817,75,75,0.75,0.0,0.0,0.0,0.0
p2_illumination,632,20260817,75,75,0.75,0.0,0.013333333333333334,0.013333333333333334,0.008888888888888889
p2_illumination,633,20260817,75,75,0.7,0.0,0.013333333333333334,0.013333333333333334,0.008888888888888889
p2_illumination,634,20260817,75,75,0.75,0.0,0.0,0.0,0.0
p2_illumination,635,20260817,75,75,0.7,0.04,0.08,0.02666666666666667,0.04888888888888889
p2_illumination,636,20260817,75,75,0.75,0.0,0.013333333333333334,0.02666666666666667,0.013333333333333334
p2_illumination,637,20260817,75,75,0.75,0.0,0.0,0.0,0.0
p2_illumination,638,20260817,75,75,0.75,0.0,0.0,0.0,0.0
p2_illumination,639,20260817,75,75,0.75,0.0,0.0,0.0,0.0
p2_illumination,640,20260817,75,75,0.75,0.0,0.0,0.0,0.0
p2_illumination,641,20260817,75,75,0.65,0.02666666666666667,0.04,0.02666666666666667,0.031111111111111114
p2_illumination,642,20260817,75,75,0.7,0.0,0.013333333333333334,0.013333333333333334,0.008888888888888889
p2_illumination,643,20260817,75,75,0.7,0.0,0.013333333333333334,0.0,0.0044444444444444444
p2_illumination,644,20260817,75,75,0.6,0.02666666666666667,0.02666666666666667,0.04,0.031111111111111114
p2_illumination,645,20260817,75,75,0.6,0.0,0.02666666666666667,0.013333333333333334,0.013333333333333334
p2_illumination,646,20260817,75,75,0.75,0.0,0.0,0.0,0.0
p2_illumination,647,20260817,75,75,0.55,0.013333333333333334,0.08,0.04,0.044444444444444446
p2_illumination,648,20260817,75,75,0.65,0.013333333333333334,0.04,0.02666666666666667,0.02666666666666667
p2_illumination,649,20260817,75,75,0.75,0.0,0.0,0.0,0.0
p2_illumination,650,20260817,75,75,0.65,0.02666666666666667,0.04,0.04,0.035555555555555556
p2_illumination,651,20260817,75,75,0.7,0.0,0.013333333333333334,0.0,0.0044444444444444444
p2_illumination,652,20260817,75,75,0.75,0.0,0.0,0.0,0.0
p2_illumination,653,20260817,75,75,0.7,0.0,0.013333333333333334,0.0,0.0044444444444444444
p2_illumination,654,20260817,75,75,0.75,0.0,0.013333333333333334,0.013333333333333334,0.008888888888888889
p2_illumination,655,20260817,75,75,0.7,0.013333333333333334,0.013333333333333334,0.013333333333333334,0.013333333333333334
p2_illumination,656,20260817,75,75,0.75,0.0,0.0,0.0,0.0
p2_illumination,657,20260817,75,75,0.75,0.0,0.0,0.0,0.0
p2_illumination,658,20260817,75,75,0.6,0.04,0.06666666666666667,0.06666666666666667,0.057777777777777775
p2_illumination,659,20260817,75,75,0.75,0.013333333333333334,0.013333333333333334,0.013333333333333334,0.013333333333333334
p2_illumination,660,20260817,75,75,0.7,0.0,0.02666666666666667,0.02666666666666667,0.017777777777777778
p2_illumination,661,20260817,75,75,0.75,0.0,0.0,0.0,0.0
p2_illumination,662,20260817,75,75,0.7,0.02666666666666667,0.02666666666666667,0.013333333333333334,0.022222222222222223
p2_illumination,663,20260817,75,75,0.7,0.0,0.0,0.02666666666666667,0.008888888888888889
p2_illumination,664,20260817,75,75,0.75,0.0,0.0,0.02666666666666667,0.008888888888888889
p2_illumination,665,20260817,75,75,0.7,0.013333333333333334,0.04,0.013333333333333334,0.022222222222222223
p2_illumination,666,20260817,75,75,0.75,0.0,0.013333333333333334,0.0,0.0044444444444444444
p2_illumination,667,20260817,75,75,0.7,0.013333333333333334,0.04,0.0,0.017777777777777778
p2_illumination,668,20260817,75,75,0.7,0.0,0.0,0.0,0.0
p2_illumination,669,20260817,75,75,0.7,0.013333333333333334,0.02666666666666667,0.013333333333333334,0.017777777777777778
p2_illumination,670,20260817,75,75,0.65,0.013333333333333334,0.02666666666666667,0.013333333333333334,0.017777777777777778
p2_illumination,671,20260817,75,75,0.65,0.0,0.013333333333333334,0.013333333333333334,0.008888888888888889
p2_illumination,672,20260817,75,75,0.7,0.013333333333333334,0.0,0.013333333333333334,0.008888888888888889
p2_illumination,673,20260817,75,75,0.65,0.013333333333333334,0.04,0.05333333333333334,0.035555555555555556
p2_illumination,674,20260817,75,75,0.75,0.0,0.0,0.0,0.0
p2_illumination,675,20260817,75,75,0.75,0.0,0.013333333333333334,0.0,0.0044444444444444444
p2_illumination,676,20260817,75,75,0.75,0.0,0.0,0.013333333333333334,0.0044444444444444444
p2_illumination,677,20260817,75,75,0.65,0.0,0.0,0.0,0.0
p2_illumination,678,20260817,75,75,0.75,0.0,0.0,0.0,0.0
p2_illumination,679,20260817,75,75,0.75,0.0,0.0,0.0,0.0
p2_illumination,680,20260817,75,75,0.75,0.0,0.0,0.013333333333333334,0.0044444444444444444
p2_illumination,681,20260817,75,75,0.75,0.0,0.0,0.0,0.0
p2_illumination,682,20260817,75,75,0.75,0.013333333333333334,0.013333333333333334,0.013333333333333334,0.013333333333333334
p2_illumination,683,20260817,75,75,0.7,0.0,0.0,0.0,0.0
p2_illumination,684,20260817,75,75,0.75,0.0,0.0,0.013333333333333334,0.0044444444444444444
p2_illumination,685,20260817,75,75,0.7,0.0,0.0,0.0,0.0
p2_illumination,686,20260817,75,75,0.6,0.02666666666666667,0.02666666666666667,0.013333333333333334,0.022222222222222223
p2_illumination,687,20260817,75,75,0.65,0.013333333333333334,0.013333333333333334,0.013333333333333334,0.013333333333333334
p2_illumination,688,20260817,75,75,0.75,0.0,0.0,0.013333333333333334,0.0044444444444444444
p2_illumination,689,20260817,75,75,0.7,0.0,0.02666666666666667,0.02666666666666667,0.017777777777777778
p2_illumination,690,20260817,75,75,0.75,0.0,0.013333333333333334,0.0,0.0044444444444444444
p2_illumination,691,20260817,75,75,0.75,0.013333333333333334,0.013333333333333334,0.013333333333333334,0.013333333333333334
p2_illumination,692,20260817,75,75,0.75,0.013333333333333334,0.04,0.02666666666666667,0.02666666666666667
p2_illumination,693,20260817,75,75,0.75,0.0,0.013333333333333334,0.013333333333333334,0.008888888888888889
p2_illumination,694,20260817,75,75,0.7,0.0,0.02666666666666667,0.013333333333333334,0.013333333333333334
p2_illumination,695,20260817,75,75,0.75,0.0,0.0,0.0,0.0
p2_illumination,696,20260817,75,75,0.7,0.02666666666666667,0.02666666666666667,0.04,0.031111111111111114
p2_illumination,697,20260817,75,75,0.7,0.0,0.0,0.013333333333333334,0.0044444444444444444
p2_illumination,698,20260817,75,75,0.65,0.0,0.0,0.02666666666666667,0.008888888888888889
p2_illumination,699,20260817,75,75,0.75,0.0,0.0,0.0,0.0
p2_illumination,700,20260817,75,75,0.6,0.013333333333333334,0.02666666666666667,0.04,0.02666666666666667
p2_illumination,701,20260817,75,75,0.7,0.0,0.0,0.0,0.0
p2_illumination,702,20260817,75,75,0.7,0.013333333333333334,0.013333333333333334,0.013333333333333334,0.013333333333333334
p2_illumination,703,20260817,75,75,0.6,0.02666666666666667,0.04,0.04,0.035555555555555556
p2_illumination,704,20260817,75,75,0.7,0.0,0.0,0.0,0.0
p2_illumination,705,20260817,75,75,0.75,0.0,0.0,0.0,0.0
p2_illumination,706,20260817,75,75,0.65,0.013333333333333334,0.013333333333333334,0.02666666666666667,0.017777777777777778
p2_illumination,707,20260817,75,75,0.65,0.013333333333333334,0.013333333333333334,0.013333333333333334,0.013333333333333334
p2_illumination,708,20260817,75,75,0.65,0.013333333333333334,0.02666666666666667,0.013333333333333334,0.017777777777777778
p2_illumination,709,20260817,75,75,0.75,0.0,0.0,0.0,0.0
p2_illumination,710,20260817,75,75,0.7,0.02666666666666667,0.02666666666666667,0.02666666666666667,0.02666666666666667
p2_illumination,711,20260817,75,75,0.7,0.0,0.0,0.0,0.0
p2_illumination,712,20260817,75,75,0.75,0.0,0.0,0.0,0.0
p2_illumination,713,20260817,75,75,0.7,0.0,0.0,0.0,0.0
p2_illumination,714,20260817,75,75,0.65,0.013333333333333334,0.02666666666666667,0.013333333333333334,0.017777777777777778
p2_illumination,715,20260817,75,75,0.7,0.0,0.0,0.0,0.0
p2_illumination,716,20260817,75,75,0.65,0.013333333333333334,0.013333333333333334,0.02666666666666667,0.017777777777777778
p2_illumination,717,20260817,75,75,0.65,0.013333333333333334,0.013333333333333334,0.02666666666666667,0.017777777777777778
p2_illumination,718,20260817,75,75,0.7,0.0,0.0,0.02666666666666667,0.008888888888888889
p2_illumination,719,20260817,75,75,0.7,0.013333333333333334,0.013333333333333334,0.013333333333333334,0.013333333333333334
p2_illumination,720,20260817,75,75,0.75,0.0,0.0,0.0,0.0
p2_illumination,721,20260817,75,75,0.75,0.0,0.0,0.0,0.0
p2_illumination,722,20260817,75,75,0.7,0.0,0.0,0.0,0.0
p2_illumination,723,20260817,75,75,0.65,0.04,0.09333333333333334,0.05333333333333334,0.06222222222222223
p2_illumination,724,20260817,75,75,0.7,0.0,0.013333333333333334,0.0,0.0044444444444444444
p2_illumination,725,20260817,75,75,0.75,0.0,0.0,0.0,0.0
p2_illumination,726,20260817,75,75,0.75,0.0,0.013333333333333334,0.0,0.0044444444444444444
p2_illumination,727,20260817,75,75,0.55,0.08,0.05333333333333334,0.06666666666666667,0.06666666666666667
p2_illumination,728,20260817,75,75,0.65,0.0,0.0,0.0,0.0
p2_illumination,729,20260817,75,75,0.75,0.0,0.0,0.0,0.0
p2_illumination,730,20260817,75,75,0.75,0.0,0.0,0.0,0.0
p2_illumination,731,20260817,75,75,0.7,0.0,0.013333333333333334,0.0,0.0044444444444444444
p2_illumination,732,20260817,75,75,0.7,0.0,0.0,0.0,0.0
p2_illumination,733,20260817,75,75,0.7,0.0,0.013333333333333334,0.013333333333333334,0.008888888888888889
p2_illumination,734,20260817,75,75,0.75,0.0,0.0,0.0,0.0
p2_illumination,735,20260817,75,75,0.7,0.0,0.0,0.02666666666666667,0.008888888888888889
p2_illumination,736,20260817,75,75,0.7,0.013333333333333334,0.04,0.04,0.03111111111111111
p2_illumination,737,20260817,75,75,0.65,0.013333333333333334,0.05333333333333334,0.04,0.035555555555555556
p2_illumination,738,20260817,75,75,0.7,0.013333333333333334,0.013333333333333334,0.0,0.008888888888888889
p2_illumination,739,20260817,75,75,0.65,0.0,0.013333333333333334,0.013333333333333334,0.008888888888888889
p2_illumination,740,20260817,75,75,0.75,0.0,0.013333333333333334,0.0,0.0044444444444444444
p2_illumination,741,20260817,75,75,0.7,0.013333333333333334,0.05333333333333334,0.013333333333333334,0.02666666666666667
p2_illumination,742,20260817,75,75,0.75,0.0,0.0,0.0,0.0
p2_illumination,743,20260817,75,75,0.75,0.0,0.013333333333333334,0.02666666666666667,0.013333333333333334
p2_illumination,744,20260817,75,75,0.75,0.0,0.013333333333333334,0.013333333333333334,0.008888888888888889
p2_illumination,745,20260817,75,75,0.7,0.013333333333333334,0.02666666666666667,0.013333333333333334,0.017777777777777778
p2_illumination,746,20260817,75,75,0.7,0.0,0.013333333333333334,0.013333333333333334,0.008888888888888889
p2_illumination,747,20260817,75,75,0.75,0.0,0.013333333333333334,0.013333333333333334,0.008888888888888889
p2_illumination,748,20260817,75,75,0.7,0.0,0.013333333333333334,0.0,0.0044444444444444444
p2_illumination,749,20260817,75,75,0.7,0.0,0.013333333333333334,0.0,0.0044444444444444444
p2_illumination,750,20260817,75,75,0.6,0.04,0.08,0.05333333333333334,0.05777777777777778
p2_illumination,751,20260817,75,75,0.75,0.0,0.0,0.0,0.0
p2_illumination,752,20260817,75,75,0.7,0.0,0.04,0.013333333333333334,0.017777777777777778
p2_illumination,753,20260817,75,75,0.6,0.013333333333333334,0.013333333333333334,0.04,0.022222222222222223
p2_illumination,754,20260817,75,75,0.75,0.0,0.0,0.0,0.0
p2_illumination,755,20260817,75,75,0.75,0.0,0.013333333333333334,0.0,0.0044444444444444444
p2_illumination,756,20260817,75,75,0.7,0.013333333333333334,0.02666666666666667,0.04,0.02666666666666667
p2_illumination,757,20260817,75,75,0.6,0.0,0.013333333333333334,0.06666666666666667,0.026666666666666665
p2_illumination,758,20260817,75,75,0.75,0.0,0.0,0.013333333333333334,0.0044444444444444444
p2_illumination,759,20260817,75,75,0.75,0.0,0.0,0.013333333333333334,0.0044444444444444444
p2_illumination,760,20260817,75,75,0.75,0.0,0.0,0.0,0.0
p2_illumination,761,20260817,75,75,0.65,0.013333333333333334,0.04,0.02666666666666667,0.02666666666666667
p2_illumination,762,20260817,75,75,0.75,0.0,0.0,0.0,0.0
p2_illumination,763,20260817,75,75,0.65,0.013333333333333334,0.06666666666666667,0.04,0.04
p2_illumination,764,20260817,75,75,0.75,0.013333333333333334,0.013333333333333334,0.013333333333333334,0.013333333333333334
p2_illumination,765,20260817,75,75,0.75,0.0,0.0,0.0,0.0
p2_illumination,766,20260817,75,75,0.75,0.0,0.0,0.0,0.0
p2_illumination,767,20260817,75,75,0.75,0.0,0.0,0.0,0.0
p2_illumination,768,20260817,75,75,0.7,0.0,0.0,0.0,0.0
p2_illumination,769,20260817,75,75,0.7,0.013333333333333334,0.013333333333333334,0.013333333333333334,0.013333333333333334
p2_illumination,770,20260817,75,75,0.7,0.0,0.02666666666666667,0.0,0.008888888888888889
p2_illumination,771,20260817,75,75,0.65,0.013333333333333334,0.06666666666666667,0.013333333333333334,0.03111111111111111
p2_illumination,772,20260817,75,75,0.7,0.0,0.0,0.0,0.0
p2_illumination,773,20260817,75,75,0.7,0.013333333333333334,0.013333333333333334,0.04,0.022222222222222223
p2_illumination,774,20260817,75,75,0.7,0.02666666666666667,0.02666666666666667,0.013333333333333334,0.022222222222222223
p2_illumination,775,20260817,75,75,0.75,0.0,0.013333333333333334,0.013333333333333334,0.008888888888888889
p2_illumination,776,20260817,75,75,0.75,0.0,0.013333333333333334,0.0,0.0044444444444444444
p2_illumination,777,20260817,75,75,0.65,0.02666666666666667,0.04,0.04,0.035555555555555556
p2_illumination,778,20260817,75,75,0.65,0.0,0.013333333333333334,0.04,0.017777777777777778
p2_illumination,779,20260817,75,75,0.75,0.0,0.0,0.0,0.0
p2_illumination,780,20260817,75,75,0.55,0.06666666666666667,0.06666666666666667,0.06666666666666667,0.06666666666666667
p2_illumination,781,20260817,75,75,0.75,0.0,0.0,0.0,0.0
p2_illumination,782,20260817,75,75,0.7,0.02666666666666667,0.02666666666666667,0.013333333333333334,0.022222222222222223
p2_illumination,783,20260817,75,75,0.7,0.0,0.013333333333333334,0.0,0.0044444444444444444
p2_illumination,784,20260817,75,75,0.75,0.0,0.0,0.0,0.0
p2_illumination,785,20260817,75,75,0.65,0.0,0.02666666666666667,0.0,0.008888888888888889
p2_illumination,786,20260817,75,75,0.6,0.0,0.013333333333333334,0.04,0.017777777777777778
p2_illumination,787,20260817,75,75,0.7,0.013333333333333334,0.013333333333333334,0.02666666666666667,0.017777777777777778
p2_illumination,788,20260817,75,75,0.7,0.0,0.0,0.0,0.0
p2_illumination,789,20260817,75,75,0.75,0.0,0.0,0.0,0.0
p2_illumination,790,20260817,75,75,0.7,0.013333333333333334,0.04,0.013333333333333334,0.022222222222222223
p2_illumination,791,20260817,75,75,0.7,0.0,0.0,0.013333333333333334,0.0044444444444444444
p2_illumination,792,20260817,75,75,0.75,0.0,0.0,0.0,0.0
p2_illumination,793,20260817,75,75,0.75,0.0,0.013333333333333334,0.013333333333333334,0.008888888888888889
p2_illumination,794,20260817,75,75,0.7,0.0,0.0,0.013333333333333334,0.0044444444444444444
p2_illumination,795,20260817,75,75,0.75,0.0,0.0,0.0,0.0
p2_illumination,796,20260817,75,75,0.65,0.013333333333333334,0.02666666666666667,0.02666666666666667,0.022222222222222223
p2_illumination,797,20260817,75,75,0.75,0.0,0.0,0.0,0.0
p2_illumination,798,20260817,75,75,0.7,0.013333333333333334,0.02666666666666667,0.013333333333333334,0.017777777777777778
p2_illumination,799,20260817,75,75,0.7,0.0,0.02666666666666667,0.0,0.008888888888888889
p2_illumination,800,20260817,75,75,0.7,0.0,0.0,0.0,0.0
p2_illumination,801,20260817,75,75,0.65,0.0,0.0,0.013333333333333334,0.0044444444444444444
p2_illumination,802,20260817,75,75,0.7,0.013333333333333334,0.013333333333333334,0.04,0.022222222222222223
p2_illumination,803,20260817,75,75,0.75,0.0,0.0,0.0,0.0
p2_illumination,804,20260817,75,75,0.75,0.0,0.0,0.0,0.0
p2_illumination,805,20260817,75,75,0.7,0.0,0.0,0.0,0.0
p2_illumination,806,20260817,75,75,0.75,0.0,0.0,0.0,0.0
p2_illumination,807,20260817,75,75,0.75,0.0,0.013333333333333334,0.0,0.0044444444444444444
p2_illumination,808,20260817,75,75,0.7,0.013333333333333334,0.0,0.0,0.0044444444444444444
p2_illumination,809,20260817,75,75,0.75,0.0,0.0,0.0,0.0
p2_illumination,810,20260817,75,75,0.7,0.0,0.013333333333333334,0.013333333333333334,0.008888888888888889
p2_illumination,811,20260817,75,75,0.75,0.0,0.0,0.0,0.0
p2_illumination,812,20260817,75,75,0.75,0.013333333333333334,0.013333333333333334,0.013333333333333334,0.013333333333333334
p2_illumination,813,20260817,75,75,0.7,0.04,0.02666666666666667,0.02666666666666667,0.031111111111111114
p2_illumination,814,20260817,75,75,0.75,0.0,0.0,0.0,0.0
p2_illumination,815,20260817,75,75,0.7,0.0,0.02666666666666667,0.013333333333333334,0.013333333333333334
p2_illumination,816,20260817,75,75,0.7,0.013333333333333334,0.013333333333333334,0.0,0.008888888888888889
p2_illumination,817,20260817,75,75,0.7,0.013333333333333334,0.013333333333333334,0.013333333333333334,0.013333333333333334
p2_illumination,818,20260817,75,75,0.65,0.02666666666666667,0.05333333333333334,0.04,0.04
p2_illumination,819,20260817,75,75,0.6,0.05333333333333334,0.05333333333333334,0.05333333333333334,0.05333333333333334
p2_illumination,820,20260817,75,75,0.75,0.0,0.0,0.0,0.0
p2_illumination,821,20260817,75,75,0.65,0.0,0.0,0.013333333333333334,0.0044444444444444444
p2_illumination,822,20260817,75,75,0.75,0.0,0.0,0.0,0.0
p2_illumination,823,20260817,75,75,0.7,0.0,0.0,0.013333333333333334,0.0044444444444444444
p2_illumination,824,20260817,75,75,0.65,0.013333333333333334,0.04,0.013333333333333334,0.022222222222222223
p2_illumination,825,20260817,75,75,0.75,0.0,0.0,0.0,0.0
p2_illumination,826,20260817,75,75,0.6,0.013333333333333334,0.0,0.0,0.0044444444444444444
p2_illumination,827,20260817,75,75,0.75,0.0,0.0,0.013333333333333334,0.0044444444444444444
p2_illumination,828,20260817,75,75,0.7,0.0,0.0,0.013333333333333334,0.0044444444444444444
p2_illumination,829,20260817,75,75,0.6,0.04,0.05333333333333334,0.04,0.044444444444444446
p2_illumination,830,20260817,75,75,0.7,0.0,0.0,0.02666666666666667,0.008888888888888889
p2_illumination,831,20260817,75,75,0.75,0.0,0.013333333333333334,0.0,0.0044444444444444444
p2_illumination,832,20260817,75,75,0.75,0.013333333333333334,0.013333333333333334,0.013333333333333334,0.013333333333333334
p2_illumination,833,20260817,75,75,0.7,0.0,0.013333333333333334,0.02666666666666667,0.013333333333333334
p2_illumination,834,20260817,75,75,0.7,0.0,0.0,0.0,0.0
p2_illumination,835,20260817,75,75,0.7,0.0,0.013333333333333334,0.0,0.0044444444444444444
p2_illumination,836,20260817,75,75,0.75,0.0,0.0,0.0,0.0
p2_illumination,837,20260817,75,75,0.65,0.0,0.0,0.0,0.0
p2_illumination,838,20260817,75,75,0.6,0.04,0.05333333333333334,0.04,0.044444444444444446
p2_illumination,839,20260817,75,75,0.7,0.0,0.04,0.0,0.013333333333333334
p2_illumination,840,20260817,75,75,0.65,0.013333333333333334,0.02666666666666667,0.013333333333333334,0.017777777777777778
p2_illumination,841,20260817,75,75,0.65,0.02666666666666667,0.04,0.02666666666666667,0.031111111111111114
p2_illumination,842,20260817,75,75,0.65,0.02666666666666667,0.04,0.02666666666666667,0.031111111111111114
p2_illumination,843,20260817,75,75,0.7,0.02666666666666667,0.02666666666666667,0.02666666666666667,0.02666666666666667
p2_illumination,844,20260817,75,75,0.65,0.02666666666666667,0.04,0.04,0.035555555555555556
p2_illumination,845,20260817,75,75,0.6,0.0,0.05333333333333334,0.013333333333333334,0.022222222222222223
p2_illumination,846,20260817,75,75,0.75,0.013333333333333334,0.013333333333333334,0.013333333333333334,0.013333333333333334
p2_illumination,847,20260817,75,75,0.65,0.02666666666666667,0.04,0.02666666666666667,0.031111111111111114
p2_illumination,848,20260817,75,75,0.7,0.013333333333333334,0.013333333333333334,0.0,0.008888888888888889
p2_illumination,849,20260817,75,75,0.7,0.013333333333333334,0.06666666666666667,0.013333333333333334,0.03111111111111111
p2_illumination,850,20260817,75,75,0.75,0.0,0.0,0.0,0.0
p2_illumination,851,20260817,75,75,0.75,0.0,0.013333333333333334,0.013333333333333334,0.008888888888888889
p2_illumination,852,20260817,75,75,0.7,0.0,0.0,0.013333333333333334,0.0044444444444444444
p2_illumination,853,20260817,75,75,0.7,0.013333333333333334,0.04,0.013333333333333334,0.022222222222222223
p2_illumination,854,20260817,75,75,0.6,0.02666666666666667,0.08,0.05333333333333334,0.05333333333333334
p2_illumination,855,20260817,75,75,0.75,0.0,0.0,0.0,0.0
p2_illumination,856,20260817,75,75,0.75,0.0,0.0,0.0,0.0
p2_illumination,857,20260817,75,75,0.7,0.0,0.013333333333333334,0.013333333333333334,0.008888888888888889
p2_illumination,858,20260817,75,75,0.7,0.013333333333333334,0.013333333333333334,0.02666666666666667,0.017777777777777778
p2_illumination,859,20260817,75,75,0.75,0.0,0.013333333333333334,0.013333333333333334,0.008888888888888889
p2_illumination,860,20260817,75,75,0.65,0.0,0.013333333333333334,0.0,0.0044444444444444444
p2_illumination,861,20260817,75,75,0.7,0.0,0.013333333333333334,0.013333333333333334,0.008888888888888889
p2_illumination,862,20260817,75,75,0.65,0.02666666666666667,0.05333333333333334,0.05333333333333334,0.044444444444444446
p2_illumination,863,20260817,75,75,0.75,0.0,0.0,0.0,0.0
p2_illumination,864,20260817,75,75,0.65,0.02666666666666667,0.02666666666666667,0.02666666666666667,0.02666666666666667
p2_illumination,865,20260817,75,75,0.7,0.0,0.0,0.0,0.0
p2_illumination,866,20260817,75,75,0.75,0.0,0.0,0.013333333333333334,0.0044444444444444444
p2_illumination,867,20260817,75,75,0.7,0.0,0.013333333333333334,0.0,0.0044444444444444444
p2_illumination,868,20260817,75,75,0.7,0.013333333333333334,0.04,0.013333333333333334,0.022222222222222223
p2_illumination,869,20260817,75,75,0.6,0.013333333333333334,0.02666666666666667,0.013333333333333334,0.017777777777777778
p2_illumination,870,20260817,75,75,0.7,0.013333333333333334,0.013333333333333334,0.013333333333333334,0.013333333333333334
p2_illumination,871,20260817,75,75,0.7,0.0,0.0,0.0,0.0
p2_illumination,872,20260817,75,75,0.7,0.0,0.02666666666666667,0.013333333333333334,0.013333333333333334
p2_illumination,873,20260817,75,75,0.7,0.0,0.0,0.013333333333333334,0.0044444444444444444
p2_illumination,874,20260817,75,75,0.7,0.0,0.013333333333333334,0.0,0.0044444444444444444
p2_illumination,875,20260817,75,75,0.65,0.013333333333333334,0.04,0.013333333333333334,0.022222222222222223
p2_illumination,876,20260817,75,75,0.65,0.0,0.013333333333333334,0.04,0.017777777777777778
p2_illumination,877,20260817,75,75,0.65,0.02666666666666667,0.02666666666666667,0.02666666666666667,0.02666666666666667
p2_illumination,878,20260817,75,75,0.7,0.0,0.013333333333333334,0.013333333333333334,0.008888888888888889
p2_illumination,879,20260817,75,75,0.75,0.0,0.0,0.013333333333333334,0.0044444444444444444
p2_illumination,880,20260817,75,75,0.75,0.013333333333333334,0.02666666666666667,0.02666666666666667,0.022222222222222223
p2_illumination,881,20260817,75,75,0.75,0.0,0.0,0.0,0.0
p2_illumination,882,20260817,75,75,0.65,0.013333333333333334,0.04,0.013333333333333334,0.022222222222222223
p2_illumination,883,20260817,75,75,0.6,0.0,0.013333333333333334,0.0,0.0044444444444444444
p2_illumination,884,20260817,75,75,0.7,0.0,0.02666666666666667,0.013333333333333334,0.013333333333333334
p2_illumination,885,20260817,75,75,0.7,0.013333333333333334,0.0,0.013333333333333334,0.008888888888888889
p2_illumination,886,20260817,75,75,0.75,0.0,0.013333333333333334,0.0,0.0044444444444444444
p2_illumination,887,20260817,75,75,0.65,0.013333333333333334,0.0,0.0,0.0044444444444444444
p2_illumination,888,20260817,75,75,0.7,0.013333333333333334,0.013333333333333334,0.013333333333333334,0.013333333333333334
p2_illumination,889,20260817,75,75,0.7,0.0,0.0,0.0,0.0
p2_illumination,890,20260817,75,75,0.75,0.0,0.0,0.0,0.0
p2_illumination,891,20260817,75,75,0.75,0.0,0.0,0.0,0.0
p2_illumination,892,20260817,75,75,0.75,0.0,0.0,0.013333333333333334,0.0044444444444444444
p2_illumination,893,20260817,75,75,0.6,0.04,0.013333333333333334,0.013333333333333334,0.022222222222222223
p2_illumination,894,20260817,75,75,0.75,0.0,0.0,0.0,0.0
p2_illumination,895,20260817,75,75,0.7,0.0,0.0,0.0,0.0
p2_illumination,896,20260817,75,75,0.6,0.0,0.02666666666666667,0.02666666666666667,0.017777777777777778
p2_illumination,897,20260817,75,75,0.65,0.0,0.013333333333333334,0.013333333333333334,0.008888888888888889
p2_illumination,898,20260817,75,75,0.7,0.0,0.0,0.013333333333333334,0.0044444444444444444
p2_illumination,899,20260817,75,75,0.75,0.0,0.0,0.0,0.0
p2_illumination,900,20260817,75,75,0.6,0.013333333333333334,0.013333333333333334,0.06666666666666667,0.03111111111111111
p2_illumination,901,20260817,75,75,0.75,0.0,0.0,0.0,0.0
p2_illumination,902,20260817,75,75,0.75,0.0,0.0,0.0,0.0
p2_illumination,903,20260817,75,75,0.7,0.0,0.0,0.013333333333333334,0.0044444444444444444
p2_illumination,904,20260817,75,75,0.65,0.013333333333333334,0.02666666666666667,0.013333333333333334,0.017777777777777778
p2_illumination,905,20260817,75,75,0.75,0.0,0.0,0.0,0.0
p2_illumination,906,20260817,75,75,0.7,0.0,0.0,0.013333333333333334,0.0044444444444444444
p2_illumination,907,20260817,75,75,0.75,0.0,0.0,0.0,0.0
p2_illumination,908,20260817,75,75,0.7,0.0,0.0,0.013333333333333334,0.0044444444444444444
p2_illumination,909,20260817,75,75,0.7,0.0,0.02666666666666667,0.013333333333333334,0.013333333333333334
p2_illumination,910,20260817,75,75,0.75,0.0,0.0,0.0,0.0
p2_illumination,911,20260817,75,75,0.7,0.013333333333333334,0.013333333333333334,0.02666666666666667,0.017777777777777778
p2_illumination,912,20260817,75,75,0.75,0.0,0.0,0.0,0.0
p2_illumination,913,20260817,75,75,0.7,0.0,0.013333333333333334,0.0,0.0044444444444444444
p2_illumination,914,20260817,75,75,0.7,0.0,0.04,0.013333333333333334,0.017777777777777778
p2_illumination,915,20260817,75,75,0.75,0.0,0.0,0.0,0.0
p2_illumination,916,20260817,75,75,0.65,0.013333333333333334,0.04,0.02666666666666667,0.02666666666666667
p2_illumination,917,20260817,75,75,0.75,0.0,0.0,0.0,0.0
p2_illumination,918,20260817,75,75,0.7,0.013333333333333334,0.04,0.0,0.017777777777777778
p2_illumination,919,20260817,75,75,0.7,0.0,0.0,0.013333333333333334,0.0044444444444444444
p2_illumination,920,20260817,75,75,0.75,0.0,0.0,0.0,0.0
p2_illumination,921,20260817,75,75,0.7,0.0,0.013333333333333334,0.0,0.0044444444444444444
p2_illumination,922,20260817,75,75,0.6,0.013333333333333334,0.013333333333333334,0.04,0.022222222222222223
p2_illumination,923,20260817,75,75,0.75,0.0,0.013333333333333334,0.0,0.0044444444444444444
p2_illumination,924,20260817,75,75,0.65,0.0,0.0,0.013333333333333334,0.0044444444444444444
p2_illumination,925,20260817,75,75,0.65,0.0,0.02666666666666667,0.013333333333333334,0.013333333333333334
p2_illumination,926,20260817,75,75,0.7,0.02666666666666667,0.06666666666666667,0.02666666666666667,0.04
p2_illumination,927,20260817,75,75,0.7,0.013333333333333334,0.02666666666666667,0.013333333333333334,0.017777777777777778
p2_illumination,928,20260817,75,75,0.75,0.0,0.013333333333333334,0.0,0.0044444444444444444
p2_illumination,929,20260817,75,75,0.55,0.04,0.05333333333333334,0.04,0.044444444444444446
p2_illumination,930,20260817,75,75,0.7,0.013333333333333334,0.02666666666666667,0.05333333333333334,0.031111111111111114
p2_illumination,931,20260817,75,75,0.75,0.0,0.0,0.013333333333333334,0.0044444444444444444
p2_illumination,932,20260817,75,75,0.75,0.0,0.0,0.0,0.0
p2_illumination,933,20260817,75,75,0.75,0.0,0.0,0.0,0.0
p2_illumination,934,20260817,75,75,0.65,0.013333333333333334,0.013333333333333334,0.013333333333333334,0.013333333333333334
p2_illumination,935,20260817,75,75,0.7,0.0,0.013333333333333334,0.013333333333333334,0.008888888888888889
p2_illumination,936,20260817,75,75,0.7,0.02666666666666667,0.013333333333333334,0.02666666666666667,0.022222222222222223
p2_illumination,937,20260817,75,75,0.7,0.013333333333333334,0.02666666666666667,0.013333333333333334,0.017777777777777778
p2_illumination,938,20260817,75,75,0.75,0.013333333333333334,0.013333333333333334,0.013333333333333334,0.013333333333333334
p2_illumination,939,20260817,75,75,0.75,0.0,0.0,0.0,0.0
p2_illumination,940,20260817,75,75,0.7,0.0,0.013333333333333334,0.0,0.0044444444444444444
p2_illumination,941,20260817,75,75,0.7,0.0,0.0,0.05333333333333334,0.017777777777777778
p2_illumination,942,20260817,75,75,0.75,0.0,0.013333333333333334,0.0,0.0044444444444444444
p2_illumination,943,20260817,75,75,0.75,0.0,0.0,0.0,0.0
p2_illumination,944,20260817,75,75,0.75,0.0,0.013333333333333334,0.013333333333333334,0.008888888888888889
p2_illumination,945,20260817,75,75,0.75,0.0,0.0,0.013333333333333334,0.0044444444444444444
p2_illumination,946,20260817,75,75,0.75,0.0,0.013333333333333334,0.013333333333333334,0.008888888888888889
p2_illumination,947,20260817,75,75,0.75,0.0,0.0,0.0,0.0
p2_illumination,948,20260817,75,75,0.7,0.013333333333333334,0.013333333333333334,0.02666666666666667,0.017777777777777778
p2_illumination,949,20260817,75,75,0.7,0.013333333333333334,0.013333333333333334,0.02666666666666667,0.017777777777777778
p2_illumination,950,20260817,75,75,0.65,0.013333333333333334,0.06666666666666667,0.04,0.04
p2_illumination,951,20260817,75,75,0.75,0.0,0.0,0.0,0.0
p2_illumination,952,20260817,75,75,0.6,0.02666666666666667,0.12,0.013333333333333334,0.05333333333333333
p2_illumination,953,20260817,75,75,0.7,0.0,0.013333333333333334,0.0,0.0044444444444444444
p2_illumination,954,20260817,75,75,0.75,0.0,0.0,0.0,0.0
p2_illumination,955,20260817,75,75,0.75,0.0,0.0,0.0,0.0
p2_illumination,956,20260817,75,75,0.65,0.0,0.02666666666666667,0.0,0.008888888888888889
p2_illumination,957,20260817,75,75,0.7,0.013333333333333334,0.06666666666666667,0.02666666666666667,0.035555555555555556
p2_illumination,958,20260817,75,75,0.7,0.0,0.013333333333333334,0.0,0.0044444444444444444
p2_illumination,959,20260817,75,75,0.75,0.0,0.0,0.0,0.0
p2_illumination,960,20260817,75,75,0.7,0.013333333333333334,0.013333333333333334,0.0,0.008888888888888889
p2_illumination,961,20260817,75,75,0.75,0.0,0.0,0.0,0.0
p2_illumination,962,20260817,75,75,0.6,0.013333333333333334,0.04,0.02666666666666667,0.02666666666666667
p2_illumination,963,20260817,75,75,0.7,0.013333333333333334,0.04,0.013333333333333334,0.022222222222222223
p2_illumination,964,20260817,75,75,0.7,0.0,0.0,0.02666666666666667,0.008888888888888889
p2_illumination,965,20260817,75,75,0.65,0.013333333333333334,0.013333333333333334,0.02666666666666667,0.017777777777777778
p2_illumination,966,20260817,75,75,0.7,0.0,0.0,0.0,0.0
p2_illumination,967,20260817,75,75,0.7,0.013333333333333334,0.04,0.04,0.03111111111111111
p2_illumination,968,20260817,75,75,0.75,0.013333333333333334,0.013333333333333334,0.013333333333333334,0.013333333333333334
p2_illumination,969,20260817,75,75,0.7,0.0,0.0,0.013333333333333334,0.0044444444444444444
p2_illumination,970,20260817,75,75,0.65,0.05333333333333334,0.06666666666666667,0.06666666666666667,0.06222222222222222
p2_illumination,971,20260817,75,75,0.75,0.0,0.0,0.0,0.0
p2_illumination,972,20260817,75,75,0.75,0.0,0.0,0.013333333333333334,0.0044444444444444444
p2_illumination,973,20260817,75,75,0.7,0.013333333333333334,0.013333333333333334,0.013333333333333334,0.013333333333333334
p2_illumination,974,20260817,75,75,0.75,0.0,0.013333333333333334,0.0,0.0044444444444444444
p2_illumination,975,20260817,75,75,0.6,0.04,0.013333333333333334,0.02666666666666667,0.02666666666666667
p2_illumination,976,20260817,75,75,0.75,0.0,0.0,0.0,0.0
p2_illumination,977,20260817,75,75,0.65,0.0,0.013333333333333334,0.0,0.0044444444444444444
p2_illumination,978,20260817,75,75,0.7,0.0,0.0,0.0,0.0
p2_illumination,979,20260817,75,75,0.75,0.0,0.013333333333333334,0.013333333333333334,0.008888888888888889
p2_illumination,980,20260817,75,75,0.7,0.013333333333333334,0.02666666666666667,0.013333333333333334,0.017777777777777778
p2_illumination,981,20260817,75,75,0.7,0.0,0.0,0.013333333333333334,0.0044444444444444444
p2_illumination,982,20260817,75,75,0.7,0.0,0.0,0.02666666666666667,0.008888888888888889
p2_illumination,983,20260817,75,75,0.75,0.0,0.0,0.0,0.0
p2_illumination,984,20260817,75,75,0.75,0.0,0.013333333333333334,0.013333333333333334,0.008888888888888889
p2_illumination,985,20260817,75,75,0.65,0.0,0.013333333333333334,0.0,0.0044444444444444444
p2_illumination,986,20260817,75,75,0.7,0.0,0.0,0.0,0.0
p2_illumination,987,20260817,75,75,0.75,0.0,0.0,0.0,0.0
p2_illumination,988,20260817,75,75,0.65,0.0,0.05333333333333334,0.05333333333333334,0.035555555555555556
p2_illumination,989,20260817,75,75,0.7,0.0,0.0,0.0,0.0
p2_illumination,990,20260817,75,75,0.75,0.0,0.0,0.0,0.0
p2_illumination,991,20260817,75,75,0.75,0.0,0.0,0.0,0.0
p2_illumination,992,20260817,75,75,0.75,0.0,0.02666666666666667,0.013333333333333334,0.013333333333333334
p2_illumination,993,20260817,75,75,0.7,0.0,0.013333333333333334,0.013333333333333334,0.008888888888888889
p2_illumination,994,20260817,75,75,0.7,0.013333333333333334,0.02666666666666667,0.013333333333333334,0.017777777777777778
p2_illumination,995,20260817,75,75,0.7,0.0,0.02666666666666667,0.0,0.008888888888888889
p2_illumination,996,20260817,75,75,0.75,0.0,0.0,0.0,0.0
p2_illumination,997,20260817,75,75,0.7,0.0,0.0,0.0,0.0
p2_illumination,998,20260817,75,75,0.7,0.013333333333333334,0.02666666666666667,0.02666666666666667,0.022222222222222223
p2_illumination,999,20260817,75,75,0.75,0.0,0.013333333333333334,0.0,0.0044444444444444444
p3_unsharp,0,20260817,75,75,0.75,0.0,0.0,0.0,0.0
p3_unsharp,1,20260817,75,75,0.7,0.02666666666666667,0.013333333333333334,0.02666666666666667,0.022222222222222223
p3_unsharp,2,20260817,75,75,0.65,0.013333333333333334,0.0,0.04,0.017777777777777778
p3_unsharp,3,20260817,75,75,0.7,0.0,0.0,0.0,0.0
p3_unsharp,4,20260817,75,75,0.7,0.0,0.0,0.0,0.0
p3_unsharp,5,20260817,75,75,0.7,0.013333333333333334,0.0,0.013333333333333334,0.008888888888888889
p3_unsharp,6,20260817,75,75,0.65,0.0,0.013333333333333334,0.013333333333333334,0.008888888888888889
p3_unsharp,7,20260817,75,75,0.7,0.013333333333333334,0.0,0.0,0.0044444444444444444
p3_unsharp,8,20260817,75,75,0.75,0.0,0.0,0.0,0.0
p3_unsharp,9,20260817,75,75,0.7,0.013333333333333334,0.013333333333333334,0.02666666666666667,0.017777777777777778
p3_unsharp,10,20260817,75,75,0.65,0.013333333333333334,0.013333333333333334,0.013333333333333334,0.013333333333333334
p3_unsharp,11,20260817,75,75,0.7,0.0,0.0,0.0,0.0
p3_unsharp,12,20260817,75,75,0.75,0.0,0.0,0.0,0.0
p3_unsharp,13,20260817,75,75,0.7,0.0,0.0,0.013333333333333334,0.0044444444444444444
p3_unsharp,14,20260817,75,75,0.75,0.0,0.0,0.0,0.0
p3_unsharp,15,20260817,75,75,0.75,0.0,0.0,0.0,0.0
p3_unsharp,16,20260817,75,75,0.7,0.013333333333333334,0.013333333333333334,0.013333333333333334,0.013333333333333334
p3_unsharp,17,20260817,75,75,0.7,0.013333333333333334,0.02666666666666667,0.013333333333333334,0.017777777777777778
p3_unsharp,18,20260817,75,75,0.75,0.013333333333333334,0.013333333333333334,0.0,0.008888888888888889
p3_unsharp,19,20260817,75,75,0.65,0.013333333333333334,0.013333333333333334,0.0,0.008888888888888889
p3_unsharp,20,20260817,75,75,0.75,0.0,0.0,0.0,0.0
p3_unsharp,21,20260817,75,75,0.75,0.0,0.0,0.0,0.0
p3_unsharp,22,20260817,75,75,0.75,0.0,0.0,0.0,0.0
p3_unsharp,23,20260817,75,75,0.6,0.06666666666666667,0.013333333333333334,0.04,0.04
p3_unsharp,24,20260817,75,75,0.65,0.013333333333333334,0.013333333333333334,0.0,0.008888888888888889
p3_unsharp,25,20260817,75,75,0.75,0.0,0.0,0.0,0.0
p3_unsharp,26,20260817,75,75,0.75,0.0,0.013333333333333334,0.02666666666666667,0.013333333333333334
p3_unsharp,27,20260817,75,75,0.75,0.013333333333333334,0.0,0.013333333333333334,0.008888888888888889
p3_unsharp,28,20260817,75,75,0.7,0.013333333333333334,0.013333333333333334,0.013333333333333334,0.013333333333333334
p3_unsharp,29,20260817,75,75,0.8,0.0,0.0,0.0,0.0
p3_unsharp,30,20260817,75,75,0.75,0.0,0.0,0.013333333333333334,0.0044444444444444444
p3_unsharp,31,20260817,75,75,0.75,0.013333333333333334,0.013333333333333334,0.0,0.008888888888888889
p3_unsharp,32,20260817,75,75,0.8,0.0,0.0,0.0,0.0
p3_unsharp,33,20260817,75,75,0.75,0.0,0.0,0.0,0.0
p3_unsharp,34,20260817,75,75,0.65,0.02666666666666667,0.0,0.02666666666666667,0.017777777777777778
p3_unsharp,35,20260817,75,75,0.65,0.013333333333333334,0.0,0.013333333333333334,0.008888888888888889
p3_unsharp,36,20260817,75,75,0.75,0.0,0.0,0.0,0.0
p3_unsharp,37,20260817,75,75,0.75,0.0,0.0,0.0,0.0
p3_unsharp,38,20260817,75,75,0.75,0.0,0.0,0.0,0.0
p3_unsharp,39,20260817,75,75,0.7,0.013333333333333334,0.0,0.0,0.0044444444444444444
p3_unsharp,40,20260817,75,75,0.7,0.013333333333333334,0.013333333333333334,0.0,0.008888888888888889
p3_unsharp,41,20260817,75,75,0.65,0.013333333333333334,0.0,0.013333333333333334,0.008888888888888889
p3_unsharp,42,20260817,75,75,0.7,0.013333333333333334,0.013333333333333334,0.013333333333333334,0.013333333333333334
p3_unsharp,43,20260817,75,75,0.65,0.06666666666666667,0.0,0.05333333333333334,0.04
p3_unsharp,44,20260817,75,75,0.7,0.013333333333333334,0.0,0.0,0.0044444444444444444
p3_unsharp,45,20260817,75,75,0.75,0.0,0.013333333333333334,0.013333333333333334,0.008888888888888889
p3_unsharp,46,20260817,75,75,0.7,0.0,0.0,0.0,0.0
p3_unsharp,47,20260817,75,75,0.6,0.05333333333333334,0.04,0.05333333333333334,0.04888888888888889
p3_unsharp,48,20260817,75,75,0.75,0.013333333333333334,0.0,0.013333333333333334,0.008888888888888889
p3_unsharp,49,20260817,75,75,0.75,0.0,0.0,0.0,0.0
p3_unsharp,50,20260817,75,75,0.75,0.0,0.0,0.0,0.0
p3_unsharp,51,20260817,75,75,0.7,0.0,0.0,0.013333333333333334,0.0044444444444444444
p3_unsharp,52,20260817,75,75,0.75,0.0,0.0,0.013333333333333334,0.0044444444444444444
p3_unsharp,53,20260817,75,75,0.65,0.0,0.0,0.0,0.0
p3_unsharp,54,20260817,75,75,0.7,0.0,0.0,0.0,0.0
p3_unsharp,55,20260817,75,75,0.7,0.0,0.0,0.013333333333333334,0.0044444444444444444
p3_unsharp,56,20260817,75,75,0.7,0.013333333333333334,0.0,0.013333333333333334,0.008888888888888889
p3_unsharp,57,20260817,75,75,0.75,0.0,0.0,0.0,0.0
p3_unsharp,58,20260817,75,75,0.75,0.0,0.0,0.0,0.0
p3_unsharp,59,20260817,75,75,0.75,0.0,0.0,0.0,0.0
p3_unsharp,60,20260817,75,75,0.75,0.0,0.0,0.0,0.0
p3_unsharp,61,20260817,75,75,0.7,0.0,0.0,0.0,0.0
p3_unsharp,62,20260817,75,75,0.7,0.02666666666666667,0.02666666666666667,0.02666666666666667,0.02666666666666667
p3_unsharp,63,20260817,75,75,0.75,0.0,0.0,0.0,0.0
p3_unsharp,64,20260817,75,75,0.7,0.0,0.013333333333333334,0.02666666666666667,0.013333333333333334
p3_unsharp,65,20260817,75,75,0.7,0.0,0.0,0.0,0.0
p3_unsharp,66,20260817,75,75,0.7,0.04,0.0,0.02666666666666667,0.022222222222222223
p3_unsharp,67,20260817,75,75,0.7,0.0,0.0,0.0,0.0
p3_unsharp,68,20260817,75,75,0.75,0.0,0.013333333333333334,0.013333333333333334,0.008888888888888889
p3_unsharp,69,20260817,75,75,0.75,0.0,0.013333333333333334,0.013333333333333334,0.008888888888888889
p3_unsharp,70,20260817,75,75,0.75,0.0,0.0,0.0,0.0
p3_unsharp,71,20260817,75,75,0.75,0.0,0.0,0.013333333333333334,0.0044444444444444444
p3_unsharp,72,20260817,75,75,0.75,0.013333333333333334,0.0,0.013333333333333334,0.008888888888888889
p3_unsharp,73,20260817,75,75,0.7,0.0,0.0,0.013333333333333334,0.0044444444444444444
p3_unsharp,74,20260817,75,75,0.7,0.0,0.0,0.0,0.0
p3_unsharp,75,20260817,75,75,0.75,0.013333333333333334,0.0,0.013333333333333334,0.008888888888888889
p3_unsharp,76,20260817,75,75,0.8,0.0,0.0,0.0,0.0
p3_unsharp,77,20260817,75,75,0.75,0.0,0.0,0.0,0.0
p3_unsharp,78,20260817,75,75,0.7,0.013333333333333334,0.0,0.013333333333333334,0.008888888888888889
p3_unsharp,79,20260817,75,75,0.8,0.0,0.0,0.0,0.0
p3_unsharp,80,20260817,75,75,0.75,0.013333333333333334,0.013333333333333334,0.02666666666666667,0.017777777777777778
p3_unsharp,81,20260817,75,75,0.75,0.013333333333333334,0.0,0.013333333333333334,0.008888888888888889
p3_unsharp,82,20260817,75,75,0.7,0.0,0.0,0.0,0.0
p3_unsharp,83,20260817,75,75,0.75,0.0,0.0,0.0,0.0
p3_unsharp,84,20260817,75,75,0.75,0.0,0.0,0.0,0.0
p3_unsharp,85,20260817,75,75,0.75,0.0,0.013333333333333334,0.013333333333333334,0.008888888888888889
p3_unsharp,86,20260817,75,75,0.8,0.0,0.0,0.0,0.0
p3_unsharp,87,20260817,75,75,0.7,0.013333333333333334,0.0,0.013333333333333334,0.008888888888888889
p3_unsharp,88,20260817,75,75,0.75,0.0,0.0,0.0,0.0
p3_unsharp,89,20260817,75,75,0.65,0.013333333333333334,0.0,0.04,0.017777777777777778
p3_unsharp,90,20260817,75,75,0.75,0.013333333333333334,0.0,0.013333333333333334,0.008888888888888889
p3_unsharp,91,20260817,75,75,0.75,0.0,0.0,0.0,0.0
p3_unsharp,92,20260817,75,75,0.75,0.0,0.013333333333333334,0.013333333333333334,0.008888888888888889
p3_unsharp,93,20260817,75,75,0.75,0.0,0.0,0.0,0.0
p3_unsharp,94,20260817,75,75,0.75,0.0,0.0,0.0,0.0
p3_unsharp,95,20260817,75,75,0.75,0.0,0.0,0.0,0.0
p3_unsharp,96,20260817,75,75,0.6,0.02666666666666667,0.0,0.04,0.022222222222222223
p3_unsharp,97,20260817,75,75,0.75,0.013333333333333334,0.0,0.013333333333333334,0.008888888888888889
p3_unsharp,98,20260817,75,75,0.65,0.04,0.013333333333333334,0.02666666666666667,0.02666666666666667
p3_unsharp,99,20260817,75,75,0.7,0.0,0.0,0.0,0.0
p3_unsharp,100,20260817,75,75,0.75,0.0,0.0,0.0,0.0
p3_unsharp,101,20260817,75,75,0.6,0.05333333333333334,0.04,0.06666666666666667,0.05333333333333334
p3_unsharp,102,20260817,75,75,0.7,0.0,0.0,0.0,0.0
p3_unsharp,103,20260817,75,75,0.65,0.0,0.0,0.0,0.0
p3_unsharp,104,20260817,75,75,0.75,0.0,0.0,0.0,0.0
p3_unsharp,105,20260817,75,75,0.7,0.013333333333333334,0.0,0.02666666666666667,0.013333333333333334
p3_unsharp,106,20260817,75,75,0.7,0.02666666666666667,0.013333333333333334,0.02666666666666667,0.022222222222222223
p3_unsharp,107,20260817,75,75,0.7,0.0,0.0,0.0,0.0
p3_unsharp,108,20260817,75,75,0.75,0.0,0.0,0.0,0.0
p3_unsharp,109,20260817,75,75,0.7,0.013333333333333334,0.013333333333333334,0.013333333333333334,0.013333333333333334
p3_unsharp,110,20260817,75,75,0.7,0.013333333333333334,0.013333333333333334,0.02666666666666667,0.017777777777777778
p3_unsharp,111,20260817,75,75,0.6,0.013333333333333334,0.0,0.0,0.0044444444444444444
p3_unsharp,112,20260817,75,75,0.65,0.02666666666666667,0.013333333333333334,0.04,0.02666666666666667
p3_unsharp,113,20260817,75,75,0.75,0.0,0.0,0.0,0.0
p3_unsharp,114,20260817,75,75,0.75,0.0,0.0,0.0,0.0
p3_unsharp,115,20260817,75,75,0.75,0.0,0.0,0.0,0.0
p3_unsharp,116,20260817,75,75,0.75,0.0,0.0,0.0,0.0
p3_unsharp,117,20260817,75,75,0.75,0.013333333333333334,0.0,0.013333333333333334,0.008888888888888889
p3_unsharp,118,20260817,75,75,0.75,0.0,0.0,0.013333333333333334,0.0044444444444444444
p3_unsharp,119,20260817,75,75,0.65,0.05333333333333334,0.02666666666666667,0.02666666666666667,0.035555555555555556
p3_unsharp,120,20260817,75,75,0.75,0.0,0.0,0.013333333333333334,0.0044444444444444444
p3_unsharp,121,20260817,75,75,0.6,0.02666666666666667,0.0,0.013333333333333334,0.013333333333333334
p3_unsharp,122,20260817,75,75,0.8,0.0,0.0,0.0,0.0
p3_unsharp,123,20260817,75,75,0.7,0.04,0.02666666666666667,0.013333333333333334,0.02666666666666667
p3_unsharp,124,20260817,75,75,0.75,0.0,0.0,0.0,0.0
p3_unsharp,125,20260817,75,75,0.8,0.0,0.0,0.0,0.0
p3_unsharp,126,20260817,75,75,0.75,0.0,0.0,0.0,0.0
p3_unsharp,127,20260817,75,75,0.7,0.02666666666666667,0.0,0.013333333333333334,0.013333333333333334
p3_unsharp,128,20260817,75,75,0.65,0.02666666666666667,0.0,0.0,0.008888888888888889
p3_unsharp,129,20260817,75,75,0.7,0.02666666666666667,0.0,0.013333333333333334,0.013333333333333334
p3_unsharp,130,20260817,75,75,0.75,0.0,0.0,0.013333333333333334,0.0044444444444444444
p3_unsharp,131,20260817,75,75,0.75,0.0,0.0,0.0,0.0
p3_unsharp,132,20260817,75,75,0.75,0.0,0.0,0.0,0.0
p3_unsharp,133,20260817,75,75,0.75,0.0,0.013333333333333334,0.013333333333333334,0.008888888888888889
p3_unsharp,134,20260817,75,75,0.65,0.013333333333333334,0.0,0.013333333333333334,0.008888888888888889
p3_unsharp,135,20260817,75,75,0.7,0.0,0.0,0.0,0.0
p3_unsharp,136,20260817,75,75,0.75,0.0,0.013333333333333334,0.013333333333333334,0.008888888888888889
p3_unsharp,137,20260817,75,75,0.7,0.0,0.0,0.0,0.0
p3_unsharp,138,20260817,75,75,0.6,0.04,0.02666666666666667,0.06666666666666667,0.044444444444444446
p3_unsharp,139,20260817,75,75,0.7,0.0,0.0,0.013333333333333334,0.0044444444444444444
p3_unsharp,140,20260817,75,75,0.7,0.0,0.0,0.013333333333333334,0.0044444444444444444
p3_unsharp,141,20260817,75,75,0.7,0.0,0.0,0.013333333333333334,0.0044444444444444444
p3_unsharp,142,20260817,75,75,0.65,0.013333333333333334,0.013333333333333334,0.013333333333333334,0.013333333333333334
p3_unsharp,143,20260817,75,75,0.75,0.013333333333333334,0.0,0.013333333333333334,0.008888888888888889
p3_unsharp,144,20260817,75,75,0.8,0.0,0.0,0.0,0.0
p3_unsharp,145,20260817,75,75,0.75,0.0,0.0,0.0,0.0
p3_unsharp,146,20260817,75,75,0.65,0.02666666666666667,0.02666666666666667,0.04,0.031111111111111114
p3_unsharp,147,20260817,75,75,0.75,0.0,0.0,0.0,0.0
p3_unsharp,148,20260817,75,75,0.65,0.02666666666666667,0.02666666666666667,0.04,0.031111111111111114
p3_unsharp,149,20260817,75,75,0.65,0.06666666666666667,0.05333333333333334,0.05333333333333334,0.05777777777777778
p3_unsharp,150,20260817,75,75,0.65,0.05333333333333334,0.02666666666666667,0.02666666666666667,0.035555555555555556
p3_unsharp,151,20260817,75,75,0.7,0.04,0.013333333333333334,0.04,0.03111111111111111
p3_unsharp,152,20260817,75,75,0.75,0.013333333333333334,0.0,0.013333333333333334,0.008888888888888889
p3_unsharp,153,20260817,75,75,0.7,0.013333333333333334,0.0,0.013333333333333334,0.008888888888888889
p3_unsharp,154,20260817,75,75,0.75,0.0,0.0,0.0,0.0
p3_unsharp,155,20260817,75,75,0.7,0.0,0.013333333333333334,0.0,0.0044444444444444444
p3_unsharp,156,20260817,75,75,0.75,0.013333333333333334,0.013333333333333334,0.04,0.022222222222222223
p3_unsharp,157,20260817,75,75,0.7,0.013333333333333334,0.0,0.02666666666666667,0.013333333333333334
p3_unsharp,158,20260817,75,75,0.75,0.0,0.0,0.0,0.0
p3_unsharp,159,20260817,75,75,0.75,0.0,0.0,0.0,0.0
p3_unsharp,160,20260817,75,75,0.7,0.0,0.0,0.013333333333333334,0.0044444444444444444
p3_unsharp,161,20260817,75,75,0.65,0.0,0.0,0.02666666666666667,0.008888888888888889
p3_unsharp,162,20260817,75,75,0.75,0.0,0.0,0.0,0.0
p3_unsharp,163,20260817,75,75,0.7,0.04,0.02666666666666667,0.02666666666666667,0.031111111111111114
p3_unsharp,164,20260817,75,75,0.65,0.0,0.0,0.0,0.0
p3_unsharp,165,20260817,75,75,0.75,0.0,0.0,0.0,0.0
p3_unsharp,166,20260817,75,75,0.75,0.013333333333333334,0.013333333333333334,0.0,0.008888888888888889
p3_unsharp,167,20260817,75,75,0.65,0.013333333333333334,0.0,0.013333333333333334,0.008888888888888889
p3_unsharp,168,20260817,75,75,0.7,0.0,0.0,0.013333333333333334,0.0044444444444444444
p3_unsharp,169,20260817,75,75,0.75,0.0,0.0,0.0,0.0
p3_unsharp,170,20260817,75,75,0.55,0.06666666666666667,0.04,0.05333333333333334,0.05333333333333334
p3_unsharp,171,20260817,75,75,0.7,0.02666666666666667,0.0,0.013333333333333334,0.013333333333333334
p3_unsharp,172,20260817,75,75,0.75,0.0,0.0,0.0,0.0
p3_unsharp,173,20260817,75,75,0.6,0.013333333333333334,0.0,0.013333333333333334,0.008888888888888889
p3_unsharp,174,20260817,75,75,0.75,0.0,0.0,0.0,0.0
p3_unsharp,175,20260817,75,75,0.7,0.0,0.0,0.0,0.0
p3_unsharp,176,20260817,75,75,0.7,0.013333333333333334,0.0,0.04,0.017777777777777778
p3_unsharp,177,20260817,75,75,0.6,0.0,0.0,0.0,0.0
p3_unsharp,178,20260817,75,75,0.7,0.0,0.0,0.0,0.0
p3_unsharp,179,20260817,75,75,0.75,0.0,0.0,0.0,0.0
p3_unsharp,180,20260817,75,75,0.75,0.0,0.0,0.0,0.0
p3_unsharp,181,20260817,75,75,0.75,0.0,0.0,0.013333333333333334,0.0044444444444444444
p3_unsharp,182,20260817,75,75,0.7,0.0,0.0,0.013333333333333334,0.0044444444444444444
p3_unsharp,183,20260817,75,75,0.75,0.013333333333333334,0.0,0.013333333333333334,0.008888888888888889
p3_unsharp,184,20260817,75,75,0.7,0.0,0.0,0.013333333333333334,0.0044444444444444444
p3_unsharp,185,20260817,75,75,0.65,0.0,0.013333333333333334,0.0,0.0044444444444444444
p3_unsharp,186,20260817,75,75,0.75,0.0,0.0,0.0,0.0
p3_unsharp,187,20260817,75,75,0.7,0.0,0.0,0.0,0.0
p3_unsharp,188,20260817,75,75,0.75,0.013333333333333334,0.0,0.013333333333333334,0.008888888888888889
p3_unsharp,189,20260817,75,75,0.65,0.0,0.0,0.0,0.0
p3_unsharp,190,20260817,75,75,0.75,0.0,0.0,0.0,0.0
p3_unsharp,191,20260817,75,75,0.7,0.0,0.0,0.0,0.0
p3_unsharp,192,20260817,75,75,0.65,0.04,0.04,0.04,0.04
p3_unsharp,193,20260817,75,75,0.75,0.0,0.0,0.0,0.0
p3_unsharp,194,20260817,75,75,0.75,0.0,0.013333333333333334,0.013333333333333334,0.008888888888888889
p3_unsharp,195,20260817,75,75,0.75,0.013333333333333334,0.0,0.013333333333333334,0.008888888888888889
p3_unsharp,196,20260817,75,75,0.75,0.0,0.0,0.0,0.0
p3_unsharp,197,20260817,75,75,0.7,0.0,0.0,0.02666666666666667,0.008888888888888889
p3_unsharp,198,20260817,75,75,0.7,0.013333333333333334,0.013333333333333334,0.0,0.008888888888888889
p3_unsharp,199,20260817,75,75,0.7,0.0,0.0,0.0,0.0
p3_unsharp,200,20260817,75,75,0.75,0.0,0.0,0.0,0.0
p3_unsharp,201,20260817,75,75,0.75,0.0,0.013333333333333334,0.013333333333333334,0.008888888888888889
p3_unsharp,202,20260817,75,75,0.75,0.0,0.013333333333333334,0.013333333333333334,0.008888888888888889
p3_unsharp,203,20260817,75,75,0.7,0.013333333333333334,0.0,0.04,0.017777777777777778
p3_unsharp,204,20260817,75,75,0.75,0.0,0.0,0.0,0.0
p3_unsharp,205,20260817,75,75,0.65,0.013333333333333334,0.02666666666666667,0.02666666666666667,0.022222222222222223
p3_unsharp,206,20260817,75,75,0.8,0.0,0.0,0.0,0.0
p3_unsharp,207,20260817,75,75,0.7,0.0,0.0,0.013333333333333334,0.0044444444444444444
p3_unsharp,208,20260817,75,75,0.75,0.0,0.0,0.0,0.0
p3_unsharp,209,20260817,75,75,0.7,0.013333333333333334,0.013333333333333334,0.02666666666666667,0.017777777777777778
p3_unsharp,210,20260817,75,75,0.75,0.0,0.0,0.0,0.0
p3_unsharp,211,20260817,75,75,0.75,0.0,0.0,0.0,0.0
p3_unsharp,212,20260817,75,75,0.65,0.013333333333333334,0.0,0.0,0.0044444444444444444
p3_unsharp,213,20260817,75,75,0.75,0.0,0.0,0.013333333333333334,0.0044444444444444444
p3_unsharp,214,20260817,75,75,0.75,0.0,0.0,0.0,0.0
p3_unsharp,215,20260817,75,75,0.8,0.0,0.0,0.0,0.0
p3_unsharp,216,20260817,75,75,0.7,0.0,0.0,0.0,0.0
p3_unsharp,217,20260817,75,75,0.75,0.0,0.0,0.0,0.0
p3_unsharp,218,20260817,75,75,0.75,0.0,0.0,0.0,0.0
p3_unsharp,219,20260817,75,75,0.7,0.02666666666666667,0.0,0.013333333333333334,0.013333333333333334
p3_unsharp,220,20260817,75,75,0.75,0.0,0.013333333333333334,0.013333333333333334,0.008888888888888889
p3_unsharp,221,20260817,75,75,0.75,0.013333333333333334,0.013333333333333334,0.0,0.008888888888888889
p3_unsharp,222,20260817,75,75,0.7,0.0,0.0,0.0,0.0
p3_unsharp,223,20260817,75,75,0.75,0.013333333333333334,0.0,0.013333333333333334,0.008888888888888889
p3_unsharp,224,20260817,75,75,0.7,0.013333333333333334,0.0,0.013333333333333334,0.008888888888888889
p3_unsharp,225,20260817,75,75,0.75,0.013333333333333334,0.013333333333333334,0.0,0.008888888888888889
p3_unsharp,226,20260817,75,75,0.7,0.013333333333333334,0.013333333333333334,0.013333333333333334,0.013333333333333334
p3_unsharp,227,20260817,75,75,0.75,0.0,0.0,0.0,0.0
p3_unsharp,228,20260817,75,75,0.75,0.0,0.0,0.0,0.0
p3_unsharp,229,20260817,75,75,0.7,0.013333333333333334,0.013333333333333334,0.04,0.022222222222222223
p3_unsharp,230,20260817,75,75,0.8,0.0,0.0,0.0,0.0
p3_unsharp,231,20260817,75,75,0.65,0.02666666666666667,0.013333333333333334,0.04,0.02666666666666667
p3_unsharp,232,20260817,75,75,0.75,0.0,0.0,0.0,0.0
p3_unsharp,233,20260817,75,75,0.75,0.0,0.0,0.013333333333333334,0.0044444444444444444
p3_unsharp,234,20260817,75,75,0.7,0.013333333333333334,0.013333333333333334,0.013333333333333334,0.013333333333333334
p3_unsharp,235,20260817,75,75,0.75,0.0,0.0,0.0,0.0
p3_unsharp,236,20260817,75,75,0.75,0.0,0.0,0.0,0.0
p3_unsharp,237,20260817,75,75,0.7,0.0,0.0,0.013333333333333334,0.0044444444444444444
p3_unsharp,238,20260817,75,75,0.75,0.0,0.0,0.0,0.0
p3_unsharp,239,20260817,75,75,0.75,0.0,0.0,0.0,0.0
p3_unsharp,240,20260817,75,75,0.75,0.013333333333333334,0.0,0.013333333333333334,0.008888888888888889
p3_unsharp,241,20260817,75,75,0.7,0.013333333333333334,0.013333333333333334,0.013333333333333334,0.013333333333333334
p3_unsharp,242,20260817,75,75,0.75,0.013333333333333334,0.013333333333333334,0.0,0.008888888888888889
p3_unsharp,243,20260817,75,75,0.8,0.0,0.0,0.0,0.0
p3_unsharp,244,20260817,75,75,0.75,0.0,0.0,0.0,0.0
p3_unsharp,245,20260817,75,75,0.8,0.0,0.0,0.0,0.0
p3_unsharp,246,20260817,75,75,0.75,0.0,0.0,0.0,0.0
p3_unsharp,247,20260817,75,75,0.7,0.04,0.0,0.0,0.013333333333333334
p3_unsharp,248,20260817,75,75,0.75,0.013333333333333334,0.0,0.013333333333333334,0.008888888888888889
p3_unsharp,249,20260817,75,75,0.7,0.02666666666666667,0.013333333333333334,0.013333333333333334,0.017777777777777778
p3_unsharp,250,20260817,75,75,0.75,0.0,0.0,0.0,0.0
p3_unsharp,251,20260817,75,75,0.75,0.0,0.0,0.0,0.0
p3_unsharp,252,20260817,75,75,0.75,0.0,0.0,0.0,0.0
p3_unsharp,253,20260817,75,75,0.75,0.0,0.0,0.0,0.0
p3_unsharp,254,20260817,75,75,0.75,0.0,0.0,0.0,0.0
p3_unsharp,255,20260817,75,75,0.65,0.013333333333333334,0.013333333333333334,0.013333333333333334,0.013333333333333334
p3_unsharp,256,20260817,75,75,0.75,0.013333333333333334,0.0,0.013333333333333334,0.008888888888888889
p3_unsharp,257,20260817,75,75,0.7,0.02666666666666667,0.0,0.02666666666666667,0.017777777777777778
p3_unsharp,258,20260817,75,75,0.7,0.0,0.0,0.0,0.0
p3_unsharp,259,20260817,75,75,0.75,0.0,0.0,0.0,0.0
p3_unsharp,260,20260817,75,75,0.7,0.0,0.0,0.0,0.0
p3_unsharp,261,20260817,75,75,0.75,0.0,0.0,0.0,0.0
p3_unsharp,262,20260817,75,75,0.6,0.08,0.02666666666666667,0.06666666666666667,0.057777777777777775
p3_unsharp,263,20260817,75,75,0.65,0.05333333333333334,0.02666666666666667,0.013333333333333334,0.031111111111111114
p3_unsharp,264,20260817,75,75,0.75,0.013333333333333334,0.0,0.013333333333333334,0.008888888888888889
p3_unsharp,265,20260817,75,75,0.65,0.02666666666666667,0.02666666666666667,0.05333333333333334,0.035555555555555556
p3_unsharp,266,20260817,75,75,0.75,0.0,0.0,0.0,0.0
p3_unsharp,267,20260817,75,75,0.7,0.013333333333333334,0.0,0.013333333333333334,0.008888888888888889
p3_unsharp,268,20260817,75,75,0.6,0.02666666666666667,0.0,0.04,0.022222222222222223
p3_unsharp,269,20260817,75,75,0.75,0.0,0.0,0.0,0.0
p3_unsharp,270,20260817,75,75,0.75,0.0,0.0,0.0,0.0
p3_unsharp,271,20260817,75,75,0.75,0.0,0.0,0.013333333333333334,0.0044444444444444444
p3_unsharp,272,20260817,75,75,0.55,0.05333333333333334,0.02666666666666667,0.02666666666666667,0.035555555555555556
p3_unsharp,273,20260817,75,75,0.75,0.0,0.0,0.0,0.0
p3_unsharp,274,20260817,75,75,0.75,0.0,0.0,0.0,0.0
p3_unsharp,275,20260817,75,75,0.75,0.013333333333333334,0.0,0.013333333333333334,0.008888888888888889
p3_unsharp,276,20260817,75,75,0.7,0.0,0.0,0.013333333333333334,0.0044444444444444444
p3_unsharp,277,20260817,75,75,0.75,0.0,0.0,0.0,0.0
p3_unsharp,278,20260817,75,75,0.75,0.0,0.0,0.0,0.0
p3_unsharp,279,20260817,75,75,0.7,0.02666666666666667,0.0,0.013333333333333334,0.013333333333333334
p3_unsharp,280,20260817,75,75,0.7,0.02666666666666667,0.0,0.013333333333333334,0.013333333333333334
p3_unsharp,281,20260817,75,75,0.65,0.0,0.0,0.013333333333333334,0.0044444444444444444
p3_unsharp,282,20260817,75,75,0.75,0.0,0.0,0.0,0.0
p3_unsharp,283,20260817,75,75,0.7,0.0,0.0,0.0,0.0
p3_unsharp,284,20260817,75,75,0.75,0.0,0.0,0.0,0.0
p3_unsharp,285,20260817,75,75,0.75,0.0,0.0,0.0,0.0
p3_unsharp,286,20260817,75,75,0.65,0.02666666666666667,0.0,0.02666666666666667,0.017777777777777778
p3_unsharp,287,20260817,75,75,0.7,0.02666666666666667,0.0,0.02666666666666667,0.017777777777777778
p3_unsharp,288,20260817,75,75,0.8,0.0,0.0,0.0,0.0
p3_unsharp,289,20260817,75,75,0.75,0.0,0.013333333333333334,0.013333333333333334,0.008888888888888889
p3_unsharp,290,20260817,75,75,0.75,0.0,0.0,0.0,0.0
p3_unsharp,291,20260817,75,75,0.75,0.0,0.0,0.0,0.0
p3_unsharp,292,20260817,75,75,0.65,0.05333333333333334,0.02666666666666667,0.05333333333333334,0.044444444444444446
p3_unsharp,293,20260817,75,75,0.75,0.0,0.0,0.0,0.0
p3_unsharp,294,20260817,75,75,0.7,0.013333333333333334,0.0,0.02666666666666667,0.013333333333333334
p3_unsharp,295,20260817,75,75,0.75,0.0,0.0,0.0,0.0
p3_unsharp,296,20260817,75,75,0.75,0.0,0.0,0.0,0.0
p3_unsharp,297,20260817,75,75,0.75,0.0,0.0,0.0,0.0
p3_unsharp,298,20260817,75,75,0.75,0.013333333333333334,0.0,0.013333333333333334,0.008888888888888889
p3_unsharp,299,20260817,75,75,0.75,0.0,0.0,0.0,0.0
p3_unsharp,300,20260817,75,75,0.7,0.013333333333333334,0.013333333333333334,0.013333333333333334,0.013333333333333334
p3_unsharp,301,20260817,75,75,0.75,0.0,0.0,0.0,0.0
p3_unsharp,302,20260817,75,75,0.6,0.02666666666666667,0.0,0.04,0.022222222222222223
p3_unsharp,303,20260817,75,75,0.75,0.0,0.0,0.0,0.0
p3_unsharp,304,20260817,75,75,0.8,0.0,0.0,0.0,0.0
p3_unsharp,305,20260817,75,75,0.8,0.0,0.0,0.0,0.0
p3_unsharp,306,20260817,75,75,0.75,0.0,0.0,0.0,0.0
p3_unsharp,307,20260817,75,75,0.75,0.0,0.0,0.0,0.0
p3_unsharp,308,20260817,75,75,0.75,0.0,0.0,0.0,0.0
p3_unsharp,309,20260817,75,75,0.75,0.013333333333333334,0.0,0.02666666666666667,0.013333333333333334
p3_unsharp,310,20260817,75,75,0.75,0.0,0.0,0.0,0.0
p3_unsharp,311,20260817,75,75,0.7,0.0,0.0,0.013333333333333334,0.0044444444444444444
p3_unsharp,312,20260817,75,75,0.75,0.0,0.0,0.0,0.0
p3_unsharp,313,20260817,75,75,0.75,0.0,0.0,0.0,0.0
p3_unsharp,314,20260817,75,75,0.7,0.0,0.0,0.0,0.0
p3_unsharp,315,20260817,75,75,0.65,0.013333333333333334,0.0,0.013333333333333334,0.008888888888888889
p3_unsharp,316,20260817,75,75,0.75,0.0,0.0,0.0,0.0
p3_unsharp,317,20260817,75,75,0.75,0.013333333333333334,0.0,0.013333333333333334,0.008888888888888889
p3_unsharp,318,20260817,75,75,0.75,0.0,0.0,0.0,0.0
p3_unsharp,319,20260817,75,75,0.65,0.04,0.02666666666666667,0.013333333333333334,0.02666666666666667
p3_unsharp,320,20260817,75,75,0.7,0.0,0.0,0.02666666666666667,0.008888888888888889
p3_unsharp,321,20260817,75,75,0.7,0.013333333333333334,0.0,0.013333333333333334,0.008888888888888889
p3_unsharp,322,20260817,75,75,0.75,0.0,0.0,0.0,0.0
p3_unsharp,323,20260817,75,75,0.65,0.0,0.0,0.0,0.0
p3_unsharp,324,20260817,75,75,0.8,0.0,0.0,0.0,0.0
p3_unsharp,325,20260817,75,75,0.75,0.013333333333333334,0.0,0.013333333333333334,0.008888888888888889
p3_unsharp,326,20260817,75,75,0.7,0.0,0.0,0.013333333333333334,0.0044444444444444444
p3_unsharp,327,20260817,75,75,0.7,0.0,0.0,0.0,0.0
p3_unsharp,328,20260817,75,75,0.75,0.0,0.0,0.0,0.0
p3_unsharp,329,20260817,75,75,0.75,0.0,0.0,0.0,0.0
p3_unsharp,330,20260817,75,75,0.75,0.0,0.0,0.0,0.0
p3_unsharp,331,20260817,75,75,0.65,0.02666666666666667,0.0,0.0,0.008888888888888889
p3_unsharp,332,20260817,75,75,0.7,0.013333333333333334,0.0,0.013333333333333334,0.008888888888888889
p3_unsharp,333,20260817,75,75,0.75,0.0,0.0,0.013333333333333334,0.0044444444444444444
p3_unsharp,334,20260817,75,75,0.75,0.013333333333333334,0.013333333333333334,0.0,0.008888888888888889
p3_unsharp,335,20260817,75,75,0.75,0.0,0.0,0.0,0.0
p3_unsharp,336,20260817,75,75,0.65,0.0,0.0,0.013333333333333334,0.0044444444444444444
p3_unsharp,337,20260817,75,75,0.65,0.02666666666666667,0.02666666666666667,0.05333333333333334,0.035555555555555556
p3_unsharp,338,20260817,75,75,0.7,0.02666666666666667,0.013333333333333334,0.04,0.02666666666666667
p3_unsharp,339,20260817,75,75,0.7,0.0,0.0,0.013333333333333334,0.0044444444444444444
p3_unsharp,340,20260817,75,75,0.75,0.0,0.0,0.0,0.0
p3_unsharp,341,20260817,75,75,0.6,0.05333333333333334,0.013333333333333334,0.05333333333333334,0.04
p3_unsharp,342,20260817,75,75,0.65,0.0,0.0,0.0,0.0
p3_unsharp,343,20260817,75,75,0.65,0.0,0.0,0.013333333333333334,0.0044444444444444444
p3_unsharp,344,20260817,75,75,0.6,0.09333333333333334,0.05333333333333334,0.06666666666666667,0.07111111111111111
p3_unsharp,345,20260817,75,75,0.7,0.0,0.0,0.0,0.0
p3_unsharp,346,20260817,75,75,0.7,0.0,0.0,0.0,0.0
p3_unsharp,347,20260817,75,75,0.7,0.013333333333333334,0.013333333333333334,0.0,0.008888888888888889
p3_unsharp,348,20260817,75,75,0.75,0.0,0.0,0.0,0.0
p3_unsharp,349,20260817,75,75,0.65,0.0,0.0,0.013333333333333334,0.0044444444444444444
p3_unsharp,350,20260817,75,75,0.7,0.0,0.0,0.0,0.0
p3_unsharp,351,20260817,75,75,0.75,0.0,0.0,0.0,0.0
p3_unsharp,352,20260817,75,75,0.65,0.013333333333333334,0.04,0.0,0.017777777777777778
p3_unsharp,353,20260817,75,75,0.7,0.0,0.013333333333333334,0.013333333333333334,0.008888888888888889
p3_unsharp,354,20260817,75,75,0.7,0.0,0.0,0.0,0.0
p3_unsharp,355,20260817,75,75,0.75,0.0,0.0,0.0,0.0
p3_unsharp,356,20260817,75,75,0.75,0.0,0.0,0.0,0.0
p3_unsharp,357,20260817,75,75,0.7,0.013333333333333334,0.0,0.013333333333333334,0.008888888888888889
p3_unsharp,358,20260817,75,75,0.55,0.06666666666666667,0.013333333333333334,0.04,0.04
p3_unsharp,359,20260817,75,75,0.75,0.0,0.0,0.0,0.0
p3_unsharp,360,20260817,75,75,0.65,0.02666666666666667,0.0,0.013333333333333334,0.013333333333333334
p3_unsharp,361,20260817,75,75,0.7,0.013333333333333334,0.0,0.013333333333333334,0.008888888888888889
p3_unsharp,362,20260817,75,75,0.75,0.0,0.0,0.0,0.0
p3_unsharp,363,20260817,75,75,0.75,0.0,0.0,0.0,0.0
p3_unsharp,364,20260817,75,75,0.75,0.0,0.0,0.0,0.0
p3_unsharp,365,20260817,75,75,0.75,0.0,0.013333333333333334,0.013333333333333334,0.008888888888888889
p3_unsharp,366,20260817,75,75,0.7,0.013333333333333334,0.013333333333333334,0.0,0.008888888888888889
p3_unsharp,367,20260817,75,75,0.8,0.0,0.0,0.0,0.0
p3_unsharp,368,20260817,75,75,0.65,0.013333333333333334,0.013333333333333334,0.013333333333333334,0.013333333333333334
p3_unsharp,369,20260817,75,75,0.75,0.0,0.0,0.013333333333333334,0.0044444444444444444
p3_unsharp,370,20260817,75,75,0.65,0.02666666666666667,0.0,0.013333333333333334,0.013333333333333334
p3_unsharp,371,20260817,75,75,0.7,0.013333333333333334,0.0,0.013333333333333334,0.008888888888888889
p3_unsharp,372,20260817,75,75,0.75,0.013333333333333334,0.013333333333333334,0.02666666666666667,0.017777777777777778
p3_unsharp,373,20260817,75,75,0.75,0.013333333333333334,0.0,0.013333333333333334,0.008888888888888889
p3_unsharp,374,20260817,75,75,0.7,0.02666666666666667,0.0,0.0,0.008888888888888889
p3_unsharp,375,20260817,75,75,0.7,0.0,0.0,0.02666666666666667,0.008888888888888889
p3_unsharp,376,20260817,75,75,0.7,0.0,0.0,0.013333333333333334,0.0044444444444444444
p3_unsharp,377,20260817,75,75,0.65,0.013333333333333334,0.04,0.013333333333333334,0.022222222222222223
p3_unsharp,378,20260817,75,75,0.75,0.0,0.0,0.0,0.0
p3_unsharp,379,20260817,75,75,0.65,0.0,0.0,0.0,0.0
p3_unsharp,380,20260817,75,75,0.75,0.0,0.0,0.0,0.0
p3_unsharp,381,20260817,75,75,0.75,0.013333333333333334,0.013333333333333334,0.0,0.008888888888888889
p3_unsharp,382,20260817,75,75,0.65,0.0,0.0,0.013333333333333334,0.0044444444444444444
p3_unsharp,383,20260817,75,75,0.75,0.013333333333333334,0.0,0.013333333333333334,0.008888888888888889
p3_unsharp,384,20260817,75,75,0.75,0.013333333333333334,0.0,0.013333333333333334,0.008888888888888889
p3_unsharp,385,20260817,75,75,0.7,0.013333333333333334,0.013333333333333334,0.0,0.008888888888888889
p3_unsharp,386,20260817,75,75,0.65,0.02666666666666667,0.02666666666666667,0.013333333333333334,0.022222222222222223
p3_unsharp,387,20260817,75,75,0.6,0.05333333333333334,0.013333333333333334,0.04,0.035555555555555556
p3_unsharp,388,20260817,75,75,0.75,0.0,0.0,0.0,0.0
p3_unsharp,389,20260817,75,75,0.7,0.013333333333333334,0.0,0.02666666666666667,0.013333333333333334
p3_unsharp,390,20260817,75,75,0.75,0.0,0.0,0.0,0.0
p3_unsharp,391,20260817,75,75,0.7,0.0,0.0,0.0,0.0
p3_unsharp,392,20260817,75,75,0.75,0.0,0.0,0.0,0.0
p3_unsharp,393,20260817,75,75,0.75,0.0,0.0,0.0,0.0
p3_unsharp,394,20260817,75,75,0.75,0.0,0.0,0.0,0.0
p3_unsharp,395,20260817,75,75,0.7,0.0,0.0,0.013333333333333334,0.0044444444444444444
p3_unsharp,396,20260817,75,75,0.8,0.0,0.0,0.0,0.0
p3_unsharp,397,20260817,75,75,0.75,0.0,0.0,0.0,0.0
p3_unsharp,398,20260817,75,75,0.7,0.0,0.0,0.0,0.0
p3_unsharp,399,20260817,75,75,0.7,0.013333333333333334,0.013333333333333334,0.013333333333333334,0.013333333333333334
p3_unsharp,400,20260817,75,75,0.7,0.0,0.0,0.0,0.0
p3_unsharp,401,20260817,75,75,0.7,0.0,0.0,0.0,0.0
p3_unsharp,402,20260817,75,75,0.7,0.013333333333333334,0.013333333333333334,0.0,0.008888888888888889
p3_unsharp,403,20260817,75,75,0.65,0.013333333333333334,0.013333333333333334,0.02666666666666667,0.017777777777777778
p3_unsharp,404,20260817,75,75,0.6,0.06666666666666667,0.02666666666666667,0.05333333333333334,0.04888888888888889
p3_unsharp,405,20260817,75,75,0.7,0.0,0.0,0.0,0.0
p3_unsharp,406,20260817,75,75,0.65,0.0,0.0,0.013333333333333334,0.0044444444444444444
p3_unsharp,407,20260817,75,75,0.7,0.0,0.0,0.0,0.0
p3_unsharp,408,20260817,75,75,0.8,0.0,0.0,0.0,0.0
p3_unsharp,409,20260817,75,75,0.75,0.0,0.0,0.0,0.0
p3_unsharp,410,20260817,75,75,0.65,0.04,0.02666666666666667,0.02666666666666667,0.031111111111111114
p3_unsharp,411,20260817,75,75,0.75,0.013333333333333334,0.0,0.013333333333333334,0.008888888888888889
p3_unsharp,412,20260817,75,75,0.7,0.0,0.0,0.013333333333333334,0.0044444444444444444
p3_unsharp,413,20260817,75,75,0.6,0.013333333333333334,0.0,0.02666666666666667,0.013333333333333334
p3_unsharp,414,20260817,75,75,0.7,0.02666666666666667,0.02666666666666667,0.02666666666666667,0.02666666666666667
p3_unsharp,415,20260817,75,75,0.8,0.0,0.0,0.0,0.0
p3_unsharp,416,20260817,75,75,0.7,0.0,0.0,0.0,0.0
p3_unsharp,417,20260817,75,75,0.65,0.02666666666666667,0.02666666666666667,0.02666666666666667,0.02666666666666667
p3_unsharp,418,20260817,75,75,0.7,0.0,0.0,0.0,0.0
p3_unsharp,419,20260817,75,75,0.7,0.0,0.0,0.0,0.0
p3_unsharp,420,20260817,75,75,0.7,0.02666666666666667,0.013333333333333334,0.013333333333333334,0.017777777777777778
p3_unsharp,421,20260817,75,75,0.7,0.02666666666666667,0.013333333333333334,0.04,0.02666666666666667
p3_unsharp,422,20260817,75,75,0.6,0.05333333333333334,0.04,0.05333333333333334,0.04888888888888889
p3_unsharp,423,20260817,75,75,0.7,0.013333333333333334,0.013333333333333334,0.02666666666666667,0.017777777777777778
p3_unsharp,424,20260817,75,75,0.75,0.0,0.0,0.0,0.0
p3_unsharp,425,20260817,75,75,0.65,0.0,0.013333333333333334,0.013333333333333334,0.008888888888888889
p3_unsharp,426,20260817,75,75,0.75,0.0,0.0,0.0,0.0
p3_unsharp,427,20260817,75,75,0.7,0.0,0.0,0.0,0.0
p3_unsharp,428,20260817,75,75,0.7,0.013333333333333334,0.0,0.013333333333333334,0.008888888888888889
p3_unsharp,429,20260817,75,75,0.75,0.013333333333333334,0.02666666666666667,0.013333333333333334,0.017777777777777778
p3_unsharp,430,20260817,75,75,0.65,0.013333333333333334,0.013333333333333334,0.02666666666666667,0.017777777777777778
p3_unsharp,431,20260817,75,75,0.6,0.04,0.013333333333333334,0.05333333333333334,0.035555555555555556
p3_unsharp,432,20260817,75,75,0.75,0.0,0.0,0.0,0.0
p3_unsharp,433,20260817,75,75,0.8,0.0,0.0,0.0,0.0
p3_unsharp,434,20260817,75,75,0.75,0.0,0.0,0.0,0.0
p3_unsharp,435,20260817,75,75,0.65,0.02666666666666667,0.0,0.02666666666666667,0.017777777777777778
p3_unsharp,436,20260817,75,75,0.75,0.013333333333333334,0.013333333333333334,0.0,0.008888888888888889
p3_unsharp,437,20260817,75,75,0.75,0.0,0.0,0.0,0.0
p3_unsharp,438,20260817,75,75,0.75,0.013333333333333334,0.013333333333333334,0.0,0.008888888888888889
p3_unsharp,439,20260817,75,75,0.7,0.0,0.013333333333333334,0.0,0.0044444444444444444
p3_unsharp,440,20260817,75,75,0.7,0.02666666666666667,0.013333333333333334,0.013333333333333334,0.017777777777777778
p3_unsharp,441,20260817,75,75,0.75,0.0,0.013333333333333334,0.013333333333333334,0.008888888888888889
p3_unsharp,442,20260817,75,75,0.75,0.0,0.0,0.0,0.0
p3_unsharp,443,20260817,75,75,0.75,0.0,0.013333333333333334,0.013333333333333334,0.008888888888888889
p3_unsharp,444,20260817,75,75,0.75,0.0,0.0,0.0,0.0
p3_unsharp,445,20260817,75,75,0.7,0.013333333333333334,0.013333333333333334,0.0,0.008888888888888889
p3_unsharp,446,20260817,75,75,0.8,0.0,0.0,0.0,0.0
p3_unsharp,447,20260817,75,75,0.7,0.013333333333333334,0.0,0.0,0.0044444444444444444
p3_unsharp,448,20260817,75,75,0.75,0.0,0.0,0.0,0.0
p3_unsharp,449,20260817,75,75,0.65,0.013333333333333334,0.0,0.013333333333333334,0.008888888888888889
p3_unsharp,450,20260817,75,75,0.8,0.0,0.0,0.0,0.0
p3_unsharp,451,20260817,75,75,0.7,0.02666666666666667,0.013333333333333334,0.02666666666666667,0.022222222222222223
p3_unsharp,452,20260817,75,75,0.7,0.013333333333333334,0.0,0.013333333333333334,0.008888888888888889
p3_unsharp,453,20260817,75,75,0.7,0.013333333333333334,0.0,0.02666666666666667,0.013333333333333334
p3_unsharp,454,20260817,75,75,0.7,0.013333333333333334,0.0,0.013333333333333334,0.008888888888888889
p3_unsharp,455,20260817,75,75,0.75,0.0,0.0,0.0,0.0
p3_unsharp,456,20260817,75,75,0.65,0.013333333333333334,0.0,0.0,0.0044444444444444444
p3_unsharp,457,20260817,75,75,0.7,0.02666666666666667,0.0,0.02666666666666667,0.017777777777777778
p3_unsharp,458,20260817,75,75,0.7,0.02666666666666667,0.0,0.02666666666666667,0.017777777777777778
p3_unsharp,459,20260817,75,75,0.7,0.0,0.0,0.0,0.0
p3_unsharp,460,20260817,75,75,0.75,0.0,0.0,0.0,0.0
p3_unsharp,461,20260817,75,75,0.7,0.0,0.0,0.0,0.0
p3_unsharp,462,20260817,75,75,0.55,0.09333333333333334,0.04,0.06666666666666667,0.06666666666666667
p3_unsharp,463,20260817,75,75,0.75,0.0,0.0,0.0,0.0
p3_unsharp,464,20260817,75,75,0.8,0.0,0.0,0.0,0.0
p3_unsharp,465,20260817,75,75,0.7,0.02666666666666667,0.0,0.04,0.022222222222222223
p3_unsharp,466,20260817,75,75,0.65,0.02666666666666667,0.013333333333333334,0.013333333333333334,0.017777777777777778
p3_unsharp,467,20260817,75,75,0.75,0.0,0.0,0.0,0.0
p3_unsharp,468,20260817,75,75,0.7,0.04,0.02666666666666667,0.04,0.035555555555555556
p3_unsharp,469,20260817,75,75,0.7,0.0,0.0,0.0,0.0
p3_unsharp,470,20260817,75,75,0.7,0.02666666666666667,0.02666666666666667,0.02666666666666667,0.02666666666666667
p3_unsharp,471,20260817,75,75,0.75,0.0,0.0,0.0,0.0
p3_unsharp,472,20260817,75,75,0.6,0.05333333333333334,0.013333333333333334,0.06666666666666667,0.044444444444444446
p3_unsharp,473,20260817,75,75,0.75,0.0,0.0,0.013333333333333334,0.0044444444444444444
p3_unsharp,474,20260817,75,75,0.6,0.013333333333333334,0.0,0.013333333333333334,0.008888888888888889
p3_unsharp,475,20260817,75,75,0.7,0.0,0.0,0.013333333333333334,0.0044444444444444444
p3_unsharp,476,20260817,75,75,0.7,0.0,0.0,0.0,0.0
p3_unsharp,477,20260817,75,75,0.7,0.0,0.0,0.0,0.0
p3_unsharp,478,20260817,75,75,0.65,0.04,0.013333333333333334,0.013333333333333334,0.022222222222222223
p3_unsharp,479,20260817,75,75,0.7,0.05333333333333334,0.02666666666666667,0.013333333333333334,0.031111111111111114
p3_unsharp,480,20260817,75,75,0.6,0.02666666666666667,0.0,0.04,0.022222222222222223
p3_unsharp,481,20260817,75,75,0.75,0.013333333333333334,0.0,0.013333333333333334,0.008888888888888889
p3_unsharp,482,20260817,75,75,0.7,0.0,0.0,0.0,0.0
p3_unsharp,483,20260817,75,75,0.7,0.013333333333333334,0.013333333333333334,0.02666666666666667,0.017777777777777778
p3_unsharp,484,20260817,75,75,0.6,0.0,0.0,0.013333333333333334,0.0044444444444444444
p3_unsharp,485,20260817,75,75,0.7,0.0,0.0,0.0,0.0
p3_unsharp,486,20260817,75,75,0.75,0.0,0.0,0.0,0.0
p3_unsharp,487,20260817,75,75,0.8,0.0,0.0,0.0,0.0
p3_unsharp,488,20260817,75,75,0.7,0.0,0.0,0.0,0.0
p3_unsharp,489,20260817,75,75,0.7,0.013333333333333334,0.013333333333333334,0.0,0.008888888888888889
p3_unsharp,490,20260817,75,75,0.65,0.02666666666666667,0.013333333333333334,0.02666666666666667,0.022222222222222223
p3_unsharp,491,20260817,75,75,0.7,0.0,0.0,0.0,0.0
p3_unsharp,492,20260817,75,75,0.75,0.0,0.0,0.0,0.0
p3_unsharp,493,20260817,75,75,0.7,0.013333333333333334,0.0,0.013333333333333334,0.008888888888888889
p3_unsharp,494,20260817,75,75,0.7,0.013333333333333334,0.013333333333333334,0.013333333333333334,0.013333333333333334
p3_unsharp,495,20260817,75,75,0.75,0.0,0.0,0.0,0.0
p3_unsharp,496,20260817,75,75,0.75,0.0,0.0,0.0,0.0
p3_unsharp,497,20260817,75,75,0.7,0.013333333333333334,0.0,0.0,0.0044444444444444444
p3_unsharp,498,20260817,75,75,0.65,0.0,0.0,0.0,0.0
p3_unsharp,499,20260817,75,75,0.75,0.013333333333333334,0.0,0.013333333333333334,0.008888888888888889
p3_unsharp,500,20260817,75,75,0.65,0.013333333333333334,0.013333333333333334,0.013333333333333334,0.013333333333333334
p3_unsharp,501,20260817,75,75,0.7,0.0,0.0,0.013333333333333334,0.0044444444444444444
p3_unsharp,502,20260817,75,75,0.75,0.0,0.013333333333333334,0.013333333333333334,0.008888888888888889
p3_unsharp,503,20260817,75,75,0.7,0.013333333333333334,0.0,0.0,0.0044444444444444444
p3_unsharp,504,20260817,75,75,0.75,0.0,0.0,0.0,0.0
p3_unsharp,505,20260817,75,75,0.75,0.0,0.0,0.0,0.0
p3_unsharp,506,20260817,75,75,0.7,0.0,0.0,0.0,0.0
p3_unsharp,507,20260817,75,75,0.7,0.013333333333333334,0.0,0.013333333333333334,0.008888888888888889
p3_unsharp,508,20260817,75,75,0.75,0.013333333333333334,0.013333333333333334,0.0,0.008888888888888889
p3_unsharp,509,20260817,75,75,0.75,0.0,0.0,0.0,0.0
p3_unsharp,510,20260817,75,75,0.7,0.0,0.0,0.0,0.0
p3_unsharp,511,20260817,75,75,0.75,0.0,0.0,0.0,0.0
p3_unsharp,512,20260817,75,75,0.75,0.02666666666666667,0.0,0.02666666666666667,0.017777777777777778
p3_unsharp,513,20260817,75,75,0.75,0.013333333333333334,0.013333333333333334,0.0,0.008888888888888889
p3_unsharp,514,20260817,75,75,0.7,0.0,0.0,0.0,0.0
p3_unsharp,515,20260817,75,75,0.75,0.0,0.0,0.0,0.0
p3_unsharp,516,20260817,75,75,0.75,0.013333333333333334,0.0,0.013333333333333334,0.008888888888888889
p3_unsharp,517,20260817,75,75,0.75,0.0,0.0,0.0,0.0
p3_unsharp,518,20260817,75,75,0.6,0.04,0.0,0.013333333333333334,0.017777777777777778
p3_unsharp,519,20260817,75,75,0.75,0.0,0.0,0.0,0.0
p3_unsharp,520,20260817,75,75,0.7,0.013333333333333334,0.013333333333333334,0.02666666666666667,0.017777777777777778
p3_unsharp,521,20260817,75,75,0.75,0.0,0.0,0.0,0.0
p3_unsharp,522,20260817,75,75,0.75,0.0,0.0,0.0,0.0
p3_unsharp,523,20260817,75,75,0.7,0.0,0.0,0.013333333333333334,0.0044444444444444444
p3_unsharp,524,20260817,75,75,0.7,0.013333333333333334,0.013333333333333334,0.04,0.022222222222222223
p3_unsharp,525,20260817,75,75,0.75,0.0,0.0,0.0,0.0
p3_unsharp,526,20260817,75,75,0.65,0.0,0.0,0.02666666666666667,0.008888888888888889
p3_unsharp,527,20260817,75,75,0.7,0.0,0.0,0.02666666666666667,0.008888888888888889
p3_unsharp,528,20260817,75,75,0.7,0.013333333333333334,0.0,0.013333333333333334,0.008888888888888889
p3_unsharp,529,20260817,75,75,0.6,0.013333333333333334,0.013333333333333334,0.04,0.022222222222222223
p3_unsharp,530,20260817,75,75,0.55,0.05333333333333334,0.04,0.05333333333333334,0.04888888888888889
p3_unsharp,531,20260817,75,75,0.65,0.02666666666666667,0.0,0.02666666666666667,0.017777777777777778
p3_unsharp,532,20260817,75,75,0.8,0.0,0.0,0.0,0.0
p3_unsharp,533,20260817,75,75,0.7,0.05333333333333334,0.02666666666666667,0.02666666666666667,0.035555555555555556
p3_unsharp,534,20260817,75,75,0.75,0.0,0.0,0.0,0.0
p3_unsharp,535,20260817,75,75,0.75,0.0,0.0,0.0,0.0
p3_unsharp,536,20260817,75,75,0.7,0.0,0.0,0.013333333333333334,0.0044444444444444444
p3_unsharp,537,20260817,75,75,0.7,0.0,0.0,0.0,0.0
p3_unsharp,538,20260817,75,75,0.75,0.0,0.0,0.0,0.0
p3_unsharp,539,20260817,75,75,0.75,0.0,0.013333333333333334,0.013333333333333334,0.008888888888888889
p3_unsharp,540,20260817,75,75,0.75,0.0,0.0,0.0,0.0
p3_unsharp,541,20260817,75,75,0.75,0.0,0.0,0.0,0.0
p3_unsharp,542,20260817,75,75,0.75,0.0,0.013333333333333334,0.013333333333333334,0.008888888888888889
p3_unsharp,543,20260817,75,75,0.7,0.013333333333333334,0.013333333333333334,0.013333333333333334,0.013333333333333334
p3_unsharp,544,20260817,75,75,0.75,0.0,0.0,0.0,0.0
p3_unsharp,545,20260817,75,75,0.8,0.0,0.0,0.0,0.0
p3_unsharp,546,20260817,75,75,0.75,0.0,0.0,0.0,0.0
p3_unsharp,547,20260817,75,75,0.75,0.0,0.0,0.013333333333333334,0.0044444444444444444
p3_unsharp,548,20260817,75,75,0.75,0.0,0.0,0.0,0.0
p3_unsharp,549,20260817,75,75,0.7,0.0,0.0,0.0,0.0
p3_unsharp,550,20260817,75,75,0.7,0.0,0.0,0.0,0.0
p3_unsharp,551,20260817,75,75,0.75,0.0,0.0,0.0,0.0
p3_unsharp,552,20260817,75,75,0.6,0.06666666666666667,0.02666666666666667,0.05333333333333334,0.04888888888888889
p3_unsharp,553,20260817,75,75,0.6,0.02666666666666667,0.02666666666666667,0.04,0.031111111111111114
p3_unsharp,554,20260817,75,75,0.75,0.013333333333333334,0.0,0.013333333333333334,0.008888888888888889
p3_unsharp,555,20260817,75,75,0.75,0.013333333333333334,0.013333333333333334,0.04,0.022222222222222223
p3_unsharp,556,20260817,75,75,0.65,0.02666666666666667,0.0,0.013333333333333334,0.013333333333333334
p3_unsharp,557,20260817,75,75,0.7,0.02666666666666667,0.02666666666666667,0.013333333333333334,0.022222222222222223
p3_unsharp,558,20260817,75,75,0.7,0.013333333333333334,0.013333333333333334,0.02666666666666667,0.017777777777777778
p3_unsharp,559,20260817,75,75,0.7,0.0,0.0,0.0,0.0
p3_unsharp,560,20260817,75,75,0.75,0.0,0.0,0.0,0.0
p3_unsharp,561,20260817,75,75,0.6,0.013333333333333334,0.013333333333333334,0.02666666666666667,0.017777777777777778
p3_unsharp,562,20260817,75,75,0.8,0.0,0.0,0.0,0.0
p3_unsharp,563,20260817,75,75,0.8,0.0,0.0,0.0,0.0
p3_unsharp,564,20260817,75,75,0.75,0.0,0.0,0.0,0.0
p3_unsharp,565,20260817,75,75,0.8,0.0,0.0,0.0,0.0
p3_unsharp,566,20260817,75,75,0.7,0.0,0.0,0.0,0.0
p3_unsharp,567,20260817,75,75,0.75,0.0,0.0,0.0,0.0
p3_unsharp,568,20260817,75,75,0.75,0.013333333333333334,0.02666666666666667,0.013333333333333334,0.017777777777777778
p3_unsharp,569,20260817,75,75,0.7,0.02666666666666667,0.013333333333333334,0.05333333333333334,0.031111111111111114
p3_unsharp,570,20260817,75,75,0.75,0.0,0.0,0.0,0.0
p3_unsharp,571,20260817,75,75,0.75,0.013333333333333334,0.0,0.013333333333333334,0.008888888888888889
p3_unsharp,572,20260817,75,75,0.75,0.0,0.0,0.0,0.0
p3_unsharp,573,20260817,75,75,0.75,0.0,0.0,0.013333333333333334,0.0044444444444444444
p3_unsharp,574,20260817,75,75,0.7,0.0,0.0,0.013333333333333334,0.0044444444444444444
p3_unsharp,575,20260817,75,75,0.6,0.02666666666666667,0.02666666666666667,0.04,0.031111111111111114
p3_unsharp,576,20260817,75,75,0.75,0.0,0.0,0.0,0.0
p3_unsharp,577,20260817,75,75,0.65,0.013333333333333334,0.013333333333333334,0.02666666666666667,0.017777777777777778
p3_unsharp,578,20260817,75,75,0.8,0.0,0.0,0.0,0.0
p3_unsharp,579,20260817,75,75,0.7,0.013333333333333334,0.0,0.0,0.0044444444444444444
p3_unsharp,580,20260817,75,75,0.75,0.0,0.0,0.0,0.0
p3_unsharp,581,20260817,75,75,0.75,0.0,0.0,0.0,0.0
p3_unsharp,582,20260817,75,75,0.75,0.0,0.0,0.0,0.0
p3_unsharp,583,20260817,75,75,0.65,0.06666666666666667,0.04,0.06666666666666667,0.057777777777777775
p3_unsharp,584,20260817,75,75,0.7,0.0,0.0,0.013333333333333334,0.0044444444444444444
p3_unsharp,585,20260817,75,75,0.75,0.013333333333333334,0.0,0.013333333333333334,0.008888888888888889
p3_unsharp,586,20260817,75,75,0.75,0.0,0.0,0.0,0.0
p3_unsharp,587,20260817,75,75,0.75,0.0,0.0,0.0,0.0
p3_unsharp,588,20260817,75,75,0.55,0.04,0.04,0.08,0.05333333333333334
p3_unsharp,589,20260817,75,75,0.6,0.05333333333333334,0.05333333333333334,0.02666666666666667,0.044444444444444446
p3_unsharp,590,20260817,75,75,0.65,0.04,0.013333333333333334,0.013333333333333334,0.022222222222222223
p3_unsharp,591,20260817,75,75,0.75,0.013333333333333334,0.0,0.013333333333333334,0.008888888888888889
p3_unsharp,592,20260817,75,75,0.75,0.0,0.0,0.0,0.0
p3_unsharp,593,20260817,75,75,0.75,0.0,0.0,0.0,0.0
p3_unsharp,594,20260817,75,75,0.7,0.02666666666666667,0.02666666666666667,0.013333333333333334,0.022222222222222223
p3_unsharp,595,20260817,75,75,0.7,0.0,0.0,0.013333333333333334,0.0044444444444444444
p3_unsharp,596,20260817,75,75,0.75,0.0,0.0,0.013333333333333334,0.0044444444444444444
p3_unsharp,597,20260817,75,75,0.75,0.013333333333333334,0.013333333333333334,0.0,0.008888888888888889
p3_unsharp,598,20260817,75,75,0.75,0.0,0.0,0.0,0.0
p3_unsharp,599,20260817,75,75,0.75,0.0,0.0,0.0,0.0
p3_unsharp,600,20260817,75,75,0.75,0.0,0.0,0.0,0.0
p3_unsharp,601,20260817,75,75,0.75,0.013333333333333334,0.013333333333333334,0.0,0.008888888888888889
p3_unsharp,602,20260817,75,75,0.7,0.0,0.0,0.0,0.0
p3_unsharp,603,20260817,75,75,0.75,0.0,0.0,0.0,0.0
p3_unsharp,604,20260817,75,75,0.75,0.0,0.0,0.0,0.0
p3_unsharp,605,20260817,75,75,0.7,0.013333333333333334,0.013333333333333334,0.013333333333333334,0.013333333333333334
p3_unsharp,606,20260817,75,75,0.7,0.013333333333333334,0.013333333333333334,0.0,0.008888888888888889
p3_unsharp,607,20260817,75,75,0.75,0.0,0.0,0.013333333333333334,0.0044444444444444444
p3_unsharp,608,20260817,75,75,0.65,0.013333333333333334,0.013333333333333334,0.013333333333333334,0.013333333333333334
p3_unsharp,609,20260817,75,75,0.75,0.0,0.0,0.0,0.0
p3_unsharp,610,20260817,75,75,0.7,0.0,0.0,0.013333333333333334,0.0044444444444444444
p3_unsharp,611,20260817,75,75,0.75,0.0,0.0,0.0,0.0
p3_unsharp,612,20260817,75,75,0.65,0.05333333333333334,0.02666666666666667,0.04,0.04
p3_unsharp,613,20260817,75,75,0.7,0.013333333333333334,0.013333333333333334,0.0,0.008888888888888889
p3_unsharp,614,20260817,75,75,0.65,0.013333333333333334,0.013333333333333334,0.02666666666666667,0.017777777777777778
p3_unsharp,615,20260817,75,75,0.75,0.013333333333333334,0.0,0.013333333333333334,0.008888888888888889
p3_unsharp,616,20260817,75,75,0.75,0.0,0.0,0.0,0.0
p3_unsharp,617,20260817,75,75,0.75,0.0,0.0,0.0,0.0
p3_unsharp,618,20260817,75,75,0.65,0.02666666666666667,0.02666666666666667,0.013333333333333334,0.022222222222222223
p3_unsharp,619,20260817,75,75,0.65,0.02666666666666667,0.0,0.02666666666666667,0.017777777777777778
p3_unsharp,620,20260817,75,75,0.65,0.0,0.0,0.0,0.0
p3_unsharp,621,20260817,75,75,0.8,0.0,0.0,0.0,0.0
p3_unsharp,622,20260817,75,75,0.75,0.0,0.0,0.013333333333333334,0.0044444444444444444
p3_unsharp,623,20260817,75,75,0.7,0.013333333333333334,0.013333333333333334,0.013333333333333334,0.013333333333333334
p3_unsharp,624,20260817,75,75,0.75,0.0,0.0,0.0,0.0
p3_unsharp,625,20260817,75,75,0.7,0.0,0.013333333333333334,0.013333333333333334,0.008888888888888889
p3_unsharp,626,20260817,75,75,0.75,0.0,0.0,0.0,0.0
p3_unsharp,627,20260817,75,75,0.75,0.0,0.0,0.0,0.0
p3_unsharp,628,20260817,75,75,0.7,0.02666666666666667,0.013333333333333334,0.0,0.013333333333333334
p3_unsharp,629,20260817,75,75,0.65,0.04,0.013333333333333334,0.013333333333333334,0.022222222222222223
p3_unsharp,630,20260817,75,75,0.7,0.013333333333333334,0.0,0.013333333333333334,0.008888888888888889
p3_unsharp,631,20260817,75,75,0.75,0.0,0.0,0.0,0.0
p3_unsharp,632,20260817,75,75,0.7,0.013333333333333334,0.013333333333333334,0.02666666666666667,0.017777777777777778
p3_unsharp,633,20260817,75,75,0.7,0.013333333333333334,0.0,0.0,0.0044444444444444444
p3_unsharp,634,20260817,75,75,0.7,0.02666666666666667,0.0,0.0,0.008888888888888889
p3_unsharp,635,20260817,75,75,0.8,0.0,0.0,0.013333333333333334,0.0044444444444444444
p3_unsharp,636,20260817,75,75,0.75,0.013333333333333334,0.0,0.013333333333333334,0.008888888888888889
p3_unsharp,637,20260817,75,75,0.75,0.0,0.0,0.0,0.0
p3_unsharp,638,20260817,75,75,0.75,0.0,0.0,0.0,0.0
p3_unsharp,639,20260817,75,75,0.6,0.013333333333333334,0.013333333333333334,0.013333333333333334,0.013333333333333334
p3_unsharp,640,20260817,75,75,0.65,0.02666666666666667,0.013333333333333334,0.013333333333333334,0.017777777777777778
p3_unsharp,641,20260817,75,75,0.8,0.0,0.0,0.0,0.0
p3_unsharp,642,20260817,75,75,0.7,0.013333333333333334,0.0,0.0,0.0044444444444444444
p3_unsharp,643,20260817,75,75,0.75,0.0,0.0,0.0,0.0
p3_unsharp,644,20260817,75,75,0.6,0.02666666666666667,0.02666666666666667,0.04,0.031111111111111114
p3_unsharp,645,20260817,75,75,0.65,0.0,0.0,0.0,0.0
p3_unsharp,646,20260817,75,75,0.7,0.0,0.0,0.0,0.0
p3_unsharp,647,20260817,75,75,0.6,0.04,0.0,0.02666666666666667,0.022222222222222223
p3_unsharp,648,20260817,75,75,0.6,0.05333333333333334,0.02666666666666667,0.04,0.04
p3_unsharp,649,20260817,75,75,0.75,0.0,0.0,0.0,0.0
p3_unsharp,650,20260817,75,75,0.7,0.02666666666666667,0.02666666666666667,0.02666666666666667,0.02666666666666667
p3_unsharp,651,20260817,75,75,0.65,0.02666666666666667,0.0,0.013333333333333334,0.013333333333333334
p3_unsharp,652,20260817,75,75,0.75,0.0,0.0,0.0,0.0
p3_unsharp,653,20260817,75,75,0.65,0.02666666666666667,0.013333333333333334,0.0,0.013333333333333334
p3_unsharp,654,20260817,75,75,0.75,0.013333333333333334,0.0,0.013333333333333334,0.008888888888888889
p3_unsharp,655,20260817,75,75,0.75,0.013333333333333334,0.0,0.013333333333333334,0.008888888888888889
p3_unsharp,656,20260817,75,75,0.7,0.0,0.0,0.0,0.0
p3_unsharp,657,20260817,75,75,0.75,0.0,0.0,0.0,0.0
p3_unsharp,658,20260817,75,75,0.7,0.013333333333333334,0.013333333333333334,0.013333333333333334,0.013333333333333334
p3_unsharp,659,20260817,75,75,0.75,0.0,0.013333333333333334,0.013333333333333334,0.008888888888888889
p3_unsharp,660,20260817,75,75,0.7,0.0,0.0,0.013333333333333334,0.0044444444444444444
p3_unsharp,661,20260817,75,75,0.75,0.0,0.0,0.0,0.0
p3_unsharp,662,20260817,75,75,0.7,0.02666666666666667,0.013333333333333334,0.013333333333333334,0.017777777777777778
p3_unsharp,663,20260817,75,75,0.7,0.02666666666666667,0.0,0.02666666666666667,0.017777777777777778
p3_unsharp,664,20260817,75,75,0.75,0.013333333333333334,0.013333333333333334,0.0,0.008888888888888889
p3_unsharp,665,20260817,75,75,0.75,0.0,0.013333333333333334,0.02666666666666667,0.013333333333333334
p3_unsharp,666,20260817,75,75,0.75,0.0,0.0,0.0,0.0
p3_unsharp,667,20260817,75,75,0.7,0.013333333333333334,0.0,0.013333333333333334,0.008888888888888889
p3_unsharp,668,20260817,75,75,0.7,0.0,0.0,0.013333333333333334,0.0044444444444444444
p3_unsharp,669,20260817,75,75,0.7,0.0,0.013333333333333334,0.0,0.0044444444444444444
p3_unsharp,670,20260817,75,75,0.65,0.0,0.0,0.0,0.0
p3_unsharp,671,20260817,75,75,0.65,0.0,0.0,0.013333333333333334,0.0044444444444444444
p3_unsharp,672,20260817,75,75,0.7,0.0,0.013333333333333334,0.0,0.0044444444444444444
p3_unsharp,673,20260817,75,75,0.75,0.013333333333333334,0.0,0.013333333333333334,0.008888888888888889
p3_unsharp,674,20260817,75,75,0.75,0.0,0.0,0.0,0.0
p3_unsharp,675,20260817,75,75,0.8,0.0,0.0,0.0,0.0
p3_unsharp,676,20260817,75,75,0.75,0.013333333333333334,0.013333333333333334,0.0,0.008888888888888889
p3_unsharp,677,20260817,75,75,0.7,0.0,0.0,0.0,0.0
p3_unsharp,678,20260817,75,75,0.7,0.013333333333333334,0.0,0.0,0.0044444444444444444
p3_unsharp,679,20260817,75,75,0.7,0.0,0.0,0.02666666666666667,0.008888888888888889
p3_unsharp,680,20260817,75,75,0.75,0.0,0.0,0.0,0.0
p3_unsharp,681,20260817,75,75,0.75,0.0,0.0,0.0,0.0
p3_unsharp,682,20260817,75,75,0.75,0.0,0.013333333333333334,0.02666666666666667,0.013333333333333334
p3_unsharp,683,20260817,75,75,0.75,0.0,0.0,0.0,0.0
p3_unsharp,684,20260817,75,75,0.75,0.0,0.0,0.0,0.0
p3_unsharp,685,20260817,75,75,0.75,0.0,0.0,0.0,0.0
p3_unsharp,686,20260817,75,75,0.65,0.0,0.013333333333333334,0.0,0.0044444444444444444
p3_unsharp,687,20260817,75,75,0.7,0.0,0.0,0.0,0.0
p3_unsharp,688,20260817,75,75,0.75,0.0,0.0,0.0,0.0
p3_unsharp,689,20260817,75,75,0.8,0.0,0.0,0.0,0.0
p3_unsharp,690,20260817,75,75,0.75,0.0,0.0,0.013333333333333334,0.0044444444444444444
p3_unsharp,691,20260817,75,75,0.8,0.0,0.0,0.0,0.0
p3_unsharp,692,20260817,75,75,0.75,0.013333333333333334,0.013333333333333334,0.02666666666666667,0.017777777777777778
p3_unsharp,693,20260817,75,75,0.75,0.013333333333333334,0.0,0.013333333333333334,0.008888888888888889
p3_unsharp,694,20260817,75,75,0.75,0.0,0.0,0.0,0.0
p3_unsharp,695,20260817,75,75,0.75,0.0,0.0,0.0,0.0
p3_unsharp,696,20260817,75,75,0.7,0.02666666666666667,0.013333333333333334,0.013333333333333334,0.017777777777777778
p3_unsharp,697,20260817,75,75,0.75,0.0,0.0,0.0,0.0
p3_unsharp,698,20260817,75,75,0.7,0.0,0.0,0.0,0.0
p3_unsharp,699,20260817,75,75,0.7,0.013333333333333334,0.0,0.02666666666666667,0.013333333333333334
p3_unsharp,700,20260817,75,75,0.7,0.0,0.0,0.02666666666666667,0.008888888888888889
p3_unsharp,701,20260817,75,75,0.65,0.02666666666666667,0.0,0.0,0.008888888888888889
p3_unsharp,702,20260817,75,75,0.75,0.0,0.013333333333333334,0.02666666666666667,0.013333333333333334
p3_unsharp,703,20260817,75,75,0.7,0.013333333333333334,0.013333333333333334,0.04,0.022222222222222223
p3_unsharp,704,20260817,75,75,0.75,0.0,0.0,0.0,0.0
p3_unsharp,705,20260817,75,75,0.75,0.0,0.0,0.0,0.0
p3_unsharp,706,20260817,75,75,0.6,0.04,0.0,0.02666666666666667,0.022222222222222223
p3_unsharp,707,20260817,75,75,0.8,0.0,0.0,0.0,0.0
p3_unsharp,708,20260817,75,75,0.65,0.013333333333333334,0.013333333333333334,0.013333333333333334,0.013333333333333334
p3_unsharp,709,20260817,75,75,0.75,0.0,0.0,0.0,0.0
p3_unsharp,710,20260817,75,75,0.75,0.02666666666666667,0.0,0.02666666666666667,0.017777777777777778
p3_unsharp,711,20260817,75,75,0.65,0.0,0.02666666666666667,0.013333333333333334,0.013333333333333334
p3_unsharp,712,20260817,75,75,0.7,0.0,0.0,0.013333333333333334,0.0044444444444444444
p3_unsharp,713,20260817,75,75,0.75,0.0,0.0,0.0,0.0
p3_unsharp,714,20260817,75,75,0.6,0.013333333333333334,0.013333333333333334,0.013333333333333334,0.013333333333333334
p3_unsharp,715,20260817,75,75,0.7,0.0,0.0,0.0,0.0
p3_unsharp,716,20260817,75,75,0.65,0.0,0.013333333333333334,0.0,0.0044444444444444444
p3_unsharp,717,20260817,75,75,0.7,0.0,0.0,0.0,0.0
p3_unsharp,718,20260817,75,75,0.7,0.013333333333333334,0.0,0.013333333333333334,0.008888888888888889
p3_unsharp,719,20260817,75,75,0.75,0.0,0.0,0.0,0.0
p3_unsharp,720,20260817,75,75,0.75,0.0,0.0,0.0,0.0
p3_unsharp,721,20260817,75,75,0.65,0.04,0.013333333333333334,0.0,0.017777777777777778
p3_unsharp,722,20260817,75,75,0.7,0.0,0.0,0.0,0.0
p3_unsharp,723,20260817,75,75,0.65,0.04,0.04,0.04,0.04
p3_unsharp,724,20260817,75,75,0.7,0.02666666666666667,0.013333333333333334,0.0,0.013333333333333334
p3_unsharp,725,20260817,75,75,0.75,0.0,0.0,0.0,0.0
p3_unsharp,726,20260817,75,75,0.75,0.0,0.0,0.0,0.0
p3_unsharp,727,20260817,75,75,0.6,0.05333333333333334,0.04,0.04,0.044444444444444446
p3_unsharp,728,20260817,75,75,0.75,0.0,0.0,0.0,0.0
p3_unsharp,729,20260817,75,75,0.7,0.0,0.0,0.0,0.0
p3_unsharp,730,20260817,75,75,0.7,0.013333333333333334,0.0,0.013333333333333334,0.008888888888888889
p3_unsharp,731,20260817,75,75,0.6,0.02666666666666667,0.0,0.02666666666666667,0.017777777777777778
p3_unsharp,732,20260817,75,75,0.65,0.0,0.0,0.0,0.0
p3_unsharp,733,20260817,75,75,0.7,0.0,0.0,0.013333333333333334,0.0044444444444444444
p3_unsharp,734,20260817,75,75,0.8,0.0,0.0,0.0,0.0
p3_unsharp,735,20260817,75,75,0.65,0.013333333333333334,0.0,0.02666666666666667,0.013333333333333334
p3_unsharp,736,20260817,75,75,0.75,0.013333333333333334,0.0,0.013333333333333334,0.008888888888888889
p3_unsharp,737,20260817,75,75,0.7,0.013333333333333334,0.0,0.013333333333333334,0.008888888888888889
p3_unsharp,738,20260817,75,75,0.7,0.013333333333333334,0.0,0.0,0.0044444444444444444
p3_unsharp,739,20260817,75,75,0.75,0.0,0.0,0.0,0.0
p3_unsharp,740,20260817,75,75,0.8,0.0,0.0,0.0,0.0
p3_unsharp,741,20260817,75,75,0.65,0.05333333333333334,0.04,0.02666666666666667,0.04
p3_unsharp,742,20260817,75,75,0.7,0.0,0.0,0.013333333333333334,0.0044444444444444444
p3_unsharp,743,20260817,75,75,0.75,0.013333333333333334,0.0,0.013333333333333334,0.008888888888888889
p3_unsharp,744,20260817,75,75,0.75,0.013333333333333334,0.0,0.013333333333333334,0.008888888888888889
p3_unsharp,745,20260817,75,75,0.6,0.08,0.02666666666666667,0.04,0.04888888888888889
p3_unsharp,746,20260817,75,75,0.7,0.0,0.0,0.013333333333333334,0.0044444444444444444
p3_unsharp,747,20260817,75,75,0.75,0.013333333333333334,0.0,0.013333333333333334,0.008888888888888889
p3_unsharp,748,20260817,75,75,0.7,0.0,0.0,0.013333333333333334,0.0044444444444444444
p3_unsharp,749,20260817,75,75,0.7,0.0,0.0,0.0,0.0
p3_unsharp,750,20260817,75,75,0.7,0.013333333333333334,0.0,0.0,0.0044444444444444444
p3_unsharp,751,20260817,75,75,0.75,0.0,0.0,0.0,0.0
p3_unsharp,752,20260817,75,75,0.8,0.0,0.0,0.0,0.0
p3_unsharp,753,20260817,75,75,0.7,0.013333333333333334,0.0,0.013333333333333334,0.008888888888888889
p3_unsharp,754,20260817,75,75,0.8,0.0,0.0,0.0,0.0
p3_unsharp,755,20260817,75,75,0.75,0.0,0.0,0.0,0.0
p3_unsharp,756,20260817,75,75,0.75,0.013333333333333334,0.0,0.013333333333333334,0.008888888888888889
p3_unsharp,757,20260817,75,75,0.8,0.0,0.0,0.0,0.0
p3_unsharp,758,20260817,75,75,0.7,0.0,0.0,0.0,0.0
p3_unsharp,759,20260817,75,75,0.7,0.013333333333333334,0.02666666666666667,0.013333333333333334,0.017777777777777778
p3_unsharp,760,20260817,75,75,0.75,0.0,0.0,0.0,0.0
p3_unsharp,761,20260817,75,75,0.7,0.013333333333333334,0.013333333333333334,0.02666666666666667,0.017777777777777778
p3_unsharp,762,20260817,75,75,0.75,0.0,0.0,0.0,0.0
p3_unsharp,763,20260817,75,75,0.75,0.0,0.0,0.0,0.0
p3_unsharp,764,20260817,75,75,0.75,0.0,0.013333333333333334,0.013333333333333334,0.008888888888888889
p3_unsharp,765,20260817,75,75,0.75,0.0,0.0,0.0,0.0
p3_unsharp,766,20260817,75,75,0.7,0.0,0.0,0.013333333333333334,0.0044444444444444444
p3_unsharp,767,20260817,75,75,0.7,0.0,0.0,0.0,0.0
p3_unsharp,768,20260817,75,75,0.75,0.0,0.0,0.013333333333333334,0.0044444444444444444
p3_unsharp,769,20260817,75,75,0.7,0.013333333333333334,0.013333333333333334,0.0,0.008888888888888889
p3_unsharp,770,20260817,75,75,0.75,0.0,0.0,0.0,0.0
p3_unsharp,771,20260817,75,75,0.7,0.0,0.0,0.0,0.0
p3_unsharp,772,20260817,75,75,0.65,0.0,0.0,0.013333333333333334,0.0044444444444444444
p3_unsharp,773,20260817,75,75,0.7,0.013333333333333334,0.013333333333333334,0.013333333333333334,0.013333333333333334
p3_unsharp,774,20260817,75,75,0.75,0.013333333333333334,0.0,0.013333333333333334,0.008888888888888889
p3_unsharp,775,20260817,75,75,0.75,0.013333333333333334,0.0,0.013333333333333334,0.008888888888888889
p3_unsharp,776,20260817,75,75,0.75,0.0,0.0,0.0,0.0
p3_unsharp,777,20260817,75,75,0.65,0.04,0.04,0.04,0.04
p3_unsharp,778,20260817,75,75,0.7,0.013333333333333334,0.0,0.0,0.0044444444444444444
p3_unsharp,779,20260817,75,75,0.75,0.0,0.0,0.0,0.0
p3_unsharp,780,20260817,75,75,0.7,0.013333333333333334,0.013333333333333334,0.0,0.008888888888888889
p3_unsharp,781,20260817,75,75,0.7,0.0,0.0,0.013333333333333334,0.0044444444444444444
p3_unsharp,782,20260817,75,75,0.65,0.02666666666666667,0.013333333333333334,0.013333333333333334,0.017777777777777778
p3_unsharp,783,20260817,75,75,0.8,0.0,0.0,0.0,0.0
p3_unsharp,784,20260817,75,75,0.75,0.0,0.0,0.0,0.0
p3_unsharp,785,20260817,75,75,0.65,0.013333333333333334,0.013333333333333334,0.013333333333333334,0.013333333333333334
p3_unsharp,786,20260817,75,75,0.7,0.013333333333333334,0.0,0.0,0.0044444444444444444
p3_unsharp,787,20260817,75,75,0.75,0.0,0.013333333333333334,0.013333333333333334,0.008888888888888889
p3_unsharp,788,20260817,75,75,0.7,0.013333333333333334,0.0,0.0,0.0044444444444444444
p3_unsharp,789,20260817,75,75,0.75,0.0,0.0,0.0,0.0
p3_unsharp,790,20260817,75,75,0.7,0.02666666666666667,0.02666666666666667,0.0,0.017777777777777778
p3_unsharp,791,20260817,75,75,0.65,0.04,0.0,0.013333333333333334,0.017777777777777778
p3_unsharp,792,20260817,75,75,0.75,0.0,0.0,0.0,0.0
p3_unsharp,793,20260817,75,75,0.8,0.0,0.0,0.013333333333333334,0.0044444444444444444
p3_unsharp,794,20260817,75,75,0.7,0.013333333333333334,0.0,0.02666666666666667,0.013333333333333334
p3_unsharp,795,20260817,75,75,0.75,0.0,0.0,0.013333333333333334,0.0044444444444444444
p3_unsharp,796,20260817,75,75,0.6,0.05333333333333334,0.013333333333333334,0.05333333333333334,0.04
p3_unsharp,797,20260817,75,75,0.75,0.0,0.0,0.0,0.0
p3_unsharp,798,20260817,75,75,0.7,0.02666666666666667,0.0,0.04,0.022222222222222223
p3_unsharp,799,20260817,75,75,0.65,0.013333333333333334,0.0,0.013333333333333334,0.008888888888888889
p3_unsharp,800,20260817,75,75,0.7,0.0,0.0,0.0,0.0
p3_unsharp,801,20260817,75,75,0.65,0.013333333333333334,0.0,0.013333333333333334,0.008888888888888889
p3_unsharp,802,20260817,75,75,0.75,0.013333333333333334,0.0,0.013333333333333334,0.008888888888888889
p3_unsharp,803,20260817,75,75,0.75,0.0,0.0,0.0,0.0
p3_unsharp,804,20260817,75,75,0.75,0.0,0.0,0.0,0.0
p3_unsharp,805,20260817,75,75,0.75,0.0,0.0,0.0,0.0
p3_unsharp,806,20260817,75,75,0.7,0.013333333333333334,0.0,0.013333333333333334,0.008888888888888889
p3_unsharp,807,20260817,75,75,0.75,0.0,0.0,0.013333333333333334,0.0044444444444444444
p3_unsharp,808,20260817,75,75,0.75,0.0,0.0,0.0,0.0
p3_unsharp,809,20260817,75,75,0.75,0.0,0.0,0.0,0.0
p3_unsharp,810,20260817,75,75,0.75,0.0,0.0,0.0,0.0
p3_unsharp,811,20260817,75,75,0.75,0.0,0.0,0.0,0.0
p3_unsharp,812,20260817,75,75,0.75,0.0,0.013333333333333334,0.013333333333333334,0.008888888888888889
p3_unsharp,813,20260817,75,75,0.75,0.02666666666666667,0.0,0.02666666666666667,0.017777777777777778
p3_unsharp,814,20260817,75,75,0.75,0.0,0.0,0.0,0.0
p3_unsharp,815,20260817,75,75,0.7,0.0,0.0,0.02666666666666667,0.008888888888888889
p3_unsharp,816,20260817,75,75,0.65,0.013333333333333334,0.0,0.013333333333333334,0.008888888888888889
p3_unsharp,817,20260817,75,75,0.75,0.0,0.0,0.0,0.0
p3_unsharp,818,20260817,75,75,0.65,0.05333333333333334,0.02666666666666667,0.05333333333333334,0.044444444444444446
p3_unsharp,819,20260817,75,75,0.6,0.05333333333333334,0.0,0.05333333333333334,0.035555555555555556
p3_unsharp,820,20260817,75,75,0.75,0.0,0.0,0.0,0.0
p3_unsharp,821,20260817,75,75,0.7,0.0,0.0,0.0,0.0
p3_unsharp,822,20260817,75,75,0.8,0.0,0.0,0.0,0.0
p3_unsharp,823,20260817,75,75,0.7,0.0,0.0,0.013333333333333334,0.0044444444444444444
p3_unsharp,824,20260817,75,75,0.7,0.0,0.0,0.0,0.0
p3_unsharp,825,20260817,75,75,0.75,0.0,0.0,0.013333333333333334,0.0044444444444444444
p3_unsharp,826,20260817,75,75,0.65,0.0,0.0,0.0,0.0
p3_unsharp,827,20260817,75,75,0.8,0.0,0.0,0.0,0.0
p3_unsharp,828,20260817,75,75,0.75,0.0,0.0,0.0,0.0
p3_unsharp,829,20260817,75,75,0.7,0.013333333333333334,0.013333333333333334,0.013333333333333334,0.013333333333333334
p3_unsharp,830,20260817,75,75,0.7,0.0,0.0,0.0,0.0
p3_unsharp,831,20260817,75,75,0.75,0.0,0.0,0.0,0.0
p3_unsharp,832,20260817,75,75,0.75,0.0,0.013333333333333334,0.013333333333333334,0.008888888888888889
p3_unsharp,833,20260817,75,75,0.7,0.0,0.0,0.013333333333333334,0.0044444444444444444
p3_unsharp,834,20260817,75,75,0.75,0.0,0.0,0.013333333333333334,0.0044444444444444444
p3_unsharp,835,20260817,75,75,0.75,0.0,0.0,0.0,0.0
p3_unsharp,836,20260817,75,75,0.7,0.013333333333333334,0.0,0.013333333333333334,0.008888888888888889
p3_unsharp,837,20260817,75,75,0.6,0.02666666666666667,0.0,0.013333333333333334,0.013333333333333334
p3_unsharp,838,20260817,75,75,0.65,0.02666666666666667,0.02666666666666667,0.04,0.031111111111111114
p3_unsharp,839,20260817,75,75,0.7,0.013333333333333334,0.0,0.02666666666666667,0.013333333333333334
p3_unsharp,840,20260817,75,75,0.65,0.013333333333333334,0.013333333333333334,0.0,0.008888888888888889
p3_unsharp,841,20260817,75,75,0.65,0.02666666666666667,0.02666666666666667,0.02666666666666667,0.02666666666666667
p3_unsharp,842,20260817,75,75,0.65,0.013333333333333334,0.02666666666666667,0.02666666666666667,0.022222222222222223
p3_unsharp,843,20260817,75,75,0.7,0.02666666666666667,0.013333333333333334,0.0,0.013333333333333334
p3_unsharp,844,20260817,75,75,0.75,0.0,0.0,0.0,0.0
p3_unsharp,845,20260817,75,75,0.6,0.02666666666666667,0.013333333333333334,0.013333333333333334,0.017777777777777778
p3_unsharp,846,20260817,75,75,0.7,0.02666666666666667,0.013333333333333334,0.013333333333333334,0.017777777777777778
p3_unsharp,847,20260817,75,75,0.7,0.013333333333333334,0.0,0.02666666666666667,0.013333333333333334
p3_unsharp,848,20260817,75,75,0.75,0.0,0.0,0.0,0.0
p3_unsharp,849,20260817,75,75,0.75,0.0,0.013333333333333334,0.013333333333333334,0.008888888888888889
p3_unsharp,850,20260817,75,75,0.75,0.0,0.0,0.0,0.0
p3_unsharp,851,20260817,75,75,0.6,0.09333333333333334,0.04,0.05333333333333334,0.06222222222222223
p3_unsharp,852,20260817,75,75,0.65,0.013333333333333334,0.0,0.02666666666666667,0.013333333333333334
p3_unsharp,853,20260817,75,75,0.7,0.013333333333333334,0.0,0.013333333333333334,0.008888888888888889
p3_unsharp,854,20260817,75,75,0.7,0.02666666666666667,0.0,0.0,0.008888888888888889
p3_unsharp,855,20260817,75,75,0.8,0.0,0.0,0.0,0.0
p3_unsharp,856,20260817,75,75,0.75,0.0,0.0,0.0,0.0
p3_unsharp,857,20260817,75,75,0.75,0.0,0.0,0.0,0.0
p3_unsharp,858,20260817,75,75,0.75,0.013333333333333334,0.0,0.02666666666666667,0.013333333333333334
p3_unsharp,859,20260817,75,75,0.75,0.0,0.0,0.0,0.0
p3_unsharp,860,20260817,75,75,0.65,0.0,0.0,0.0,0.0
p3_unsharp,861,20260817,75,75,0.7,0.013333333333333334,0.0,0.013333333333333334,0.008888888888888889
p3_unsharp,862,20260817,75,75,0.65,0.04,0.04,0.013333333333333334,0.03111111111111111
p3_unsharp,863,20260817,75,75,0.7,0.013333333333333334,0.0,0.0,0.0044444444444444444
p3_unsharp,864,20260817,75,75,0.8,0.0,0.0,0.0,0.0
p3_unsharp,865,20260817,75,75,0.7,0.0,0.0,0.0,0.0
p3_unsharp,866,20260817,75,75,0.75,0.0,0.0,0.0,0.0
p3_unsharp,867,20260817,75,75,0.7,0.013333333333333334,0.0,0.02666666666666667,0.013333333333333334
p3_unsharp,868,20260817,75,75,0.7,0.04,0.013333333333333334,0.02666666666666667,0.02666666666666667
p3_unsharp,869,20260817,75,75,0.7,0.013333333333333334,0.013333333333333334,0.0,0.008888888888888889
p3_unsharp,870,20260817,75,75,0.7,0.013333333333333334,0.0,0.013333333333333334,0.008888888888888889
p3_unsharp,871,20260817,75,75,0.75,0.0,0.0,0.0,0.0
p3_unsharp,872,20260817,75,75,0.75,0.0,0.0,0.013333333333333334,0.0044444444444444444
p3_unsharp,873,20260817,75,75,0.75,0.0,0.0,0.0,0.0
p3_unsharp,874,20260817,75,75,0.65,0.04,0.02666666666666667,0.0,0.022222222222222223
p3_unsharp,875,20260817,75,75,0.65,0.0,0.013333333333333334,0.0,0.0044444444444444444
p3_unsharp,876,20260817,75,75,0.6,0.05333333333333334,0.013333333333333334,0.04,0.035555555555555556
p3_unsharp,877,20260817,75,75,0.7,0.02666666666666667,0.0,0.02666666666666667,0.017777777777777778
p3_unsharp,878,20260817,75,75,0.75,0.0,0.0,0.0,0.0
p3_unsharp,879,20260817,75,75,0.75,0.013333333333333334,0.013333333333333334,0.0,0.008888888888888889
p3_unsharp,880,20260817,75,75,0.7,0.02666666666666667,0.013333333333333334,0.04,0.02666666666666667
p3_unsharp,881,20260817,75,75,0.75,0.0,0.0,0.0,0.0
p3_unsharp,882,20260817,75,75,0.65,0.013333333333333334,0.013333333333333334,0.0,0.008888888888888889
p3_unsharp,883,20260817,75,75,0.65,0.013333333333333334,0.0,0.0,0.0044444444444444444
p3_unsharp,884,20260817,75,75,0.8,0.0,0.0,0.0,0.0
p3_unsharp,885,20260817,75,75,0.65,0.02666666666666667,0.02666666666666667,0.013333333333333334,0.022222222222222223
p3_unsharp,886,20260817,75,75,0.8,0.0,0.0,0.0,0.0
p3_unsharp,887,20260817,75,75,0.7,0.0,0.013333333333333334,0.0,0.0044444444444444444
p3_unsharp,888,20260817,75,75,0.65,0.013333333333333334,0.013333333333333334,0.013333333333333334,0.013333333333333334
p3_unsharp,889,20260817,75,75,0.7,0.0,0.0,0.0,0.0
p3_unsharp,890,20260817,75,75,0.75,0.0,0.0,0.0,0.0
p3_unsharp,891,20260817,75,75,0.75,0.0,0.0,0.0,0.0
p3_unsharp,892,20260817,75,75,0.65,0.013333333333333334,0.013333333333333334,0.013333333333333334,0.013333333333333334
p3_unsharp,893,20260817,75,75,0.6,0.013333333333333334,0.013333333333333334,0.013333333333333334,0.013333333333333334
p3_unsharp,894,20260817,75,75,0.75,0.0,0.0,0.0,0.0
p3_unsharp,895,20260817,75,75,0.8,0.0,0.0,0.0,0.0
p3_unsharp,896,20260817,75,75,0.65,0.02666666666666667,0.013333333333333334,0.0,0.013333333333333334
p3_unsharp,897,20260817,75,75,0.65,0.013333333333333334,0.0,0.013333333333333334,0.008888888888888889
p3_unsharp,898,20260817,75,75,0.7,0.013333333333333334,0.0,0.0,0.0044444444444444444
p3_unsharp,899,20260817,75,75,0.75,0.0,0.0,0.0,0.0
p3_unsharp,900,20260817,75,75,0.65,0.013333333333333334,0.0,0.02666666666666667,0.013333333333333334
p3_unsharp,901,20260817,75,75,0.75,0.0,0.0,0.0,0.0
p3_unsharp,902,20260817,75,75,0.75,0.0,0.0,0.0,0.0
p3_unsharp,903,20260817,75,75,0.65,0.0,0.013333333333333334,0.013333333333333334,0.008888888888888889
p3_unsharp,904,20260817,75,75,0.65,0.0,0.013333333333333334,0.013333333333333334,0.008888888888888889
p3_unsharp,905,20260817,75,75,0.75,0.0,0.0,0.0,0.0
p3_unsharp,906,20260817,75,75,0.8,0.0,0.0,0.0,0.0
p3_unsharp,907,20260817,75,75,0.75,0.0,0.0,0.0,0.0
p3_unsharp,908,20260817,75,75,0.75,0.0,0.0,0.0,0.0
p3_unsharp,909,20260817,75,75,0.75,0.0,0.0,0.0,0.0
p3_unsharp,910,20260817,75,75,0.8,0.0,0.0,0.0,0.0
p3_unsharp,911,20260817,75,75,0.75,0.0,0.013333333333333334,0.013333333333333334,0.008888888888888889
p3_unsharp,912,20260817,75,75,0.8,0.0,0.0,0.0,0.0
p3_unsharp,913,20260817,75,75,0.7,0.0,0.0,0.013333333333333334,0.0044444444444444444
p3_unsharp,914,20260817,75,75,0.7,0.0,0.0,0.013333333333333334,0.0044444444444444444
p3_unsharp,915,20260817,75,75,0.75,0.0,0.0,0.013333333333333334,0.0044444444444444444
p3_unsharp,916,20260817,75,75,0.75,0.013333333333333334,0.0,0.013333333333333334,0.008888888888888889
p3_unsharp,917,20260817,75,75,0.7,0.0,0.0,0.0,0.0
p3_unsharp,918,20260817,75,75,0.7,0.013333333333333334,0.0,0.02666666666666667,0.013333333333333334
p3_unsharp,919,20260817,75,75,0.75,0.0,0.0,0.0,0.0
p3_unsharp,920,20260817,75,75,0.75,0.0,0.0,0.0,0.0
p3_unsharp,921,20260817,75,75,0.8,0.0,0.0,0.0,0.0
p3_unsharp,922,20260817,75,75,0.65,0.0,0.0,0.013333333333333334,0.0044444444444444444
p3_unsharp,923,20260817,75,75,0.8,0.0,0.0,0.0,0.0
p3_unsharp,924,20260817,75,75,0.7,0.0,0.0,0.013333333333333334,0.0044444444444444444
p3_unsharp,925,20260817,75,75,0.75,0.0,0.0,0.0,0.0
p3_unsharp,926,20260817,75,75,0.65,0.05333333333333334,0.013333333333333334,0.02666666666666667,0.031111111111111114
p3_unsharp,927,20260817,75,75,0.8,0.0,0.0,0.013333333333333334,0.0044444444444444444
p3_unsharp,928,20260817,75,75,0.75,0.0,0.0,0.0,0.0
p3_unsharp,929,20260817,75,75,0.6,0.04,0.013333333333333334,0.02666666666666667,0.02666666666666667
p3_unsharp,930,20260817,75,75,0.7,0.02666666666666667,0.013333333333333334,0.02666666666666667,0.022222222222222223
p3_unsharp,931,20260817,75,75,0.8,0.0,0.0,0.0,0.0
p3_unsharp,932,20260817,75,75,0.75,0.0,0.0,0.0,0.0
p3_unsharp,933,20260817,75,75,0.7,0.013333333333333334,0.0,0.0,0.0044444444444444444
p3_unsharp,934,20260817,75,75,0.8,0.0,0.0,0.013333333333333334,0.0044444444444444444
p3_unsharp,935,20260817,75,75,0.7,0.013333333333333334,0.0,0.013333333333333334,0.008888888888888889
p3_unsharp,936,20260817,75,75,0.75,0.013333333333333334,0.0,0.013333333333333334,0.008888888888888889
p3_unsharp,937,20260817,75,75,0.75,0.0,0.013333333333333334,0.013333333333333334,0.008888888888888889
p3_unsharp,938,20260817,75,75,0.75,0.0,0.013333333333333334,0.013333333333333334,0.008888888888888889
p3_unsharp,939,20260817,75,75,0.7,0.0,0.013333333333333334,0.013333333333333334,0.008888888888888889
p3_unsharp,940,20260817,75,75,0.75,0.0,0.0,0.0,0.0
p3_unsharp,941,20260817,75,75,0.8,0.0,0.0,0.0,0.0
p3_unsharp,942,20260817,75,75,0.75,0.0,0.0,0.0,0.0
p3_unsharp,943,20260817,75,75,0.75,0.0,0.0,0.0,0.0
p3_unsharp,944,20260817,75,75,0.75,0.013333333333333334,0.0,0.013333333333333334,0.008888888888888889
p3_unsharp,945,20260817,75,75,0.7,0.0,0.0,0.0,0.0
p3_unsharp,946,20260817,75,75,0.7,0.013333333333333334,0.013333333333333334,0.02666666666666667,0.017777777777777778
p3_unsharp,947,20260817,75,75,0.75,0.0,0.0,0.0,0.0
p3_unsharp,948,20260817,75,75,0.75,0.0,0.013333333333333334,0.013333333333333334,0.008888888888888889
p3_unsharp,949,20260817,75,75,0.75,0.013333333333333334,0.0,0.013333333333333334,0.008888888888888889
p3_unsharp,950,20260817,75,75,0.65,0.05333333333333334,0.04,0.04,0.044444444444444446
p3_unsharp,951,20260817,75,75,0.75,0.0,0.0,0.0,0.0
p3_unsharp,952,20260817,75,75,0.65,0.05333333333333334,0.02666666666666667,0.0,0.02666666666666667
p3_unsharp,953,20260817,75,75,0.65,0.0,0.0,0.013333333333333334,0.0044444444444444444
p3_unsharp,954,20260817,75,75,0.8,0.0,0.0,0.0,0.0
p3_unsharp,955,20260817,75,75,0.75,0.0,0.0,0.0,0.0
p3_unsharp,956,20260817,75,75,0.75,0.0,0.0,0.0,0.0
p3_unsharp,957,20260817,75,75,0.55,0.12,0.04,0.09333333333333334,0.08444444444444445
p3_unsharp,958,20260817,75,75,0.75,0.0,0.0,0.0,0.0
p3_unsharp,959,20260817,75,75,0.75,0.0,0.0,0.0,0.0
p3_unsharp,960,20260817,75,75,0.65,0.013333333333333334,0.0,0.0,0.0044444444444444444
p3_unsharp,961,20260817,75,75,0.75,0.0,0.0,0.0,0.0
p3_unsharp,962,20260817,75,75,0.7,0.0,0.0,0.0,0.0
p3_unsharp,963,20260817,75,75,0.7,0.013333333333333334,0.013333333333333334,0.013333333333333334,0.013333333333333334
p3_unsharp,964,20260817,75,75,0.7,0.013333333333333334,0.0,0.0,0.0044444444444444444
p3_unsharp,965,20260817,75,75,0.7,0.013333333333333334,0.0,0.02666666666666667,0.013333333333333334
p3_unsharp,966,20260817,75,75,0.7,0.0,0.0,0.0,0.0
p3_unsharp,967,20260817,75,75,0.7,0.013333333333333334,0.013333333333333334,0.02666666666666667,0.017777777777777778
p3_unsharp,968,20260817,75,75,0.75,0.0,0.013333333333333334,0.013333333333333334,0.008888888888888889
p3_unsharp,969,20260817,75,75,0.75,0.0,0.0,0.0,0.0
p3_unsharp,970,20260817,75,75,0.75,0.013333333333333334,0.013333333333333334,0.0,0.008888888888888889
p3_unsharp,971,20260817,75,75,0.6,0.02666666666666667,0.0,0.0,0.008888888888888889
p3_unsharp,972,20260817,75,75,0.75,0.0,0.0,0.0,0.0
p3_unsharp,973,20260817,75,75,0.75,0.0,0.0,0.0,0.0
p3_unsharp,974,20260817,75,75,0.75,0.0,0.0,0.0,0.0
p3_unsharp,975,20260817,75,75,0.7,0.0,0.0,0.0,0.0
p3_unsharp,976,20260817,75,75,0.75,0.0,0.0,0.0,0.0
p3_unsharp,977,20260817,75,75,0.75,0.0,0.0,0.0,0.0
p3_unsharp,978,20260817,75,75,0.7,0.0,0.0,0.0,0.0
p3_unsharp,979,20260817,75,75,0.75,0.013333333333333334,0.0,0.013333333333333334,0.008888888888888889
p3_unsharp,980,20260817,75,75,0.75,0.013333333333333334,0.0,0.013333333333333334,0.008888888888888889
p3_unsharp,981,20260817,75,75,0.7,0.0,0.0,0.02666666666666667,0.008888888888888889
p3_unsharp,982,20260817,75,75,0.7,0.013333333333333334,0.0,0.013333333333333334,0.008888888888888889
p3_unsharp,983,20260817,75,75,0.75,0.0,0.0,0.013333333333333334,0.0044444444444444444
p3_unsharp,984,20260817,75,75,0.75,0.013333333333333334,0.0,0.013333333333333334,0.008888888888888889
p3_unsharp,985,20260817,75,75,0.65,0.0,0.0,0.0,0.0
p3_unsharp,986,20260817,75,75,0.7,0.0,0.0,0.0,0.0
p3_unsharp,987,20260817,75,75,0.7,0.0,0.0,0.0,0.0
p3_unsharp,988,20260817,75,75,0.65,0.02666666666666667,0.013333333333333334,0.02666666666666667,0.022222222222222223
p3_unsharp,989,20260817,75,75,0.75,0.0,0.0,0.0,0.0
p3_unsharp,990,20260817,75,75,0.75,0.0,0.0,0.0,0.0
p3_unsharp,991,20260817,75,75,0.75,0.0,0.0,0.0,0.0
p3_unsharp,992,20260817,75,75,0.65,0.05333333333333334,0.04,0.05333333333333334,0.04888888888888889
p3_unsharp,993,20260817,75,75,0.7,0.013333333333333334,0.013333333333333334,0.013333333333333334,0.013333333333333334
p3_unsharp,994,20260817,75,75,0.7,0.02666666666666667,0.013333333333333334,0.02666666666666667,0.022222222222222223
p3_unsharp,995,20260817,75,75,0.65,0.013333333333333334,0.013333333333333334,0.013333333333333334,0.013333333333333334
p3_unsharp,996,20260817,75,75,0.7,0.0,0.0,0.013333333333333334,0.0044444444444444444
p3_unsharp,997,20260817,75,75,0.7,0.0,0.0,0.013333333333333334,0.0044444444444444444
p3_unsharp,998,20260817,75,75,0.75,0.0,0.0,0.0,0.0
p3_unsharp,999,20260817,75,75,0.75,0.0,0.0,0.013333333333333334,0.0044444444444444444
a1_crop,0,20260817,75,75,0.75,0.0,0.0,0.013333333333333334,0.0044444444444444444
a1_crop,1,20260817,75,75,0.75,0.0,0.013333333333333334,0.04,0.017777777777777778
a1_crop,2,20260817,75,75,0.7,0.0,0.013333333333333334,0.05333333333333334,0.022222222222222223
a1_crop,3,20260817,75,75,0.75,0.0,0.0,0.0,0.0
a1_crop,4,20260817,75,75,0.7,0.0,0.0,0.04,0.013333333333333334
a1_crop,5,20260817,75,75,0.75,0.013333333333333334,0.013333333333333334,0.013333333333333334,0.013333333333333334
a1_crop,6,20260817,75,75,0.7,0.0,0.013333333333333334,0.0,0.0044444444444444444
a1_crop,7,20260817,75,75,0.7,0.0,0.0,0.02666666666666667,0.008888888888888889
a1_crop,8,20260817,75,75,0.75,0.0,0.0,0.0,0.0
a1_crop,9,20260817,75,75,0.75,0.013333333333333334,0.013333333333333334,0.013333333333333334,0.013333333333333334
a1_crop,10,20260817,75,75,0.75,0.0,0.013333333333333334,0.0,0.0044444444444444444
a1_crop,11,20260817,75,75,0.65,0.0,0.0,0.04,0.013333333333333334
a1_crop,12,20260817,75,75,0.8,0.0,0.0,0.0,0.0
a1_crop,13,20260817,75,75,0.7,0.0,0.02666666666666667,0.013333333333333334,0.013333333333333334
a1_crop,14,20260817,75,75,0.75,0.0,0.0,0.02666666666666667,0.008888888888888889
a1_crop,15,20260817,75,75,0.8,0.0,0.0,0.0,0.0
a1_crop,16,20260817,75,75,0.75,0.013333333333333334,0.013333333333333334,0.013333333333333334,0.013333333333333334
a1_crop,17,20260817,75,75,0.75,0.013333333333333334,0.013333333333333334,0.013333333333333334,0.013333333333333334
a1_crop,18,20260817,75,75,0.75,0.0,0.013333333333333334,0.0,0.0044444444444444444
a1_crop,19,20260817,75,75,0.7,0.0,0.0,0.013333333333333334,0.0044444444444444444
a1_crop,20,20260817,75,75,0.75,0.0,0.0,0.0,0.0
a1_crop,21,20260817,75,75,0.65,0.013333333333333334,0.04,0.05333333333333334,0.035555555555555556
a1_crop,22,20260817,75,75,0.75,0.0,0.0,0.0,0.0
a1_crop,23,20260817,75,75,0.75,0.0,0.0,0.0,0.0
a1_crop,24,20260817,75,75,0.7,0.0,0.013333333333333334,0.0,0.0044444444444444444
a1_crop,25,20260817,75,75,0.75,0.0,0.013333333333333334,0.013333333333333334,0.008888888888888889
a1_crop,26,20260817,75,75,0.7,0.013333333333333334,0.02666666666666667,0.013333333333333334,0.017777777777777778
a1_crop,27,20260817,75,75,0.75,0.0,0.013333333333333334,0.013333333333333334,0.008888888888888889
a1_crop,28,20260817,75,75,0.7,0.013333333333333334,0.02666666666666667,0.013333333333333334,0.017777777777777778
a1_crop,29,20260817,75,75,0.75,0.0,0.0,0.0,0.0
a1_crop,30,20260817,75,75,0.8,0.0,0.0,0.0,0.0
a1_crop,31,20260817,75,75,0.7,0.0,0.013333333333333334,0.04,0.017777777777777778
a1_crop,32,20260817,75,75,0.75,0.0,0.0,0.0,0.0
a1_crop,33,20260817,75,75,0.8,0.0,0.0,0.0,0.0
a1_crop,34,20260817,75,75,0.7,0.0,0.0,0.02666666666666667,0.008888888888888889
a1_crop,35,20260817,75,75,0.6,0.013333333333333334,0.06666666666666667,0.12,0.06666666666666667
a1_crop,36,20260817,75,75,0.75,0.0,0.0,0.013333333333333334,0.0044444444444444444
a1_crop,37,20260817,75,75,0.75,0.0,0.0,0.013333333333333334,0.0044444444444444444
a1_crop,38,20260817,75,75,0.75,0.0,0.0,0.0,0.0
a1_crop,39,20260817,75,75,0.75,0.0,0.0,0.02666666666666667,0.008888888888888889
a1_crop,40,20260817,75,75,0.7,0.0,0.02666666666666667,0.04,0.022222222222222223
a1_crop,41,20260817,75,75,0.75,0.0,0.0,0.0,0.0
a1_crop,42,20260817,75,75,0.8,0.0,0.0,0.0,0.0
a1_crop,43,20260817,75,75,0.75,0.0,0.013333333333333334,0.0,0.0044444444444444444
a1_crop,44,20260817,75,75,0.75,0.0,0.0,0.013333333333333334,0.0044444444444444444
a1_crop,45,20260817,75,75,0.8,0.0,0.0,0.0,0.0
a1_crop,46,20260817,75,75,0.75,0.0,0.0,0.0,0.0
a1_crop,47,20260817,75,75,0.7,0.02666666666666667,0.04,0.05333333333333334,0.04
a1_crop,48,20260817,75,75,0.75,0.02666666666666667,0.013333333333333334,0.013333333333333334,0.017777777777777778
a1_crop,49,20260817,75,75,0.8,0.0,0.0,0.0,0.0
a1_crop,50,20260817,75,75,0.75,0.0,0.0,0.013333333333333334,0.0044444444444444444
a1_crop,51,20260817,75,75,0.7,0.0,0.0,0.0,0.0
a1_crop,52,20260817,75,75,0.75,0.0,0.0,0.013333333333333334,0.0044444444444444444
a1_crop,53,20260817,75,75,0.7,0.0,0.013333333333333334,0.02666666666666667,0.013333333333333334
a1_crop,54,20260817,75,75,0.8,0.0,0.0,0.0,0.0
a1_crop,55,20260817,75,75,0.75,0.0,0.0,0.0,0.0
a1_crop,56,20260817,75,75,0.65,0.013333333333333334,0.04,0.02666666666666667,0.02666666666666667
a1_crop,57,20260817,75,75,0.8,0.0,0.0,0.0,0.0
a1_crop,58,20260817,75,75,0.65,0.0,0.013333333333333334,0.02666666666666667,0.013333333333333334
a1_crop,59,20260817,75,75,0.8,0.0,0.0,0.0,0.0
a1_crop,60,20260817,75,75,0.75,0.0,0.0,0.0,0.0
a1_crop,61,20260817,75,75,0.7,0.0,0.0,0.0,0.0
a1_crop,62,20260817,75,75,0.8,0.0,0.0,0.0,0.0
a1_crop,63,20260817,75,75,0.8,0.0,0.0,0.0,0.0
a1_crop,64,20260817,75,75,0.8,0.0,0.0,0.0,0.0
a1_crop,65,20260817,75,75,0.7,0.0,0.0,0.02666666666666667,0.008888888888888889
a1_crop,66,20260817,75,75,0.8,0.0,0.0,0.0,0.0
a1_crop,67,20260817,75,75,0.75,0.0,0.0,0.0,0.0
a1_crop,68,20260817,75,75,0.75,0.013333333333333334,0.013333333333333334,0.013333333333333334,0.013333333333333334
a1_crop,69,20260817,75,75,0.8,0.0,0.0,0.0,0.0
a1_crop,70,20260817,75,75,0.75,0.0,0.0,0.0,0.0
a1_crop,71,20260817,75,75,0.8,0.0,0.0,0.0,0.0
a1_crop,72,20260817,75,75,0.7,0.013333333333333334,0.013333333333333334,0.06666666666666667,0.03111111111111111
a1_crop,73,20260817,75,75,0.75,0.0,0.013333333333333334,0.0,0.0044444444444444444
a1_crop,74,20260817,75,75,0.75,0.0,0.0,0.0,0.0
a1_crop,75,20260817,75,75,0.8,0.0,0.0,0.0,0.0
a1_crop,76,20260817,75,75,0.65,0.013333333333333334,0.013333333333333334,0.04,0.022222222222222223
a1_crop,77,20260817,75,75,0.8,0.0,0.0,0.0,0.0
a1_crop,78,20260817,75,75,0.75,0.0,0.0,0.0,0.0
a1_crop,79,20260817,75,75,0.8,0.0,0.0,0.0,0.0
a1_crop,80,20260817,75,75,0.8,0.0,0.0,0.0,0.0
a1_crop,81,20260817,75,75,0.8,0.0,0.0,0.0,0.0
a1_crop,82,20260817,75,75,0.75,0.0,0.0,0.013333333333333334,0.0044444444444444444
a1_crop,83,20260817,75,75,0.8,0.0,0.0,0.0,0.0
a1_crop,84,20260817,75,75,0.8,0.0,0.0,0.0,0.0
a1_crop,85,20260817,75,75,0.75,0.013333333333333334,0.013333333333333334,0.013333333333333334,0.013333333333333334
a1_crop,86,20260817,75,75,0.75,0.0,0.013333333333333334,0.0,0.0044444444444444444
a1_crop,87,20260817,75,75,0.7,0.013333333333333334,0.013333333333333334,0.013333333333333334,0.013333333333333334
a1_crop,88,20260817,75,75,0.7,0.0,0.0,0.02666666666666667,0.008888888888888889
a1_crop,89,20260817,75,75,0.65,0.013333333333333334,0.04,0.05333333333333334,0.035555555555555556
a1_crop,90,20260817,75,75,0.75,0.0,0.013333333333333334,0.02666666666666667,0.013333333333333334
a1_crop,91,20260817,75,75,0.8,0.0,0.0,0.0,0.0
a1_crop,92,20260817,75,75,0.7,0.013333333333333334,0.013333333333333334,0.02666666666666667,0.017777777777777778
a1_crop,93,20260817,75,75,0.8,0.0,0.0,0.0,0.0
a1_crop,94,20260817,75,75,0.8,0.0,0.0,0.0,0.0
a1_crop,95,20260817,75,75,0.75,0.0,0.0,0.0,0.0
a1_crop,96,20260817,75,75,0.7,0.0,0.013333333333333334,0.013333333333333334,0.008888888888888889
a1_crop,97,20260817,75,75,0.75,0.0,0.013333333333333334,0.013333333333333334,0.008888888888888889
a1_crop,98,20260817,75,75,0.75,0.0,0.0,0.013333333333333334,0.0044444444444444444
a1_crop,99,20260817,75,75,0.8,0.0,0.0,0.0,0.0
a1_crop,100,20260817,75,75,0.7,0.0,0.04,0.02666666666666667,0.022222222222222223
a1_crop,101,20260817,75,75,0.7,0.013333333333333334,0.04,0.04,0.03111111111111111
a1_crop,102,20260817,75,75,0.75,0.0,0.0,0.0,0.0
a1_crop,103,20260817,75,75,0.75,0.0,0.0,0.0,0.0
a1_crop,104,20260817,75,75,0.75,0.0,0.0,0.013333333333333334,0.0044444444444444444
a1_crop,105,20260817,75,75,0.7,0.013333333333333334,0.04,0.02666666666666667,0.02666666666666667
a1_crop,106,20260817,75,75,0.7,0.013333333333333334,0.04,0.02666666666666667,0.02666666666666667
a1_crop,107,20260817,75,75,0.8,0.0,0.0,0.0,0.0
a1_crop,108,20260817,75,75,0.8,0.0,0.0,0.0,0.0
a1_crop,109,20260817,75,75,0.75,0.013333333333333334,0.0,0.013333333333333334,0.008888888888888889
a1_crop,110,20260817,75,75,0.75,0.013333333333333334,0.013333333333333334,0.013333333333333334,0.013333333333333334
a1_crop,111,20260817,75,75,0.7,0.0,0.0,0.02666666666666667,0.008888888888888889
a1_crop,112,20260817,75,75,0.75,0.0,0.013333333333333334,0.013333333333333334,0.008888888888888889
a1_crop,113,20260817,75,75,0.7,0.0,0.0,0.0,0.0
a1_crop,114,20260817,75,75,0.8,0.0,0.0,0.0,0.0
a1_crop,115,20260817,75,75,0.7,0.0,0.0,0.0,0.0
a1_crop,116,20260817,75,75,0.8,0.0,0.0,0.0,0.0
a1_crop,117,20260817,75,75,0.75,0.013333333333333334,0.013333333333333334,0.013333333333333334,0.013333333333333334
a1_crop,118,20260817,75,75,0.75,0.0,0.0,0.0,0.0
a1_crop,119,20260817,75,75,0.7,0.013333333333333334,0.0,0.04,0.017777777777777778
a1_crop,120,20260817,75,75,0.75,0.0,0.0,0.0,0.0
a1_crop,121,20260817,75,75,0.7,0.0,0.013333333333333334,0.013333333333333334,0.008888888888888889
a1_crop,122,20260817,75,75,0.8,0.0,0.0,0.0,0.0
a1_crop,123,20260817,75,75,0.65,0.013333333333333334,0.05333333333333334,0.06666666666666667,0.044444444444444446
a1_crop,124,20260817,75,75,0.8,0.0,0.0,0.0,0.0
a1_crop,125,20260817,75,75,0.75,0.0,0.0,0.0,0.0
a1_crop,126,20260817,75,75,0.7,0.0,0.013333333333333334,0.013333333333333334,0.008888888888888889
a1_crop,127,20260817,75,75,0.8,0.0,0.0,0.0,0.0
a1_crop,128,20260817,75,75,0.75,0.0,0.0,0.0,0.0
a1_crop,129,20260817,75,75,0.75,0.0,0.0,0.02666666666666667,0.008888888888888889
a1_crop,130,20260817,75,75,0.8,0.0,0.0,0.0,0.0
a1_crop,131,20260817,75,75,0.8,0.0,0.0,0.0,0.0
a1_crop,132,20260817,75,75,0.75,0.0,0.0,0.013333333333333334,0.0044444444444444444
a1_crop,133,20260817,75,75,0.7,0.013333333333333334,0.02666666666666667,0.02666666666666667,0.022222222222222223
a1_crop,134,20260817,75,75,0.75,0.0,0.0,0.0,0.0
a1_crop,135,20260817,75,75,0.75,0.0,0.0,0.02666666666666667,0.008888888888888889
a1_crop,136,20260817,75,75,0.75,0.013333333333333334,0.013333333333333334,0.013333333333333334,0.013333333333333334
a1_crop,137,20260817,75,75,0.75,0.0,0.0,0.0,0.0
a1_crop,138,20260817,75,75,0.7,0.013333333333333334,0.013333333333333334,0.04,0.022222222222222223
a1_crop,139,20260817,75,75,0.8,0.0,0.0,0.0,0.0
a1_crop,140,20260817,75,75,0.8,0.0,0.0,0.0,0.0
a1_crop,141,20260817,75,75,0.75,0.0,0.0,0.013333333333333334,0.0044444444444444444
a1_crop,142,20260817,75,75,0.7,0.0,0.02666666666666667,0.013333333333333334,0.013333333333333334
a1_crop,143,20260817,75,75,0.8,0.0,0.0,0.0,0.0
a1_crop,144,20260817,75,75,0.7,0.0,0.013333333333333334,0.02666666666666667,0.013333333333333334
a1_crop,145,20260817,75,75,0.7,0.0,0.0,0.013333333333333334,0.0044444444444444444
a1_crop,146,20260817,75,75,0.75,0.013333333333333334,0.013333333333333334,0.0,0.008888888888888889
a1_crop,147,20260817,75,75,0.8,0.0,0.0,0.0,0.0
a1_crop,148,20260817,75,75,0.75,0.0,0.0,0.0,0.0
a1_crop,149,20260817,75,75,0.75,0.02666666666666667,0.02666666666666667,0.04,0.031111111111111114
a1_crop,150,20260817,75,75,0.75,0.013333333333333334,0.013333333333333334,0.02666666666666667,0.017777777777777778
a1_crop,151,20260817,75,75,0.75,0.02666666666666667,0.02666666666666667,0.04,0.031111111111111114
a1_crop,152,20260817,75,75,0.8,0.0,0.0,0.0,0.0
a1_crop,153,20260817,75,75,0.75,0.013333333333333334,0.013333333333333334,0.013333333333333334,0.013333333333333334
a1_crop,154,20260817,75,75,0.75,0.0,0.0,0.0,0.0
a1_crop,155,20260817,75,75,0.75,0.013333333333333334,0.0,0.0,0.0044444444444444444
a1_crop,156,20260817,75,75,0.75,0.02666666666666667,0.02666666666666667,0.04,0.031111111111111114
a1_crop,157,20260817,75,75,0.65,0.013333333333333334,0.02666666666666667,0.04,0.02666666666666667
a1_crop,158,20260817,75,75,0.75,0.0,0.0,0.0,0.0
a1_crop,159,20260817,75,75,0.8,0.0,0.0,0.0,0.0
a1_crop,160,20260817,75,75,0.75,0.0,0.013333333333333334,0.0,0.0044444444444444444
a1_crop,161,20260817,75,75,0.7,0.0,0.02666666666666667,0.06666666666666667,0.03111111111111111
a1_crop,162,20260817,75,75,0.8,0.0,0.0,0.0,0.0
a1_crop,163,20260817,75,75,0.7,0.013333333333333334,0.04,0.04,0.03111111111111111
a1_crop,164,20260817,75,75,0.7,0.0,0.0,0.0,0.0
a1_crop,165,20260817,75,75,0.8,0.0,0.0,0.0,0.0
a1_crop,166,20260817,75,75,0.75,0.0,0.013333333333333334,0.013333333333333334,0.008888888888888889
a1_crop,167,20260817,75,75,0.75,0.0,0.0,0.013333333333333334,0.0044444444444444444
a1_crop,168,20260817,75,75,0.75,0.0,0.0,0.0,0.0
a1_crop,169,20260817,75,75,0.8,0.0,0.0,0.0,0.0
a1_crop,170,20260817,75,75,0.8,0.0,0.0,0.0,0.0
a1_crop,171,20260817,75,75,0.75,0.013333333333333334,0.013333333333333334,0.02666666666666667,0.017777777777777778
a1_crop,172,20260817,75,75,0.75,0.0,0.0,0.0,0.0
a1_crop,173,20260817,75,75,0.65,0.0,0.013333333333333334,0.02666666666666667,0.013333333333333334
a1_crop,174,20260817,75,75,0.8,0.0,0.0,0.0,0.0
a1_crop,175,20260817,75,75,0.75,0.0,0.0,0.013333333333333334,0.0044444444444444444
a1_crop,176,20260817,75,75,0.7,0.013333333333333334,0.02666666666666667,0.04,0.02666666666666667
a1_crop,177,20260817,75,75,0.8,0.0,0.0,0.0,0.0
a1_crop,178,20260817,75,75,0.8,0.0,0.0,0.0,0.0
a1_crop,179,20260817,75,75,0.75,0.0,0.0,0.0,0.0
a1_crop,180,20260817,75,75,0.8,0.0,0.0,0.0,0.0
a1_crop,181,20260817,75,75,0.75,0.013333333333333334,0.0,0.013333333333333334,0.008888888888888889
a1_crop,182,20260817,75,75,0.7,0.0,0.013333333333333334,0.013333333333333334,0.008888888888888889
a1_crop,183,20260817,75,75,0.7,0.013333333333333334,0.013333333333333334,0.05333333333333334,0.02666666666666667
a1_crop,184,20260817,75,75,0.75,0.0,0.0,0.02666666666666667,0.008888888888888889
a1_crop,185,20260817,75,75,0.75,0.0,0.0,0.013333333333333334,0.0044444444444444444
a1_crop,186,20260817,75,75,0.75,0.0,0.0,0.0,0.0
a1_crop,187,20260817,75,75,0.7,0.0,0.0,0.0,0.0
a1_crop,188,20260817,75,75,0.75,0.013333333333333334,0.013333333333333334,0.013333333333333334,0.013333333333333334
a1_crop,189,20260817,75,75,0.7,0.0,0.0,0.0,0.0
a1_crop,190,20260817,75,75,0.75,0.0,0.0,0.0,0.0
a1_crop,191,20260817,75,75,0.75,0.0,0.0,0.0,0.0
a1_crop,192,20260817,75,75,0.75,0.013333333333333334,0.013333333333333334,0.013333333333333334,0.013333333333333334
a1_crop,193,20260817,75,75,0.7,0.0,0.0,0.04,0.013333333333333334
a1_crop,194,20260817,75,75,0.7,0.013333333333333334,0.02666666666666667,0.04,0.02666666666666667
a1_crop,195,20260817,75,75,0.8,0.0,0.0,0.0,0.0
a1_crop,196,20260817,75,75,0.7,0.0,0.013333333333333334,0.02666666666666667,0.013333333333333334
a1_crop,197,20260817,75,75,0.75,0.0,0.0,0.0,0.0
a1_crop,198,20260817,75,75,0.65,0.0,0.02666666666666667,0.0,0.008888888888888889
a1_crop,199,20260817,75,75,0.75,0.0,0.0,0.0,0.0
a1_crop,200,20260817,75,75,0.75,0.0,0.0,0.0,0.0
a1_crop,201,20260817,75,75,0.8,0.0,0.0,0.0,0.0
a1_crop,202,20260817,75,75,0.7,0.013333333333333334,0.013333333333333334,0.013333333333333334,0.013333333333333334
a1_crop,203,20260817,75,75,0.75,0.0,0.0,0.0,0.0
a1_crop,204,20260817,75,75,0.8,0.0,0.0,0.0,0.0
a1_crop,205,20260817,75,75,0.75,0.013333333333333334,0.013333333333333334,0.013333333333333334,0.013333333333333334
a1_crop,206,20260817,75,75,0.75,0.0,0.0,0.0,0.0
a1_crop,207,20260817,75,75,0.75,0.0,0.013333333333333334,0.0,0.0044444444444444444
a1_crop,208,20260817,75,75,0.75,0.0,0.0,0.0,0.0
a1_crop,209,20260817,75,75,0.75,0.0,0.02666666666666667,0.02666666666666667,0.017777777777777778
a1_crop,210,20260817,75,75,0.8,0.0,0.0,0.0,0.0
a1_crop,211,20260817,75,75,0.75,0.0,0.0,0.0,0.0
a1_crop,212,20260817,75,75,0.7,0.0,0.0,0.0,0.0
a1_crop,213,20260817,75,75,0.8,0.0,0.0,0.0,0.0
a1_crop,214,20260817,75,75,0.75,0.013333333333333334,0.0,0.013333333333333334,0.008888888888888889
a1_crop,215,20260817,75,75,0.75,0.0,0.0,0.0,0.0
a1_crop,216,20260817,75,75,0.65,0.0,0.013333333333333334,0.02666666666666667,0.013333333333333334
a1_crop,217,20260817,75,75,0.75,0.0,0.0,0.0,0.0
a1_crop,218,20260817,75,75,0.75,0.0,0.0,0.0,0.0
a1_crop,219,20260817,75,75,0.65,0.0,0.013333333333333334,0.05333333333333334,0.022222222222222223
a1_crop,220,20260817,75,75,0.8,0.0,0.0,0.0,0.0
a1_crop,221,20260817,75,75,0.75,0.0,0.013333333333333334,0.0,0.0044444444444444444
a1_crop,222,20260817,75,75,0.7,0.0,0.0,0.013333333333333334,0.0044444444444444444
a1_crop,223,20260817,75,75,0.7,0.013333333333333334,0.013333333333333334,0.013333333333333334,0.013333333333333334
a1_crop,224,20260817,75,75,0.75,0.0,0.0,0.013333333333333334,0.0044444444444444444
a1_crop,225,20260817,75,75,0.75,0.0,0.013333333333333334,0.0,0.0044444444444444444
a1_crop,226,20260817,75,75,0.75,0.0,0.013333333333333334,0.02666666666666667,0.013333333333333334
a1_crop,227,20260817,75,75,0.75,0.0,0.0,0.0,0.0
a1_crop,228,20260817,75,75,0.8,0.0,0.0,0.0,0.0
a1_crop,229,20260817,75,75,0.7,0.013333333333333334,0.04,0.04,0.03111111111111111
a1_crop,230,20260817,75,75,0.75,0.0,0.013333333333333334,0.0,0.0044444444444444444
a1_crop,231,20260817,75,75,0.75,0.013333333333333334,0.013333333333333334,0.013333333333333334,0.013333333333333334
a1_crop,232,20260817,75,75,0.75,0.0,0.0,0.0,0.0
a1_crop,233,20260817,75,75,0.75,0.0,0.0,0.013333333333333334,0.0044444444444444444
a1_crop,234,20260817,75,75,0.65,0.013333333333333334,0.013333333333333334,0.013333333333333334,0.013333333333333334
a1_crop,235,20260817,75,75,0.8,0.0,0.0,0.0,0.0
a1_crop,236,20260817,75,75,0.75,0.0,0.0,0.0,0.0
a1_crop,237,20260817,75,75,0.75,0.0,0.0,0.0,0.0
a1_crop,238,20260817,75,75,0.7,0.0,0.013333333333333334,0.013333333333333334,0.008888888888888889
a1_crop,239,20260817,75,75,0.8,0.0,0.0,0.0,0.0
a1_crop,240,20260817,75,75,0.75,0.013333333333333334,0.013333333333333334,0.013333333333333334,0.013333333333333334
a1_crop,241,20260817,75,75,0.65,0.013333333333333334,0.05333333333333334,0.013333333333333334,0.02666666666666667
a1_crop,242,20260817,75,75,0.7,0.0,0.013333333333333334,0.013333333333333334,0.008888888888888889
a1_crop,243,20260817,75,75,0.8,0.0,0.0,0.0,0.0
a1_crop,244,20260817,75,75,0.8,0.0,0.0,0.0,0.0
a1_crop,245,20260817,75,75,0.7,0.0,0.0,0.0,0.0
a1_crop,246,20260817,75,75,0.8,0.0,0.0,0.0,0.0
a1_crop,247,20260817,75,75,0.75,0.0,0.0,0.02666666666666667,0.008888888888888889
a1_crop,248,20260817,75,75,0.75,0.013333333333333334,0.013333333333333334,0.02666666666666667,0.017777777777777778
a1_crop,249,20260817,75,75,0.7,0.013333333333333334,0.013333333333333334,0.02666666666666667,0.017777777777777778
a1_crop,250,20260817,75,75,0.75,0.0,0.0,0.0,0.0
a1_crop,251,20260817,75,75,0.8,0.0,0.0,0.0,0.0
a1_crop,252,20260817,75,75,0.8,0.0,0.0,0.0,0.0
a1_crop,253,20260817,75,75,0.8,0.0,0.0,0.0,0.0
a1_crop,254,20260817,75,75,0.75,0.0,0.0,0.0,0.0
a1_crop,255,20260817,75,75,0.7,0.013333333333333334,0.013333333333333334,0.013333333333333334,0.013333333333333334
a1_crop,256,20260817,75,75,0.75,0.0,0.013333333333333334,0.013333333333333334,0.008888888888888889
a1_crop,257,20260817,75,75,0.75,0.013333333333333334,0.013333333333333334,0.02666666666666667,0.017777777777777778
a1_crop,258,20260817,75,75,0.75,0.0,0.0,0.0,0.0
a1_crop,259,20260817,75,75,0.65,0.0,0.02666666666666667,0.013333333333333334,0.013333333333333334
a1_crop,260,20260817,75,75,0.75,0.0,0.0,0.013333333333333334,0.0044444444444444444
a1_crop,261,20260817,75,75,0.75,0.0,0.0,0.0,0.0
a1_crop,262,20260817,75,75,0.75,0.013333333333333334,0.013333333333333334,0.013333333333333334,0.013333333333333334
a1_crop,263,20260817,75,75,0.75,0.0,0.013333333333333334,0.02666666666666667,0.013333333333333334
a1_crop,264,20260817,75,75,0.8,0.0,0.0,0.0,0.0
a1_crop,265,20260817,75,75,0.7,0.013333333333333334,0.04,0.02666666666666667,0.02666666666666667
a1_crop,266,20260817,75,75,0.8,0.0,0.0,0.0,0.0
a1_crop,267,20260817,75,75,0.7,0.0,0.0,0.02666666666666667,0.008888888888888889
a1_crop,268,20260817,75,75,0.8,0.0,0.0,0.0,0.0
a1_crop,269,20260817,75,75,0.75,0.0,0.013333333333333334,0.0,0.0044444444444444444
a1_crop,270,20260817,75,75,0.7,0.0,0.0,0.013333333333333334,0.0044444444444444444
a1_crop,271,20260817,75,75,0.8,0.0,0.0,0.0,0.0
a1_crop,272,20260817,75,75,0.7,0.0,0.013333333333333334,0.02666666666666667,0.013333333333333334
a1_crop,273,20260817,75,75,0.75,0.0,0.0,0.0,0.0
a1_crop,274,20260817,75,75,0.75,0.0,0.0,0.02666666666666667,0.008888888888888889
a1_crop,275,20260817,75,75,0.8,0.0,0.0,0.0,0.0
a1_crop,276,20260817,75,75,0.7,0.013333333333333334,0.013333333333333334,0.02666666666666667,0.017777777777777778
a1_crop,277,20260817,75,75,0.8,0.0,0.0,0.0,0.0
a1_crop,278,20260817,75,75,0.8,0.0,0.0,0.0,0.0
a1_crop,279,20260817,75,75,0.75,0.013333333333333334,0.013333333333333334,0.04,0.022222222222222223
a1_crop,280,20260817,75,75,0.75,0.0,0.0,0.02666666666666667,0.008888888888888889
a1_crop,281,20260817,75,75,0.75,0.0,0.0,0.0,0.0
a1_crop,282,20260817,75,75,0.75,0.0,0.0,0.04,0.013333333333333334
a1_crop,283,20260817,75,75,0.7,0.0,0.0,0.02666666666666667,0.008888888888888889
a1_crop,284,20260817,75,75,0.75,0.0,0.0,0.013333333333333334,0.0044444444444444444
a1_crop,285,20260817,75,75,0.8,0.0,0.0,0.0,0.0
a1_crop,286,20260817,75,75,0.7,0.0,0.0,0.02666666666666667,0.008888888888888889
a1_crop,287,20260817,75,75,0.8,0.0,0.0,0.0,0.0
a1_crop,288,20260817,75,75,0.75,0.0,0.013333333333333334,0.0,0.0044444444444444444
a1_crop,289,20260817,75,75,0.7,0.013333333333333334,0.013333333333333334,0.05333333333333334,0.02666666666666667
a1_crop,290,20260817,75,75,0.75,0.0,0.0,0.0,0.0
a1_crop,291,20260817,75,75,0.75,0.013333333333333334,0.0,0.0,0.0044444444444444444
a1_crop,292,20260817,75,75,0.7,0.02666666666666667,0.05333333333333334,0.12,0.06666666666666667
a1_crop,293,20260817,75,75,0.7,0.0,0.013333333333333334,0.04,0.017777777777777778
a1_crop,294,20260817,75,75,0.75,0.013333333333333334,0.013333333333333334,0.013333333333333334,0.013333333333333334
a1_crop,295,20260817,75,75,0.75,0.0,0.013333333333333334,0.0,0.0044444444444444444
a1_crop,296,20260817,75,75,0.75,0.0,0.0,0.0,0.0
a1_crop,297,20260817,75,75,0.75,0.0,0.0,0.0,0.0
a1_crop,298,20260817,75,75,0.8,0.0,0.0,0.0,0.0
a1_crop,299,20260817,75,75,0.75,0.0,0.0,0.0,0.0
a1_crop,300,20260817,75,75,0.75,0.013333333333333334,0.013333333333333334,0.013333333333333334,0.013333333333333334
a1_crop,301,20260817,75,75,0.75,0.0,0.0,0.0,0.0
a1_crop,302,20260817,75,75,0.75,0.0,0.013333333333333334,0.0,0.0044444444444444444
a1_crop,303,20260817,75,75,0.75,0.0,0.0,0.013333333333333334,0.0044444444444444444
a1_crop,304,20260817,75,75,0.75,0.0,0.0,0.02666666666666667,0.008888888888888889
a1_crop,305,20260817,75,75,0.7,0.0,0.0,0.04,0.013333333333333334
a1_crop,306,20260817,75,75,0.75,0.0,0.0,0.0,0.0
a1_crop,307,20260817,75,75,0.75,0.0,0.0,0.013333333333333334,0.0044444444444444444
a1_crop,308,20260817,75,75,0.8,0.0,0.0,0.0,0.0
a1_crop,309,20260817,75,75,0.8,0.0,0.0,0.0,0.0
a1_crop,310,20260817,75,75,0.8,0.0,0.0,0.0,0.0
a1_crop,311,20260817,75,75,0.7,0.0,0.04,0.02666666666666667,0.022222222222222223
a1_crop,312,20260817,75,75,0.7,0.0,0.02666666666666667,0.04,0.022222222222222223
a1_crop,313,20260817,75,75,0.75,0.0,0.0,0.0,0.0
a1_crop,314,20260817,75,75,0.7,0.0,0.0,0.013333333333333334,0.0044444444444444444
a1_crop,315,20260817,75,75,0.65,0.0,0.02666666666666667,0.02666666666666667,0.017777777777777778
a1_crop,316,20260817,75,75,0.75,0.0,0.0,0.0,0.0
a1_crop,317,20260817,75,75,0.75,0.0,0.013333333333333334,0.013333333333333334,0.008888888888888889
a1_crop,318,20260817,75,75,0.8,0.0,0.0,0.0,0.0
a1_crop,319,20260817,75,75,0.7,0.013333333333333334,0.013333333333333334,0.02666666666666667,0.017777777777777778
a1_crop,320,20260817,75,75,0.75,0.0,0.0,0.013333333333333334,0.0044444444444444444
a1_crop,321,20260817,75,75,0.75,0.0,0.0,0.02666666666666667,0.008888888888888889
a1_crop,322,20260817,75,75,0.75,0.0,0.0,0.013333333333333334,0.0044444444444444444
a1_crop,323,20260817,75,75,0.65,0.0,0.013333333333333334,0.013333333333333334,0.008888888888888889
a1_crop,324,20260817,75,75,0.75,0.0,0.0,0.0,0.0
a1_crop,325,20260817,75,75,0.8,0.0,0.0,0.0,0.0
a1_crop,326,20260817,75,75,0.75,0.0,0.0,0.0,0.0
a1_crop,327,20260817,75,75,0.8,0.0,0.0,0.0,0.0
a1_crop,328,20260817,75,75,0.8,0.0,0.0,0.0,0.0
a1_crop,329,20260817,75,75,0.75,0.0,0.0,0.0,0.0
a1_crop,330,20260817,75,75,0.8,0.0,0.0,0.0,0.0
a1_crop,331,20260817,75,75,0.7,0.013333333333333334,0.013333333333333334,0.05333333333333334,0.02666666666666667
a1_crop,332,20260817,75,75,0.75,0.0,0.0,0.02666666666666667,0.008888888888888889
a1_crop,333,20260817,75,75,0.75,0.0,0.0,0.0,0.0
a1_crop,334,20260817,75,75,0.75,0.0,0.02666666666666667,0.0,0.008888888888888889
a1_crop,335,20260817,75,75,0.7,0.013333333333333334,0.0,0.013333333333333334,0.008888888888888889
a1_crop,336,20260817,75,75,0.8,0.0,0.0,0.0,0.0
a1_crop,337,20260817,75,75,0.75,0.0,0.0,0.013333333333333334,0.0044444444444444444
a1_crop,338,20260817,75,75,0.75,0.0,0.013333333333333334,0.013333333333333334,0.008888888888888889
a1_crop,339,20260817,75,75,0.75,0.0,0.0,0.0,0.0
a1_crop,340,20260817,75,75,0.8,0.0,0.0,0.0,0.0
a1_crop,341,20260817,75,75,0.75,0.0,0.0,0.0,0.0
a1_crop,342,20260817,75,75,0.75,0.0,0.0,0.013333333333333334,0.0044444444444444444
a1_crop,343,20260817,75,75,0.75,0.0,0.0,0.0,0.0
a1_crop,344,20260817,75,75,0.75,0.013333333333333334,0.04,0.04,0.03111111111111111
a1_crop,345,20260817,75,75,0.75,0.0,0.0,0.0,0.0
a1_crop,346,20260817,75,75,0.7,0.0,0.0,0.0,0.0
a1_crop,347,20260817,75,75,0.8,0.0,0.0,0.0,0.0
a1_crop,348,20260817,75,75,0.8,0.0,0.0,0.0,0.0
a1_crop,349,20260817,75,75,0.7,0.0,0.0,0.0,0.0
a1_crop,350,20260817,75,75,0.65,0.013333333333333334,0.06666666666666667,0.04,0.04
a1_crop,351,20260817,75,75,0.7,0.0,0.0,0.013333333333333334,0.0044444444444444444
a1_crop,352,20260817,75,75,0.75,0.0,0.0,0.013333333333333334,0.0044444444444444444
a1_crop,353,20260817,75,75,0.75,0.013333333333333334,0.013333333333333334,0.0,0.008888888888888889
a1_crop,354,20260817,75,75,0.75,0.0,0.0,0.0,0.0
a1_crop,355,20260817,75,75,0.8,0.0,0.0,0.0,0.0
a1_crop,356,20260817,75,75,0.8,0.0,0.0,0.0,0.0
a1_crop,357,20260817,75,75,0.75,0.0,0.0,0.013333333333333334,0.0044444444444444444
a1_crop,358,20260817,75,75,0.75,0.0,0.0,0.013333333333333334,0.0044444444444444444
a1_crop,359,20260817,75,75,0.75,0.0,0.0,0.013333333333333334,0.0044444444444444444
a1_crop,360,20260817,75,75,0.65,0.0,0.02666666666666667,0.06666666666666667,0.03111111111111111
a1_crop,361,20260817,75,75,0.7,0.0,0.013333333333333334,0.013333333333333334,0.008888888888888889
a1_crop,362,20260817,75,75,0.8,0.0,0.0,0.0,0.0
a1_crop,363,20260817,75,75,0.75,0.0,0.013333333333333334,0.013333333333333334,0.008888888888888889
a1_crop,364,20260817,75,75,0.75,0.0,0.0,0.013333333333333334,0.0044444444444444444
a1_crop,365,20260817,75,75,0.75,0.013333333333333334,0.013333333333333334,0.013333333333333334,0.013333333333333334
a1_crop,366,20260817,75,75,0.75,0.013333333333333334,0.0,0.013333333333333334,0.008888888888888889
a1_crop,367,20260817,75,75,0.75,0.0,0.0,0.013333333333333334,0.0044444444444444444
a1_crop,368,20260817,75,75,0.7,0.0,0.0,0.013333333333333334,0.0044444444444444444
a1_crop,369,20260817,75,75,0.8,0.0,0.0,0.0,0.0
a1_crop,370,20260817,75,75,0.7,0.013333333333333334,0.0,0.013333333333333334,0.008888888888888889
a1_crop,371,20260817,75,75,0.75,0.0,0.0,0.0,0.0
a1_crop,372,20260817,75,75,0.75,0.013333333333333334,0.02666666666666667,0.04,0.02666666666666667
a1_crop,373,20260817,75,75,0.75,0.013333333333333334,0.013333333333333334,0.013333333333333334,0.013333333333333334
a1_crop,374,20260817,75,75,0.7,0.013333333333333334,0.0,0.013333333333333334,0.008888888888888889
a1_crop,375,20260817,75,75,0.8,0.0,0.0,0.0,0.0
a1_crop,376,20260817,75,75,0.75,0.0,0.0,0.0,0.0
a1_crop,377,20260817,75,75,0.75,0.013333333333333334,0.0,0.0,0.0044444444444444444
a1_crop,378,20260817,75,75,0.8,0.0,0.0,0.0,0.0
a1_crop,379,20260817,75,75,0.75,0.0,0.0,0.0,0.0
a1_crop,380,20260817,75,75,0.8,0.0,0.0,0.0,0.0
a1_crop,381,20260817,75,75,0.8,0.0,0.0,0.0,0.0
a1_crop,382,20260817,75,75,0.75,0.0,0.0,0.0,0.0
a1_crop,383,20260817,75,75,0.8,0.0,0.0,0.0,0.0
a1_crop,384,20260817,75,75,0.8,0.0,0.0,0.0,0.0
a1_crop,385,20260817,75,75,0.7,0.0,0.02666666666666667,0.013333333333333334,0.013333333333333334
a1_crop,386,20260817,75,75,0.7,0.0,0.02666666666666667,0.04,0.022222222222222223
a1_crop,387,20260817,75,75,0.8,0.0,0.0,0.0,0.0
a1_crop,388,20260817,75,75,0.8,0.0,0.0,0.0,0.0
a1_crop,389,20260817,75,75,0.7,0.0,0.013333333333333334,0.02666666666666667,0.013333333333333334
a1_crop,390,20260817,75,75,0.75,0.0,0.0,0.0,0.0
a1_crop,391,20260817,75,75,0.75,0.0,0.0,0.0,0.0
a1_crop,392,20260817,75,75,0.75,0.0,0.0,0.013333333333333334,0.0044444444444444444
a1_crop,393,20260817,75,75,0.75,0.0,0.0,0.013333333333333334,0.0044444444444444444
a1_crop,394,20260817,75,75,0.8,0.0,0.0,0.0,0.0
a1_crop,395,20260817,75,75,0.7,0.0,0.013333333333333334,0.013333333333333334,0.008888888888888889
a1_crop,396,20260817,75,75,0.7,0.0,0.013333333333333334,0.0,0.0044444444444444444
a1_crop,397,20260817,75,75,0.8,0.0,0.0,0.0,0.0
a1_crop,398,20260817,75,75,0.7,0.0,0.0,0.0,0.0
a1_crop,399,20260817,75,75,0.75,0.0,0.013333333333333334,0.02666666666666667,0.013333333333333334
a1_crop,400,20260817,75,75,0.75,0.0,0.0,0.0,0.0
a1_crop,401,20260817,75,75,0.75,0.0,0.0,0.0,0.0
a1_crop,402,20260817,75,75,0.75,0.0,0.013333333333333334,0.0,0.0044444444444444444
a1_crop,403,20260817,75,75,0.65,0.013333333333333334,0.04,0.06666666666666667,0.04
a1_crop,404,20260817,75,75,0.7,0.0,0.0,0.04,0.013333333333333334
a1_crop,405,20260817,75,75,0.7,0.0,0.0,0.0,0.0
a1_crop,406,20260817,75,75,0.75,0.0,0.0,0.0,0.0
a1_crop,407,20260817,75,75,0.75,0.0,0.0,0.013333333333333334,0.0044444444444444444
a1_crop,408,20260817,75,75,0.75,0.0,0.0,0.0,0.0
a1_crop,409,20260817,75,75,0.8,0.0,0.0,0.0,0.0
a1_crop,410,20260817,75,75,0.8,0.0,0.0,0.0,0.0
a1_crop,411,20260817,75,75,0.75,0.013333333333333334,0.013333333333333334,0.013333333333333334,0.013333333333333334
a1_crop,412,20260817,75,75,0.7,0.0,0.0,0.02666666666666667,0.008888888888888889
a1_crop,413,20260817,75,75,0.75,0.0,0.0,0.0,0.0
a1_crop,414,20260817,75,75,0.8,0.0,0.0,0.0,0.0
a1_crop,415,20260817,75,75,0.75,0.0,0.0,0.0,0.0
a1_crop,416,20260817,75,75,0.8,0.0,0.0,0.0,0.0
a1_crop,417,20260817,75,75,0.75,0.02666666666666667,0.02666666666666667,0.04,0.031111111111111114
a1_crop,418,20260817,75,75,0.7,0.0,0.013333333333333334,0.02666666666666667,0.013333333333333334
a1_crop,419,20260817,75,75,0.75,0.0,0.0,0.0,0.0
a1_crop,420,20260817,75,75,0.8,0.0,0.0,0.0,0.0
a1_crop,421,20260817,75,75,0.75,0.013333333333333334,0.013333333333333334,0.02666666666666667,0.017777777777777778
a1_crop,422,20260817,75,75,0.75,0.02666666666666667,0.02666666666666667,0.02666666666666667,0.02666666666666667
a1_crop,423,20260817,75,75,0.7,0.0,0.04,0.05333333333333334,0.031111111111111114
a1_crop,424,20260817,75,75,0.75,0.0,0.0,0.0,0.0
a1_crop,425,20260817,75,75,0.75,0.0,0.0,0.013333333333333334,0.0044444444444444444
a1_crop,426,20260817,75,75,0.8,0.0,0.0,0.0,0.0
a1_crop,427,20260817,75,75,0.75,0.0,0.0,0.0,0.0
a1_crop,428,20260817,75,75,0.75,0.0,0.0,0.02666666666666667,0.008888888888888889
a1_crop,429,20260817,75,75,0.8,0.0,0.0,0.0,0.0
a1_crop,430,20260817,75,75,0.8,0.0,0.0,0.0,0.0
a1_crop,431,20260817,75,75,0.6,0.02666666666666667,0.10666666666666667,0.10666666666666667,0.08
a1_crop,432,20260817,75,75,0.75,0.0,0.013333333333333334,0.013333333333333334,0.008888888888888889
a1_crop,433,20260817,75,75,0.75,0.0,0.0,0.013333333333333334,0.0044444444444444444
a1_crop,434,20260817,75,75,0.8,0.0,0.0,0.0,0.0
a1_crop,435,20260817,75,75,0.7,0.0,0.0,0.04,0.013333333333333334
a1_crop,436,20260817,75,75,0.8,0.0,0.0,0.0,0.0
a1_crop,437,20260817,75,75,0.8,0.0,0.0,0.0,0.0
a1_crop,438,20260817,75,75,0.75,0.0,0.013333333333333334,0.0,0.0044444444444444444
a1_crop,439,20260817,75,75,0.7,0.013333333333333334,0.013333333333333334,0.013333333333333334,0.013333333333333334
a1_crop,440,20260817,75,75,0.75,0.0,0.013333333333333334,0.02666666666666667,0.013333333333333334
a1_crop,441,20260817,75,75,0.8,0.0,0.0,0.0,0.0
a1_crop,442,20260817,75,75,0.75,0.0,0.0,0.0,0.0
a1_crop,443,20260817,75,75,0.8,0.0,0.0,0.0,0.0
a1_crop,444,20260817,75,75,0.8,0.0,0.0,0.0,0.0
a1_crop,445,20260817,75,75,0.7,0.0,0.013333333333333334,0.013333333333333334,0.008888888888888889
a1_crop,446,20260817,75,75,0.7,0.0,0.013333333333333334,0.02666666666666667,0.013333333333333334
a1_crop,447,20260817,75,75,0.75,0.0,0.0,0.02666666666666667,0.008888888888888889
a1_crop,448,20260817,75,75,0.75,0.0,0.0,0.0,0.0
a1_crop,449,20260817,75,75,0.75,0.0,0.0,0.013333333333333334,0.0044444444444444444
a1_crop,450,20260817,75,75,0.75,0.0,0.0,0.013333333333333334,0.0044444444444444444
a1_crop,451,20260817,75,75,0.75,0.0,0.013333333333333334,0.02666666666666667,0.013333333333333334
a1_crop,452,20260817,75,75,0.75,0.013333333333333334,0.013333333333333334,0.013333333333333334,0.013333333333333334
a1_crop,453,20260817,75,75,0.8,0.0,0.0,0.0,0.0
a1_crop,454,20260817,75,75,0.75,0.0,0.0,0.0,0.0
a1_crop,455,20260817,75,75,0.7,0.0,0.013333333333333334,0.0,0.0044444444444444444
a1_crop,456,20260817,75,75,0.75,0.0,0.0,0.013333333333333334,0.0044444444444444444
a1_crop,457,20260817,75,75,0.75,0.0,0.0,0.013333333333333334,0.0044444444444444444
a1_crop,458,20260817,75,75,0.75,0.0,0.0,0.0,0.0
a1_crop,459,20260817,75,75,0.65,0.0,0.04,0.04,0.02666666666666667
a1_crop,460,20260817,75,75,0.75,0.0,0.0,0.0,0.0
a1_crop,461,20260817,75,75,0.8,0.0,0.0,0.0,0.0
a1_crop,462,20260817,75,75,0.75,0.013333333333333334,0.0,0.0,0.0044444444444444444
a1_crop,463,20260817,75,75,0.7,0.0,0.013333333333333334,0.013333333333333334,0.008888888888888889
a1_crop,464,20260817,75,75,0.75,0.0,0.0,0.0,0.0
a1_crop,465,20260817,75,75,0.75,0.013333333333333334,0.013333333333333334,0.013333333333333334,0.013333333333333334
a1_crop,466,20260817,75,75,0.65,0.0,0.02666666666666667,0.05333333333333334,0.02666666666666667
a1_crop,467,20260817,75,75,0.75,0.0,0.0,0.0,0.0
a1_crop,468,20260817,75,75,0.7,0.04,0.04,0.06666666666666667,0.04888888888888889
a1_crop,469,20260817,75,75,0.75,0.0,0.0,0.0,0.0
a1_crop,470,20260817,75,75,0.75,0.013333333333333334,0.02666666666666667,0.013333333333333334,0.017777777777777778
a1_crop,471,20260817,75,75,0.8,0.0,0.0,0.0,0.0
a1_crop,472,20260817,75,75,0.75,0.0,0.0,0.0,0.0
a1_crop,473,20260817,75,75,0.8,0.0,0.0,0.0,0.0
a1_crop,474,20260817,75,75,0.65,0.0,0.0,0.013333333333333334,0.0044444444444444444
a1_crop,475,20260817,75,75,0.7,0.0,0.0,0.013333333333333334,0.0044444444444444444
a1_crop,476,20260817,75,75,0.75,0.0,0.0,0.0,0.0
a1_crop,477,20260817,75,75,0.8,0.0,0.0,0.0,0.0
a1_crop,478,20260817,75,75,0.75,0.013333333333333334,0.013333333333333334,0.02666666666666667,0.017777777777777778
a1_crop,479,20260817,75,75,0.75,0.013333333333333334,0.02666666666666667,0.02666666666666667,0.022222222222222223
a1_crop,480,20260817,75,75,0.75,0.0,0.0,0.0,0.0
a1_crop,481,20260817,75,75,0.75,0.013333333333333334,0.013333333333333334,0.013333333333333334,0.013333333333333334
a1_crop,482,20260817,75,75,0.7,0.0,0.0,0.0,0.0
a1_crop,483,20260817,75,75,0.75,0.013333333333333334,0.02666666666666667,0.013333333333333334,0.017777777777777778
a1_crop,484,20260817,75,75,0.75,0.0,0.0,0.0,0.0
a1_crop,485,20260817,75,75,0.75,0.0,0.0,0.0,0.0
a1_crop,486,20260817,75,75,0.7,0.0,0.013333333333333334,0.04,0.017777777777777778
a1_crop,487,20260817,75,75,0.6,0.02666666666666667,0.08,0.05333333333333334,0.05333333333333334
a1_crop,488,20260817,75,75,0.8,0.0,0.0,0.0,0.0
a1_crop,489,20260817,75,75,0.7,0.0,0.02666666666666667,0.02666666666666667,0.017777777777777778
a1_crop,490,20260817,75,75,0.8,0.0,0.0,0.0,0.0
a1_crop,491,20260817,75,75,0.75,0.0,0.0,0.0,0.0
a1_crop,492,20260817,75,75,0.75,0.013333333333333334,0.0,0.013333333333333334,0.008888888888888889
a1_crop,493,20260817,75,75,0.7,0.0,0.02666666666666667,0.04,0.022222222222222223
a1_crop,494,20260817,75,75,0.75,0.0,0.013333333333333334,0.0,0.0044444444444444444
a1_crop,495,20260817,75,75,0.65,0.0,0.05333333333333334,0.05333333333333334,0.035555555555555556
a1_crop,496,20260817,75,75,0.8,0.0,0.0,0.0,0.0
a1_crop,497,20260817,75,75,0.7,0.0,0.0,0.02666666666666667,0.008888888888888889
a1_crop,498,20260817,75,75,0.75,0.0,0.0,0.0,0.0
a1_crop,499,20260817,75,75,0.7,0.013333333333333334,0.02666666666666667,0.013333333333333334,0.017777777777777778
a1_crop,500,20260817,75,75,0.75,0.013333333333333334,0.013333333333333334,0.013333333333333334,0.013333333333333334
a1_crop,501,20260817,75,75,0.75,0.0,0.0,0.0,0.0
a1_crop,502,20260817,75,75,0.75,0.013333333333333334,0.013333333333333334,0.013333333333333334,0.013333333333333334
a1_crop,503,20260817,75,75,0.75,0.0,0.0,0.013333333333333334,0.0044444444444444444
a1_crop,504,20260817,75,75,0.8,0.0,0.0,0.0,0.0
a1_crop,505,20260817,75,75,0.75,0.0,0.0,0.0,0.0
a1_crop,506,20260817,75,75,0.75,0.0,0.0,0.0,0.0
a1_crop,507,20260817,75,75,0.8,0.0,0.0,0.0,0.0
a1_crop,508,20260817,75,75,0.8,0.0,0.0,0.0,0.0
a1_crop,509,20260817,75,75,0.75,0.013333333333333334,0.0,0.0,0.0044444444444444444
a1_crop,510,20260817,75,75,0.8,0.0,0.0,0.0,0.0
a1_crop,511,20260817,75,75,0.75,0.0,0.0,0.013333333333333334,0.0044444444444444444
a1_crop,512,20260817,75,75,0.75,0.013333333333333334,0.02666666666666667,0.02666666666666667,0.022222222222222223
a1_crop,513,20260817,75,75,0.75,0.013333333333333334,0.013333333333333334,0.013333333333333334,0.013333333333333334
a1_crop,514,20260817,75,75,0.75,0.0,0.0,0.0,0.0
a1_crop,515,20260817,75,75,0.8,0.0,0.0,0.0,0.0
a1_crop,516,20260817,75,75,0.8,0.0,0.0,0.0,0.0
a1_crop,517,20260817,75,75,0.8,0.0,0.0,0.0,0.0
a1_crop,518,20260817,75,75,0.65,0.0,0.013333333333333334,0.013333333333333334,0.008888888888888889
a1_crop,519,20260817,75,75,0.75,0.0,0.0,0.013333333333333334,0.0044444444444444444
a1_crop,520,20260817,75,75,0.7,0.0,0.013333333333333334,0.02666666666666667,0.013333333333333334
a1_crop,521,20260817,75,75,0.75,0.0,0.0,0.013333333333333334,0.0044444444444444444
a1_crop,522,20260817,75,75,0.8,0.0,0.0,0.0,0.0
a1_crop,523,20260817,75,75,0.7,0.0,0.0,0.0,0.0
a1_crop,524,20260817,75,75,0.65,0.02666666666666667,0.06666666666666667,0.05333333333333334,0.04888888888888889
a1_crop,525,20260817,75,75,0.8,0.0,0.0,0.0,0.0
a1_crop,526,20260817,75,75,0.75,0.0,0.0,0.0,0.0
a1_crop,527,20260817,75,75,0.8,0.0,0.0,0.0,0.0
a1_crop,528,20260817,75,75,0.75,0.0,0.0,0.013333333333333334,0.0044444444444444444
a1_crop,529,20260817,75,75,0.75,0.0,0.0,0.0,0.0
a1_crop,530,20260817,75,75,0.75,0.013333333333333334,0.013333333333333334,0.013333333333333334,0.013333333333333334
a1_crop,531,20260817,75,75,0.7,0.0,0.0,0.05333333333333334,0.017777777777777778
a1_crop,532,20260817,75,75,0.8,0.0,0.0,0.0,0.0
a1_crop,533,20260817,75,75,0.75,0.0,0.02666666666666667,0.02666666666666667,0.017777777777777778
a1_crop,534,20260817,75,75,0.8,0.0,0.0,0.0,0.0
a1_crop,535,20260817,75,75,0.8,0.0,0.0,0.0,0.0
a1_crop,536,20260817,75,75,0.75,0.0,0.0,0.0,0.0
a1_crop,537,20260817,75,75,0.75,0.0,0.0,0.013333333333333334,0.0044444444444444444
a1_crop,538,20260817,75,75,0.7,0.0,0.0,0.013333333333333334,0.0044444444444444444
a1_crop,539,20260817,75,75,0.75,0.013333333333333334,0.02666666666666667,0.013333333333333334,0.017777777777777778
a1_crop,540,20260817,75,75,0.75,0.0,0.0,0.013333333333333334,0.0044444444444444444
a1_crop,541,20260817,75,75,0.75,0.0,0.013333333333333334,0.0,0.0044444444444444444
a1_crop,542,20260817,75,75,0.75,0.013333333333333334,0.013333333333333334,0.04,0.022222222222222223
a1_crop,543,20260817,75,75,0.75,0.0,0.013333333333333334,0.013333333333333334,0.008888888888888889
a1_crop,544,20260817,75,75,0.75,0.0,0.0,0.0,0.0
a1_crop,545,20260817,75,75,0.75,0.0,0.0,0.0,0.0
a1_crop,546,20260817,75,75,0.75,0.0,0.0,0.0,0.0
a1_crop,547,20260817,75,75,0.7,0.0,0.0,0.013333333333333334,0.0044444444444444444
a1_crop,548,20260817,75,75,0.8,0.0,0.0,0.0,0.0
a1_crop,549,20260817,75,75,0.75,0.0,0.0,0.0,0.0
a1_crop,550,20260817,75,75,0.75,0.0,0.0,0.0,0.0
a1_crop,551,20260817,75,75,0.8,0.0,0.0,0.0,0.0
a1_crop,552,20260817,75,75,0.65,0.013333333333333334,0.02666666666666667,0.05333333333333334,0.031111111111111114
a1_crop,553,20260817,75,75,0.75,0.0,0.013333333333333334,0.02666666666666667,0.013333333333333334
a1_crop,554,20260817,75,75,0.8,0.0,0.0,0.0,0.0
a1_crop,555,20260817,75,75,0.8,0.0,0.0,0.0,0.0
a1_crop,556,20260817,75,75,0.75,0.0,0.0,0.013333333333333334,0.0044444444444444444
a1_crop,557,20260817,75,75,0.7,0.02666666666666667,0.02666666666666667,0.02666666666666667,0.02666666666666667
a1_crop,558,20260817,75,75,0.7,0.013333333333333334,0.013333333333333334,0.013333333333333334,0.013333333333333334
a1_crop,559,20260817,75,75,0.7,0.0,0.02666666666666667,0.04,0.022222222222222223
a1_crop,560,20260817,75,75,0.8,0.0,0.0,0.0,0.0
a1_crop,561,20260817,75,75,0.75,0.0,0.0,0.0,0.0
a1_crop,562,20260817,75,75,0.7,0.0,0.0,0.013333333333333334,0.0044444444444444444
a1_crop,563,20260817,75,75,0.8,0.0,0.0,0.0,0.0
a1_crop,564,20260817,75,75,0.75,0.0,0.0,0.0,0.0
a1_crop,565,20260817,75,75,0.75,0.0,0.0,0.0,0.0
a1_crop,566,20260817,75,75,0.7,0.0,0.0,0.0,0.0
a1_crop,567,20260817,75,75,0.75,0.0,0.0,0.02666666666666667,0.008888888888888889
a1_crop,568,20260817,75,75,0.75,0.013333333333333334,0.02666666666666667,0.02666666666666667,0.022222222222222223
a1_crop,569,20260817,75,75,0.75,0.02666666666666667,0.02666666666666667,0.02666666666666667,0.02666666666666667
a1_crop,570,20260817,75,75,0.75,0.0,0.0,0.0,0.0
a1_crop,571,20260817,75,75,0.75,0.013333333333333334,0.013333333333333334,0.02666666666666667,0.017777777777777778
a1_crop,572,20260817,75,75,0.8,0.0,0.0,0.0,0.0
a1_crop,573,20260817,75,75,0.8,0.0,0.0,0.0,0.0
a1_crop,574,20260817,75,75,0.75,0.0,0.0,0.0,0.0
a1_crop,575,20260817,75,75,0.7,0.0,0.02666666666666667,0.02666666666666667,0.017777777777777778
a1_crop,576,20260817,75,75,0.7,0.0,0.013333333333333334,0.013333333333333334,0.008888888888888889
a1_crop,577,20260817,75,75,0.65,0.02666666666666667,0.02666666666666667,0.04,0.031111111111111114
a1_crop,578,20260817,75,75,0.8,0.0,0.0,0.0,0.0
a1_crop,579,20260817,75,75,0.65,0.0,0.013333333333333334,0.013333333333333334,0.008888888888888889
a1_crop,580,20260817,75,75,0.65,0.0,0.013333333333333334,0.013333333333333334,0.008888888888888889
a1_crop,581,20260817,75,75,0.75,0.0,0.0,0.013333333333333334,0.0044444444444444444
a1_crop,582,20260817,75,75,0.8,0.0,0.0,0.0,0.0
a1_crop,583,20260817,75,75,0.8,0.0,0.0,0.0,0.0
a1_crop,584,20260817,75,75,0.75,0.0,0.0,0.0,0.0
a1_crop,585,20260817,75,75,0.75,0.0,0.013333333333333334,0.02666666666666667,0.013333333333333334
a1_crop,586,20260817,75,75,0.75,0.0,0.0,0.0,0.0
a1_crop,587,20260817,75,75,0.7,0.0,0.0,0.02666666666666667,0.008888888888888889
a1_crop,588,20260817,75,75,0.65,0.013333333333333334,0.06666666666666667,0.04,0.04
a1_crop,589,20260817,75,75,0.75,0.013333333333333334,0.02666666666666667,0.013333333333333334,0.017777777777777778
a1_crop,590,20260817,75,75,0.75,0.0,0.013333333333333334,0.013333333333333334,0.008888888888888889
a1_crop,591,20260817,75,75,0.75,0.013333333333333334,0.02666666666666667,0.013333333333333334,0.017777777777777778
a1_crop,592,20260817,75,75,0.8,0.0,0.0,0.0,0.0
a1_crop,593,20260817,75,75,0.7,0.0,0.013333333333333334,0.0,0.0044444444444444444
a1_crop,594,20260817,75,75,0.75,0.0,0.02666666666666667,0.013333333333333334,0.013333333333333334
a1_crop,595,20260817,75,75,0.75,0.0,0.0,0.0,0.0
a1_crop,596,20260817,75,75,0.8,0.0,0.0,0.0,0.0
a1_crop,597,20260817,75,75,0.8,0.0,0.0,0.0,0.0
a1_crop,598,20260817,75,75,0.75,0.0,0.013333333333333334,0.013333333333333334,0.008888888888888889
a1_crop,599,20260817,75,75,0.7,0.0,0.0,0.013333333333333334,0.0044444444444444444
a1_crop,600,20260817,75,75,0.8,0.0,0.0,0.0,0.0
a1_crop,601,20260817,75,75,0.75,0.0,0.013333333333333334,0.0,0.0044444444444444444
a1_crop,602,20260817,75,75,0.75,0.0,0.0,0.013333333333333334,0.0044444444444444444
a1_crop,603,20260817,75,75,0.8,0.0,0.0,0.0,0.0
a1_crop,604,20260817,75,75,0.8,0.0,0.0,0.0,0.0
a1_crop,605,20260817,75,75,0.75,0.013333333333333334,0.013333333333333334,0.013333333333333334,0.013333333333333334
a1_crop,606,20260817,75,75,0.8,0.0,0.0,0.0,0.0
a1_crop,607,20260817,75,75,0.8,0.0,0.0,0.0,0.0
a1_crop,608,20260817,75,75,0.7,0.013333333333333334,0.02666666666666667,0.0,0.013333333333333334
a1_crop,609,20260817,75,75,0.75,0.0,0.0,0.013333333333333334,0.0044444444444444444
a1_crop,610,20260817,75,75,0.65,0.0,0.02666666666666667,0.013333333333333334,0.013333333333333334
a1_crop,611,20260817,75,75,0.8,0.0,0.0,0.0,0.0
a1_crop,612,20260817,75,75,0.7,0.02666666666666667,0.04,0.09333333333333334,0.05333333333333334
a1_crop,613,20260817,75,75,0.75,0.0,0.013333333333333334,0.0,0.0044444444444444444
a1_crop,614,20260817,75,75,0.7,0.0,0.02666666666666667,0.02666666666666667,0.017777777777777778
a1_crop,615,20260817,75,75,0.75,0.0,0.013333333333333334,0.013333333333333334,0.008888888888888889
a1_crop,616,20260817,75,75,0.75,0.0,0.0,0.013333333333333334,0.0044444444444444444
a1_crop,617,20260817,75,75,0.8,0.0,0.0,0.0,0.0
a1_crop,618,20260817,75,75,0.65,0.013333333333333334,0.04,0.02666666666666667,0.02666666666666667
a1_crop,619,20260817,75,75,0.7,0.0,0.02666666666666667,0.02666666666666667,0.017777777777777778
a1_crop,620,20260817,75,75,0.75,0.0,0.0,0.0,0.0
a1_crop,621,20260817,75,75,0.7,0.0,0.0,0.04,0.013333333333333334
a1_crop,622,20260817,75,75,0.8,0.0,0.0,0.0,0.0
a1_crop,623,20260817,75,75,0.8,0.0,0.0,0.0,0.0
a1_crop,624,20260817,75,75,0.75,0.0,0.013333333333333334,0.0,0.0044444444444444444
a1_crop,625,20260817,75,75,0.75,0.013333333333333334,0.0,0.0,0.0044444444444444444
a1_crop,626,20260817,75,75,0.75,0.0,0.0,0.013333333333333334,0.0044444444444444444
a1_crop,627,20260817,75,75,0.75,0.0,0.0,0.0,0.0
a1_crop,628,20260817,75,75,0.8,0.0,0.0,0.0,0.0
a1_crop,629,20260817,75,75,0.75,0.013333333333333334,0.0,0.0,0.0044444444444444444
a1_crop,630,20260817,75,75,0.7,0.0,0.02666666666666667,0.013333333333333334,0.013333333333333334
a1_crop,631,20260817,75,75,0.8,0.0,0.0,0.0,0.0
a1_crop,632,20260817,75,75,0.75,0.0,0.013333333333333334,0.013333333333333334,0.008888888888888889
a1_crop,633,20260817,75,75,0.7,0.013333333333333334,0.0,0.013333333333333334,0.008888888888888889
a1_crop,634,20260817,75,75,0.75,0.0,0.0,0.02666666666666667,0.008888888888888889
a1_crop,635,20260817,75,75,0.75,0.0,0.05333333333333334,0.02666666666666667,0.02666666666666667
a1_crop,636,20260817,75,75,0.8,0.0,0.0,0.0,0.0
a1_crop,637,20260817,75,75,0.75,0.0,0.0,0.0,0.0
a1_crop,638,20260817,75,75,0.8,0.0,0.0,0.0,0.0
a1_crop,639,20260817,75,75,0.75,0.0,0.0,0.0,0.0
a1_crop,640,20260817,75,75,0.75,0.0,0.0,0.0,0.0
a1_crop,641,20260817,75,75,0.7,0.013333333333333334,0.02666666666666667,0.013333333333333334,0.017777777777777778
a1_crop,642,20260817,75,75,0.75,0.0,0.0,0.02666666666666667,0.008888888888888889
a1_crop,643,20260817,75,75,0.75,0.0,0.013333333333333334,0.0,0.0044444444444444444
a1_crop,644,20260817,75,75,0.65,0.013333333333333334,0.02666666666666667,0.05333333333333334,0.031111111111111114
a1_crop,645,20260817,75,75,0.75,0.0,0.0,0.0,0.0
a1_crop,646,20260817,75,75,0.75,0.0,0.0,0.0,0.0
a1_crop,647,20260817,75,75,0.7,0.0,0.013333333333333334,0.0,0.0044444444444444444
a1_crop,648,20260817,75,75,0.75,0.013333333333333334,0.02666666666666667,0.013333333333333334,0.017777777777777778
a1_crop,649,20260817,75,75,0.8,0.0,0.0,0.0,0.0
a1_crop,650,20260817,75,75,0.7,0.02666666666666667,0.02666666666666667,0.02666666666666667,0.02666666666666667
a1_crop,651,20260817,75,75,0.75,0.0,0.013333333333333334,0.0,0.0044444444444444444
a1_crop,652,20260817,75,75,0.8,0.0,0.0,0.0,0.0
a1_crop,653,20260817,75,75,0.65,0.0,0.05333333333333334,0.06666666666666667,0.04
a1_crop,654,20260817,75,75,0.8,0.0,0.0,0.0,0.0
a1_crop,655,20260817,75,75,0.7,0.013333333333333334,0.013333333333333334,0.02666666666666667,0.017777777777777778
a1_crop,656,20260817,75,75,0.75,0.0,0.0,0.0,0.0
a1_crop,657,20260817,75,75,0.8,0.0,0.0,0.0,0.0
a1_crop,658,20260817,75,75,0.75,0.0,0.013333333333333334,0.0,0.0044444444444444444
a1_crop,659,20260817,75,75,0.8,0.0,0.0,0.0,0.0
a1_crop,660,20260817,75,75,0.7,0.0,0.0,0.02666666666666667,0.008888888888888889
a1_crop,661,20260817,75,75,0.8,0.0,0.0,0.0,0.0
a1_crop,662,20260817,75,75,0.75,0.013333333333333334,0.013333333333333334,0.02666666666666667,0.017777777777777778
a1_crop,663,20260817,75,75,0.8,0.0,0.0,0.0,0.0
a1_crop,664,20260817,75,75,0.75,0.0,0.013333333333333334,0.013333333333333334,0.008888888888888889
a1_crop,665,20260817,75,75,0.8,0.0,0.0,0.0,0.0
a1_crop,666,20260817,75,75,0.75,0.0,0.013333333333333334,0.013333333333333334,0.008888888888888889
a1_crop,667,20260817,75,75,0.65,0.013333333333333334,0.05333333333333334,0.08,0.04888888888888889
a1_crop,668,20260817,75,75,0.7,0.0,0.0,0.0,0.0
a1_crop,669,20260817,75,75,0.8,0.0,0.0,0.0,0.0
a1_crop,670,20260817,75,75,0.75,0.0,0.0,0.0,0.0
a1_crop,671,20260817,75,75,0.75,0.0,0.0,0.0,0.0
a1_crop,672,20260817,75,75,0.65,0.02666666666666667,0.05333333333333334,0.04,0.04
a1_crop,673,20260817,75,75,0.75,0.0,0.013333333333333334,0.013333333333333334,0.008888888888888889
a1_crop,674,20260817,75,75,0.75,0.0,0.0,0.0,0.0
a1_crop,675,20260817,75,75,0.75,0.0,0.0,0.013333333333333334,0.0044444444444444444
a1_crop,676,20260817,75,75,0.75,0.0,0.013333333333333334,0.0,0.0044444444444444444
a1_crop,677,20260817,75,75,0.7,0.0,0.0,0.0,0.0
a1_crop,678,20260817,75,75,0.75,0.0,0.0,0.013333333333333334,0.0044444444444444444
a1_crop,679,20260817,75,75,0.75,0.0,0.013333333333333334,0.0,0.0044444444444444444
a1_crop,680,20260817,75,75,0.8,0.0,0.0,0.0,0.0
a1_crop,681,20260817,75,75,0.7,0.0,0.0,0.013333333333333334,0.0044444444444444444
a1_crop,682,20260817,75,75,0.75,0.013333333333333334,0.013333333333333334,0.013333333333333334,0.013333333333333334
a1_crop,683,20260817,75,75,0.8,0.0,0.0,0.0,0.0
a1_crop,684,20260817,75,75,0.8,0.0,0.0,0.0,0.0
a1_crop,685,20260817,75,75,0.75,0.0,0.0,0.0,0.0
a1_crop,686,20260817,75,75,0.65,0.0,0.013333333333333334,0.02666666666666667,0.013333333333333334
a1_crop,687,20260817,75,75,0.75,0.0,0.0,0.0,0.0
a1_crop,688,20260817,75,75,0.75,0.0,0.0,0.013333333333333334,0.0044444444444444444
a1_crop,689,20260817,75,75,0.8,0.0,0.0,0.0,0.0
a1_crop,690,20260817,75,75,0.75,0.0,0.0,0.02666666666666667,0.008888888888888889
a1_crop,691,20260817,75,75,0.75,0.013333333333333334,0.013333333333333334,0.013333333333333334,0.013333333333333334
a1_crop,692,20260817,75,75,0.8,0.0,0.0,0.0,0.0
a1_crop,693,20260817,75,75,0.7,0.02666666666666667,0.013333333333333334,0.02666666666666667,0.022222222222222223
a1_crop,694,20260817,75,75,0.75,0.0,0.0,0.013333333333333334,0.0044444444444444444
a1_crop,695,20260817,75,75,0.75,0.0,0.0,0.02666666666666667,0.008888888888888889
a1_crop,696,20260817,75,75,0.75,0.0,0.013333333333333334,0.02666666666666667,0.013333333333333334
a1_crop,697,20260817,75,75,0.7,0.0,0.0,0.0,0.0
a1_crop,698,20260817,75,75,0.75,0.0,0.0,0.0,0.0
a1_crop,699,20260817,75,75,0.75,0.0,0.013333333333333334,0.013333333333333334,0.008888888888888889
a1_crop,700,20260817,75,75,0.7,0.0,0.02666666666666667,0.02666666666666667,0.017777777777777778
a1_crop,701,20260817,75,75,0.75,0.0,0.0,0.0,0.0
a1_crop,702,20260817,75,75,0.8,0.0,0.0,0.0,0.0
a1_crop,703,20260817,75,75,0.65,0.02666666666666667,0.04,0.04,0.035555555555555556
a1_crop,704,20260817,75,75,0.75,0.0,0.0,0.0,0.0
a1_crop,705,20260817,75,75,0.8,0.0,0.0,0.0,0.0
a1_crop,706,20260817,75,75,0.75,0.0,0.0,0.0,0.0
a1_crop,707,20260817,75,75,0.7,0.0,0.0,0.013333333333333334,0.0044444444444444444
a1_crop,708,20260817,75,75,0.8,0.0,0.0,0.0,0.0
a1_crop,709,20260817,75,75,0.8,0.0,0.0,0.0,0.0
a1_crop,710,20260817,75,75,0.8,0.0,0.0,0.0,0.0
a1_crop,711,20260817,75,75,0.75,0.0,0.0,0.0,0.0
a1_crop,712,20260817,75,75,0.75,0.0,0.0,0.0,0.0
a1_crop,713,20260817,75,75,0.8,0.0,0.0,0.0,0.0
a1_crop,714,20260817,75,75,0.65,0.0,0.013333333333333334,0.013333333333333334,0.008888888888888889
a1_crop,715,20260817,75,75,0.8,0.0,0.0,0.0,0.0
a1_crop,716,20260817,75,75,0.7,0.0,0.0,0.02666666666666667,0.008888888888888889
a1_crop,717,20260817,75,75,0.7,0.0,0.013333333333333334,0.0,0.0044444444444444444
a1_crop,718,20260817,75,75,0.75,0.0,0.0,0.013333333333333334,0.0044444444444444444
a1_crop,719,20260817,75,75,0.65,0.02666666666666667,0.05333333333333334,0.04,0.04
a1_crop,720,20260817,75,75,0.75,0.0,0.0,0.0,0.0
a1_crop,721,20260817,75,75,0.75,0.013333333333333334,0.0,0.0,0.0044444444444444444
a1_crop,722,20260817,75,75,0.75,0.0,0.0,0.0,0.0
a1_crop,723,20260817,75,75,0.75,0.013333333333333334,0.013333333333333334,0.02666666666666667,0.017777777777777778
a1_crop,724,20260817,75,75,0.8,0.0,0.0,0.0,0.0
a1_crop,725,20260817,75,75,0.75,0.0,0.0,0.0,0.0
a1_crop,726,20260817,75,75,0.75,0.0,0.013333333333333334,0.0,0.0044444444444444444
a1_crop,727,20260817,75,75,0.8,0.0,0.0,0.0,0.0
a1_crop,728,20260817,75,75,0.8,0.0,0.0,0.0,0.0
a1_crop,729,20260817,75,75,0.75,0.0,0.0,0.0,0.0
a1_crop,730,20260817,75,75,0.75,0.0,0.0,0.013333333333333334,0.0044444444444444444
a1_crop,731,20260817,75,75,0.7,0.0,0.0,0.0,0.0
a1_crop,732,20260817,75,75,0.65,0.0,0.0,0.013333333333333334,0.0044444444444444444
a1_crop,733,20260817,75,75,0.75,0.0,0.0,0.0,0.0
a1_crop,734,20260817,75,75,0.75,0.0,0.0,0.0,0.0
a1_crop,735,20260817,75,75,0.75,0.0,0.0,0.0,0.0
a1_crop,736,20260817,75,75,0.8,0.0,0.0,0.0,0.0
a1_crop,737,20260817,75,75,0.75,0.0,0.0,0.013333333333333334,0.0044444444444444444
a1_crop,738,20260817,75,75,0.75,0.0,0.0,0.013333333333333334,0.0044444444444444444
a1_crop,739,20260817,75,75,0.75,0.0,0.0,0.0,0.0
a1_crop,740,20260817,75,75,0.8,0.0,0.0,0.0,0.0
a1_crop,741,20260817,75,75,0.7,0.013333333333333334,0.02666666666666667,0.05333333333333334,0.031111111111111114
a1_crop,742,20260817,75,75,0.75,0.0,0.013333333333333334,0.0,0.0044444444444444444
a1_crop,743,20260817,75,75,0.75,0.013333333333333334,0.013333333333333334,0.04,0.022222222222222223
a1_crop,744,20260817,75,75,0.75,0.0,0.013333333333333334,0.013333333333333334,0.008888888888888889
a1_crop,745,20260817,75,75,0.75,0.013333333333333334,0.013333333333333334,0.02666666666666667,0.017777777777777778
a1_crop,746,20260817,75,75,0.75,0.0,0.0,0.0,0.0
a1_crop,747,20260817,75,75,0.75,0.0,0.013333333333333334,0.02666666666666667,0.013333333333333334
a1_crop,748,20260817,75,75,0.7,0.0,0.013333333333333334,0.0,0.0044444444444444444
a1_crop,749,20260817,75,75,0.8,0.0,0.0,0.0,0.0
a1_crop,750,20260817,75,75,0.7,0.013333333333333334,0.0,0.04,0.017777777777777778
a1_crop,751,20260817,75,75,0.8,0.0,0.0,0.0,0.0
a1_crop,752,20260817,75,75,0.65,0.013333333333333334,0.04,0.02666666666666667,0.02666666666666667
a1_crop,753,20260817,75,75,0.7,0.0,0.013333333333333334,0.013333333333333334,0.008888888888888889
a1_crop,754,20260817,75,75,0.7,0.0,0.0,0.013333333333333334,0.0044444444444444444
a1_crop,755,20260817,75,75,0.8,0.0,0.0,0.0,0.0
a1_crop,756,20260817,75,75,0.75,0.0,0.02666666666666667,0.02666666666666667,0.017777777777777778
a1_crop,757,20260817,75,75,0.7,0.0,0.013333333333333334,0.02666666666666667,0.013333333333333334
a1_crop,758,20260817,75,75,0.75,0.0,0.0,0.02666666666666667,0.008888888888888889
a1_crop,759,20260817,75,75,0.8,0.0,0.0,0.0,0.0
a1_crop,760,20260817,75,75,0.75,0.0,0.0,0.0,0.0
a1_crop,761,20260817,75,75,0.65,0.04,0.04,0.04,0.04
a1_crop,762,20260817,75,75,0.75,0.0,0.0,0.0,0.0
a1_crop,763,20260817,75,75,0.75,0.0,0.0,0.0,0.0
a1_crop,764,20260817,75,75,0.75,0.013333333333333334,0.013333333333333334,0.013333333333333334,0.013333333333333334
a1_crop,765,20260817,75,75,0.8,0.0,0.0,0.0,0.0
a1_crop,766,20260817,75,75,0.75,0.0,0.0,0.0,0.0
a1_crop,767,20260817,75,75,0.75,0.0,0.0,0.0,0.0
a1_crop,768,20260817,75,75,0.75,0.0,0.0,0.0,0.0
a1_crop,769,20260817,75,75,0.75,0.0,0.013333333333333334,0.0,0.0044444444444444444
a1_crop,770,20260817,75,75,0.8,0.0,0.0,0.0,0.0
a1_crop,771,20260817,75,75,0.7,0.0,0.013333333333333334,0.04,0.017777777777777778
a1_crop,772,20260817,75,75,0.7,0.0,0.0,0.013333333333333334,0.0044444444444444444
a1_crop,773,20260817,75,75,0.65,0.013333333333333334,0.05333333333333334,0.04,0.035555555555555556
a1_crop,774,20260817,75,75,0.75,0.0,0.013333333333333334,0.02666666666666667,0.013333333333333334
a1_crop,775,20260817,75,75,0.7,0.013333333333333334,0.013333333333333334,0.04,0.022222222222222223
a1_crop,776,20260817,75,75,0.7,0.0,0.013333333333333334,0.05333333333333334,0.022222222222222223
a1_crop,777,20260817,75,75,0.75,0.0,0.013333333333333334,0.013333333333333334,0.008888888888888889
a1_crop,778,20260817,75,75,0.75,0.0,0.0,0.013333333333333334,0.0044444444444444444
a1_crop,779,20260817,75,75,0.8,0.0,0.0,0.0,0.0
a1_crop,780,20260817,75,75,0.75,0.0,0.013333333333333334,0.0,0.0044444444444444444
a1_crop,781,20260817,75,75,0.75,0.0,0.0,0.02666666666666667,0.008888888888888889
a1_crop,782,20260817,75,75,0.7,0.013333333333333334,0.013333333333333334,0.04,0.022222222222222223
a1_crop,783,20260817,75,75,0.75,0.0,0.0,0.0,0.0
a1_crop,784,20260817,75,75,0.8,0.0,0.0,0.0,0.0
a1_crop,785,20260817,75,75,0.75,0.0,0.0,0.0,0.0
a1_crop,786,20260817,75,75,0.7,0.0,0.013333333333333334,0.013333333333333334,0.008888888888888889
a1_crop,787,20260817,75,75,0.75,0.013333333333333334,0.013333333333333334,0.02666666666666667,0.017777777777777778
a1_crop,788,20260817,75,75,0.7,0.0,0.04,0.02666666666666667,0.022222222222222223
a1_crop,789,20260817,75,75,0.8,0.0,0.0,0.0,0.0
a1_crop,790,20260817,75,75,0.8,0.0,0.0,0.0,0.0
a1_crop,791,20260817,75,75,0.7,0.0,0.0,0.02666666666666667,0.008888888888888889
a1_crop,792,20260817,75,75,0.8,0.0,0.0,0.0,0.0
a1_crop,793,20260817,75,75,0.75,0.0,0.013333333333333334,0.013333333333333334,0.008888888888888889
a1_crop,794,20260817,75,75,0.8,0.0,0.0,0.0,0.0
a1_crop,795,20260817,75,75,0.75,0.0,0.0,0.0,0.0
a1_crop,796,20260817,75,75,0.75,0.0,0.013333333333333334,0.013333333333333334,0.008888888888888889
a1_crop,797,20260817,75,75,0.8,0.0,0.0,0.0,0.0
a1_crop,798,20260817,75,75,0.75,0.013333333333333334,0.013333333333333334,0.02666666666666667,0.017777777777777778
a1_crop,799,20260817,75,75,0.75,0.0,0.013333333333333334,0.0,0.0044444444444444444
a1_crop,800,20260817,75,75,0.7,0.0,0.013333333333333334,0.0,0.0044444444444444444
a1_crop,801,20260817,75,75,0.75,0.0,0.0,0.013333333333333334,0.0044444444444444444
a1_crop,802,20260817,75,75,0.8,0.0,0.0,0.0,0.0
a1_crop,803,20260817,75,75,0.75,0.0,0.0,0.0,0.0
a1_crop,804,20260817,75,75,0.7,0.013333333333333334,0.0,0.013333333333333334,0.008888888888888889
a1_crop,805,20260817,75,75,0.75,0.0,0.0,0.013333333333333334,0.0044444444444444444
a1_crop,806,20260817,75,75,0.75,0.0,0.0,0.0,0.0
a1_crop,807,20260817,75,75,0.75,0.0,0.013333333333333334,0.0,0.0044444444444444444
a1_crop,808,20260817,75,75,0.7,0.013333333333333334,0.013333333333333334,0.02666666666666667,0.017777777777777778
a1_crop,809,20260817,75,75,0.8,0.0,0.0,0.0,0.0
a1_crop,810,20260817,75,75,0.65,0.0,0.02666666666666667,0.04,0.022222222222222223
a1_crop,811,20260817,75,75,0.8,0.0,0.0,0.0,0.0
a1_crop,812,20260817,75,75,0.75,0.013333333333333334,0.013333333333333334,0.02666666666666667,0.017777777777777778
a1_crop,813,20260817,75,75,0.75,0.02666666666666667,0.02666666666666667,0.02666666666666667,0.02666666666666667
a1_crop,814,20260817,75,75,0.75,0.0,0.0,0.0,0.0
a1_crop,815,20260817,75,75,0.75,0.0,0.0,0.0,0.0
a1_crop,816,20260817,75,75,0.75,0.0,0.0,0.013333333333333334,0.0044444444444444444
a1_crop,817,20260817,75,75,0.8,0.0,0.0,0.0,0.0
a1_crop,818,20260817,75,75,0.75,0.013333333333333334,0.013333333333333334,0.02666666666666667,0.017777777777777778
a1_crop,819,20260817,75,75,0.75,0.0,0.013333333333333334,0.013333333333333334,0.008888888888888889
a1_crop,820,20260817,75,75,0.8,0.0,0.0,0.0,0.0
a1_crop,821,20260817,75,75,0.8,0.0,0.0,0.0,0.0
a1_crop,822,20260817,75,75,0.8,0.0,0.0,0.0,0.0
a1_crop,823,20260817,75,75,0.75,0.0,0.0,0.0,0.0
a1_crop,824,20260817,75,75,0.75,0.0,0.0,0.0,0.0
a1_crop,825,20260817,75,75,0.75,0.0,0.0,0.013333333333333334,0.0044444444444444444
a1_crop,826,20260817,75,75,0.75,0.0,0.0,0.0,0.0
a1_crop,827,20260817,75,75,0.8,0.0,0.0,0.0,0.0
a1_crop,828,20260817,75,75,0.75,0.0,0.0,0.013333333333333334,0.0044444444444444444
a1_crop,829,20260817,75,75,0.7,0.013333333333333334,0.02666666666666667,0.02666666666666667,0.022222222222222223
a1_crop,830,20260817,75,75,0.8,0.0,0.0,0.0,0.0
a1_crop,831,20260817,75,75,0.7,0.013333333333333334,0.0,0.013333333333333334,0.008888888888888889
a1_crop,832,20260817,75,75,0.7,0.013333333333333334,0.013333333333333334,0.02666666666666667,0.017777777777777778
a1_crop,833,20260817,75,75,0.7,0.0,0.013333333333333334,0.02666666666666667,0.013333333333333334
a1_crop,834,20260817,75,75,0.8,0.0,0.0,0.0,0.0
a1_crop,835,20260817,75,75,0.7,0.0,0.0,0.013333333333333334,0.0044444444444444444
a1_crop,836,20260817,75,75,0.8,0.0,0.0,0.0,0.0
a1_crop,837,20260817,75,75,0.7,0.0,0.0,0.013333333333333334,0.0044444444444444444
a1_crop,838,20260817,75,75,0.75,0.013333333333333334,0.02666666666666667,0.013333333333333334,0.017777777777777778
a1_crop,839,20260817,75,75,0.8,0.0,0.0,0.0,0.0
a1_crop,840,20260817,75,75,0.65,0.0,0.0,0.05333333333333334,0.017777777777777778
a1_crop,841,20260817,75,75,0.75,0.013333333333333334,0.013333333333333334,0.02666666666666667,0.017777777777777778
a1_crop,842,20260817,75,75,0.7,0.0,0.013333333333333334,0.05333333333333334,0.022222222222222223
a1_crop,843,20260817,75,75,0.7,0.0,0.013333333333333334,0.05333333333333334,0.022222222222222223
a1_crop,844,20260817,75,75,0.75,0.0,0.0,0.0,0.0
a1_crop,845,20260817,75,75,0.75,0.0,0.0,0.013333333333333334,0.0044444444444444444
a1_crop,846,20260817,75,75,0.75,0.013333333333333334,0.013333333333333334,0.02666666666666667,0.017777777777777778
a1_crop,847,20260817,75,75,0.65,0.0,0.04,0.05333333333333334,0.031111111111111114
a1_crop,848,20260817,75,75,0.8,0.0,0.0,0.0,0.0
a1_crop,849,20260817,75,75,0.8,0.0,0.0,0.0,0.0
a1_crop,850,20260817,75,75,0.65,0.0,0.013333333333333334,0.02666666666666667,0.013333333333333334
a1_crop,851,20260817,75,75,0.75,0.0,0.0,0.02666666666666667,0.008888888888888889
a1_crop,852,20260817,75,75,0.7,0.0,0.013333333333333334,0.05333333333333334,0.022222222222222223
a1_crop,853,20260817,75,75,0.65,0.013333333333333334,0.04,0.04,0.03111111111111111
a1_crop,854,20260817,75,75,0.8,0.0,0.0,0.0,0.0
a1_crop,855,20260817,75,75,0.75,0.0,0.0,0.0,0.0
a1_crop,856,20260817,75,75,0.7,0.0,0.013333333333333334,0.02666666666666667,0.013333333333333334
a1_crop,857,20260817,75,75,0.7,0.0,0.02666666666666667,0.02666666666666667,0.017777777777777778
a1_crop,858,20260817,75,75,0.8,0.0,0.0,0.0,0.0
a1_crop,859,20260817,75,75,0.75,0.0,0.013333333333333334,0.02666666666666667,0.013333333333333334
a1_crop,860,20260817,75,75,0.8,0.0,0.0,0.0,0.0
a1_crop,861,20260817,75,75,0.75,0.0,0.0,0.02666666666666667,0.008888888888888889
a1_crop,862,20260817,75,75,0.7,0.0,0.013333333333333334,0.06666666666666667,0.026666666666666665
a1_crop,863,20260817,75,75,0.75,0.0,0.0,0.013333333333333334,0.0044444444444444444
a1_crop,864,20260817,75,75,0.65,0.013333333333333334,0.04,0.06666666666666667,0.04
a1_crop,865,20260817,75,75,0.75,0.0,0.0,0.0,0.0
a1_crop,866,20260817,75,75,0.8,0.0,0.0,0.0,0.0
a1_crop,867,20260817,75,75,0.75,0.0,0.013333333333333334,0.0,0.0044444444444444444
a1_crop,868,20260817,75,75,0.7,0.013333333333333334,0.02666666666666667,0.02666666666666667,0.022222222222222223
a1_crop,869,20260817,75,75,0.65,0.0,0.02666666666666667,0.0,0.008888888888888889
a1_crop,870,20260817,75,75,0.8,0.0,0.0,0.0,0.0
a1_crop,871,20260817,75,75,0.8,0.0,0.0,0.0,0.0
a1_crop,872,20260817,75,75,0.8,0.0,0.0,0.0,0.0
a1_crop,873,20260817,75,75,0.75,0.0,0.0,0.013333333333333334,0.0044444444444444444
a1_crop,874,20260817,75,75,0.7,0.0,0.013333333333333334,0.04,0.017777777777777778
a1_crop,875,20260817,75,75,0.7,0.0,0.0,0.02666666666666667,0.008888888888888889
a1_crop,876,20260817,75,75,0.7,0.0,0.013333333333333334,0.013333333333333334,0.008888888888888889
a1_crop,877,20260817,75,75,0.75,0.013333333333333334,0.013333333333333334,0.02666666666666667,0.017777777777777778
a1_crop,878,20260817,75,75,0.7,0.0,0.013333333333333334,0.02666666666666667,0.013333333333333334
a1_crop,879,20260817,75,75,0.75,0.0,0.013333333333333334,0.0,0.0044444444444444444
a1_crop,880,20260817,75,75,0.75,0.02666666666666667,0.02666666666666667,0.02666666666666667,0.02666666666666667
a1_crop,881,20260817,75,75,0.8,0.0,0.0,0.0,0.0
a1_crop,882,20260817,75,75,0.75,0.0,0.0,0.0,0.0
a1_crop,883,20260817,75,75,0.75,0.0,0.0,0.0,0.0
a1_crop,884,20260817,75,75,0.8,0.0,0.0,0.0,0.0
a1_crop,885,20260817,75,75,0.75,0.013333333333333334,0.0,0.0,0.0044444444444444444
a1_crop,886,20260817,75,75,0.75,0.0,0.013333333333333334,0.0,0.0044444444444444444
a1_crop,887,20260817,75,75,0.75,0.013333333333333334,0.0,0.0,0.0044444444444444444
a1_crop,888,20260817,75,75,0.65,0.013333333333333334,0.013333333333333334,0.013333333333333334,0.013333333333333334
a1_crop,889,20260817,75,75,0.75,0.0,0.0,0.0,0.0
a1_crop,890,20260817,75,75,0.75,0.0,0.0,0.0,0.0
a1_crop,891,20260817,75,75,0.75,0.0,0.013333333333333334,0.013333333333333334,0.008888888888888889
a1_crop,892,20260817,75,75,0.75,0.0,0.013333333333333334,0.013333333333333334,0.008888888888888889
a1_crop,893,20260817,75,75,0.7,0.0,0.013333333333333334,0.013333333333333334,0.008888888888888889
a1_crop,894,20260817,75,75,0.8,0.0,0.0,0.0,0.0
a1_crop,895,20260817,75,75,0.8,0.0,0.0,0.0,0.0
a1_crop,896,20260817,75,75,0.65,0.0,0.013333333333333334,0.02666666666666667,0.013333333333333334
a1_crop,897,20260817,75,75,0.65,0.0,0.0,0.04,0.013333333333333334
a1_crop,898,20260817,75,75,0.75,0.0,0.0,0.013333333333333334,0.0044444444444444444
a1_crop,899,20260817,75,75,0.7,0.0,0.0,0.013333333333333334,0.0044444444444444444
a1_crop,900,20260817,75,75,0.75,0.0,0.0,0.04,0.013333333333333334
a1_crop,901,20260817,75,75,0.8,0.0,0.0,0.0,0.0
a1_crop,902,20260817,75,75,0.75,0.0,0.0,0.0,0.0
a1_crop,903,20260817,75,75,0.7,0.0,0.013333333333333334,0.013333333333333334,0.008888888888888889
a1_crop,904,20260817,75,75,0.65,0.0,0.02666666666666667,0.02666666666666667,0.017777777777777778
a1_crop,905,20260817,75,75,0.75,0.0,0.0,0.013333333333333334,0.0044444444444444444
a1_crop,906,20260817,75,75,0.75,0.0,0.0,0.0,0.0
a1_crop,907,20260817,75,75,0.8,0.0,0.0,0.0,0.0
a1_crop,908,20260817,75,75,0.8,0.0,0.0,0.0,0.0
a1_crop,909,20260817,75,75,0.75,0.0,0.013333333333333334,0.013333333333333334,0.008888888888888889
a1_crop,910,20260817,75,75,0.8,0.0,0.0,0.0,0.0
a1_crop,911,20260817,75,75,0.7,0.013333333333333334,0.013333333333333334,0.02666666666666667,0.017777777777777778
a1_crop,912,20260817,75,75,0.8,0.0,0.0,0.0,0.0
a1_crop,913,20260817,75,75,0.8,0.0,0.0,0.0,0.0
a1_crop,914,20260817,75,75,0.75,0.0,0.013333333333333334,0.0,0.0044444444444444444
a1_crop,915,20260817,75,75,0.8,0.0,0.0,0.0,0.0
a1_crop,916,20260817,75,75,0.75,0.0,0.013333333333333334,0.013333333333333334,0.008888888888888889
a1_crop,917,20260817,75,75,0.8,0.0,0.0,0.0,0.0
a1_crop,918,20260817,75,75,0.75,0.0,0.013333333333333334,0.013333333333333334,0.008888888888888889
a1_crop,919,20260817,75,75,0.65,0.0,0.04,0.04,0.02666666666666667
a1_crop,920,20260817,75,75,0.75,0.0,0.013333333333333334,0.02666666666666667,0.013333333333333334
a1_crop,921,20260817,75,75,0.8,0.0,0.0,0.0,0.0
a1_crop,922,20260817,75,75,0.75,0.0,0.0,0.0,0.0
a1_crop,923,20260817,75,75,0.7,0.0,0.013333333333333334,0.02666666666666667,0.013333333333333334
a1_crop,924,20260817,75,75,0.7,0.0,0.013333333333333334,0.02666666666666667,0.013333333333333334
a1_crop,925,20260817,75,75,0.7,0.0,0.0,0.0,0.0
a1_crop,926,20260817,75,75,0.75,0.0,0.02666666666666667,0.02666666666666667,0.017777777777777778
a1_crop,927,20260817,75,75,0.8,0.0,0.0,0.0,0.0
a1_crop,928,20260817,75,75,0.75,0.0,0.0,0.02666666666666667,0.008888888888888889
a1_crop,929,20260817,75,75,0.65,0.0,0.02666666666666667,0.02666666666666667,0.017777777777777778
a1_crop,930,20260817,75,75,0.75,0.013333333333333334,0.013333333333333334,0.02666666666666667,0.017777777777777778
a1_crop,931,20260817,75,75,0.75,0.0,0.013333333333333334,0.0,0.0044444444444444444
a1_crop,932,20260817,75,75,0.8,0.0,0.0,0.0,0.0
a1_crop,933,20260817,75,75,0.7,0.0,0.0,0.02666666666666667,0.008888888888888889
a1_crop,934,20260817,75,75,0.65,0.013333333333333334,0.013333333333333334,0.02666666666666667,0.017777777777777778
a1_crop,935,20260817,75,75,0.75,0.0,0.0,0.013333333333333334,0.0044444444444444444
a1_crop,936,20260817,75,75,0.7,0.02666666666666667,0.013333333333333334,0.05333333333333334,0.031111111111111114
a1_crop,937,20260817,75,75,0.8,0.0,0.0,0.0,0.0
a1_crop,938,20260817,75,75,0.8,0.0,0.0,0.0,0.0
a1_crop,939,20260817,75,75,0.75,0.013333333333333334,0.0,0.0,0.0044444444444444444
a1_crop,940,20260817,75,75,0.75,0.0,0.0,0.013333333333333334,0.0044444444444444444
a1_crop,941,20260817,75,75,0.7,0.0,0.013333333333333334,0.04,0.017777777777777778
a1_crop,942,20260817,75,75,0.8,0.0,0.0,0.0,0.0
a1_crop,943,20260817,75,75,0.8,0.0,0.0,0.0,0.0
a1_crop,944,20260817,75,75,0.8,0.0,0.0,0.0,0.0
a1_crop,945,20260817,75,75,0.7,0.0,0.013333333333333334,0.02666666666666667,0.013333333333333334
a1_crop,946,20260817,75,75,0.75,0.0,0.013333333333333334,0.02666666666666667,0.013333333333333334
a1_crop,947,20260817,75,75,0.75,0.0,0.0,0.0,0.0
a1_crop,948,20260817,75,75,0.75,0.013333333333333334,0.013333333333333334,0.013333333333333334,0.013333333333333334
a1_crop,949,20260817,75,75,0.75,0.013333333333333334,0.013333333333333334,0.013333333333333334,0.013333333333333334
a1_crop,950,20260817,75,75,0.8,0.0,0.0,0.0,0.0
a1_crop,951,20260817,75,75,0.8,0.0,0.0,0.0,0.0
a1_crop,952,20260817,75,75,0.75,0.0,0.013333333333333334,0.013333333333333334,0.008888888888888889
a1_crop,953,20260817,75,75,0.7,0.0,0.0,0.013333333333333334,0.0044444444444444444
a1_crop,954,20260817,75,75,0.75,0.0,0.0,0.0,0.0
a1_crop,955,20260817,75,75,0.8,0.0,0.0,0.0,0.0
a1_crop,956,20260817,75,75,0.75,0.0,0.0,0.0,0.0
a1_crop,957,20260817,75,75,0.65,0.02666666666666667,0.06666666666666667,0.08,0.057777777777777775
a1_crop,958,20260817,75,75,0.8,0.0,0.0,0.0,0.0
a1_crop,959,20260817,75,75,0.8,0.0,0.0,0.0,0.0
a1_crop,960,20260817,75,75,0.8,0.0,0.0,0.0,0.0
a1_crop,961,20260817,75,75,0.75,0.0,0.0,0.013333333333333334,0.0044444444444444444
a1_crop,962,20260817,75,75,0.7,0.0,0.0,0.013333333333333334,0.0044444444444444444
a1_crop,963,20260817,75,75,0.8,0.0,0.0,0.0,0.0
a1_crop,964,20260817,75,75,0.75,0.0,0.0,0.013333333333333334,0.0044444444444444444
a1_crop,965,20260817,75,75,0.65,0.013333333333333334,0.05333333333333334,0.04,0.035555555555555556
a1_crop,966,20260817,75,75,0.7,0.0,0.0,0.0,0.0
a1_crop,967,20260817,75,75,0.8,0.0,0.0,0.0,0.0
a1_crop,968,20260817,75,75,0.75,0.013333333333333334,0.013333333333333334,0.013333333333333334,0.013333333333333334
a1_crop,969,20260817,75,75,0.8,0.0,0.0,0.0,0.0
a1_crop,970,20260817,75,75,0.7,0.0,0.04,0.06666666666666667,0.035555555555555556
a1_crop,971,20260817,75,75,0.7,0.0,0.0,0.02666666666666667,0.008888888888888889
a1_crop,972,20260817,75,75,0.75,0.0,0.0,0.013333333333333334,0.0044444444444444444
a1_crop,973,20260817,75,75,0.8,0.0,0.0,0.0,0.0
a1_crop,974,20260817,75,75,0.75,0.0,0.013333333333333334,0.0,0.0044444444444444444
a1_crop,975,20260817,75,75,0.75,0.0,0.0,0.0,0.0
a1_crop,976,20260817,75,75,0.75,0.0,0.0,0.0,0.0
a1_crop,977,20260817,75,75,0.7,0.0,0.0,0.013333333333333334,0.0044444444444444444
a1_crop,978,20260817,75,75,0.7,0.0,0.0,0.0,0.0
a1_crop,979,20260817,75,75,0.8,0.0,0.0,0.0,0.0
a1_crop,980,20260817,75,75,0.75,0.0,0.013333333333333334,0.013333333333333334,0.008888888888888889
a1_crop,981,20260817,75,75,0.8,0.0,0.0,0.0,0.0
a1_crop,982,20260817,75,75,0.65,0.013333333333333334,0.013333333333333334,0.02666666666666667,0.017777777777777778
a1_crop,983,20260817,75,75,0.8,0.0,0.0,0.0,0.0
a1_crop,984,20260817,75,75,0.75,0.0,0.013333333333333334,0.02666666666666667,0.013333333333333334
a1_crop,985,20260817,75,75,0.7,0.0,0.0,0.013333333333333334,0.0044444444444444444
a1_crop,986,20260817,75,75,0.75,0.0,0.0,0.0,0.0
a1_crop,987,20260817,75,75,0.7,0.0,0.0,0.013333333333333334,0.0044444444444444444
a1_crop,988,20260817,75,75,0.7,0.013333333333333334,0.013333333333333334,0.02666666666666667,0.017777777777777778
a1_crop,989,20260817,75,75,0.65,0.0,0.04,0.04,0.02666666666666667
a1_crop,990,20260817,75,75,0.8,0.0,0.0,0.0,0.0
a1_crop,991,20260817,75,75,0.75,0.0,0.0,0.0,0.0
a1_crop,992,20260817,75,75,0.75,0.013333333333333334,0.04,0.02666666666666667,0.02666666666666667
a1_crop,993,20260817,75,75,0.75,0.0,0.013333333333333334,0.0,0.0044444444444444444
a1_crop,994,20260817,75,75,0.8,0.0,0.0,0.0,0.0
a1_crop,995,20260817,75,75,0.7,0.0,0.013333333333333334,0.04,0.017777777777777778
a1_crop,996,20260817,75,75,0.75,0.0,0.013333333333333334,0.0,0.0044444444444444444
a1_crop,997,20260817,75,75,0.7,0.0,0.0,0.0,0.0
a1_crop,998,20260817,75,75,0.8,0.0,0.0,0.0,0.0
a1_crop,999,20260817,75,75,0.8,0.0,0.0,0.0,0.0
a2_colorjitter,0,20260817,75,75,0.7,0.013333333333333334,0.0,0.0,0.0044444444444444444
a2_colorjitter,1,20260817,75,75,0.7,0.02666666666666667,0.013333333333333334,0.0,0.013333333333333334
a2_colorjitter,2,20260817,75,75,0.65,0.02666666666666667,0.04,0.02666666666666667,0.031111111111111114
a2_colorjitter,3,20260817,75,75,0.65,0.013333333333333334,0.0,0.0,0.0044444444444444444
a2_colorjitter,4,20260817,75,75,0.65,0.013333333333333334,0.0,0.0,0.0044444444444444444
a2_colorjitter,5,20260817,75,75,0.65,0.013333333333333334,0.013333333333333334,0.013333333333333334,0.013333333333333334
a2_colorjitter,6,20260817,75,75,0.75,0.0,0.0,0.0,0.0
a2_colorjitter,7,20260817,75,75,0.7,0.0,0.0,0.0,0.0
a2_colorjitter,8,20260817,75,75,0.75,0.0,0.0,0.0,0.0
a2_colorjitter,9,20260817,75,75,0.75,0.013333333333333334,0.0,0.0,0.0044444444444444444
a2_colorjitter,10,20260817,75,75,0.65,0.04,0.05333333333333334,0.013333333333333334,0.035555555555555556
a2_colorjitter,11,20260817,75,75,0.75,0.0,0.0,0.0,0.0
a2_colorjitter,12,20260817,75,75,0.7,0.0,0.0,0.0,0.0
a2_colorjitter,13,20260817,75,75,0.75,0.0,0.013333333333333334,0.0,0.0044444444444444444
a2_colorjitter,14,20260817,75,75,0.75,0.0,0.0,0.0,0.0
a2_colorjitter,15,20260817,75,75,0.75,0.0,0.013333333333333334,0.0,0.0044444444444444444
a2_colorjitter,16,20260817,75,75,0.8,0.013333333333333334,0.0,0.0,0.0044444444444444444
a2_colorjitter,17,20260817,75,75,0.75,0.013333333333333334,0.02666666666666667,0.0,0.013333333333333334
a2_colorjitter,18,20260817,75,75,0.7,0.013333333333333334,0.013333333333333334,0.013333333333333334,0.013333333333333334
a2_colorjitter,19,20260817,75,75,0.55,0.04,0.02666666666666667,0.02666666666666667,0.031111111111111114
a2_colorjitter,20,20260817,75,75,0.75,0.0,0.0,0.0,0.0
a2_colorjitter,21,20260817,75,75,0.75,0.0,0.0,0.0,0.0
a2_colorjitter,22,20260817,75,75,0.7,0.013333333333333334,0.0,0.0,0.0044444444444444444
a2_colorjitter,23,20260817,75,75,0.65,0.0,0.02666666666666667,0.0,0.008888888888888889
a2_colorjitter,24,20260817,75,75,0.6,0.02666666666666667,0.04,0.0,0.022222222222222223
a2_colorjitter,25,20260817,75,75,0.75,0.0,0.013333333333333334,0.0,0.0044444444444444444
a2_colorjitter,26,20260817,75,75,0.7,0.013333333333333334,0.013333333333333334,0.0,0.008888888888888889
a2_colorjitter,27,20260817,75,75,0.75,0.013333333333333334,0.013333333333333334,0.0,0.008888888888888889
a2_colorjitter,28,20260817,75,75,0.65,0.013333333333333334,0.013333333333333334,0.013333333333333334,0.013333333333333334
a2_colorjitter,29,20260817,75,75,0.65,0.0,0.013333333333333334,0.013333333333333334,0.008888888888888889
a2_colorjitter,30,20260817,75,75,0.7,0.0,0.013333333333333334,0.0,0.0044444444444444444
a2_colorjitter,31,20260817,75,75,0.8,0.0,0.0,0.0,0.0
a2_colorjitter,32,20260817,75,75,0.65,0.013333333333333334,0.02666666666666667,0.0,0.013333333333333334
a2_colorjitter,33,20260817,75,75,0.7,0.02666666666666667,0.02666666666666667,0.0,0.017777777777777778
a2_colorjitter,34,20260817,75,75,0.6,0.02666666666666667,0.05333333333333334,0.02666666666666667,0.035555555555555556
a2_colorjitter,35,20260817,75,75,0.65,0.013333333333333334,0.05333333333333334,0.0,0.022222222222222223
a2_colorjitter,36,20260817,75,75,0.65,0.02666666666666667,0.02666666666666667,0.013333333333333334,0.022222222222222223
a2_colorjitter,37,20260817,75,75,0.75,0.0,0.0,0.0,0.0
a2_colorjitter,38,20260817,75,75,0.8,0.0,0.0,0.0,0.0
a2_colorjitter,39,20260817,75,75,0.65,0.013333333333333334,0.04,0.013333333333333334,0.022222222222222223
a2_colorjitter,40,20260817,75,75,0.65,0.02666666666666667,0.02666666666666667,0.02666666666666667,0.02666666666666667
a2_colorjitter,41,20260817,75,75,0.65,0.0,0.0,0.013333333333333334,0.0044444444444444444
a2_colorjitter,42,20260817,75,75,0.8,0.013333333333333334,0.0,0.0,0.0044444444444444444
a2_colorjitter,43,20260817,75,75,0.75,0.0,0.013333333333333334,0.0,0.0044444444444444444
a2_colorjitter,44,20260817,75,75,0.75,0.0,0.0,0.0,0.0
a2_colorjitter,45,20260817,75,75,0.8,0.013333333333333334,0.0,0.0,0.0044444444444444444
a2_colorjitter,46,20260817,75,75,0.7,0.0,0.0,0.0,0.0
a2_colorjitter,47,20260817,75,75,0.65,0.04,0.04,0.04,0.04
a2_colorjitter,48,20260817,75,75,0.7,0.013333333333333334,0.02666666666666667,0.013333333333333334,0.017777777777777778
a2_colorjitter,49,20260817,75,75,0.7,0.013333333333333334,0.0,0.0,0.0044444444444444444
a2_colorjitter,50,20260817,75,75,0.75,0.0,0.0,0.0,0.0
a2_colorjitter,51,20260817,75,75,0.75,0.0,0.0,0.0,0.0
a2_colorjitter,52,20260817,75,75,0.75,0.0,0.0,0.0,0.0
a2_colorjitter,53,20260817,75,75,0.75,0.0,0.013333333333333334,0.0,0.0044444444444444444
a2_colorjitter,54,20260817,75,75,0.8,0.0,0.0,0.0,0.0
a2_colorjitter,55,20260817,75,75,0.75,0.0,0.0,0.0,0.0
a2_colorjitter,56,20260817,75,75,0.65,0.05333333333333334,0.04,0.013333333333333334,0.035555555555555556
a2_colorjitter,57,20260817,75,75,0.8,0.0,0.0,0.0,0.0
a2_colorjitter,58,20260817,75,75,0.65,0.013333333333333334,0.013333333333333334,0.013333333333333334,0.013333333333333334
a2_colorjitter,59,20260817,75,75,0.7,0.013333333333333334,0.013333333333333334,0.0,0.008888888888888889
a2_colorjitter,60,20260817,75,75,0.75,0.0,0.0,0.0,0.0
a2_colorjitter,61,20260817,75,75,0.8,0.0,0.0,0.0,0.0
a2_colorjitter,62,20260817,75,75,0.8,0.013333333333333334,0.0,0.0,0.0044444444444444444
a2_colorjitter,63,20260817,75,75,0.8,0.0,0.0,0.0,0.0
a2_colorjitter,64,20260817,75,75,0.7,0.013333333333333334,0.02666666666666667,0.0,0.013333333333333334
a2_colorjitter,65,20260817,75,75,0.65,0.02666666666666667,0.013333333333333334,0.0,0.013333333333333334
a2_colorjitter,66,20260817,75,75,0.75,0.0,0.0,0.0,0.0
a2_colorjitter,67,20260817,75,75,0.7,0.013333333333333334,0.0,0.0,0.0044444444444444444
a2_colorjitter,68,20260817,75,75,0.75,0.013333333333333334,0.0,0.0,0.0044444444444444444
a2_colorjitter,69,20260817,75,75,0.7,0.02666666666666667,0.013333333333333334,0.0,0.013333333333333334
a2_colorjitter,70,20260817,75,75,0.8,0.0,0.0,0.0,0.0
a2_colorjitter,71,20260817,75,75,0.8,0.0,0.0,0.0,0.0
a2_colorjitter,72,20260817,75,75,0.65,0.013333333333333334,0.013333333333333334,0.013333333333333334,0.013333333333333334
a2_colorjitter,73,20260817,75,75,0.65,0.013333333333333334,0.0,0.0,0.0044444444444444444
a2_colorjitter,74,20260817,75,75,0.7,0.013333333333333334,0.0,0.0,0.0044444444444444444
a2_colorjitter,75,20260817,75,75,0.75,0.013333333333333334,0.013333333333333334,0.0,0.008888888888888889
a2_colorjitter,76,20260817,75,75,0.7,0.013333333333333334,0.0,0.0,0.0044444444444444444
a2_colorjitter,77,20260817,75,75,0.8,0.0,0.0,0.0,0.0
a2_colorjitter,78,20260817,75,75,0.65,0.013333333333333334,0.02666666666666667,0.013333333333333334,0.017777777777777778
a2_colorjitter,79,20260817,75,75,0.8,0.013333333333333334,0.0,0.0,0.0044444444444444444
a2_colorjitter,80,20260817,75,75,0.7,0.02666666666666667,0.02666666666666667,0.013333333333333334,0.022222222222222223
a2_colorjitter,81,20260817,75,75,0.7,0.013333333333333334,0.013333333333333334,0.013333333333333334,0.013333333333333334
a2_colorjitter,82,20260817,75,75,0.75,0.0,0.0,0.0,0.0
a2_colorjitter,83,20260817,75,75,0.8,0.0,0.0,0.0,0.0
a2_colorjitter,84,20260817,75,75,0.75,0.0,0.0,0.0,0.0
a2_colorjitter,85,20260817,75,75,0.75,0.013333333333333334,0.0,0.0,0.0044444444444444444
a2_colorjitter,86,20260817,75,75,0.8,0.0,0.0,0.0,0.0
a2_colorjitter,87,20260817,75,75,0.65,0.013333333333333334,0.013333333333333334,0.013333333333333334,0.013333333333333334
a2_colorjitter,88,20260817,75,75,0.7,0.013333333333333334,0.013333333333333334,0.0,0.008888888888888889
a2_colorjitter,89,20260817,75,75,0.65,0.02666666666666667,0.013333333333333334,0.0,0.013333333333333334
a2_colorjitter,90,20260817,75,75,0.7,0.013333333333333334,0.013333333333333334,0.0,0.008888888888888889
a2_colorjitter,91,20260817,75,75,0.7,0.013333333333333334,0.0,0.0,0.0044444444444444444
a2_colorjitter,92,20260817,75,75,0.7,0.02666666666666667,0.013333333333333334,0.0,0.013333333333333334
a2_colorjitter,93,20260817,75,75,0.75,0.0,0.0,0.0,0.0
a2_colorjitter,94,20260817,75,75,0.65,0.013333333333333334,0.013333333333333334,0.0,0.008888888888888889
a2_colorjitter,95,20260817,75,75,0.7,0.013333333333333334,0.0,0.0,0.0044444444444444444
a2_colorjitter,96,20260817,75,75,0.75,0.0,0.0,0.0,0.0
a2_colorjitter,97,20260817,75,75,0.65,0.013333333333333334,0.013333333333333334,0.013333333333333334,0.013333333333333334
a2_colorjitter,98,20260817,75,75,0.75,0.0,0.013333333333333334,0.0,0.0044444444444444444
a2_colorjitter,99,20260817,75,75,0.75,0.0,0.0,0.0,0.0
a2_colorjitter,100,20260817,75,75,0.75,0.0,0.0,0.0,0.0
a2_colorjitter,101,20260817,75,75,0.6,0.05333333333333334,0.09333333333333334,0.04,0.06222222222222223
a2_colorjitter,102,20260817,75,75,0.65,0.013333333333333334,0.013333333333333334,0.0,0.008888888888888889
a2_colorjitter,103,20260817,75,75,0.65,0.0,0.013333333333333334,0.0,0.0044444444444444444
a2_colorjitter,104,20260817,75,75,0.7,0.0,0.0,0.0,0.0
a2_colorjitter,105,20260817,75,75,0.65,0.02666666666666667,0.04,0.013333333333333334,0.02666666666666667
a2_colorjitter,106,20260817,75,75,0.7,0.02666666666666667,0.013333333333333334,0.0,0.013333333333333334
a2_colorjitter,107,20260817,75,75,0.8,0.0,0.0,0.0,0.0
a2_colorjitter,108,20260817,75,75,0.75,0.0,0.0,0.0,0.0
a2_colorjitter,109,20260817,75,75,0.8,0.0,0.0,0.0,0.0
a2_colorjitter,110,20260817,75,75,0.75,0.0,0.0,0.0,0.0
a2_colorjitter,111,20260817,75,75,0.75,0.0,0.0,0.0,0.0
a2_colorjitter,112,20260817,75,75,0.75,0.013333333333333334,0.013333333333333334,0.0,0.008888888888888889
a2_colorjitter,113,20260817,75,75,0.75,0.0,0.0,0.0,0.0
a2_colorjitter,114,20260817,75,75,0.75,0.0,0.0,0.0,0.0
a2_colorjitter,115,20260817,75,75,0.75,0.0,0.0,0.0,0.0
a2_colorjitter,116,20260817,75,75,0.8,0.0,0.0,0.0,0.0
a2_colorjitter,117,20260817,75,75,0.75,0.013333333333333334,0.013333333333333334,0.013333333333333334,0.013333333333333334
a2_colorjitter,118,20260817,75,75,0.75,0.0,0.0,0.0,0.0
a2_colorjitter,119,20260817,75,75,0.65,0.05333333333333334,0.06666666666666667,0.02666666666666667,0.04888888888888889
a2_colorjitter,120,20260817,75,75,0.75,0.0,0.0,0.0,0.0
a2_colorjitter,121,20260817,75,75,0.75,0.0,0.0,0.0,0.0
a2_colorjitter,122,20260817,75,75,0.7,0.02666666666666667,0.0,0.0,0.008888888888888889
a2_colorjitter,123,20260817,75,75,0.7,0.02666666666666667,0.013333333333333334,0.0,0.013333333333333334
a2_colorjitter,124,20260817,75,75,0.75,0.0,0.0,0.0,0.0
a2_colorjitter,125,20260817,75,75,0.65,0.0,0.013333333333333334,0.0,0.0044444444444444444
a2_colorjitter,126,20260817,75,75,0.7,0.0,0.0,0.0,0.0
a2_colorjitter,127,20260817,75,75,0.8,0.0,0.0,0.0,0.0
a2_colorjitter,128,20260817,75,75,0.75,0.0,0.0,0.0,0.0
a2_colorjitter,129,20260817,75,75,0.65,0.013333333333333334,0.04,0.013333333333333334,0.022222222222222223
a2_colorjitter,130,20260817,75,75,0.75,0.0,0.0,0.0,0.0
a2_colorjitter,131,20260817,75,75,0.75,0.0,0.0,0.0,0.0
a2_colorjitter,132,20260817,75,75,0.75,0.0,0.0,0.0,0.0
a2_colorjitter,133,20260817,75,75,0.6,0.02666666666666667,0.04,0.04,0.035555555555555556
a2_colorjitter,134,20260817,75,75,0.7,0.013333333333333334,0.0,0.0,0.0044444444444444444
a2_colorjitter,135,20260817,75,75,0.75,0.0,0.0,0.0,0.0
a2_colorjitter,136,20260817,75,75,0.75,0.013333333333333334,0.0,0.0,0.0044444444444444444
a2_colorjitter,137,20260817,75,75,0.65,0.013333333333333334,0.02666666666666667,0.013333333333333334,0.017777777777777778
a2_colorjitter,138,20260817,75,75,0.5,0.05333333333333334,0.05333333333333334,0.05333333333333334,0.05333333333333334
a2_colorjitter,139,20260817,75,75,0.7,0.0,0.0,0.0,0.0
a2_colorjitter,140,20260817,75,75,0.8,0.0,0.0,0.0,0.0
a2_colorjitter,141,20260817,75,75,0.65,0.0,0.02666666666666667,0.0,0.008888888888888889
a2_colorjitter,142,20260817,75,75,0.65,0.0,0.013333333333333334,0.0,0.0044444444444444444
a2_colorjitter,143,20260817,75,75,0.65,0.02666666666666667,0.04,0.013333333333333334,0.02666666666666667
a2_colorjitter,144,20260817,75,75,0.75,0.0,0.0,0.0,0.0
a2_colorjitter,145,20260817,75,75,0.65,0.013333333333333334,0.013333333333333334,0.0,0.008888888888888889
a2_colorjitter,146,20260817,75,75,0.65,0.04,0.06666666666666667,0.05333333333333334,0.05333333333333334
a2_colorjitter,147,20260817,75,75,0.8,0.0,0.0,0.0,0.0
a2_colorjitter,148,20260817,75,75,0.7,0.0,0.0,0.0,0.0
a2_colorjitter,149,20260817,75,75,0.75,0.02666666666666667,0.013333333333333334,0.0,0.013333333333333334
a2_colorjitter,150,20260817,75,75,0.65,0.04,0.02666666666666667,0.013333333333333334,0.02666666666666667
a2_colorjitter,151,20260817,75,75,0.7,0.05333333333333334,0.02666666666666667,0.013333333333333334,0.031111111111111114
a2_colorjitter,152,20260817,75,75,0.75,0.013333333333333334,0.013333333333333334,0.013333333333333334,0.013333333333333334
a2_colorjitter,153,20260817,75,75,0.75,0.013333333333333334,0.02666666666666667,0.013333333333333334,0.017777777777777778
a2_colorjitter,154,20260817,75,75,0.75,0.0,0.0,0.0,0.0
a2_colorjitter,155,20260817,75,75,0.65,0.0,0.013333333333333334,0.013333333333333334,0.008888888888888889
a2_colorjitter,156,20260817,75,75,0.75,0.02666666666666667,0.013333333333333334,0.013333333333333334,0.017777777777777778
a2_colorjitter,157,20260817,75,75,0.7,0.013333333333333334,0.013333333333333334,0.013333333333333334,0.013333333333333334
a2_colorjitter,158,20260817,75,75,0.7,0.0,0.0,0.0,0.0
a2_colorjitter,159,20260817,75,75,0.75,0.0,0.0,0.0,0.0
a2_colorjitter,160,20260817,75,75,0.75,0.0,0.0,0.0,0.0
a2_colorjitter,161,20260817,75,75,0.7,0.0,0.0,0.0,0.0
a2_colorjitter,162,20260817,75,75,0.7,0.013333333333333334,0.0,0.0,0.0044444444444444444
a2_colorjitter,163,20260817,75,75,0.6,0.02666666666666667,0.02666666666666667,0.05333333333333334,0.035555555555555556
a2_colorjitter,164,20260817,75,75,0.65,0.013333333333333334,0.02666666666666667,0.0,0.013333333333333334
a2_colorjitter,165,20260817,75,75,0.75,0.0,0.0,0.0,0.0
a2_colorjitter,166,20260817,75,75,0.7,0.02666666666666667,0.013333333333333334,0.013333333333333334,0.017777777777777778
a2_colorjitter,167,20260817,75,75,0.75,0.0,0.0,0.0,0.0
a2_colorjitter,168,20260817,75,75,0.75,0.0,0.0,0.0,0.0
a2_colorjitter,169,20260817,75,75,0.8,0.0,0.0,0.0,0.0
a2_colorjitter,170,20260817,75,75,0.6,0.04,0.04,0.013333333333333334,0.03111111111111111
a2_colorjitter,171,20260817,75,75,0.75,0.013333333333333334,0.013333333333333334,0.013333333333333334,0.013333333333333334
a2_colorjitter,172,20260817,75,75,0.7,0.013333333333333334,0.013333333333333334,0.0,0.008888888888888889
a2_colorjitter,173,20260817,75,75,0.65,0.013333333333333334,0.013333333333333334,0.0,0.008888888888888889
a2_colorjitter,174,20260817,75,75,0.75,0.0,0.0,0.0,0.0
a2_colorjitter,175,20260817,75,75,0.7,0.0,0.013333333333333334,0.0,0.0044444444444444444
a2_colorjitter,176,20260817,75,75,0.75,0.013333333333333334,0.013333333333333334,0.013333333333333334,0.013333333333333334
a2_colorjitter,177,20260817,75,75,0.65,0.0,0.013333333333333334,0.0,0.0044444444444444444
a2_colorjitter,178,20260817,75,75,0.8,0.0,0.0,0.0,0.0
a2_colorjitter,179,20260817,75,75,0.7,0.013333333333333334,0.013333333333333334,0.0,0.008888888888888889
a2_colorjitter,180,20260817,75,75,0.7,0.0,0.0,0.0,0.0
a2_colorjitter,181,20260817,75,75,0.75,0.0,0.013333333333333334,0.0,0.0044444444444444444
a2_colorjitter,182,20260817,75,75,0.65,0.04,0.02666666666666667,0.013333333333333334,0.02666666666666667
a2_colorjitter,183,20260817,75,75,0.65,0.05333333333333334,0.05333333333333334,0.02666666666666667,0.044444444444444446
a2_colorjitter,184,20260817,75,75,0.65,0.0,0.02666666666666667,0.0,0.008888888888888889
a2_colorjitter,185,20260817,75,75,0.65,0.0,0.0,0.0,0.0
a2_colorjitter,186,20260817,75,75,0.7,0.013333333333333334,0.013333333333333334,0.0,0.008888888888888889
a2_colorjitter,187,20260817,75,75,0.75,0.0,0.0,0.0,0.0
a2_colorjitter,188,20260817,75,75,0.7,0.02666666666666667,0.013333333333333334,0.013333333333333334,0.017777777777777778
a2_colorjitter,189,20260817,75,75,0.75,0.0,0.0,0.0,0.0
a2_colorjitter,190,20260817,75,75,0.65,0.013333333333333334,0.02666666666666667,0.0,0.013333333333333334
a2_colorjitter,191,20260817,75,75,0.7,0.0,0.013333333333333334,0.0,0.0044444444444444444
a2_colorjitter,192,20260817,75,75,0.65,0.08,0.08,0.04,0.06666666666666667
a2_colorjitter,193,20260817,75,75,0.8,0.0,0.0,0.0,0.0
a2_colorjitter,194,20260817,75,75,0.8,0.013333333333333334,0.0,0.0,0.0044444444444444444
a2_colorjitter,195,20260817,75,75,0.8,0.0,0.0,0.0,0.0
a2_colorjitter,196,20260817,75,75,0.7,0.02666666666666667,0.0,0.0,0.008888888888888889
a2_colorjitter,197,20260817,75,75,0.7,0.0,0.0,0.0,0.0
a2_colorjitter,198,20260817,75,75,0.7,0.0,0.013333333333333334,0.0,0.0044444444444444444
a2_colorjitter,199,20260817,75,75,0.8,0.0,0.0,0.0,0.0
a2_colorjitter,200,20260817,75,75,0.7,0.0,0.0,0.0,0.0
a2_colorjitter,201,20260817,75,75,0.7,0.013333333333333334,0.013333333333333334,0.0,0.008888888888888889
a2_colorjitter,202,20260817,75,75,0.75,0.013333333333333334,0.0,0.0,0.0044444444444444444
a2_colorjitter,203,20260817,75,75,0.8,0.0,0.0,0.0,0.0
a2_colorjitter,204,20260817,75,75,0.7,0.0,0.0,0.0,0.0
a2_colorjitter,205,20260817,75,75,0.55,0.05333333333333334,0.09333333333333334,0.04,0.06222222222222223
a2_colorjitter,206,20260817,75,75,0.65,0.0,0.013333333333333334,0.0,0.0044444444444444444
a2_colorjitter,207,20260817,75,75,0.65,0.013333333333333334,0.013333333333333334,0.0,0.008888888888888889
a2_colorjitter,208,20260817,75,75,0.75,0.0,0.0,0.0,0.0
a2_colorjitter,209,20260817,75,75,0.75,0.013333333333333334,0.013333333333333334,0.0,0.008888888888888889
a2_colorjitter,210,20260817,75,75,0.7,0.013333333333333334,0.013333333333333334,0.0,0.008888888888888889
a2_colorjitter,211,20260817,75,75,0.7,0.0,0.0,0.0,0.0
a2_colorjitter,212,20260817,75,75,0.65,0.013333333333333334,0.02666666666666667,0.0,0.013333333333333334
a2_colorjitter,213,20260817,75,75,0.7,0.013333333333333334,0.0,0.0,0.0044444444444444444
a2_colorjitter,214,20260817,75,75,0.75,0.0,0.0,0.0,0.0
a2_colorjitter,215,20260817,75,75,0.7,0.013333333333333334,0.0,0.0,0.0044444444444444444
a2_colorjitter,216,20260817,75,75,0.65,0.0,0.013333333333333334,0.0,0.0044444444444444444
a2_colorjitter,217,20260817,75,75,0.75,0.0,0.013333333333333334,0.0,0.0044444444444444444
a2_colorjitter,218,20260817,75,75,0.7,0.02666666666666667,0.013333333333333334,0.0,0.013333333333333334
a2_colorjitter,219,20260817,75,75,0.7,0.013333333333333334,0.0,0.0,0.0044444444444444444
a2_colorjitter,220,20260817,75,75,0.75,0.013333333333333334,0.013333333333333334,0.0,0.008888888888888889
a2_colorjitter,221,20260817,75,75,0.75,0.013333333333333334,0.013333333333333334,0.0,0.008888888888888889
a2_colorjitter,222,20260817,75,75,0.8,0.0,0.0,0.0,0.0
a2_colorjitter,223,20260817,75,75,0.7,0.04,0.013333333333333334,0.013333333333333334,0.022222222222222223
a2_colorjitter,224,20260817,75,75,0.75,0.0,0.0,0.0,0.0
a2_colorjitter,225,20260817,75,75,0.75,0.013333333333333334,0.0,0.0,0.0044444444444444444
a2_colorjitter,226,20260817,75,75,0.7,0.013333333333333334,0.013333333333333334,0.0,0.008888888888888889
a2_colorjitter,227,20260817,75,75,0.75,0.0,0.0,0.0,0.0
a2_colorjitter,228,20260817,75,75,0.7,0.02666666666666667,0.013333333333333334,0.0,0.013333333333333334
a2_colorjitter,229,20260817,75,75,0.7,0.013333333333333334,0.013333333333333334,0.0,0.008888888888888889
a2_colorjitter,230,20260817,75,75,0.65,0.013333333333333334,0.013333333333333334,0.02666666666666667,0.017777777777777778
a2_colorjitter,231,20260817,75,75,0.75,0.013333333333333334,0.013333333333333334,0.013333333333333334,0.013333333333333334
a2_colorjitter,232,20260817,75,75,0.75,0.0,0.0,0.0,0.0
a2_colorjitter,233,20260817,75,75,0.75,0.0,0.0,0.0,0.0
a2_colorjitter,234,20260817,75,75,0.65,0.013333333333333334,0.013333333333333334,0.02666666666666667,0.017777777777777778
a2_colorjitter,235,20260817,75,75,0.75,0.0,0.0,0.0,0.0
a2_colorjitter,236,20260817,75,75,0.75,0.0,0.0,0.0,0.0
a2_colorjitter,237,20260817,75,75,0.7,0.0,0.0,0.0,0.0
a2_colorjitter,238,20260817,75,75,0.65,0.013333333333333334,0.013333333333333334,0.013333333333333334,0.013333333333333334
a2_colorjitter,239,20260817,75,75,0.7,0.013333333333333334,0.013333333333333334,0.0,0.008888888888888889
a2_colorjitter,240,20260817,75,75,0.65,0.04,0.04,0.013333333333333334,0.03111111111111111
a2_colorjitter,241,20260817,75,75,0.75,0.013333333333333334,0.0,0.0,0.0044444444444444444
a2_colorjitter,242,20260817,75,75,0.65,0.013333333333333334,0.013333333333333334,0.013333333333333334,0.013333333333333334
a2_colorjitter,243,20260817,75,75,0.8,0.0,0.0,0.0,0.0
a2_colorjitter,244,20260817,75,75,0.75,0.0,0.0,0.0,0.0
a2_colorjitter,245,20260817,75,75,0.65,0.0,0.0,0.0,0.0
a2_colorjitter,246,20260817,75,75,0.8,0.0,0.0,0.0,0.0
a2_colorjitter,247,20260817,75,75,0.7,0.02666666666666667,0.0,0.0,0.008888888888888889
a2_colorjitter,248,20260817,75,75,0.75,0.013333333333333334,0.02666666666666667,0.013333333333333334,0.017777777777777778
a2_colorjitter,249,20260817,75,75,0.75,0.013333333333333334,0.0,0.0,0.0044444444444444444
a2_colorjitter,250,20260817,75,75,0.75,0.0,0.0,0.0,0.0
a2_colorjitter,251,20260817,75,75,0.75,0.0,0.013333333333333334,0.0,0.0044444444444444444
a2_colorjitter,252,20260817,75,75,0.7,0.013333333333333334,0.0,0.0,0.0044444444444444444
a2_colorjitter,253,20260817,75,75,0.8,0.0,0.0,0.0,0.0
a2_colorjitter,254,20260817,75,75,0.75,0.0,0.0,0.0,0.0
a2_colorjitter,255,20260817,75,75,0.6,0.02666666666666667,0.02666666666666667,0.013333333333333334,0.022222222222222223
a2_colorjitter,256,20260817,75,75,0.75,0.013333333333333334,0.013333333333333334,0.0,0.008888888888888889
a2_colorjitter,257,20260817,75,75,0.8,0.0,0.0,0.0,0.0
a2_colorjitter,258,20260817,75,75,0.75,0.0,0.0,0.0,0.0
a2_colorjitter,259,20260817,75,75,0.65,0.02666666666666667,0.02666666666666667,0.0,0.017777777777777778
a2_colorjitter,260,20260817,75,75,0.8,0.0,0.0,0.0,0.0
a2_colorjitter,261,20260817,75,75,0.75,0.0,0.0,0.0,0.0
a2_colorjitter,262,20260817,75,75,0.65,0.05333333333333334,0.02666666666666667,0.02666666666666667,0.035555555555555556
a2_colorjitter,263,20260817,75,75,0.75,0.013333333333333334,0.013333333333333334,0.0,0.008888888888888889
a2_colorjitter,264,20260817,75,75,0.7,0.02666666666666667,0.013333333333333334,0.0,0.013333333333333334
a2_colorjitter,265,20260817,75,75,0.75,0.013333333333333334,0.02666666666666667,0.0,0.013333333333333334
a2_colorjitter,266,20260817,75,75,0.7,0.0,0.013333333333333334,0.0,0.0044444444444444444
a2_colorjitter,267,20260817,75,75,0.6,0.02666666666666667,0.02666666666666667,0.013333333333333334,0.022222222222222223
a2_colorjitter,268,20260817,75,75,0.75,0.0,0.0,0.0,0.0
a2_colorjitter,269,20260817,75,75,0.75,0.0,0.0,0.0,0.0
a2_colorjitter,270,20260817,75,75,0.8,0.0,0.0,0.0,0.0
a2_colorjitter,271,20260817,75,75,0.8,0.0,0.0,0.0,0.0
a2_colorjitter,272,20260817,75,75,0.75,0.0,0.0,0.0,0.0
a2_colorjitter,273,20260817,75,75,0.75,0.0,0.0,0.0,0.0
a2_colorjitter,274,20260817,75,75,0.75,0.0,0.0,0.0,0.0
a2_colorjitter,275,20260817,75,75,0.7,0.013333333333333334,0.013333333333333334,0.0,0.008888888888888889
a2_colorjitter,276,20260817,75,75,0.55,0.10666666666666667,0.08,0.04,0.07555555555555556
a2_colorjitter,277,20260817,75,75,0.75,0.0,0.0,0.0,0.0
a2_colorjitter,278,20260817,75,75,0.7,0.0,0.013333333333333334,0.0,0.0044444444444444444
a2_colorjitter,279,20260817,75,75,0.75,0.013333333333333334,0.02666666666666667,0.013333333333333334,0.017777777777777778
a2_colorjitter,280,20260817,75,75,0.7,0.013333333333333334,0.0,0.0,0.0044444444444444444
a2_colorjitter,281,20260817,75,75,0.75,0.0,0.0,0.0,0.0
a2_colorjitter,282,20260817,75,75,0.75,0.0,0.0,0.0,0.0
a2_colorjitter,283,20260817,75,75,0.7,0.013333333333333334,0.0,0.0,0.0044444444444444444
a2_colorjitter,284,20260817,75,75,0.65,0.013333333333333334,0.013333333333333334,0.0,0.008888888888888889
a2_colorjitter,285,20260817,75,75,0.7,0.0,0.0,0.0,0.0
a2_colorjitter,286,20260817,75,75,0.65,0.013333333333333334,0.02666666666666667,0.013333333333333334,0.017777777777777778
a2_colorjitter,287,20260817,75,75,0.8,0.0,0.0,0.0,0.0
a2_colorjitter,288,20260817,75,75,0.65,0.013333333333333334,0.013333333333333334,0.013333333333333334,0.013333333333333334
a2_colorjitter,289,20260817,75,75,0.8,0.013333333333333334,0.0,0.0,0.0044444444444444444
a2_colorjitter,290,20260817,75,75,0.75,0.0,0.0,0.0,0.0
a2_colorjitter,291,20260817,75,75,0.75,0.0,0.0,0.0,0.0
a2_colorjitter,292,20260817,75,75,0.7,0.04,0.02666666666666667,0.013333333333333334,0.02666666666666667
a2_colorjitter,293,20260817,75,75,0.65,0.02666666666666667,0.013333333333333334,0.013333333333333334,0.017777777777777778
a2_colorjitter,294,20260817,75,75,0.75,0.013333333333333334,0.013333333333333334,0.013333333333333334,0.013333333333333334
a2_colorjitter,295,20260817,75,75,0.65,0.013333333333333334,0.06666666666666667,0.02666666666666667,0.035555555555555556
a2_colorjitter,296,20260817,75,75,0.75,0.0,0.0,0.0,0.0
a2_colorjitter,297,20260817,75,75,0.75,0.0,0.0,0.0,0.0
a2_colorjitter,298,20260817,75,75,0.8,0.0,0.0,0.0,0.0
a2_colorjitter,299,20260817,75,75,0.7,0.013333333333333334,0.0,0.0,0.0044444444444444444
a2_colorjitter,300,20260817,75,75,0.65,0.04,0.02666666666666667,0.013333333333333334,0.02666666666666667
a2_colorjitter,301,20260817,75,75,0.75,0.0,0.0,0.0,0.0
a2_colorjitter,302,20260817,75,75,0.65,0.02666666666666667,0.013333333333333334,0.0,0.013333333333333334
a2_colorjitter,303,20260817,75,75,0.7,0.0,0.0,0.0,0.0
a2_colorjitter,304,20260817,75,75,0.7,0.013333333333333334,0.0,0.0,0.0044444444444444444
a2_colorjitter,305,20260817,75,75,0.65,0.02666666666666667,0.05333333333333334,0.02666666666666667,0.035555555555555556
a2_colorjitter,306,20260817,75,75,0.75,0.0,0.0,0.0,0.0
a2_colorjitter,307,20260817,75,75,0.7,0.02666666666666667,0.0,0.0,0.008888888888888889
a2_colorjitter,308,20260817,75,75,0.75,0.0,0.0,0.0,0.0
a2_colorjitter,309,20260817,75,75,0.7,0.02666666666666667,0.013333333333333334,0.0,0.013333333333333334
a2_colorjitter,310,20260817,75,75,0.75,0.0,0.0,0.0,0.0
a2_colorjitter,311,20260817,75,75,0.8,0.0,0.0,0.0,0.0
a2_colorjitter,312,20260817,75,75,0.8,0.0,0.0,0.0,0.0
a2_colorjitter,313,20260817,75,75,0.75,0.0,0.0,0.0,0.0
a2_colorjitter,314,20260817,75,75,0.75,0.0,0.013333333333333334,0.0,0.0044444444444444444
a2_colorjitter,315,20260817,75,75,0.7,0.013333333333333334,0.0,0.0,0.0044444444444444444
a2_colorjitter,316,20260817,75,75,0.7,0.0,0.0,0.0,0.0
a2_colorjitter,317,20260817,75,75,0.75,0.013333333333333334,0.013333333333333334,0.0,0.008888888888888889
a2_colorjitter,318,20260817,75,75,0.75,0.0,0.0,0.0,0.0
a2_colorjitter,319,20260817,75,75,0.75,0.013333333333333334,0.0,0.0,0.0044444444444444444
a2_colorjitter,320,20260817,75,75,0.75,0.0,0.0,0.0,0.0
a2_colorjitter,321,20260817,75,75,0.8,0.0,0.0,0.0,0.0
a2_colorjitter,322,20260817,75,75,0.7,0.013333333333333334,0.0,0.0,0.0044444444444444444
a2_colorjitter,323,20260817,75,75,0.65,0.0,0.013333333333333334,0.0,0.0044444444444444444
a2_colorjitter,324,20260817,75,75,0.65,0.0,0.0,0.0,0.0
a2_colorjitter,325,20260817,75,75,0.7,0.02666666666666667,0.013333333333333334,0.013333333333333334,0.017777777777777778
a2_colorjitter,326,20260817,75,75,0.75,0.0,0.0,0.0,0.0
a2_colorjitter,327,20260817,75,75,0.8,0.0,0.0,0.0,0.0
a2_colorjitter,328,20260817,75,75,0.8,0.0,0.0,0.0,0.0
a2_colorjitter,329,20260817,75,75,0.65,0.0,0.0,0.0,0.0
a2_colorjitter,330,20260817,75,75,0.8,0.0,0.0,0.0,0.0
a2_colorjitter,331,20260817,75,75,0.7,0.013333333333333334,0.0,0.0,0.0044444444444444444
a2_colorjitter,332,20260817,75,75,0.8,0.0,0.0,0.0,0.0
a2_colorjitter,333,20260817,75,75,0.7,0.013333333333333334,0.02666666666666667,0.0,0.013333333333333334
a2_colorjitter,334,20260817,75,75,0.7,0.013333333333333334,0.013333333333333334,0.013333333333333334,0.013333333333333334
a2_colorjitter,335,20260817,75,75,0.65,0.0,0.0,0.0,0.0
a2_colorjitter,336,20260817,75,75,0.65,0.013333333333333334,0.0,0.0,0.0044444444444444444
a2_colorjitter,337,20260817,75,75,0.75,0.0,0.0,0.0,0.0
a2_colorjitter,338,20260817,75,75,0.8,0.0,0.0,0.0,0.0
a2_colorjitter,339,20260817,75,75,0.75,0.0,0.0,0.0,0.0
a2_colorjitter,340,20260817,75,75,0.8,0.0,0.0,0.0,0.0
a2_colorjitter,341,20260817,75,75,0.75,0.0,0.013333333333333334,0.0,0.0044444444444444444
a2_colorjitter,342,20260817,75,75,0.65,0.0,0.02666666666666667,0.0,0.008888888888888889
a2_colorjitter,343,20260817,75,75,0.7,0.013333333333333334,0.013333333333333334,0.0,0.008888888888888889
a2_colorjitter,344,20260817,75,75,0.65,0.06666666666666667,0.05333333333333334,0.04,0.05333333333333334
a2_colorjitter,345,20260817,75,75,0.7,0.0,0.0,0.0,0.0
a2_colorjitter,346,20260817,75,75,0.8,0.0,0.0,0.0,0.0
a2_colorjitter,347,20260817,75,75,0.8,0.0,0.0,0.0,0.0
a2_colorjitter,348,20260817,75,75,0.75,0.0,0.0,0.0,0.0
a2_colorjitter,349,20260817,75,75,0.65,0.02666666666666667,0.013333333333333334,0.013333333333333334,0.017777777777777778
a2_colorjitter,350,20260817,75,75,0.75,0.0,0.0,0.0,0.0
a2_colorjitter,351,20260817,75,75,0.6,0.02666666666666667,0.04,0.02666666666666667,0.031111111111111114
a2_colorjitter,352,20260817,75,75,0.65,0.02666666666666667,0.0,0.013333333333333334,0.013333333333333334
a2_colorjitter,353,20260817,75,75,0.75,0.0,0.0,0.0,0.0
a2_colorjitter,354,20260817,75,75,0.8,0.0,0.0,0.0,0.0
a2_colorjitter,355,20260817,75,75,0.8,0.0,0.0,0.0,0.0
a2_colorjitter,356,20260817,75,75,0.75,0.0,0.0,0.0,0.0
a2_colorjitter,357,20260817,75,75,0.7,0.013333333333333334,0.0,0.0,0.0044444444444444444
a2_colorjitter,358,20260817,75,75,0.6,0.04,0.013333333333333334,0.02666666666666667,0.02666666666666667
a2_colorjitter,359,20260817,75,75,0.65,0.04,0.09333333333333334,0.013333333333333334,0.04888888888888889
a2_colorjitter,360,20260817,75,75,0.7,0.013333333333333334,0.0,0.0,0.0044444444444444444
a2_colorjitter,361,20260817,75,75,0.8,0.0,0.0,0.0,0.0
a2_colorjitter,362,20260817,75,75,0.8,0.0,0.0,0.0,0.0
a2_colorjitter,363,20260817,75,75,0.75,0.0,0.0,0.0,0.0
a2_colorjitter,364,20260817,75,75,0.75,0.0,0.0,0.0,0.0
a2_colorjitter,365,20260817,75,75,0.65,0.02666666666666667,0.06666666666666667,0.0,0.03111111111111111
a2_colorjitter,366,20260817,75,75,0.8,0.0,0.0,0.0,0.0
a2_colorjitter,367,20260817,75,75,0.65,0.013333333333333334,0.0,0.013333333333333334,0.008888888888888889
a2_colorjitter,368,20260817,75,75,0.65,0.013333333333333334,0.013333333333333334,0.013333333333333334,0.013333333333333334
a2_colorjitter,369,20260817,75,75,0.7,0.013333333333333334,0.013333333333333334,0.0,0.008888888888888889
a2_colorjitter,370,20260817,75,75,0.65,0.0,0.013333333333333334,0.0,0.0044444444444444444
a2_colorjitter,371,20260817,75,75,0.65,0.013333333333333334,0.013333333333333334,0.013333333333333334,0.013333333333333334
a2_colorjitter,372,20260817,75,75,0.7,0.02666666666666667,0.04,0.0,0.022222222222222223
a2_colorjitter,373,20260817,75,75,0.65,0.02666666666666667,0.02666666666666667,0.013333333333333334,0.022222222222222223
a2_colorjitter,374,20260817,75,75,0.8,0.0,0.0,0.0,0.0
a2_colorjitter,375,20260817,75,75,0.8,0.0,0.0,0.0,0.0
a2_colorjitter,376,20260817,75,75,0.65,0.013333333333333334,0.013333333333333334,0.02666666666666667,0.017777777777777778
a2_colorjitter,377,20260817,75,75,0.7,0.04,0.013333333333333334,0.0,0.017777777777777778
a2_colorjitter,378,20260817,75,75,0.75,0.0,0.0,0.0,0.0
a2_colorjitter,379,20260817,75,75,0.65,0.0,0.0,0.013333333333333334,0.0044444444444444444
a2_colorjitter,380,20260817,75,75,0.7,0.0,0.0,0.0,0.0
a2_colorjitter,381,20260817,75,75,0.75,0.013333333333333334,0.013333333333333334,0.0,0.008888888888888889
a2_colorjitter,382,20260817,75,75,0.65,0.013333333333333334,0.0,0.0,0.0044444444444444444
a2_colorjitter,383,20260817,75,75,0.7,0.04,0.013333333333333334,0.0,0.017777777777777778
a2_colorjitter,384,20260817,75,75,0.7,0.04,0.02666666666666667,0.0,0.022222222222222223
a2_colorjitter,385,20260817,75,75,0.7,0.013333333333333334,0.0,0.0,0.0044444444444444444
a2_colorjitter,386,20260817,75,75,0.7,0.013333333333333334,0.013333333333333334,0.013333333333333334,0.013333333333333334
a2_colorjitter,387,20260817,75,75,0.7,0.013333333333333334,0.02666666666666667,0.013333333333333334,0.017777777777777778
a2_colorjitter,388,20260817,75,75,0.75,0.0,0.0,0.0,0.0
a2_colorjitter,389,20260817,75,75,0.65,0.04,0.02666666666666667,0.02666666666666667,0.031111111111111114
a2_colorjitter,390,20260817,75,75,0.75,0.0,0.0,0.0,0.0
a2_colorjitter,391,20260817,75,75,0.7,0.0,0.0,0.0,0.0
a2_colorjitter,392,20260817,75,75,0.7,0.013333333333333334,0.013333333333333334,0.0,0.008888888888888889
a2_colorjitter,393,20260817,75,75,0.7,0.0,0.0,0.0,0.0
a2_colorjitter,394,20260817,75,75,0.7,0.0,0.0,0.0,0.0
a2_colorjitter,395,20260817,75,75,0.7,0.013333333333333334,0.0,0.0,0.0044444444444444444
a2_colorjitter,396,20260817,75,75,0.65,0.013333333333333334,0.013333333333333334,0.0,0.008888888888888889
a2_colorjitter,397,20260817,75,75,0.75,0.0,0.0,0.0,0.0
a2_colorjitter,398,20260817,75,75,0.75,0.0,0.0,0.0,0.0
a2_colorjitter,399,20260817,75,75,0.8,0.0,0.0,0.0,0.0
a2_colorjitter,400,20260817,75,75,0.7,0.013333333333333334,0.013333333333333334,0.0,0.008888888888888889
a2_colorjitter,401,20260817,75,75,0.8,0.0,0.0,0.0,0.0
a2_colorjitter,402,20260817,75,75,0.75,0.0,0.0,0.0,0.0
a2_colorjitter,403,20260817,75,75,0.55,0.06666666666666667,0.10666666666666667,0.04,0.07111111111111111
a2_colorjitter,404,20260817,75,75,0.65,0.013333333333333334,0.013333333333333334,0.0,0.008888888888888889
a2_colorjitter,405,20260817,75,75,0.8,0.0,0.0,0.0,0.0
a2_colorjitter,406,20260817,75,75,0.75,0.0,0.0,0.0,0.0
a2_colorjitter,407,20260817,75,75,0.75,0.0,0.0,0.0,0.0
a2_colorjitter,408,20260817,75,75,0.75,0.0,0.0,0.0,0.0
a2_colorjitter,409,20260817,75,75,0.7,0.0,0.013333333333333334,0.0,0.0044444444444444444
a2_colorjitter,410,20260817,75,75,0.65,0.02666666666666667,0.04,0.013333333333333334,0.02666666666666667
a2_colorjitter,411,20260817,75,75,0.75,0.013333333333333334,0.02666666666666667,0.013333333333333334,0.017777777777777778
a2_colorjitter,412,20260817,75,75,0.65,0.0,0.0,0.013333333333333334,0.0044444444444444444
a2_colorjitter,413,20260817,75,75,0.5,0.05333333333333334,0.08,0.02666666666666667,0.05333333333333334
a2_colorjitter,414,20260817,75,75,0.8,0.013333333333333334,0.0,0.0,0.0044444444444444444
a2_colorjitter,415,20260817,75,75,0.65,0.02666666666666667,0.02666666666666667,0.013333333333333334,0.022222222222222223
a2_colorjitter,416,20260817,75,75,0.65,0.02666666666666667,0.02666666666666667,0.0,0.017777777777777778
a2_colorjitter,417,20260817,75,75,0.75,0.02666666666666667,0.013333333333333334,0.013333333333333334,0.017777777777777778
a2_colorjitter,418,20260817,75,75,0.65,0.04,0.02666666666666667,0.013333333333333334,0.02666666666666667
a2_colorjitter,419,20260817,75,75,0.75,0.0,0.013333333333333334,0.0,0.0044444444444444444
a2_colorjitter,420,20260817,75,75,0.8,0.0,0.0,0.0,0.0
a2_colorjitter,421,20260817,75,75,0.65,0.02666666666666667,0.04,0.013333333333333334,0.02666666666666667
a2_colorjitter,422,20260817,75,75,0.65,0.04,0.05333333333333334,0.02666666666666667,0.04
a2_colorjitter,423,20260817,75,75,0.65,0.02666666666666667,0.04,0.013333333333333334,0.02666666666666667
a2_colorjitter,424,20260817,75,75,0.75,0.0,0.0,0.0,0.0
a2_colorjitter,425,20260817,75,75,0.65,0.0,0.02666666666666667,0.013333333333333334,0.013333333333333334
a2_colorjitter,426,20260817,75,75,0.7,0.0,0.0,0.0,0.0
a2_colorjitter,427,20260817,75,75,0.65,0.0,0.0,0.0,0.0
a2_colorjitter,428,20260817,75,75,0.7,0.02666666666666667,0.0,0.0,0.008888888888888889
a2_colorjitter,429,20260817,75,75,0.8,0.013333333333333334,0.0,0.0,0.0044444444444444444
a2_colorjitter,430,20260817,75,75,0.65,0.013333333333333334,0.013333333333333334,0.013333333333333334,0.013333333333333334
a2_colorjitter,431,20260817,75,75,0.75,0.013333333333333334,0.0,0.0,0.0044444444444444444
a2_colorjitter,432,20260817,75,75,0.75,0.0,0.0,0.0,0.0
a2_colorjitter,433,20260817,75,75,0.75,0.0,0.0,0.0,0.0
a2_colorjitter,434,20260817,75,75,0.75,0.0,0.0,0.0,0.0
a2_colorjitter,435,20260817,75,75,0.55,0.05333333333333334,0.05333333333333334,0.02666666666666667,0.044444444444444446
a2_colorjitter,436,20260817,75,75,0.8,0.0,0.0,0.0,0.0
a2_colorjitter,437,20260817,75,75,0.7,0.0,0.013333333333333334,0.0,0.0044444444444444444
a2_colorjitter,438,20260817,75,75,0.75,0.013333333333333334,0.0,0.0,0.0044444444444444444
a2_colorjitter,439,20260817,75,75,0.8,0.0,0.0,0.0,0.0
a2_colorjitter,440,20260817,75,75,0.65,0.02666666666666667,0.05333333333333334,0.013333333333333334,0.031111111111111114
a2_colorjitter,441,20260817,75,75,0.75,0.013333333333333334,0.0,0.0,0.0044444444444444444
a2_colorjitter,442,20260817,75,75,0.7,0.02666666666666667,0.013333333333333334,0.0,0.013333333333333334
a2_colorjitter,443,20260817,75,75,0.8,0.013333333333333334,0.0,0.0,0.0044444444444444444
a2_colorjitter,444,20260817,75,75,0.7,0.0,0.0,0.0,0.0
a2_colorjitter,445,20260817,75,75,0.7,0.013333333333333334,0.013333333333333334,0.013333333333333334,0.013333333333333334
a2_colorjitter,446,20260817,75,75,0.8,0.0,0.0,0.0,0.0
a2_colorjitter,447,20260817,75,75,0.75,0.0,0.0,0.0,0.0
a2_colorjitter,448,20260817,75,75,0.75,0.0,0.0,0.0,0.0
a2_colorjitter,449,20260817,75,75,0.65,0.05333333333333334,0.04,0.013333333333333334,0.035555555555555556
a2_colorjitter,450,20260817,75,75,0.65,0.02666666666666667,0.013333333333333334,0.013333333333333334,0.017777777777777778
a2_colorjitter,451,20260817,75,75,0.65,0.02666666666666667,0.013333333333333334,0.013333333333333334,0.017777777777777778
a2_colorjitter,452,20260817,75,75,0.7,0.013333333333333334,0.04,0.013333333333333334,0.022222222222222223
a2_colorjitter,453,20260817,75,75,0.65,0.02666666666666667,0.04,0.0,0.022222222222222223
a2_colorjitter,454,20260817,75,75,0.75,0.0,0.0,0.0,0.0
a2_colorjitter,455,20260817,75,75,0.7,0.013333333333333334,0.0,0.0,0.0044444444444444444
a2_colorjitter,456,20260817,75,75,0.75,0.0,0.0,0.0,0.0
a2_colorjitter,457,20260817,75,75,0.8,0.0,0.0,0.0,0.0
a2_colorjitter,458,20260817,75,75,0.65,0.02666666666666667,0.02666666666666667,0.02666666666666667,0.02666666666666667
a2_colorjitter,459,20260817,75,75,0.75,0.0,0.0,0.0,0.0
a2_colorjitter,460,20260817,75,75,0.75,0.0,0.0,0.0,0.0
a2_colorjitter,461,20260817,75,75,0.8,0.0,0.0,0.0,0.0
a2_colorjitter,462,20260817,75,75,0.6,0.04,0.04,0.05333333333333334,0.044444444444444446
a2_colorjitter,463,20260817,75,75,0.75,0.0,0.0,0.0,0.0
a2_colorjitter,464,20260817,75,75,0.75,0.0,0.0,0.0,0.0
a2_colorjitter,465,20260817,75,75,0.7,0.02666666666666667,0.013333333333333334,0.013333333333333334,0.017777777777777778
a2_colorjitter,466,20260817,75,75,0.65,0.0,0.013333333333333334,0.0,0.0044444444444444444
a2_colorjitter,467,20260817,75,75,0.65,0.02666666666666667,0.013333333333333334,0.0,0.013333333333333334
a2_colorjitter,468,20260817,75,75,0.65,0.05333333333333334,0.06666666666666667,0.05333333333333334,0.05777777777777778
a2_colorjitter,469,20260817,75,75,0.7,0.013333333333333334,0.0,0.0,0.0044444444444444444
a2_colorjitter,470,20260817,75,75,0.7,0.02666666666666667,0.02666666666666667,0.013333333333333334,0.022222222222222223
a2_colorjitter,471,20260817,75,75,0.7,0.013333333333333334,0.0,0.0,0.0044444444444444444
a2_colorjitter,472,20260817,75,75,0.75,0.0,0.0,0.0,0.0
a2_colorjitter,473,20260817,75,75,0.8,0.0,0.0,0.0,0.0
a2_colorjitter,474,20260817,75,75,0.65,0.013333333333333334,0.0,0.0,0.0044444444444444444
a2_colorjitter,475,20260817,75,75,0.8,0.0,0.0,0.0,0.0
a2_colorjitter,476,20260817,75,75,0.75,0.0,0.013333333333333334,0.0,0.0044444444444444444
a2_colorjitter,477,20260817,75,75,0.8,0.0,0.0,0.0,0.0
a2_colorjitter,478,20260817,75,75,0.6,0.02666666666666667,0.04,0.013333333333333334,0.02666666666666667
a2_colorjitter,479,20260817,75,75,0.7,0.02666666666666667,0.02666666666666667,0.013333333333333334,0.022222222222222223
a2_colorjitter,480,20260817,75,75,0.75,0.0,0.0,0.0,0.0
a2_colorjitter,481,20260817,75,75,0.75,0.013333333333333334,0.013333333333333334,0.013333333333333334,0.013333333333333334
a2_colorjitter,482,20260817,75,75,0.75,0.0,0.0,0.0,0.0
a2_colorjitter,483,20260817,75,75,0.7,0.013333333333333334,0.013333333333333334,0.0,0.008888888888888889
a2_colorjitter,484,20260817,75,75,0.6,0.0,0.0,0.0,0.0
a2_colorjitter,485,20260817,75,75,0.75,0.0,0.0,0.0,0.0
a2_colorjitter,486,20260817,75,75,0.7,0.0,0.0,0.0,0.0
a2_colorjitter,487,20260817,75,75,0.6,0.05333333333333334,0.04,0.02666666666666667,0.04
a2_colorjitter,488,20260817,75,75,0.8,0.0,0.0,0.0,0.0
a2_colorjitter,489,20260817,75,75,0.65,0.02666666666666667,0.013333333333333334,0.013333333333333334,0.017777777777777778
a2_colorjitter,490,20260817,75,75,0.65,0.013333333333333334,0.02666666666666667,0.013333333333333334,0.017777777777777778
a2_colorjitter,491,20260817,75,75,0.7,0.013333333333333334,0.013333333333333334,0.0,0.008888888888888889
a2_colorjitter,492,20260817,75,75,0.8,0.0,0.0,0.0,0.0
a2_colorjitter,493,20260817,75,75,0.65,0.04,0.05333333333333334,0.0,0.031111111111111114
a2_colorjitter,494,20260817,75,75,0.7,0.02666666666666667,0.013333333333333334,0.013333333333333334,0.017777777777777778
a2_colorjitter,495,20260817,75,75,0.65,0.04,0.06666666666666667,0.013333333333333334,0.04
a2_colorjitter,496,20260817,75,75,0.8,0.0,0.0,0.0,0.0
a2_colorjitter,497,20260817,75,75,0.75,0.0,0.0,0.0,0.0
a2_colorjitter,498,20260817,75,75,0.6,0.013333333333333334,0.04,0.013333333333333334,0.022222222222222223
a2_colorjitter,499,20260817,75,75,0.75,0.013333333333333334,0.013333333333333334,0.0,0.008888888888888889
a2_colorjitter,500,20260817,75,75,0.6,0.013333333333333334,0.02666666666666667,0.013333333333333334,0.017777777777777778
a2_colorjitter,501,20260817,75,75,0.7,0.0,0.013333333333333334,0.0,0.0044444444444444444
a2_colorjitter,502,20260817,75,75,0.65,0.013333333333333334,0.04,0.0,0.017777777777777778
a2_colorjitter,503,20260817,75,75,0.7,0.0,0.013333333333333334,0.0,0.0044444444444444444
a2_colorjitter,504,20260817,75,75,0.7,0.013333333333333334,0.0,0.0,0.0044444444444444444
a2_colorjitter,505,20260817,75,75,0.7,0.0,0.0,0.0,0.0
a2_colorjitter,506,20260817,75,75,0.75,0.0,0.013333333333333334,0.0,0.0044444444444444444
a2_colorjitter,507,20260817,75,75,0.75,0.0,0.0,0.0,0.0
a2_colorjitter,508,20260817,75,75,0.7,0.02666666666666667,0.013333333333333334,0.013333333333333334,0.017777777777777778
a2_colorjitter,509,20260817,75,75,0.7,0.013333333333333334,0.02666666666666667,0.0,0.013333333333333334
a2_colorjitter,510,20260817,75,75,0.8,0.0,0.0,0.0,0.0
a2_colorjitter,511,20260817,75,75,0.75,0.0,0.013333333333333334,0.0,0.0044444444444444444
a2_colorjitter,512,20260817,75,75,0.75,0.02666666666666667,0.02666666666666667,0.013333333333333334,0.022222222222222223
a2_colorjitter,513,20260817,75,75,0.65,0.013333333333333334,0.02666666666666667,0.02666666666666667,0.022222222222222223
a2_colorjitter,514,20260817,75,75,0.65,0.013333333333333334,0.013333333333333334,0.02666666666666667,0.017777777777777778
a2_colorjitter,515,20260817,75,75,0.7,0.0,0.013333333333333334,0.0,0.0044444444444444444
a2_colorjitter,516,20260817,75,75,0.7,0.013333333333333334,0.013333333333333334,0.0,0.008888888888888889
a2_colorjitter,517,20260817,75,75,0.7,0.0,0.0,0.0,0.0
a2_colorjitter,518,20260817,75,75,0.65,0.0,0.013333333333333334,0.013333333333333334,0.008888888888888889
a2_colorjitter,519,20260817,75,75,0.65,0.0,0.013333333333333334,0.0,0.0044444444444444444
a2_colorjitter,520,20260817,75,75,0.75,0.0,0.0,0.0,0.0
a2_colorjitter,521,20260817,75,75,0.8,0.0,0.0,0.0,0.0
a2_colorjitter,522,20260817,75,75,0.75,0.0,0.0,0.0,0.0
a2_colorjitter,523,20260817,75,75,0.8,0.0,0.0,0.0,0.0
a2_colorjitter,524,20260817,75,75,0.65,0.04,0.06666666666666667,0.02666666666666667,0.044444444444444446
a2_colorjitter,525,20260817,75,75,0.7,0.0,0.0,0.0,0.0
a2_colorjitter,526,20260817,75,75,0.65,0.013333333333333334,0.02666666666666667,0.013333333333333334,0.017777777777777778
a2_colorjitter,527,20260817,75,75,0.8,0.0,0.0,0.0,0.0
a2_colorjitter,528,20260817,75,75,0.8,0.0,0.0,0.0,0.0
a2_colorjitter,529,20260817,75,75,0.7,0.0,0.0,0.0,0.0
a2_colorjitter,530,20260817,75,75,0.65,0.02666666666666667,0.013333333333333334,0.013333333333333334,0.017777777777777778
a2_colorjitter,531,20260817,75,75,0.75,0.0,0.0,0.0,0.0
a2_colorjitter,532,20260817,75,75,0.7,0.0,0.013333333333333334,0.0,0.0044444444444444444
a2_colorjitter,533,20260817,75,75,0.7,0.05333333333333334,0.02666666666666667,0.013333333333333334,0.031111111111111114
a2_colorjitter,534,20260817,75,75,0.8,0.0,0.0,0.0,0.0
a2_colorjitter,535,20260817,75,75,0.7,0.013333333333333334,0.0,0.0,0.0044444444444444444
a2_colorjitter,536,20260817,75,75,0.75,0.0,0.0,0.0,0.0
a2_colorjitter,537,20260817,75,75,0.8,0.0,0.0,0.0,0.0
a2_colorjitter,538,20260817,75,75,0.75,0.0,0.0,0.0,0.0
a2_colorjitter,539,20260817,75,75,0.75,0.013333333333333334,0.0,0.0,0.0044444444444444444
a2_colorjitter,540,20260817,75,75,0.8,0.0,0.0,0.0,0.0
a2_colorjitter,541,20260817,75,75,0.75,0.0,0.0,0.0,0.0
a2_colorjitter,542,20260817,75,75,0.75,0.013333333333333334,0.0,0.0,0.0044444444444444444
a2_colorjitter,543,20260817,75,75,0.65,0.013333333333333334,0.013333333333333334,0.013333333333333334,0.013333333333333334
a2_colorjitter,544,20260817,75,75,0.65,0.02666666666666667,0.013333333333333334,0.0,0.013333333333333334
a2_colorjitter,545,20260817,75,75,0.65,0.04,0.04,0.013333333333333334,0.03111111111111111
a2_colorjitter,546,20260817,75,75,0.7,0.013333333333333334,0.0,0.0,0.0044444444444444444
a2_colorjitter,547,20260817,75,75,0.75,0.0,0.0,0.0,0.0
a2_colorjitter,548,20260817,75,75,0.7,0.0,0.0,0.0,0.0
a2_colorjitter,549,20260817,75,75,0.65,0.0,0.0,0.0,0.0
a2_colorjitter,550,20260817,75,75,0.65,0.02666666666666667,0.013333333333333334,0.0,0.013333333333333334
a2_colorjitter,551,20260817,75,75,0.75,0.0,0.0,0.0,0.0
a2_colorjitter,552,20260817,75,75,0.6,0.02666666666666667,0.02666666666666667,0.02666666666666667,0.02666666666666667
a2_colorjitter,553,20260817,75,75,0.65,0.02666666666666667,0.02666666666666667,0.013333333333333334,0.022222222222222223
a2_colorjitter,554,20260817,75,75,0.8,0.0,0.0,0.0,0.0
a2_colorjitter,555,20260817,75,75,0.7,0.02666666666666667,0.04,0.013333333333333334,0.02666666666666667
a2_colorjitter,556,20260817,75,75,0.65,0.02666666666666667,0.013333333333333334,0.013333333333333334,0.017777777777777778
a2_colorjitter,557,20260817,75,75,0.75,0.013333333333333334,0.013333333333333334,0.0,0.008888888888888889
a2_colorjitter,558,20260817,75,75,0.65,0.02666666666666667,0.02666666666666667,0.0,0.017777777777777778
a2_colorjitter,559,20260817,75,75,0.65,0.0,0.05333333333333334,0.0,0.017777777777777778
a2_colorjitter,560,20260817,75,75,0.8,0.0,0.0,0.0,0.0
a2_colorjitter,561,20260817,75,75,0.65,0.0,0.02666666666666667,0.0,0.008888888888888889
a2_colorjitter,562,20260817,75,75,0.7,0.013333333333333334,0.0,0.0,0.0044444444444444444
a2_colorjitter,563,20260817,75,75,0.75,0.0,0.0,0.0,0.0
a2_colorjitter,564,20260817,75,75,0.75,0.0,0.0,0.0,0.0
a2_colorjitter,565,20260817,75,75,0.7,0.0,0.0,0.0,0.0
a2_colorjitter,566,20260817,75,75,0.65,0.0,0.013333333333333334,0.0,0.0044444444444444444
a2_colorjitter,567,20260817,75,75,0.7,0.0,0.0,0.0,0.0
a2_colorjitter,568,20260817,75,75,0.75,0.02666666666666667,0.0,0.0,0.008888888888888889
a2_colorjitter,569,20260817,75,75,0.75,0.02666666666666667,0.013333333333333334,0.013333333333333334,0.017777777777777778
a2_colorjitter,570,20260817,75,75,0.75,0.0,0.0,0.0,0.0
a2_colorjitter,571,20260817,75,75,0.75,0.013333333333333334,0.013333333333333334,0.013333333333333334,0.013333333333333334
a2_colorjitter,572,20260817,75,75,0.8,0.0,0.0,0.0,0.0
a2_colorjitter,573,20260817,75,75,0.75,0.0,0.0,0.0,0.0
a2_colorjitter,574,20260817,75,75,0.65,0.0,0.013333333333333334,0.0,0.0044444444444444444
a2_colorjitter,575,20260817,75,75,0.6,0.06666666666666667,0.06666666666666667,0.02666666666666667,0.05333333333333333
a2_colorjitter,576,20260817,75,75,0.65,0.02666666666666667,0.013333333333333334,0.02666666666666667,0.022222222222222223
a2_colorjitter,577,20260817,75,75,0.65,0.013333333333333334,0.02666666666666667,0.0,0.013333333333333334
a2_colorjitter,578,20260817,75,75,0.75,0.0,0.0,0.0,0.0
a2_colorjitter,579,20260817,75,75,0.75,0.0,0.0,0.0,0.0
a2_colorjitter,580,20260817,75,75,0.75,0.0,0.0,0.0,0.0
a2_colorjitter,581,20260817,75,75,0.7,0.013333333333333334,0.0,0.0,0.0044444444444444444
a2_colorjitter,582,20260817,75,75,0.75,0.0,0.0,0.0,0.0
a2_colorjitter,583,20260817,75,75,0.65,0.05333333333333334,0.06666666666666667,0.04,0.05333333333333334
a2_colorjitter,584,20260817,75,75,0.8,0.0,0.0,0.0,0.0
a2_colorjitter,585,20260817,75,75,0.7,0.02666666666666667,0.013333333333333334,0.0,0.013333333333333334
a2_colorjitter,586,20260817,75,75,0.7,0.0,0.0,0.0,0.0
a2_colorjitter,587,20260817,75,75,0.75,0.0,0.0,0.0,0.0
a2_colorjitter,588,20260817,75,75,0.55,0.08,0.05333333333333334,0.04,0.05777777777777778
a2_colorjitter,589,20260817,75,75,0.65,0.013333333333333334,0.02666666666666667,0.0,0.013333333333333334
a2_colorjitter,590,20260817,75,75,0.75,0.0,0.013333333333333334,0.0,0.0044444444444444444
a2_colorjitter,591,20260817,75,75,0.75,0.013333333333333334,0.02666666666666667,0.013333333333333334,0.017777777777777778
a2_colorjitter,592,20260817,75,75,0.75,0.0,0.0,0.0,0.0
a2_colorjitter,593,20260817,75,75,0.65,0.013333333333333334,0.013333333333333334,0.013333333333333334,0.013333333333333334
a2_colorjitter,594,20260817,75,75,0.8,0.0,0.0,0.0,0.0
a2_colorjitter,595,20260817,75,75,0.7,0.013333333333333334,0.0,0.0,0.0044444444444444444
a2_colorjitter,596,20260817,75,75,0.7,0.0,0.0,0.0,0.0
a2_colorjitter,597,20260817,75,75,0.7,0.02666666666666667,0.02666666666666667,0.013333333333333334,0.022222222222222223
a2_colorjitter,598,20260817,75,75,0.7,0.013333333333333334,0.0,0.0,0.0044444444444444444
a2_colorjitter,599,20260817,75,75,0.65,0.02666666666666667,0.04,0.02666666666666667,0.031111111111111114
a2_colorjitter,600,20260817,75,75,0.7,0.013333333333333334,0.02666666666666667,0.0,0.013333333333333334
a2_colorjitter,601,20260817,75,75,0.6,0.02666666666666667,0.04,0.02666666666666667,0.031111111111111114
a2_colorjitter,602,20260817,75,75,0.65,0.02666666666666667,0.04,0.0,0.022222222222222223
a2_colorjitter,603,20260817,75,75,0.75,0.0,0.0,0.0,0.0
a2_colorjitter,604,20260817,75,75,0.7,0.0,0.0,0.0,0.0
a2_colorjitter,605,20260817,75,75,0.65,0.013333333333333334,0.04,0.0,0.017777777777777778
a2_colorjitter,606,20260817,75,75,0.75,0.0,0.0,0.0,0.0
a2_colorjitter,607,20260817,75,75,0.7,0.02666666666666667,0.0,0.0,0.008888888888888889
a2_colorjitter,608,20260817,75,75,0.65,0.013333333333333334,0.02666666666666667,0.0,0.013333333333333334
a2_colorjitter,609,20260817,75,75,0.7,0.0,0.0,0.0,0.0
a2_colorjitter,610,20260817,75,75,0.6,0.02666666666666667,0.04,0.02666666666666667,0.031111111111111114
a2_colorjitter,611,20260817,75,75,0.7,0.0,0.0,0.0,0.0
a2_colorjitter,612,20260817,75,75,0.7,0.04,0.04,0.013333333333333334,0.03111111111111111
a2_colorjitter,613,20260817,75,75,0.65,0.02666666666666667,0.04,0.013333333333333334,0.02666666666666667
a2_colorjitter,614,20260817,75,75,0.75,0.0,0.0,0.0,0.0
a2_colorjitter,615,20260817,75,75,0.7,0.02666666666666667,0.013333333333333334,0.0,0.013333333333333334
a2_colorjitter,616,20260817,75,75,0.75,0.0,0.0,0.0,0.0
a2_colorjitter,617,20260817,75,75,0.7,0.013333333333333334,0.0,0.0,0.0044444444444444444
a2_colorjitter,618,20260817,75,75,0.65,0.0,0.02666666666666667,0.013333333333333334,0.013333333333333334
a2_colorjitter,619,20260817,75,75,0.75,0.0,0.0,0.0,0.0
a2_colorjitter,620,20260817,75,75,0.55,0.013333333333333334,0.02666666666666667,0.0,0.013333333333333334
a2_colorjitter,621,20260817,75,75,0.8,0.0,0.0,0.0,0.0
a2_colorjitter,622,20260817,75,75,0.8,0.0,0.0,0.0,0.0
a2_colorjitter,623,20260817,75,75,0.75,0.0,0.013333333333333334,0.0,0.0044444444444444444
a2_colorjitter,624,20260817,75,75,0.8,0.0,0.0,0.0,0.0
a2_colorjitter,625,20260817,75,75,0.65,0.06666666666666667,0.04,0.04,0.04888888888888889
a2_colorjitter,626,20260817,75,75,0.75,0.0,0.0,0.0,0.0
a2_colorjitter,627,20260817,75,75,0.7,0.013333333333333334,0.0,0.0,0.0044444444444444444
a2_colorjitter,628,20260817,75,75,0.8,0.0,0.0,0.0,0.0
a2_colorjitter,629,20260817,75,75,0.75,0.0,0.0,0.0,0.0
a2_colorjitter,630,20260817,75,75,0.75,0.0,0.0,0.0,0.0
a2_colorjitter,631,20260817,75,75,0.7,0.013333333333333334,0.02666666666666667,0.0,0.013333333333333334
a2_colorjitter,632,20260817,75,75,0.75,0.013333333333333334,0.02666666666666667,0.0,0.013333333333333334
a2_colorjitter,633,20260817,75,75,0.7,0.0,0.0,0.0,0.0
a2_colorjitter,634,20260817,75,75,0.8,0.0,0.0,0.0,0.0
a2_colorjitter,635,20260817,75,75,0.8,0.0,0.0,0.0,0.0
a2_colorjitter,636,20260817,75,75,0.8,0.0,0.0,0.0,0.0
a2_colorjitter,637,20260817,75,75,0.65,0.013333333333333334,0.013333333333333334,0.0,0.008888888888888889
a2_colorjitter,638,20260817,75,75,0.8,0.0,0.0,0.0,0.0
a2_colorjitter,639,20260817,75,75,0.7,0.0,0.0,0.0,0.0
a2_colorjitter,640,20260817,75,75,0.75,0.0,0.0,0.0,0.0
a2_colorjitter,641,20260817,75,75,0.55,0.04,0.09333333333333334,0.04,0.05777777777777778
a2_colorjitter,642,20260817,75,75,0.65,0.013333333333333334,0.0,0.0,0.0044444444444444444
a2_colorjitter,643,20260817,75,75,0.75,0.0,0.0,0.0,0.0
a2_colorjitter,644,20260817,75,75,0.65,0.02666666666666667,0.02666666666666667,0.02666666666666667,0.02666666666666667
a2_colorjitter,645,20260817,75,75,0.65,0.0,0.0,0.0,0.0
a2_colorjitter,646,20260817,75,75,0.65,0.013333333333333334,0.02666666666666667,0.0,0.013333333333333334
a2_colorjitter,647,20260817,75,75,0.65,0.02666666666666667,0.013333333333333334,0.0,0.013333333333333334
a2_colorjitter,648,20260817,75,75,0.65,0.013333333333333334,0.02666666666666667,0.013333333333333334,0.017777777777777778
a2_colorjitter,649,20260817,75,75,0.8,0.0,0.0,0.0,0.0
a2_colorjitter,650,20260817,75,75,0.75,0.02666666666666667,0.02666666666666667,0.0,0.017777777777777778
a2_colorjitter,651,20260817,75,75,0.7,0.013333333333333334,0.0,0.0,0.0044444444444444444
a2_colorjitter,652,20260817,75,75,0.7,0.0,0.02666666666666667,0.0,0.008888888888888889
a2_colorjitter,653,20260817,75,75,0.75,0.0,0.0,0.0,0.0
a2_colorjitter,654,20260817,75,75,0.8,0.0,0.0,0.0,0.0
a2_colorjitter,655,20260817,75,75,0.65,0.02666666666666667,0.04,0.013333333333333334,0.02666666666666667
a2_colorjitter,656,20260817,75,75,0.75,0.0,0.0,0.0,0.0
a2_colorjitter,657,20260817,75,75,0.75,0.0,0.013333333333333334,0.0,0.0044444444444444444
a2_colorjitter,658,20260817,75,75,0.65,0.05333333333333334,0.06666666666666667,0.013333333333333334,0.044444444444444446
a2_colorjitter,659,20260817,75,75,0.75,0.013333333333333334,0.013333333333333334,0.0,0.008888888888888889
a2_colorjitter,660,20260817,75,75,0.75,0.0,0.0,0.0,0.0
a2_colorjitter,661,20260817,75,75,0.75,0.0,0.0,0.0,0.0
a2_colorjitter,662,20260817,75,75,0.7,0.013333333333333334,0.013333333333333334,0.0,0.008888888888888889
a2_colorjitter,663,20260817,75,75,0.8,0.0,0.0,0.0,0.0
a2_colorjitter,664,20260817,75,75,0.75,0.013333333333333334,0.0,0.0,0.0044444444444444444
a2_colorjitter,665,20260817,75,75,0.75,0.013333333333333334,0.0,0.0,0.0044444444444444444
a2_colorjitter,666,20260817,75,75,0.75,0.0,0.0,0.0,0.0
a2_colorjitter,667,20260817,75,75,0.75,0.0,0.0,0.0,0.0
a2_colorjitter,668,20260817,75,75,0.8,0.0,0.0,0.0,0.0
a2_colorjitter,669,20260817,75,75,0.8,0.0,0.0,0.0,0.0
a2_colorjitter,670,20260817,75,75,0.65,0.02666666666666667,0.013333333333333334,0.0,0.013333333333333334
a2_colorjitter,671,20260817,75,75,0.75,0.0,0.0,0.0,0.0
a2_colorjitter,672,20260817,75,75,0.7,0.013333333333333334,0.04,0.0,0.017777777777777778
a2_colorjitter,673,20260817,75,75,0.65,0.013333333333333334,0.04,0.013333333333333334,0.022222222222222223
a2_colorjitter,674,20260817,75,75,0.7,0.0,0.0,0.0,0.0
a2_colorjitter,675,20260817,75,75,0.7,0.0,0.0,0.0,0.0
a2_colorjitter,676,20260817,75,75,0.75,0.013333333333333334,0.0,0.0,0.0044444444444444444
a2_colorjitter,677,20260817,75,75,0.65,0.0,0.013333333333333334,0.0,0.0044444444444444444
a2_colorjitter,678,20260817,75,75,0.8,0.0,0.0,0.0,0.0
a2_colorjitter,679,20260817,75,75,0.75,0.0,0.0,0.0,0.0
a2_colorjitter,680,20260817,75,75,0.8,0.0,0.0,0.0,0.0
a2_colorjitter,681,20260817,75,75,0.75,0.0,0.0,0.0,0.0
a2_colorjitter,682,20260817,75,75,0.75,0.013333333333333334,0.013333333333333334,0.0,0.008888888888888889
a2_colorjitter,683,20260817,75,75,0.75,0.0,0.0,0.0,0.0
a2_colorjitter,684,20260817,75,75,0.7,0.013333333333333334,0.0,0.0,0.0044444444444444444
a2_colorjitter,685,20260817,75,75,0.75,0.0,0.0,0.0,0.0
a2_colorjitter,686,20260817,75,75,0.65,0.02666666666666667,0.02666666666666667,0.0,0.017777777777777778
a2_colorjitter,687,20260817,75,75,0.75,0.0,0.0,0.0,0.0
a2_colorjitter,688,20260817,75,75,0.8,0.0,0.0,0.0,0.0
a2_colorjitter,689,20260817,75,75,0.8,0.0,0.0,0.0,0.0
a2_colorjitter,690,20260817,75,75,0.7,0.013333333333333334,0.0,0.0,0.0044444444444444444
a2_colorjitter,691,20260817,75,75,0.75,0.013333333333333334,0.0,0.0,0.0044444444444444444
a2_colorjitter,692,20260817,75,75,0.7,0.02666666666666667,0.02666666666666667,0.013333333333333334,0.022222222222222223
a2_colorjitter,693,20260817,75,75,0.7,0.013333333333333334,0.02666666666666667,0.0,0.013333333333333334
a2_colorjitter,694,20260817,75,75,0.75,0.0,0.013333333333333334,0.0,0.0044444444444444444
a2_colorjitter,695,20260817,75,75,0.8,0.0,0.0,0.0,0.0
a2_colorjitter,696,20260817,75,75,0.8,0.0,0.0,0.0,0.0
a2_colorjitter,697,20260817,75,75,0.7,0.0,0.0,0.0,0.0
a2_colorjitter,698,20260817,75,75,0.65,0.013333333333333334,0.04,0.0,0.017777777777777778
a2_colorjitter,699,20260817,75,75,0.75,0.0,0.02666666666666667,0.0,0.008888888888888889
a2_colorjitter,700,20260817,75,75,0.75,0.0,0.0,0.0,0.0
a2_colorjitter,701,20260817,75,75,0.7,0.013333333333333334,0.0,0.0,0.0044444444444444444
a2_colorjitter,702,20260817,75,75,0.7,0.02666666666666667,0.02666666666666667,0.0,0.017777777777777778
a2_colorjitter,703,20260817,75,75,0.65,0.04,0.013333333333333334,0.013333333333333334,0.022222222222222223
a2_colorjitter,704,20260817,75,75,0.7,0.013333333333333334,0.0,0.0,0.0044444444444444444
a2_colorjitter,705,20260817,75,75,0.65,0.02666666666666667,0.05333333333333334,0.0,0.02666666666666667
a2_colorjitter,706,20260817,75,75,0.65,0.0,0.02666666666666667,0.0,0.008888888888888889
a2_colorjitter,707,20260817,75,75,0.65,0.02666666666666667,0.013333333333333334,0.0,0.013333333333333334
a2_colorjitter,708,20260817,75,75,0.65,0.02666666666666667,0.02666666666666667,0.0,0.017777777777777778
a2_colorjitter,709,20260817,75,75,0.7,0.0,0.0,0.0,0.0
a2_colorjitter,710,20260817,75,75,0.75,0.02666666666666667,0.02666666666666667,0.013333333333333334,0.022222222222222223
a2_colorjitter,711,20260817,75,75,0.6,0.0,0.013333333333333334,0.0,0.0044444444444444444
a2_colorjitter,712,20260817,75,75,0.75,0.0,0.0,0.0,0.0
a2_colorjitter,713,20260817,75,75,0.8,0.0,0.0,0.0,0.0
a2_colorjitter,714,20260817,75,75,0.55,0.04,0.02666666666666667,0.013333333333333334,0.02666666666666667
a2_colorjitter,715,20260817,75,75,0.8,0.0,0.0,0.0,0.0
a2_colorjitter,716,20260817,75,75,0.65,0.013333333333333334,0.013333333333333334,0.013333333333333334,0.013333333333333334
a2_colorjitter,717,20260817,75,75,0.6,0.05333333333333334,0.04,0.013333333333333334,0.035555555555555556
a2_colorjitter,718,20260817,75,75,0.7,0.0,0.0,0.0,0.0
a2_colorjitter,719,20260817,75,75,0.7,0.013333333333333334,0.013333333333333334,0.0,0.008888888888888889
a2_colorjitter,720,20260817,75,75,0.7,0.0,0.0,0.0,0.0
a2_colorjitter,721,20260817,75,75,0.75,0.0,0.0,0.0,0.0
a2_colorjitter,722,20260817,75,75,0.65,0.0,0.0,0.013333333333333334,0.0044444444444444444
a2_colorjitter,723,20260817,75,75,0.7,0.04,0.013333333333333334,0.013333333333333334,0.022222222222222223
a2_colorjitter,724,20260817,75,75,0.8,0.0,0.0,0.0,0.0
a2_colorjitter,725,20260817,75,75,0.75,0.0,0.0,0.0,0.0
a2_colorjitter,726,20260817,75,75,0.8,0.0,0.0,0.0,0.0
a2_colorjitter,727,20260817,75,75,0.65,0.013333333333333334,0.04,0.013333333333333334,0.022222222222222223
a2_colorjitter,728,20260817,75,75,0.65,0.013333333333333334,0.013333333333333334,0.0,0.008888888888888889
a2_colorjitter,729,20260817,75,75,0.7,0.0,0.0,0.0,0.0
a2_colorjitter,730,20260817,75,75,0.7,0.013333333333333334,0.013333333333333334,0.0,0.008888888888888889
a2_colorjitter,731,20260817,75,75,0.6,0.02666666666666667,0.02666666666666667,0.013333333333333334,0.022222222222222223
a2_colorjitter,732,20260817,75,75,0.6,0.013333333333333334,0.04,0.013333333333333334,0.022222222222222223
a2_colorjitter,733,20260817,75,75,0.8,0.0,0.0,0.0,0.0
a2_colorjitter,734,20260817,75,75,0.75,0.0,0.0,0.0,0.0
a2_colorjitter,735,20260817,75,75,0.7,0.013333333333333334,0.0,0.0,0.0044444444444444444
a2_colorjitter,736,20260817,75,75,0.7,0.013333333333333334,0.013333333333333334,0.0,0.008888888888888889
a2_colorjitter,737,20260817,75,75,0.65,0.05333333333333334,0.05333333333333334,0.02666666666666667,0.044444444444444446
a2_colorjitter,738,20260817,75,75,0.75,0.0,0.0,0.0,0.0
a2_colorjitter,739,20260817,75,75,0.65,0.013333333333333334,0.05333333333333334,0.0,0.022222222222222223
a2_colorjitter,740,20260817,75,75,0.75,0.0,0.0,0.0,0.0
a2_colorjitter,741,20260817,75,75,0.65,0.02666666666666667,0.02666666666666667,0.0,0.017777777777777778
a2_colorjitter,742,20260817,75,75,0.7,0.0,0.0,0.0,0.0
a2_colorjitter,743,20260817,75,75,0.7,0.013333333333333334,0.013333333333333334,0.013333333333333334,0.013333333333333334
a2_colorjitter,744,20260817,75,75,0.75,0.013333333333333334,0.013333333333333334,0.0,0.008888888888888889
a2_colorjitter,745,20260817,75,75,0.55,0.05333333333333334,0.05333333333333334,0.04,0.04888888888888889
a2_colorjitter,746,20260817,75,75,0.8,0.0,0.0,0.0,0.0
a2_colorjitter,747,20260817,75,75,0.7,0.013333333333333334,0.013333333333333334,0.0,0.008888888888888889
a2_colorjitter,748,20260817,75,75,0.8,0.0,0.0,0.0,0.0
a2_colorjitter,749,20260817,75,75,0.7,0.0,0.0,0.0,0.0
a2_colorjitter,750,20260817,75,75,0.7,0.0,0.0,0.0,0.0
a2_colorjitter,751,20260817,75,75,0.75,0.0,0.0,0.0,0.0
a2_colorjitter,752,20260817,75,75,0.65,0.013333333333333334,0.02666666666666667,0.013333333333333334,0.017777777777777778
a2_colorjitter,753,20260817,75,75,0.65,0.013333333333333334,0.013333333333333334,0.0,0.008888888888888889
a2_colorjitter,754,20260817,75,75,0.65,0.013333333333333334,0.013333333333333334,0.0,0.008888888888888889
a2_colorjitter,755,20260817,75,75,0.8,0.0,0.0,0.0,0.0
a2_colorjitter,756,20260817,75,75,0.75,0.013333333333333334,0.013333333333333334,0.0,0.008888888888888889
a2_colorjitter,757,20260817,75,75,0.65,0.013333333333333334,0.02666666666666667,0.0,0.013333333333333334
a2_colorjitter,758,20260817,75,75,0.75,0.0,0.0,0.0,0.0
a2_colorjitter,759,20260817,75,75,0.65,0.013333333333333334,0.05333333333333334,0.02666666666666667,0.031111111111111114
a2_colorjitter,760,20260817,75,75,0.8,0.0,0.0,0.0,0.0
a2_colorjitter,761,20260817,75,75,0.7,0.02666666666666667,0.013333333333333334,0.0,0.013333333333333334
a2_colorjitter,762,20260817,75,75,0.75,0.0,0.0,0.0,0.0
a2_colorjitter,763,20260817,75,75,0.75,0.0,0.0,0.0,0.0
a2_colorjitter,764,20260817,75,75,0.8,0.013333333333333334,0.0,0.0,0.0044444444444444444
a2_colorjitter,765,20260817,75,75,0.75,0.0,0.0,0.0,0.0
a2_colorjitter,766,20260817,75,75,0.65,0.02666666666666667,0.02666666666666667,0.02666666666666667,0.02666666666666667
a2_colorjitter,767,20260817,75,75,0.75,0.0,0.0,0.0,0.0
a2_colorjitter,768,20260817,75,75,0.65,0.0,0.013333333333333334,0.013333333333333334,0.008888888888888889
a2_colorjitter,769,20260817,75,75,0.7,0.02666666666666667,0.013333333333333334,0.013333333333333334,0.017777777777777778
a2_colorjitter,770,20260817,75,75,0.7,0.013333333333333334,0.013333333333333334,0.0,0.008888888888888889
a2_colorjitter,771,20260817,75,75,0.75,0.0,0.0,0.0,0.0
a2_colorjitter,772,20260817,75,75,0.6,0.0,0.013333333333333334,0.0,0.0044444444444444444
a2_colorjitter,773,20260817,75,75,0.75,0.013333333333333334,0.013333333333333334,0.0,0.008888888888888889
a2_colorjitter,774,20260817,75,75,0.7,0.013333333333333334,0.013333333333333334,0.0,0.008888888888888889
a2_colorjitter,775,20260817,75,75,0.65,0.02666666666666667,0.02666666666666667,0.013333333333333334,0.022222222222222223
a2_colorjitter,776,20260817,75,75,0.65,0.013333333333333334,0.013333333333333334,0.0,0.008888888888888889
a2_colorjitter,777,20260817,75,75,0.65,0.02666666666666667,0.013333333333333334,0.02666666666666667,0.022222222222222223
a2_colorjitter,778,20260817,75,75,0.65,0.02666666666666667,0.02666666666666667,0.0,0.017777777777777778
a2_colorjitter,779,20260817,75,75,0.75,0.0,0.0,0.0,0.0
a2_colorjitter,780,20260817,75,75,0.65,0.04,0.02666666666666667,0.013333333333333334,0.02666666666666667
a2_colorjitter,781,20260817,75,75,0.75,0.0,0.013333333333333334,0.0,0.0044444444444444444
a2_colorjitter,782,20260817,75,75,0.75,0.013333333333333334,0.0,0.0,0.0044444444444444444
a2_colorjitter,783,20260817,75,75,0.65,0.0,0.02666666666666667,0.0,0.008888888888888889
a2_colorjitter,784,20260817,75,75,0.75,0.0,0.0,0.0,0.0
a2_colorjitter,785,20260817,75,75,0.65,0.013333333333333334,0.0,0.013333333333333334,0.008888888888888889
a2_colorjitter,786,20260817,75,75,0.75,0.0,0.0,0.0,0.0
a2_colorjitter,787,20260817,75,75,0.7,0.013333333333333334,0.013333333333333334,0.0,0.008888888888888889
a2_colorjitter,788,20260817,75,75,0.75,0.0,0.0,0.0,0.0
a2_colorjitter,789,20260817,75,75,0.7,0.013333333333333334,0.013333333333333334,0.0,0.008888888888888889
a2_colorjitter,790,20260817,75,75,0.8,0.0,0.0,0.0,0.0
a2_colorjitter,791,20260817,75,75,0.75,0.0,0.0,0.0,0.0
a2_colorjitter,792,20260817,75,75,0.8,0.0,0.0,0.0,0.0
a2_colorjitter,793,20260817,75,75,0.7,0.013333333333333334,0.02666666666666667,0.0,0.013333333333333334
a2_colorjitter,794,20260817,75,75,0.8,0.0,0.0,0.0,0.0
a2_colorjitter,795,20260817,75,75,0.75,0.0,0.0,0.0,0.0
a2_colorjitter,796,20260817,75,75,0.65,0.04,0.04,0.0,0.02666666666666667
a2_colorjitter,797,20260817,75,75,0.8,0.0,0.0,0.0,0.0
a2_colorjitter,798,20260817,75,75,0.65,0.04,0.05333333333333334,0.02666666666666667,0.04
a2_colorjitter,799,20260817,75,75,0.75,0.0,0.0,0.0,0.0
a2_colorjitter,800,20260817,75,75,0.8,0.0,0.0,0.0,0.0
a2_colorjitter,801,20260817,75,75,0.65,0.0,0.013333333333333334,0.0,0.0044444444444444444
a2_colorjitter,802,20260817,75,75,0.7,0.013333333333333334,0.013333333333333334,0.0,0.008888888888888889
a2_colorjitter,803,20260817,75,75,0.7,0.02666666666666667,0.02666666666666667,0.0,0.017777777777777778
a2_colorjitter,804,20260817,75,75,0.7,0.0,0.013333333333333334,0.0,0.0044444444444444444
a2_colorjitter,805,20260817,75,75,0.75,0.0,0.0,0.0,0.0
a2_colorjitter,806,20260817,75,75,0.75,0.0,0.0,0.0,0.0
a2_colorjitter,807,20260817,75,75,0.7,0.013333333333333334,0.0,0.0,0.0044444444444444444
a2_colorjitter,808,20260817,75,75,0.75,0.0,0.0,0.0,0.0
a2_colorjitter,809,20260817,75,75,0.8,0.0,0.0,0.0,0.0
a2_colorjitter,810,20260817,75,75,0.65,0.013333333333333334,0.013333333333333334,0.0,0.008888888888888889
a2_colorjitter,811,20260817,75,75,0.8,0.0,0.0,0.0,0.0
a2_colorjitter,812,20260817,75,75,0.7,0.013333333333333334,0.02666666666666667,0.0,0.013333333333333334
a2_colorjitter,813,20260817,75,75,0.7,0.02666666666666667,0.04,0.013333333333333334,0.02666666666666667
a2_colorjitter,814,20260817,75,75,0.75,0.0,0.0,0.0,0.0
a2_colorjitter,815,20260817,75,75,0.7,0.0,0.0,0.0,0.0
a2_colorjitter,816,20260817,75,75,0.65,0.0,0.0,0.0,0.0
a2_colorjitter,817,20260817,75,75,0.7,0.0,0.0,0.0,0.0
a2_colorjitter,818,20260817,75,75,0.65,0.02666666666666667,0.04,0.0,0.022222222222222223
a2_colorjitter,819,20260817,75,75,0.6,0.013333333333333334,0.04,0.02666666666666667,0.02666666666666667
a2_colorjitter,820,20260817,75,75,0.8,0.0,0.0,0.0,0.0
a2_colorjitter,821,20260817,75,75,0.75,0.0,0.0,0.0,0.0
a2_colorjitter,822,20260817,75,75,0.65,0.0,0.02666666666666667,0.0,0.008888888888888889
a2_colorjitter,823,20260817,75,75,0.65,0.0,0.02666666666666667,0.0,0.008888888888888889
a2_colorjitter,824,20260817,75,75,0.75,0.0,0.0,0.0,0.0
a2_colorjitter,825,20260817,75,75,0.75,0.0,0.0,0.0,0.0
a2_colorjitter,826,20260817,75,75,0.65,0.0,0.013333333333333334,0.013333333333333334,0.008888888888888889
a2_colorjitter,827,20260817,75,75,0.75,0.0,0.0,0.0,0.0
a2_colorjitter,828,20260817,75,75,0.75,0.0,0.0,0.0,0.0
a2_colorjitter,829,20260817,75,75,0.75,0.013333333333333334,0.0,0.0,0.0044444444444444444
a2_colorjitter,830,20260817,75,75,0.8,0.0,0.0,0.0,0.0
a2_colorjitter,831,20260817,75,75,0.65,0.0,0.013333333333333334,0.013333333333333334,0.008888888888888889
a2_colorjitter,832,20260817,75,75,0.7,0.02666666666666667,0.02666666666666667,0.0,0.017777777777777778
a2_colorjitter,833,20260817,75,75,0.7,0.013333333333333334,0.0,0.0,0.0044444444444444444
a2_colorjitter,834,20260817,75,75,0.7,0.013333333333333334,0.0,0.0,0.0044444444444444444
a2_colorjitter,835,20260817,75,75,0.75,0.0,0.0,0.0,0.0
a2_colorjitter,836,20260817,75,75,0.8,0.0,0.0,0.0,0.0
a2_colorjitter,837,20260817,75,75,0.65,0.0,0.0,0.0,0.0
a2_colorjitter,838,20260817,75,75,0.7,0.04,0.02666666666666667,0.02666666666666667,0.031111111111111114
a2_colorjitter,839,20260817,75,75,0.8,0.0,0.0,0.0,0.0
a2_colorjitter,840,20260817,75,75,0.65,0.0,0.0,0.0,0.0
a2_colorjitter,841,20260817,75,75,0.6,0.05333333333333334,0.04,0.04,0.044444444444444446
a2_colorjitter,842,20260817,75,75,0.65,0.02666666666666667,0.02666666666666667,0.02666666666666667,0.02666666666666667
a2_colorjitter,843,20260817,75,75,0.7,0.013333333333333334,0.013333333333333334,0.013333333333333334,0.013333333333333334
a2_colorjitter,844,20260817,75,75,0.75,0.0,0.013333333333333334,0.0,0.0044444444444444444
a2_colorjitter,845,20260817,75,75,0.65,0.0,0.0,0.0,0.0
a2_colorjitter,846,20260817,75,75,0.75,0.013333333333333334,0.0,0.0,0.0044444444444444444
a2_colorjitter,847,20260817,75,75,0.65,0.04,0.04,0.0,0.02666666666666667
a2_colorjitter,848,20260817,75,75,0.8,0.0,0.0,0.0,0.0
a2_colorjitter,849,20260817,75,75,0.75,0.013333333333333334,0.013333333333333334,0.0,0.008888888888888889
a2_colorjitter,850,20260817,75,75,0.7,0.02666666666666667,0.0,0.0,0.008888888888888889
a2_colorjitter,851,20260817,75,75,0.6,0.04,0.05333333333333334,0.02666666666666667,0.04
a2_colorjitter,852,20260817,75,75,0.75,0.0,0.0,0.0,0.0
a2_colorjitter,853,20260817,75,75,0.7,0.0,0.0,0.0,0.0
a2_colorjitter,854,20260817,75,75,0.75,0.0,0.0,0.0,0.0
a2_colorjitter,855,20260817,75,75,0.65,0.013333333333333334,0.0,0.0,0.0044444444444444444
a2_colorjitter,856,20260817,75,75,0.65,0.04,0.013333333333333334,0.0,0.017777777777777778
a2_colorjitter,857,20260817,75,75,0.8,0.0,0.0,0.0,0.0
a2_colorjitter,858,20260817,75,75,0.75,0.013333333333333334,0.013333333333333334,0.013333333333333334,0.013333333333333334
a2_colorjitter,859,20260817,75,75,0.75,0.0,0.0,0.0,0.0
a2_colorjitter,860,20260817,75,75,0.65,0.0,0.0,0.0,0.0
a2_colorjitter,861,20260817,75,75,0.8,0.0,0.0,0.0,0.0
a2_colorjitter,862,20260817,75,75,0.65,0.05333333333333334,0.04,0.02666666666666667,0.04
a2_colorjitter,863,20260817,75,75,0.75,0.0,0.0,0.0,0.0
a2_colorjitter,864,20260817,75,75,0.65,0.02666666666666667,0.04,0.013333333333333334,0.02666666666666667
a2_colorjitter,865,20260817,75,75,0.8,0.0,0.0,0.0,0.0
a2_colorjitter,866,20260817,75,75,0.8,0.0,0.0,0.0,0.0
a2_colorjitter,867,20260817,75,75,0.65,0.04,0.02666666666666667,0.013333333333333334,0.02666666666666667
a2_colorjitter,868,20260817,75,75,0.8,0.0,0.0,0.0,0.0
a2_colorjitter,869,20260817,75,75,0.65,0.0,0.0,0.0,0.0
a2_colorjitter,870,20260817,75,75,0.8,0.0,0.0,0.0,0.0
a2_colorjitter,871,20260817,75,75,0.75,0.0,0.0,0.0,0.0
a2_colorjitter,872,20260817,75,75,0.7,0.013333333333333334,0.0,0.0,0.0044444444444444444
a2_colorjitter,873,20260817,75,75,0.75,0.0,0.0,0.0,0.0
a2_colorjitter,874,20260817,75,75,0.75,0.0,0.013333333333333334,0.0,0.0044444444444444444
a2_colorjitter,875,20260817,75,75,0.75,0.0,0.0,0.0,0.0
a2_colorjitter,876,20260817,75,75,0.65,0.0,0.04,0.0,0.013333333333333334
a2_colorjitter,877,20260817,75,75,0.75,0.013333333333333334,0.013333333333333334,0.013333333333333334,0.013333333333333334
a2_colorjitter,878,20260817,75,75,0.65,0.04,0.013333333333333334,0.0,0.017777777777777778
a2_colorjitter,879,20260817,75,75,0.75,0.013333333333333334,0.0,0.0,0.0044444444444444444
a2_colorjitter,880,20260817,75,75,0.8,0.013333333333333334,0.0,0.0,0.0044444444444444444
a2_colorjitter,881,20260817,75,75,0.75,0.0,0.0,0.0,0.0
a2_colorjitter,882,20260817,75,75,0.6,0.02666666666666667,0.013333333333333334,0.013333333333333334,0.017777777777777778
a2_colorjitter,883,20260817,75,75,0.55,0.0,0.013333333333333334,0.0,0.0044444444444444444
a2_colorjitter,884,20260817,75,75,0.8,0.0,0.0,0.0,0.0
a2_colorjitter,885,20260817,75,75,0.6,0.04,0.02666666666666667,0.02666666666666667,0.031111111111111114
a2_colorjitter,886,20260817,75,75,0.65,0.02666666666666667,0.013333333333333334,0.0,0.013333333333333334
a2_colorjitter,887,20260817,75,75,0.65,0.013333333333333334,0.013333333333333334,0.013333333333333334,0.013333333333333334
a2_colorjitter,888,20260817,75,75,0.75,0.013333333333333334,0.013333333333333334,0.0,0.008888888888888889
a2_colorjitter,889,20260817,75,75,0.75,0.0,0.0,0.0,0.0
a2_colorjitter,890,20260817,75,75,0.65,0.05333333333333334,0.05333333333333334,0.02666666666666667,0.044444444444444446
a2_colorjitter,891,20260817,75,75,0.7,0.02666666666666667,0.0,0.0,0.008888888888888889
a2_colorjitter,892,20260817,75,75,0.75,0.013333333333333334,0.0,0.0,0.0044444444444444444
a2_colorjitter,893,20260817,75,75,0.7,0.013333333333333334,0.0,0.0,0.0044444444444444444
a2_colorjitter,894,20260817,75,75,0.7,0.0,0.013333333333333334,0.0,0.0044444444444444444
a2_colorjitter,895,20260817,75,75,0.7,0.0,0.013333333333333334,0.0,0.0044444444444444444
a2_colorjitter,896,20260817,75,75,0.6,0.04,0.013333333333333334,0.0,0.017777777777777778
a2_colorjitter,897,20260817,75,75,0.65,0.013333333333333334,0.013333333333333334,0.0,0.008888888888888889
a2_colorjitter,898,20260817,75,75,0.75,0.0,0.0,0.0,0.0
a2_colorjitter,899,20260817,75,75,0.65,0.0,0.0,0.0,0.0
a2_colorjitter,900,20260817,75,75,0.65,0.013333333333333334,0.02666666666666667,0.0,0.013333333333333334
a2_colorjitter,901,20260817,75,75,0.7,0.013333333333333334,0.013333333333333334,0.0,0.008888888888888889
a2_colorjitter,902,20260817,75,75,0.75,0.0,0.0,0.0,0.0
a2_colorjitter,903,20260817,75,75,0.75,0.0,0.0,0.0,0.0
a2_colorjitter,904,20260817,75,75,0.65,0.02666666666666667,0.013333333333333334,0.013333333333333334,0.017777777777777778
a2_colorjitter,905,20260817,75,75,0.75,0.0,0.013333333333333334,0.0,0.0044444444444444444
a2_colorjitter,906,20260817,75,75,0.65,0.0,0.013333333333333334,0.013333333333333334,0.008888888888888889
a2_colorjitter,907,20260817,75,75,0.8,0.0,0.0,0.0,0.0
a2_colorjitter,908,20260817,75,75,0.8,0.0,0.0,0.0,0.0
a2_colorjitter,909,20260817,75,75,0.8,0.0,0.0,0.0,0.0
a2_colorjitter,910,20260817,75,75,0.7,0.0,0.013333333333333334,0.0,0.0044444444444444444
a2_colorjitter,911,20260817,75,75,0.7,0.013333333333333334,0.013333333333333334,0.0,0.008888888888888889
a2_colorjitter,912,20260817,75,75,0.8,0.0,0.0,0.0,0.0
a2_colorjitter,913,20260817,75,75,0.8,0.0,0.0,0.0,0.0
a2_colorjitter,914,20260817,75,75,0.75,0.0,0.0,0.0,0.0
a2_colorjitter,915,20260817,75,75,0.8,0.0,0.0,0.0,0.0
a2_colorjitter,916,20260817,75,75,0.7,0.04,0.013333333333333334,0.0,0.017777777777777778
a2_colorjitter,917,20260817,75,75,0.8,0.0,0.0,0.0,0.0
a2_colorjitter,918,20260817,75,75,0.65,0.013333333333333334,0.0,0.013333333333333334,0.008888888888888889
a2_colorjitter,919,20260817,75,75,0.65,0.013333333333333334,0.04,0.0,0.017777777777777778
a2_colorjitter,920,20260817,75,75,0.7,0.0,0.013333333333333334,0.0,0.0044444444444444444
a2_colorjitter,921,20260817,75,75,0.8,0.0,0.0,0.0,0.0
a2_colorjitter,922,20260817,75,75,0.65,0.013333333333333334,0.013333333333333334,0.013333333333333334,0.013333333333333334
a2_colorjitter,923,20260817,75,75,0.7,0.013333333333333334,0.0,0.0,0.0044444444444444444
a2_colorjitter,924,20260817,75,75,0.65,0.0,0.0,0.0,0.0
a2_colorjitter,925,20260817,75,75,0.65,0.0,0.013333333333333334,0.0,0.0044444444444444444
a2_colorjitter,926,20260817,75,75,0.7,0.04,0.013333333333333334,0.013333333333333334,0.022222222222222223
a2_colorjitter,927,20260817,75,75,0.65,0.013333333333333334,0.04,0.013333333333333334,0.022222222222222223
a2_colorjitter,928,20260817,75,75,0.65,0.013333333333333334,0.013333333333333334,0.013333333333333334,0.013333333333333334
a2_colorjitter,929,20260817,75,75,0.5,0.02666666666666667,0.05333333333333334,0.02666666666666667,0.035555555555555556
a2_colorjitter,930,20260817,75,75,0.8,0.013333333333333334,0.0,0.0,0.0044444444444444444
a2_colorjitter,931,20260817,75,75,0.75,0.013333333333333334,0.0,0.0,0.0044444444444444444
a2_colorjitter,932,20260817,75,75,0.7,0.013333333333333334,0.0,0.0,0.0044444444444444444
a2_colorjitter,933,20260817,75,75,0.8,0.0,0.0,0.0,0.0
a2_colorjitter,934,20260817,75,75,0.7,0.013333333333333334,0.013333333333333334,0.013333333333333334,0.013333333333333334
a2_colorjitter,935,20260817,75,75,0.8,0.0,0.0,0.0,0.0
a2_colorjitter,936,20260817,75,75,0.7,0.02666666666666667,0.04,0.0,0.022222222222222223
a2_colorjitter,937,20260817,75,75,0.7,0.04,0.02666666666666667,0.0,0.022222222222222223
a2_colorjitter,938,20260817,75,75,0.7,0.02666666666666667,0.013333333333333334,0.0,0.013333333333333334
a2_colorjitter,939,20260817,75,75,0.65,0.013333333333333334,0.04,0.02666666666666667,0.02666666666666667
a2_colorjitter,940,20260817,75,75,0.75,0.0,0.0,0.0,0.0
a2_colorjitter,941,20260817,75,75,0.8,0.0,0.0,0.0,0.0
a2_colorjitter,942,20260817,75,75,0.7,0.013333333333333334,0.0,0.0,0.0044444444444444444
a2_colorjitter,943,20260817,75,75,0.7,0.013333333333333334,0.013333333333333334,0.0,0.008888888888888889
a2_colorjitter,944,20260817,75,75,0.75,0.013333333333333334,0.013333333333333334,0.0,0.008888888888888889
a2_colorjitter,945,20260817,75,75,0.75,0.0,0.0,0.0,0.0
a2_colorjitter,946,20260817,75,75,0.75,0.013333333333333334,0.013333333333333334,0.0,0.008888888888888889
a2_colorjitter,947,20260817,75,75,0.7,0.0,0.013333333333333334,0.0,0.0044444444444444444
a2_colorjitter,948,20260817,75,75,0.75,0.013333333333333334,0.0,0.0,0.0044444444444444444
a2_colorjitter,949,20260817,75,75,0.7,0.013333333333333334,0.013333333333333334,0.013333333333333334,0.013333333333333334
a2_colorjitter,950,20260817,75,75,0.65,0.013333333333333334,0.04,0.013333333333333334,0.022222222222222223
a2_colorjitter,951,20260817,75,75,0.8,0.0,0.0,0.0,0.0
a2_colorjitter,952,20260817,75,75,0.65,0.02666666666666667,0.0,0.013333333333333334,0.013333333333333334
a2_colorjitter,953,20260817,75,75,0.75,0.0,0.0,0.0,0.0
a2_colorjitter,954,20260817,75,75,0.8,0.0,0.0,0.0,0.0
a2_colorjitter,955,20260817,75,75,0.8,0.0,0.0,0.0,0.0
a2_colorjitter,956,20260817,75,75,0.65,0.013333333333333334,0.02666666666666667,0.0,0.013333333333333334
a2_colorjitter,957,20260817,75,75,0.65,0.04,0.05333333333333334,0.02666666666666667,0.04
a2_colorjitter,958,20260817,75,75,0.7,0.013333333333333334,0.0,0.0,0.0044444444444444444
a2_colorjitter,959,20260817,75,75,0.8,0.0,0.0,0.0,0.0
a2_colorjitter,960,20260817,75,75,0.6,0.013333333333333334,0.0,0.013333333333333334,0.008888888888888889
a2_colorjitter,961,20260817,75,75,0.7,0.013333333333333334,0.0,0.0,0.0044444444444444444
a2_colorjitter,962,20260817,75,75,0.75,0.0,0.0,0.0,0.0
a2_colorjitter,963,20260817,75,75,0.8,0.0,0.0,0.0,0.0
a2_colorjitter,964,20260817,75,75,0.7,0.0,0.0,0.0,0.0
a2_colorjitter,965,20260817,75,75,0.65,0.04,0.02666666666666667,0.0,0.022222222222222223
a2_colorjitter,966,20260817,75,75,0.8,0.0,0.0,0.0,0.0
a2_colorjitter,967,20260817,75,75,0.8,0.0,0.0,0.0,0.0
a2_colorjitter,968,20260817,75,75,0.7,0.013333333333333334,0.013333333333333334,0.0,0.008888888888888889
a2_colorjitter,969,20260817,75,75,0.7,0.0,0.0,0.0,0.0
a2_colorjitter,970,20260817,75,75,0.75,0.013333333333333334,0.0,0.0,0.0044444444444444444
a2_colorjitter,971,20260817,75,75,0.75,0.0,0.0,0.0,0.0
a2_colorjitter,972,20260817,75,75,0.75,0.0,0.0,0.0,0.0
a2_colorjitter,973,20260817,75,75,0.65,0.0,0.04,0.0,0.013333333333333334
a2_colorjitter,974,20260817,75,75,0.75,0.0,0.0,0.0,0.0
a2_colorjitter,975,20260817,75,75,0.7,0.0,0.0,0.0,0.0
a2_colorjitter,976,20260817,75,75,0.65,0.04,0.013333333333333334,0.0,0.017777777777777778
a2_colorjitter,977,20260817,75,75,0.65,0.013333333333333334,0.0,0.0,0.0044444444444444444
a2_colorjitter,978,20260817,75,75,0.8,0.0,0.0,0.0,0.0
a2_colorjitter,979,20260817,75,75,0.75,0.013333333333333334,0.02666666666666667,0.0,0.013333333333333334
a2_colorjitter,980,20260817,75,75,0.8,0.0,0.0,0.0,0.0
a2_colorjitter,981,20260817,75,75,0.8,0.0,0.0,0.0,0.0
a2_colorjitter,982,20260817,75,75,0.65,0.013333333333333334,0.013333333333333334,0.0,0.008888888888888889
a2_colorjitter,983,20260817,75,75,0.7,0.013333333333333334,0.0,0.0,0.0044444444444444444
a2_colorjitter,984,20260817,75,75,0.75,0.013333333333333334,0.013333333333333334,0.0,0.008888888888888889
a2_colorjitter,985,20260817,75,75,0.75,0.0,0.0,0.0,0.0
a2_colorjitter,986,20260817,75,75,0.8,0.0,0.0,0.0,0.0
a2_colorjitter,987,20260817,75,75,0.65,0.0,0.0,0.0,0.0
a2_colorjitter,988,20260817,75,75,0.75,0.0,0.0,0.0,0.0
a2_colorjitter,989,20260817,75,75,0.75,0.0,0.0,0.0,0.0
a2_colorjitter,990,20260817,75,75,0.8,0.0,0.0,0.0,0.0
a2_colorjitter,991,20260817,75,75,0.75,0.0,0.0,0.0,0.0
a2_colorjitter,992,20260817,75,75,0.75,0.013333333333333334,0.013333333333333334,0.013333333333333334,0.013333333333333334
a2_colorjitter,993,20260817,75,75,0.7,0.0,0.013333333333333334,0.0,0.0044444444444444444
a2_colorjitter,994,20260817,75,75,0.8,0.013333333333333334,0.0,0.0,0.0044444444444444444
a2_colorjitter,995,20260817,75,75,0.65,0.013333333333333334,0.04,0.013333333333333334,0.022222222222222223
a2_colorjitter,996,20260817,75,75,0.75,0.0,0.013333333333333334,0.0,0.0044444444444444444
a2_colorjitter,997,20260817,75,75,0.75,0.0,0.0,0.0,0.0
a2_colorjitter,998,20260817,75,75,0.7,0.013333333333333334,0.013333333333333334,0.0,0.008888888888888889
a2_colorjitter,999,20260817,75,75,0.8,0.0,0.0,0.0,0.0
p4_a4_combined,0,20260817,75,75,0.75,0.0,0.013333333333333334,0.0,0.0044444444444444444
p4_a4_combined,1,20260817,75,75,0.75,0.02666666666666667,0.0,0.013333333333333334,0.013333333333333334
p4_a4_combined,2,20260817,75,75,0.75,0.0,0.0,0.0,0.0
p4_a4_combined,3,20260817,75,75,0.8,0.0,0.0,0.0,0.0
p4_a4_combined,4,20260817,75,75,0.75,0.0,0.0,0.0,0.0
p4_a4_combined,5,20260817,75,75,0.75,0.0,0.013333333333333334,0.013333333333333334,0.008888888888888889
p4_a4_combined,6,20260817,75,75,0.75,0.0,0.0,0.0,0.0
p4_a4_combined,7,20260817,75,75,0.75,0.0,0.0,0.0,0.0
p4_a4_combined,8,20260817,75,75,0.8,0.0,0.0,0.0,0.0
p4_a4_combined,9,20260817,75,75,0.7,0.04,0.013333333333333334,0.013333333333333334,0.022222222222222223
p4_a4_combined,10,20260817,75,75,0.75,0.013333333333333334,0.0,0.0,0.0044444444444444444
p4_a4_combined,11,20260817,75,75,0.75,0.0,0.0,0.0,0.0
p4_a4_combined,12,20260817,75,75,0.7,0.02666666666666667,0.0,0.0,0.008888888888888889
p4_a4_combined,13,20260817,75,75,0.75,0.0,0.0,0.0,0.0
p4_a4_combined,14,20260817,75,75,0.7,0.02666666666666667,0.0,0.0,0.008888888888888889
p4_a4_combined,15,20260817,75,75,0.75,0.0,0.0,0.0,0.0
p4_a4_combined,16,20260817,75,75,0.75,0.013333333333333334,0.0,0.013333333333333334,0.008888888888888889
p4_a4_combined,17,20260817,75,75,0.75,0.013333333333333334,0.0,0.013333333333333334,0.008888888888888889
p4_a4_combined,18,20260817,75,75,0.75,0.0,0.013333333333333334,0.013333333333333334,0.008888888888888889
p4_a4_combined,19,20260817,75,75,0.7,0.013333333333333334,0.0,0.013333333333333334,0.008888888888888889
p4_a4_combined,20,20260817,75,75,0.75,0.0,0.0,0.0,0.0
p4_a4_combined,21,20260817,75,75,0.75,0.013333333333333334,0.0,0.0,0.0044444444444444444
p4_a4_combined,22,20260817,75,75,0.8,0.0,0.0,0.0,0.0
p4_a4_combined,23,20260817,75,75,0.75,0.0,0.013333333333333334,0.0,0.0044444444444444444
p4_a4_combined,24,20260817,75,75,0.65,0.04,0.0,0.0,0.013333333333333334
p4_a4_combined,25,20260817,75,75,0.75,0.02666666666666667,0.0,0.0,0.008888888888888889
p4_a4_combined,26,20260817,75,75,0.7,0.02666666666666667,0.02666666666666667,0.013333333333333334,0.022222222222222223
p4_a4_combined,27,20260817,75,75,0.8,0.0,0.0,0.0,0.0
p4_a4_combined,28,20260817,75,75,0.7,0.02666666666666667,0.013333333333333334,0.0,0.013333333333333334
p4_a4_combined,29,20260817,75,75,0.75,0.013333333333333334,0.0,0.0,0.0044444444444444444
p4_a4_combined,30,20260817,75,75,0.75,0.0,0.0,0.0,0.0
p4_a4_combined,31,20260817,75,75,0.75,0.0,0.013333333333333334,0.013333333333333334,0.008888888888888889
p4_a4_combined,32,20260817,75,75,0.7,0.013333333333333334,0.0,0.0,0.0044444444444444444
p4_a4_combined,33,20260817,75,75,0.75,0.0,0.0,0.0,0.0
p4_a4_combined,34,20260817,75,75,0.7,0.04,0.013333333333333334,0.0,0.017777777777777778
p4_a4_combined,35,20260817,75,75,0.65,0.08,0.0,0.013333333333333334,0.03111111111111111
p4_a4_combined,36,20260817,75,75,0.8,0.0,0.0,0.0,0.0
p4_a4_combined,37,20260817,75,75,0.75,0.0,0.0,0.0,0.0
p4_a4_combined,38,20260817,75,75,0.75,0.0,0.0,0.0,0.0
p4_a4_combined,39,20260817,75,75,0.75,0.013333333333333334,0.0,0.0,0.0044444444444444444
p4_a4_combined,40,20260817,75,75,0.75,0.0,0.013333333333333334,0.013333333333333334,0.008888888888888889
p4_a4_combined,41,20260817,75,75,0.75,0.0,0.0,0.0,0.0
p4_a4_combined,42,20260817,75,75,0.7,0.02666666666666667,0.013333333333333334,0.013333333333333334,0.017777777777777778
p4_a4_combined,43,20260817,75,75,0.75,0.013333333333333334,0.0,0.0,0.0044444444444444444
p4_a4_combined,44,20260817,75,75,0.8,0.0,0.0,0.0,0.0
p4_a4_combined,45,20260817,75,75,0.75,0.013333333333333334,0.0,0.013333333333333334,0.008888888888888889
p4_a4_combined,46,20260817,75,75,0.75,0.0,0.0,0.013333333333333334,0.0044444444444444444
p4_a4_combined,47,20260817,75,75,0.75,0.04,0.013333333333333334,0.02666666666666667,0.02666666666666667
p4_a4_combined,48,20260817,75,75,0.8,0.0,0.0,0.0,0.0
p4_a4_combined,49,20260817,75,75,0.75,0.0,0.0,0.0,0.0
p4_a4_combined,50,20260817,75,75,0.8,0.0,0.0,0.0,0.0
p4_a4_combined,51,20260817,75,75,0.75,0.0,0.0,0.0,0.0
p4_a4_combined,52,20260817,75,75,0.75,0.0,0.013333333333333334,0.0,0.0044444444444444444
p4_a4_combined,53,20260817,75,75,0.8,0.0,0.0,0.0,0.0
p4_a4_combined,54,20260817,75,75,0.8,0.0,0.0,0.0,0.0
p4_a4_combined,55,20260817,75,75,0.7,0.013333333333333334,0.0,0.0,0.0044444444444444444
p4_a4_combined,56,20260817,75,75,0.75,0.013333333333333334,0.013333333333333334,0.013333333333333334,0.013333333333333334
p4_a4_combined,57,20260817,75,75,0.75,0.0,0.0,0.0,0.0
p4_a4_combined,58,20260817,75,75,0.7,0.02666666666666667,0.0,0.0,0.008888888888888889
p4_a4_combined,59,20260817,75,75,0.8,0.0,0.0,0.0,0.0
p4_a4_combined,60,20260817,75,75,0.75,0.0,0.0,0.0,0.0
p4_a4_combined,61,20260817,75,75,0.75,0.0,0.013333333333333334,0.0,0.0044444444444444444
p4_a4_combined,62,20260817,75,75,0.75,0.02666666666666667,0.0,0.013333333333333334,0.013333333333333334
p4_a4_combined,63,20260817,75,75,0.75,0.0,0.0,0.0,0.0
p4_a4_combined,64,20260817,75,75,0.7,0.013333333333333334,0.0,0.0,0.0044444444444444444
p4_a4_combined,65,20260817,75,75,0.75,0.013333333333333334,0.0,0.0,0.0044444444444444444
p4_a4_combined,66,20260817,75,75,0.7,0.05333333333333334,0.02666666666666667,0.013333333333333334,0.031111111111111114
p4_a4_combined,67,20260817,75,75,0.8,0.0,0.0,0.0,0.0
p4_a4_combined,68,20260817,75,75,0.75,0.013333333333333334,0.0,0.013333333333333334,0.008888888888888889
p4_a4_combined,69,20260817,75,75,0.8,0.0,0.0,0.0,0.0
p4_a4_combined,70,20260817,75,75,0.75,0.0,0.0,0.0,0.0
p4_a4_combined,71,20260817,75,75,0.7,0.02666666666666667,0.0,0.0,0.008888888888888889
p4_a4_combined,72,20260817,75,75,0.75,0.013333333333333334,0.0,0.013333333333333334,0.008888888888888889
p4_a4_combined,73,20260817,75,75,0.75,0.013333333333333334,0.0,0.0,0.0044444444444444444
p4_a4_combined,74,20260817,75,75,0.75,0.013333333333333334,0.0,0.0,0.0044444444444444444
p4_a4_combined,75,20260817,75,75,0.8,0.0,0.0,0.0,0.0
p4_a4_combined,76,20260817,75,75,0.65,0.02666666666666667,0.0,0.0,0.008888888888888889
p4_a4_combined,77,20260817,75,75,0.75,0.013333333333333334,0.0,0.0,0.0044444444444444444
p4_a4_combined,78,20260817,75,75,0.75,0.013333333333333334,0.0,0.0,0.0044444444444444444
p4_a4_combined,79,20260817,75,75,0.8,0.0,0.0,0.0,0.0
p4_a4_combined,80,20260817,75,75,0.75,0.013333333333333334,0.013333333333333334,0.02666666666666667,0.017777777777777778
p4_a4_combined,81,20260817,75,75,0.75,0.0,0.013333333333333334,0.013333333333333334,0.008888888888888889
p4_a4_combined,82,20260817,75,75,0.75,0.0,0.0,0.0,0.0
p4_a4_combined,83,20260817,75,75,0.75,0.0,0.0,0.0,0.0
p4_a4_combined,84,20260817,75,75,0.75,0.013333333333333334,0.013333333333333334,0.0,0.008888888888888889
p4_a4_combined,85,20260817,75,75,0.75,0.02666666666666667,0.013333333333333334,0.013333333333333334,0.017777777777777778
p4_a4_combined,86,20260817,75,75,0.8,0.0,0.0,0.0,0.0
p4_a4_combined,87,20260817,75,75,0.7,0.013333333333333334,0.013333333333333334,0.013333333333333334,0.013333333333333334
p4_a4_combined,88,20260817,75,75,0.75,0.013333333333333334,0.0,0.0,0.0044444444444444444
p4_a4_combined,89,20260817,75,75,0.7,0.013333333333333334,0.0,0.0,0.0044444444444444444
p4_a4_combined,90,20260817,75,75,0.8,0.0,0.0,0.0,0.0
p4_a4_combined,91,20260817,75,75,0.75,0.0,0.0,0.0,0.0
p4_a4_combined,92,20260817,75,75,0.7,0.05333333333333334,0.013333333333333334,0.013333333333333334,0.02666666666666667
p4_a4_combined,93,20260817,75,75,0.7,0.0,0.0,0.0,0.0
p4_a4_combined,94,20260817,75,75,0.75,0.0,0.0,0.0,0.0
p4_a4_combined,95,20260817,75,75,0.8,0.0,0.0,0.0,0.0
p4_a4_combined,96,20260817,75,75,0.75,0.0,0.0,0.0,0.0
p4_a4_combined,97,20260817,75,75,0.75,0.013333333333333334,0.0,0.013333333333333334,0.008888888888888889
p4_a4_combined,98,20260817,75,75,0.75,0.013333333333333334,0.0,0.0,0.0044444444444444444
p4_a4_combined,99,20260817,75,75,0.75,0.0,0.0,0.0,0.0
p4_a4_combined,100,20260817,75,75,0.7,0.02666666666666667,0.02666666666666667,0.0,0.017777777777777778
p4_a4_combined,101,20260817,75,75,0.75,0.02666666666666667,0.013333333333333334,0.02666666666666667,0.022222222222222223
p4_a4_combined,102,20260817,75,75,0.7,0.05333333333333334,0.0,0.0,0.017777777777777778
p4_a4_combined,103,20260817,75,75,0.75,0.0,0.0,0.0,0.0
p4_a4_combined,104,20260817,75,75,0.7,0.013333333333333334,0.0,0.0,0.0044444444444444444
p4_a4_combined,105,20260817,75,75,0.7,0.013333333333333334,0.013333333333333334,0.013333333333333334,0.013333333333333334
p4_a4_combined,106,20260817,75,75,0.75,0.02666666666666667,0.0,0.013333333333333334,0.013333333333333334
p4_a4_combined,107,20260817,75,75,0.75,0.013333333333333334,0.0,0.0,0.0044444444444444444
p4_a4_combined,108,20260817,75,75,0.75,0.0,0.0,0.0,0.0
p4_a4_combined,109,20260817,75,75,0.75,0.02666666666666667,0.0,0.013333333333333334,0.013333333333333334
p4_a4_combined,110,20260817,75,75,0.75,0.0,0.0,0.0,0.0
p4_a4_combined,111,20260817,75,75,0.7,0.04,0.0,0.013333333333333334,0.017777777777777778
p4_a4_combined,112,20260817,75,75,0.75,0.02666666666666667,0.0,0.013333333333333334,0.013333333333333334
p4_a4_combined,113,20260817,75,75,0.75,0.013333333333333334,0.0,0.0,0.0044444444444444444
p4_a4_combined,114,20260817,75,75,0.8,0.0,0.0,0.0,0.0
p4_a4_combined,115,20260817,75,75,0.8,0.0,0.0,0.0,0.0
p4_a4_combined,116,20260817,75,75,0.75,0.0,0.0,0.0,0.0
p4_a4_combined,117,20260817,75,75,0.8,0.0,0.0,0.0,0.0
p4_a4_combined,118,20260817,75,75,0.75,0.0,0.013333333333333334,0.0,0.0044444444444444444
p4_a4_combined,119,20260817,75,75,0.75,0.013333333333333334,0.0,0.0,0.0044444444444444444
p4_a4_combined,120,20260817,75,75,0.75,0.0,0.0,0.0,0.0
p4_a4_combined,121,20260817,75,75,0.7,0.02666666666666667,0.0,0.0,0.008888888888888889
p4_a4_combined,122,20260817,75,75,0.7,0.013333333333333334,0.0,0.0,0.0044444444444444444
p4_a4_combined,123,20260817,75,75,0.7,0.06666666666666667,0.02666666666666667,0.013333333333333334,0.035555555555555556
p4_a4_combined,124,20260817,75,75,0.8,0.0,0.0,0.0,0.0
p4_a4_combined,125,20260817,75,75,0.8,0.0,0.0,0.0,0.0
p4_a4_combined,126,20260817,75,75,0.75,0.0,0.0,0.0,0.0
p4_a4_combined,127,20260817,75,75,0.75,0.0,0.0,0.0,0.0
p4_a4_combined,128,20260817,75,75,0.8,0.0,0.0,0.0,0.0
p4_a4_combined,129,20260817,75,75,0.75,0.013333333333333334,0.0,0.0,0.0044444444444444444
p4_a4_combined,130,20260817,75,75,0.75,0.0,0.0,0.0,0.0
p4_a4_combined,131,20260817,75,75,0.75,0.0,0.0,0.0,0.0
p4_a4_combined,132,20260817,75,75,0.75,0.013333333333333334,0.0,0.0,0.0044444444444444444
p4_a4_combined,133,20260817,75,75,0.75,0.02666666666666667,0.0,0.013333333333333334,0.013333333333333334
p4_a4_combined,134,20260817,75,75,0.65,0.04,0.0,0.013333333333333334,0.017777777777777778
p4_a4_combined,135,20260817,75,75,0.75,0.0,0.0,0.0,0.0
p4_a4_combined,136,20260817,75,75,0.75,0.013333333333333334,0.0,0.013333333333333334,0.008888888888888889
p4_a4_combined,137,20260817,75,75,0.75,0.0,0.0,0.0,0.0
p4_a4_combined,138,20260817,75,75,0.7,0.04,0.013333333333333334,0.02666666666666667,0.02666666666666667
p4_a4_combined,139,20260817,75,75,0.7,0.0,0.02666666666666667,0.0,0.008888888888888889
p4_a4_combined,140,20260817,75,75,0.7,0.04,0.0,0.0,0.013333333333333334
p4_a4_combined,141,20260817,75,75,0.75,0.013333333333333334,0.0,0.0,0.0044444444444444444
p4_a4_combined,142,20260817,75,75,0.7,0.013333333333333334,0.0,0.013333333333333334,0.008888888888888889
p4_a4_combined,143,20260817,75,75,0.8,0.0,0.0,0.0,0.0
p4_a4_combined,144,20260817,75,75,0.7,0.013333333333333334,0.0,0.0,0.0044444444444444444
p4_a4_combined,145,20260817,75,75,0.8,0.0,0.0,0.0,0.0
p4_a4_combined,146,20260817,75,75,0.8,0.0,0.0,0.0,0.0
p4_a4_combined,147,20260817,75,75,0.75,0.0,0.0,0.0,0.0
p4_a4_combined,148,20260817,75,75,0.75,0.0,0.0,0.0,0.0
p4_a4_combined,149,20260817,75,75,0.75,0.04,0.0,0.02666666666666667,0.022222222222222223
p4_a4_combined,150,20260817,75,75,0.75,0.02666666666666667,0.0,0.02666666666666667,0.017777777777777778
p4_a4_combined,151,20260817,75,75,0.75,0.02666666666666667,0.013333333333333334,0.02666666666666667,0.022222222222222223
p4_a4_combined,152,20260817,75,75,0.75,0.013333333333333334,0.013333333333333334,0.013333333333333334,0.013333333333333334
p4_a4_combined,153,20260817,75,75,0.75,0.0,0.013333333333333334,0.013333333333333334,0.008888888888888889
p4_a4_combined,154,20260817,75,75,0.75,0.013333333333333334,0.0,0.0,0.0044444444444444444
p4_a4_combined,155,20260817,75,75,0.75,0.0,0.013333333333333334,0.0,0.0044444444444444444
p4_a4_combined,156,20260817,75,75,0.75,0.013333333333333334,0.013333333333333334,0.04,0.022222222222222223
p4_a4_combined,157,20260817,75,75,0.75,0.0,0.013333333333333334,0.013333333333333334,0.008888888888888889
p4_a4_combined,158,20260817,75,75,0.75,0.0,0.0,0.0,0.0
p4_a4_combined,159,20260817,75,75,0.7,0.013333333333333334,0.0,0.0,0.0044444444444444444
p4_a4_combined,160,20260817,75,75,0.75,0.0,0.0,0.0,0.0
p4_a4_combined,161,20260817,75,75,0.75,0.013333333333333334,0.0,0.0,0.0044444444444444444
p4_a4_combined,162,20260817,75,75,0.7,0.02666666666666667,0.0,0.0,0.008888888888888889
p4_a4_combined,163,20260817,75,75,0.7,0.04,0.02666666666666667,0.013333333333333334,0.02666666666666667
p4_a4_combined,164,20260817,75,75,0.7,0.0,0.0,0.0,0.0
p4_a4_combined,165,20260817,75,75,0.75,0.013333333333333334,0.0,0.0,0.0044444444444444444
p4_a4_combined,166,20260817,75,75,0.8,0.0,0.0,0.0,0.0
p4_a4_combined,167,20260817,75,75,0.75,0.013333333333333334,0.0,0.0,0.0044444444444444444
p4_a4_combined,168,20260817,75,75,0.8,0.0,0.0,0.0,0.0
p4_a4_combined,169,20260817,75,75,0.75,0.013333333333333334,0.0,0.0,0.0044444444444444444
p4_a4_combined,170,20260817,75,75,0.65,0.05333333333333334,0.0,0.013333333333333334,0.022222222222222223
p4_a4_combined,171,20260817,75,75,0.75,0.0,0.013333333333333334,0.013333333333333334,0.008888888888888889
p4_a4_combined,172,20260817,75,75,0.8,0.013333333333333334,0.0,0.0,0.0044444444444444444
p4_a4_combined,173,20260817,75,75,0.65,0.06666666666666667,0.013333333333333334,0.0,0.026666666666666665
p4_a4_combined,174,20260817,75,75,0.75,0.0,0.013333333333333334,0.0,0.0044444444444444444
p4_a4_combined,175,20260817,75,75,0.75,0.0,0.0,0.0,0.0
p4_a4_combined,176,20260817,75,75,0.8,0.0,0.0,0.0,0.0
p4_a4_combined,177,20260817,75,75,0.8,0.0,0.0,0.0,0.0
p4_a4_combined,178,20260817,75,75,0.7,0.0,0.0,0.0,0.0
p4_a4_combined,179,20260817,75,75,0.75,0.0,0.0,0.0,0.0
p4_a4_combined,180,20260817,75,75,0.75,0.0,0.0,0.0,0.0
p4_a4_combined,181,20260817,75,75,0.75,0.013333333333333334,0.0,0.0,0.0044444444444444444
p4_a4_combined,182,20260817,75,75,0.75,0.02666666666666667,0.0,0.0,0.008888888888888889
p4_a4_combined,183,20260817,75,75,0.7,0.04,0.02666666666666667,0.013333333333333334,0.02666666666666667
p4_a4_combined,184,20260817,75,75,0.75,0.0,0.0,0.0,0.0
p4_a4_combined,185,20260817,75,75,0.7,0.02666666666666667,0.013333333333333334,0.0,0.013333333333333334
p4_a4_combined,186,20260817,75,75,0.8,0.0,0.0,0.0,0.0
p4_a4_combined,187,20260817,75,75,0.75,0.013333333333333334,0.0,0.0,0.0044444444444444444
p4_a4_combined,188,20260817,75,75,0.8,0.0,0.0,0.0,0.0
p4_a4_combined,189,20260817,75,75,0.7,0.0,0.0,0.0,0.0
p4_a4_combined,190,20260817,75,75,0.75,0.0,0.0,0.0,0.0
p4_a4_combined,191,20260817,75,75,0.75,0.0,0.0,0.0,0.0
p4_a4_combined,192,20260817,75,75,0.8,0.013333333333333334,0.0,0.0,0.0044444444444444444
p4_a4_combined,193,20260817,75,75,0.75,0.0,0.0,0.013333333333333334,0.0044444444444444444
p4_a4_combined,194,20260817,75,75,0.7,0.04,0.013333333333333334,0.013333333333333334,0.022222222222222223
p4_a4_combined,195,20260817,75,75,0.75,0.013333333333333334,0.013333333333333334,0.013333333333333334,0.013333333333333334
p4_a4_combined,196,20260817,75,75,0.7,0.013333333333333334,0.013333333333333334,0.013333333333333334,0.013333333333333334
p4_a4_combined,197,20260817,75,75,0.8,0.0,0.0,0.0,0.0
p4_a4_combined,198,20260817,75,75,0.7,0.04,0.013333333333333334,0.0,0.017777777777777778
p4_a4_combined,199,20260817,75,75,0.7,0.04,0.013333333333333334,0.0,0.017777777777777778
p4_a4_combined,200,20260817,75,75,0.8,0.0,0.0,0.0,0.0
p4_a4_combined,201,20260817,75,75,0.75,0.013333333333333334,0.0,0.013333333333333334,0.008888888888888889
p4_a4_combined,202,20260817,75,75,0.75,0.013333333333333334,0.0,0.013333333333333334,0.008888888888888889
p4_a4_combined,203,20260817,75,75,0.75,0.0,0.0,0.0,0.0
p4_a4_combined,204,20260817,75,75,0.75,0.0,0.0,0.0,0.0
p4_a4_combined,205,20260817,75,75,0.75,0.0,0.013333333333333334,0.02666666666666667,0.013333333333333334
p4_a4_combined,206,20260817,75,75,0.75,0.013333333333333334,0.0,0.0,0.0044444444444444444
p4_a4_combined,207,20260817,75,75,0.75,0.0,0.0,0.0,0.0
p4_a4_combined,208,20260817,75,75,0.8,0.0,0.0,0.0,0.0
p4_a4_combined,209,20260817,75,75,0.75,0.013333333333333334,0.0,0.02666666666666667,0.013333333333333334
p4_a4_combined,210,20260817,75,75,0.75,0.0,0.0,0.0,0.0
p4_a4_combined,211,20260817,75,75,0.8,0.0,0.0,0.0,0.0
p4_a4_combined,212,20260817,75,75,0.75,0.0,0.0,0.0,0.0
p4_a4_combined,213,20260817,75,75,0.75,0.013333333333333334,0.0,0.0,0.0044444444444444444
p4_a4_combined,214,20260817,75,75,0.8,0.0,0.0,0.0,0.0
p4_a4_combined,215,20260817,75,75,0.75,0.0,0.0,0.0,0.0
p4_a4_combined,216,20260817,75,75,0.75,0.0,0.0,0.0,0.0
p4_a4_combined,217,20260817,75,75,0.75,0.0,0.0,0.0,0.0
p4_a4_combined,218,20260817,75,75,0.7,0.02666666666666667,0.0,0.0,0.008888888888888889
p4_a4_combined,219,20260817,75,75,0.75,0.0,0.0,0.0,0.0
p4_a4_combined,220,20260817,75,75,0.75,0.013333333333333334,0.013333333333333334,0.013333333333333334,0.013333333333333334
p4_a4_combined,221,20260817,75,75,0.75,0.013333333333333334,0.013333333333333334,0.013333333333333334,0.013333333333333334
p4_a4_combined,222,20260817,75,75,0.7,0.013333333333333334,0.0,0.0,0.0044444444444444444
p4_a4_combined,223,20260817,75,75,0.7,0.04,0.02666666666666667,0.013333333333333334,0.02666666666666667
p4_a4_combined,224,20260817,75,75,0.7,0.04,0.013333333333333334,0.013333333333333334,0.022222222222222223
p4_a4_combined,225,20260817,75,75,0.75,0.0,0.013333333333333334,0.013333333333333334,0.008888888888888889
p4_a4_combined,226,20260817,75,75,0.75,0.013333333333333334,0.0,0.013333333333333334,0.008888888888888889
p4_a4_combined,227,20260817,75,75,0.75,0.0,0.0,0.0,0.0
p4_a4_combined,228,20260817,75,75,0.75,0.013333333333333334,0.0,0.0,0.0044444444444444444
p4_a4_combined,229,20260817,75,75,0.75,0.013333333333333334,0.0,0.013333333333333334,0.008888888888888889
p4_a4_combined,230,20260817,75,75,0.7,0.04,0.02666666666666667,0.0,0.022222222222222223
p4_a4_combined,231,20260817,75,75,0.75,0.013333333333333334,0.013333333333333334,0.013333333333333334,0.013333333333333334
p4_a4_combined,232,20260817,75,75,0.75,0.0,0.0,0.0,0.0
p4_a4_combined,233,20260817,75,75,0.75,0.0,0.0,0.0,0.0
p4_a4_combined,234,20260817,75,75,0.7,0.02666666666666667,0.02666666666666667,0.013333333333333334,0.022222222222222223
p4_a4_combined,235,20260817,75,75,0.75,0.013333333333333334,0.0,0.0,0.0044444444444444444
p4_a4_combined,236,20260817,75,75,0.75,0.0,0.0,0.0,0.0
p4_a4_combined,237,20260817,75,75,0.75,0.02666666666666667,0.0,0.013333333333333334,0.013333333333333334
p4_a4_combined,238,20260817,75,75,0.8,0.0,0.0,0.0,0.0
p4_a4_combined,239,20260817,75,75,0.8,0.0,0.0,0.0,0.0
p4_a4_combined,240,20260817,75,75,0.75,0.013333333333333334,0.013333333333333334,0.013333333333333334,0.013333333333333334
p4_a4_combined,241,20260817,75,75,0.75,0.013333333333333334,0.013333333333333334,0.013333333333333334,0.013333333333333334
p4_a4_combined,242,20260817,75,75,0.75,0.0,0.013333333333333334,0.013333333333333334,0.008888888888888889
p4_a4_combined,243,20260817,75,75,0.8,0.0,0.0,0.0,0.0
p4_a4_combined,244,20260817,75,75,0.8,0.0,0.0,0.0,0.0
p4_a4_combined,245,20260817,75,75,0.75,0.0,0.0,0.0,0.0
p4_a4_combined,246,20260817,75,75,0.75,0.0,0.0,0.0,0.0
p4_a4_combined,247,20260817,75,75,0.75,0.013333333333333334,0.0,0.0,0.0044444444444444444
p4_a4_combined,248,20260817,75,75,0.75,0.0,0.013333333333333334,0.013333333333333334,0.008888888888888889
p4_a4_combined,249,20260817,75,75,0.75,0.013333333333333334,0.013333333333333334,0.013333333333333334,0.013333333333333334
p4_a4_combined,250,20260817,75,75,0.75,0.0,0.0,0.0,0.0
p4_a4_combined,251,20260817,75,75,0.75,0.0,0.0,0.0,0.0
p4_a4_combined,252,20260817,75,75,0.75,0.0,0.0,0.0,0.0
p4_a4_combined,253,20260817,75,75,0.75,0.0,0.0,0.0,0.0
p4_a4_combined,254,20260817,75,75,0.8,0.0,0.0,0.0,0.0
p4_a4_combined,255,20260817,75,75,0.7,0.02666666666666667,0.02666666666666667,0.013333333333333334,0.022222222222222223
p4_a4_combined,256,20260817,75,75,0.75,0.013333333333333334,0.0,0.013333333333333334,0.008888888888888889
p4_a4_combined,257,20260817,75,75,0.7,0.05333333333333334,0.013333333333333334,0.013333333333333334,0.02666666666666667
p4_a4_combined,258,20260817,75,75,0.75,0.0,0.0,0.013333333333333334,0.0044444444444444444
p4_a4_combined,259,20260817,75,75,0.75,0.0,0.0,0.0,0.0
p4_a4_combined,260,20260817,75,75,0.75,0.013333333333333334,0.0,0.0,0.0044444444444444444
p4_a4_combined,261,20260817,75,75,0.75,0.0,0.0,0.0,0.0
p4_a4_combined,262,20260817,75,75,0.75,0.0,0.013333333333333334,0.02666666666666667,0.013333333333333334
p4_a4_combined,263,20260817,75,75,0.75,0.013333333333333334,0.0,0.013333333333333334,0.008888888888888889
p4_a4_combined,264,20260817,75,75,0.75,0.013333333333333334,0.0,0.013333333333333334,0.008888888888888889
p4_a4_combined,265,20260817,75,75,0.75,0.02666666666666667,0.0,0.013333333333333334,0.013333333333333334
p4_a4_combined,266,20260817,75,75,0.75,0.0,0.0,0.0,0.0
p4_a4_combined,267,20260817,75,75,0.7,0.02666666666666667,0.013333333333333334,0.0,0.013333333333333334
p4_a4_combined,268,20260817,75,75,0.7,0.02666666666666667,0.013333333333333334,0.0,0.013333333333333334
p4_a4_combined,269,20260817,75,75,0.7,0.05333333333333334,0.04,0.013333333333333334,0.035555555555555556
p4_a4_combined,270,20260817,75,75,0.7,0.013333333333333334,0.02666666666666667,0.0,0.013333333333333334
p4_a4_combined,271,20260817,75,75,0.75,0.0,0.0,0.0,0.0
p4_a4_combined,272,20260817,75,75,0.75,0.0,0.0,0.0,0.0
p4_a4_combined,273,20260817,75,75,0.75,0.0,0.0,0.0,0.0
p4_a4_combined,274,20260817,75,75,0.75,0.0,0.0,0.0,0.0
p4_a4_combined,275,20260817,75,75,0.75,0.013333333333333334,0.0,0.013333333333333334,0.008888888888888889
p4_a4_combined,276,20260817,75,75,0.65,0.05333333333333334,0.02666666666666667,0.0,0.02666666666666667
p4_a4_combined,277,20260817,75,75,0.75,0.0,0.0,0.0,0.0
p4_a4_combined,278,20260817,75,75,0.75,0.0,0.0,0.0,0.0
p4_a4_combined,279,20260817,75,75,0.75,0.02666666666666667,0.013333333333333334,0.013333333333333334,0.017777777777777778
p4_a4_combined,280,20260817,75,75,0.8,0.0,0.0,0.0,0.0
p4_a4_combined,281,20260817,75,75,0.7,0.02666666666666667,0.013333333333333334,0.0,0.013333333333333334
p4_a4_combined,282,20260817,75,75,0.75,0.0,0.0,0.0,0.0
p4_a4_combined,283,20260817,75,75,0.8,0.0,0.0,0.0,0.0
p4_a4_combined,284,20260817,75,75,0.75,0.013333333333333334,0.0,0.0,0.0044444444444444444
p4_a4_combined,285,20260817,75,75,0.75,0.0,0.0,0.0,0.0
p4_a4_combined,286,20260817,75,75,0.65,0.013333333333333334,0.02666666666666667,0.02666666666666667,0.022222222222222223
p4_a4_combined,287,20260817,75,75,0.75,0.02666666666666667,0.0,0.0,0.008888888888888889
p4_a4_combined,288,20260817,75,75,0.75,0.0,0.0,0.0,0.0
p4_a4_combined,289,20260817,75,75,0.7,0.06666666666666667,0.013333333333333334,0.013333333333333334,0.03111111111111111
p4_a4_combined,290,20260817,75,75,0.7,0.05333333333333334,0.013333333333333334,0.013333333333333334,0.02666666666666667
p4_a4_combined,291,20260817,75,75,0.8,0.0,0.0,0.0,0.0
p4_a4_combined,292,20260817,75,75,0.75,0.02666666666666667,0.013333333333333334,0.02666666666666667,0.022222222222222223
p4_a4_combined,293,20260817,75,75,0.8,0.0,0.0,0.0,0.0
p4_a4_combined,294,20260817,75,75,0.75,0.013333333333333334,0.013333333333333334,0.013333333333333334,0.013333333333333334
p4_a4_combined,295,20260817,75,75,0.75,0.013333333333333334,0.0,0.0,0.0044444444444444444
p4_a4_combined,296,20260817,75,75,0.7,0.04,0.0,0.0,0.013333333333333334
p4_a4_combined,297,20260817,75,75,0.75,0.0,0.0,0.0,0.0
p4_a4_combined,298,20260817,75,75,0.75,0.02666666666666667,0.0,0.013333333333333334,0.013333333333333334
p4_a4_combined,299,20260817,75,75,0.75,0.013333333333333334,0.0,0.0,0.0044444444444444444
p4_a4_combined,300,20260817,75,75,0.75,0.02666666666666667,0.0,0.02666666666666667,0.017777777777777778
p4_a4_combined,301,20260817,75,75,0.75,0.0,0.0,0.0,0.0
p4_a4_combined,302,20260817,75,75,0.75,0.013333333333333334,0.0,0.0,0.0044444444444444444
p4_a4_combined,303,20260817,75,75,0.8,0.0,0.0,0.0,0.0
p4_a4_combined,304,20260817,75,75,0.7,0.02666666666666667,0.013333333333333334,0.013333333333333334,0.017777777777777778
p4_a4_combined,305,20260817,75,75,0.7,0.04,0.013333333333333334,0.0,0.017777777777777778
p4_a4_combined,306,20260817,75,75,0.8,0.0,0.0,0.0,0.0
p4_a4_combined,307,20260817,75,75,0.8,0.0,0.0,0.0,0.0
p4_a4_combined,308,20260817,75,75,0.75,0.0,0.0,0.0,0.0
p4_a4_combined,309,20260817,75,75,0.75,0.04,0.0,0.013333333333333334,0.017777777777777778
p4_a4_combined,310,20260817,75,75,0.75,0.0,0.0,0.0,0.0
p4_a4_combined,311,20260817,75,75,0.75,0.0,0.0,0.0,0.0
p4_a4_combined,312,20260817,75,75,0.8,0.0,0.0,0.0,0.0
p4_a4_combined,313,20260817,75,75,0.7,0.0,0.013333333333333334,0.0,0.0044444444444444444
p4_a4_combined,314,20260817,75,75,0.7,0.0,0.0,0.0,0.0
p4_a4_combined,315,20260817,75,75,0.75,0.02666666666666667,0.0,0.0,0.008888888888888889
p4_a4_combined,316,20260817,75,75,0.8,0.0,0.0,0.0,0.0
p4_a4_combined,317,20260817,75,75,0.8,0.0,0.0,0.0,0.0
p4_a4_combined,318,20260817,75,75,0.75,0.0,0.0,0.0,0.0
p4_a4_combined,319,20260817,75,75,0.75,0.0,0.013333333333333334,0.013333333333333334,0.008888888888888889
p4_a4_combined,320,20260817,75,75,0.8,0.0,0.0,0.0,0.0
p4_a4_combined,321,20260817,75,75,0.75,0.013333333333333334,0.0,0.0,0.0044444444444444444
p4_a4_combined,322,20260817,75,75,0.8,0.0,0.0,0.0,0.0
p4_a4_combined,323,20260817,75,75,0.75,0.013333333333333334,0.0,0.0,0.0044444444444444444
p4_a4_combined,324,20260817,75,75,0.75,0.0,0.0,0.0,0.0
p4_a4_combined,325,20260817,75,75,0.7,0.02666666666666667,0.013333333333333334,0.013333333333333334,0.017777777777777778
p4_a4_combined,326,20260817,75,75,0.75,0.013333333333333334,0.0,0.0,0.0044444444444444444
p4_a4_combined,327,20260817,75,75,0.75,0.0,0.0,0.0,0.0
p4_a4_combined,328,20260817,75,75,0.8,0.0,0.0,0.0,0.0
p4_a4_combined,329,20260817,75,75,0.8,0.0,0.0,0.0,0.0
p4_a4_combined,330,20260817,75,75,0.75,0.02666666666666667,0.0,0.0,0.008888888888888889
p4_a4_combined,331,20260817,75,75,0.75,0.013333333333333334,0.0,0.0,0.0044444444444444444
p4_a4_combined,332,20260817,75,75,0.75,0.02666666666666667,0.0,0.0,0.008888888888888889
p4_a4_combined,333,20260817,75,75,0.8,0.013333333333333334,0.0,0.0,0.0044444444444444444
p4_a4_combined,334,20260817,75,75,0.8,0.0,0.0,0.0,0.0
p4_a4_combined,335,20260817,75,75,0.7,0.02666666666666667,0.0,0.0,0.008888888888888889
p4_a4_combined,336,20260817,75,75,0.75,0.0,0.0,0.0,0.0
p4_a4_combined,337,20260817,75,75,0.8,0.0,0.0,0.0,0.0
p4_a4_combined,338,20260817,75,75,0.7,0.05333333333333334,0.02666666666666667,0.013333333333333334,0.031111111111111114
p4_a4_combined,339,20260817,75,75,0.75,0.0,0.0,0.0,0.0
p4_a4_combined,340,20260817,75,75,0.75,0.013333333333333334,0.013333333333333334,0.0,0.008888888888888889
p4_a4_combined,341,20260817,75,75,0.75,0.013333333333333334,0.0,0.0,0.0044444444444444444
p4_a4_combined,342,20260817,75,75,0.7,0.05333333333333334,0.0,0.0,0.017777777777777778
p4_a4_combined,343,20260817,75,75,0.75,0.013333333333333334,0.0,0.0,0.0044444444444444444
p4_a4_combined,344,20260817,75,75,0.75,0.02666666666666667,0.013333333333333334,0.04,0.02666666666666667
p4_a4_combined,345,20260817,75,75,0.75,0.0,0.0,0.0,0.0
p4_a4_combined,346,20260817,75,75,0.75,0.0,0.0,0.0,0.0
p4_a4_combined,347,20260817,75,75,0.75,0.0,0.0,0.013333333333333334,0.0044444444444444444
p4_a4_combined,348,20260817,75,75,0.75,0.013333333333333334,0.0,0.013333333333333334,0.008888888888888889
p4_a4_combined,349,20260817,75,75,0.8,0.0,0.0,0.0,0.0
p4_a4_combined,350,20260817,75,75,0.7,0.013333333333333334,0.0,0.0,0.0044444444444444444
p4_a4_combined,351,20260817,75,75,0.75,0.0,0.0,0.0,0.0
p4_a4_combined,352,20260817,75,75,0.75,0.0,0.0,0.013333333333333334,0.0044444444444444444
p4_a4_combined,353,20260817,75,75,0.75,0.0,0.013333333333333334,0.0,0.0044444444444444444
p4_a4_combined,354,20260817,75,75,0.75,0.0,0.0,0.0,0.0
p4_a4_combined,355,20260817,75,75,0.75,0.013333333333333334,0.0,0.0,0.0044444444444444444
p4_a4_combined,356,20260817,75,75,0.8,0.0,0.0,0.0,0.0
p4_a4_combined,357,20260817,75,75,0.75,0.0,0.0,0.0,0.0
p4_a4_combined,358,20260817,75,75,0.65,0.02666666666666667,0.013333333333333334,0.013333333333333334,0.017777777777777778
p4_a4_combined,359,20260817,75,75,0.75,0.02666666666666667,0.0,0.0,0.008888888888888889
p4_a4_combined,360,20260817,75,75,0.75,0.013333333333333334,0.0,0.0,0.0044444444444444444
p4_a4_combined,361,20260817,75,75,0.8,0.0,0.0,0.0,0.0
p4_a4_combined,362,20260817,75,75,0.75,0.013333333333333334,0.013333333333333334,0.0,0.008888888888888889
p4_a4_combined,363,20260817,75,75,0.75,0.0,0.0,0.0,0.0
p4_a4_combined,364,20260817,75,75,0.8,0.0,0.0,0.0,0.0
p4_a4_combined,365,20260817,75,75,0.75,0.013333333333333334,0.0,0.013333333333333334,0.008888888888888889
p4_a4_combined,366,20260817,75,75,0.8,0.0,0.0,0.0,0.0
p4_a4_combined,367,20260817,75,75,0.75,0.0,0.0,0.013333333333333334,0.0044444444444444444
p4_a4_combined,368,20260817,75,75,0.7,0.04,0.02666666666666667,0.0,0.022222222222222223
p4_a4_combined,369,20260817,75,75,0.7,0.013333333333333334,0.013333333333333334,0.0,0.008888888888888889
p4_a4_combined,370,20260817,75,75,0.75,0.0,0.0,0.0,0.0
p4_a4_combined,371,20260817,75,75,0.75,0.0,0.0,0.0,0.0
p4_a4_combined,372,20260817,75,75,0.8,0.0,0.0,0.0,0.0
p4_a4_combined,373,20260817,75,75,0.7,0.05333333333333334,0.04,0.013333333333333334,0.035555555555555556
p4_a4_combined,374,20260817,75,75,0.75,0.013333333333333334,0.0,0.0,0.0044444444444444444
p4_a4_combined,375,20260817,75,75,0.7,0.013333333333333334,0.013333333333333334,0.0,0.008888888888888889
p4_a4_combined,376,20260817,75,75,0.75,0.0,0.0,0.013333333333333334,0.0044444444444444444
p4_a4_combined,377,20260817,75,75,0.8,0.0,0.0,0.0,0.0
p4_a4_combined,378,20260817,75,75,0.75,0.0,0.0,0.0,0.0
p4_a4_combined,379,20260817,75,75,0.75,0.0,0.0,0.0,0.0
p4_a4_combined,380,20260817,75,75,0.75,0.0,0.0,0.0,0.0
p4_a4_combined,381,20260817,75,75,0.8,0.0,0.0,0.0,0.0
p4_a4_combined,382,20260817,75,75,0.75,0.0,0.0,0.0,0.0
p4_a4_combined,383,20260817,75,75,0.75,0.02666666666666667,0.0,0.013333333333333334,0.013333333333333334
p4_a4_combined,384,20260817,75,75,0.75,0.04,0.0,0.013333333333333334,0.017777777777777778
p4_a4_combined,385,20260817,75,75,0.7,0.02666666666666667,0.013333333333333334,0.0,0.013333333333333334
p4_a4_combined,386,20260817,75,75,0.75,0.0,0.013333333333333334,0.013333333333333334,0.008888888888888889
p4_a4_combined,387,20260817,75,75,0.75,0.013333333333333334,0.013333333333333334,0.013333333333333334,0.013333333333333334
p4_a4_combined,388,20260817,75,75,0.75,0.013333333333333334,0.0,0.0,0.0044444444444444444
p4_a4_combined,389,20260817,75,75,0.75,0.0,0.0,0.013333333333333334,0.0044444444444444444
p4_a4_combined,390,20260817,75,75,0.8,0.0,0.0,0.0,0.0
p4_a4_combined,391,20260817,75,75,0.7,0.04,0.0,0.013333333333333334,0.017777777777777778
p4_a4_combined,392,20260817,75,75,0.8,0.0,0.0,0.0,0.0
p4_a4_combined,393,20260817,75,75,0.8,0.0,0.0,0.0,0.0
p4_a4_combined,394,20260817,75,75,0.75,0.013333333333333334,0.0,0.0,0.0044444444444444444
p4_a4_combined,395,20260817,75,75,0.75,0.013333333333333334,0.013333333333333334,0.0,0.008888888888888889
p4_a4_combined,396,20260817,75,75,0.7,0.02666666666666667,0.013333333333333334,0.0,0.013333333333333334
p4_a4_combined,397,20260817,75,75,0.8,0.013333333333333334,0.0,0.0,0.0044444444444444444
p4_a4_combined,398,20260817,75,75,0.7,0.0,0.0,0.0,0.0
p4_a4_combined,399,20260817,75,75,0.7,0.04,0.02666666666666667,0.02666666666666667,0.031111111111111114
p4_a4_combined,400,20260817,75,75,0.75,0.0,0.0,0.0,0.0
p4_a4_combined,401,20260817,75,75,0.75,0.0,0.0,0.0,0.0
p4_a4_combined,402,20260817,75,75,0.75,0.0,0.0,0.0,0.0
p4_a4_combined,403,20260817,75,75,0.8,0.0,0.0,0.0,0.0
p4_a4_combined,404,20260817,75,75,0.7,0.05333333333333334,0.013333333333333334,0.0,0.022222222222222223
p4_a4_combined,405,20260817,75,75,0.75,0.0,0.0,0.0,0.0
p4_a4_combined,406,20260817,75,75,0.8,0.0,0.0,0.0,0.0
p4_a4_combined,407,20260817,75,75,0.75,0.0,0.0,0.0,0.0
p4_a4_combined,408,20260817,75,75,0.75,0.013333333333333334,0.0,0.0,0.0044444444444444444
p4_a4_combined,409,20260817,75,75,0.8,0.0,0.0,0.0,0.0
p4_a4_combined,410,20260817,75,75,0.8,0.0,0.0,0.0,0.0
p4_a4_combined,411,20260817,75,75,0.75,0.0,0.013333333333333334,0.013333333333333334,0.008888888888888889
p4_a4_combined,412,20260817,75,75,0.75,0.0,0.0,0.0,0.0
p4_a4_combined,413,20260817,75,75,0.8,0.0,0.0,0.0,0.0
p4_a4_combined,414,20260817,75,75,0.75,0.013333333333333334,0.0,0.013333333333333334,0.008888888888888889
p4_a4_combined,415,20260817,75,75,0.8,0.013333333333333334,0.0,0.0,0.0044444444444444444
p4_a4_combined,416,20260817,75,75,0.75,0.0,0.013333333333333334,0.0,0.0044444444444444444
p4_a4_combined,417,20260817,75,75,0.75,0.013333333333333334,0.013333333333333334,0.02666666666666667,0.017777777777777778
p4_a4_combined,418,20260817,75,75,0.8,0.0,0.0,0.0,0.0
p4_a4_combined,419,20260817,75,75,0.75,0.0,0.0,0.013333333333333334,0.0044444444444444444
p4_a4_combined,420,20260817,75,75,0.75,0.013333333333333334,0.0,0.0,0.0044444444444444444
p4_a4_combined,421,20260817,75,75,0.8,0.0,0.0,0.0,0.0
p4_a4_combined,422,20260817,75,75,0.7,0.05333333333333334,0.02666666666666667,0.02666666666666667,0.035555555555555556
p4_a4_combined,423,20260817,75,75,0.75,0.013333333333333334,0.013333333333333334,0.013333333333333334,0.013333333333333334
p4_a4_combined,424,20260817,75,75,0.75,0.013333333333333334,0.0,0.0,0.0044444444444444444
p4_a4_combined,425,20260817,75,75,0.75,0.0,0.0,0.0,0.0
p4_a4_combined,426,20260817,75,75,0.75,0.0,0.0,0.0,0.0
p4_a4_combined,427,20260817,75,75,0.7,0.02666666666666667,0.0,0.0,0.008888888888888889
p4_a4_combined,428,20260817,75,75,0.8,0.0,0.0,0.0,0.0
p4_a4_combined,429,20260817,75,75,0.75,0.013333333333333334,0.013333333333333334,0.02666666666666667,0.017777777777777778
p4_a4_combined,430,20260817,75,75,0.75,0.013333333333333334,0.0,0.013333333333333334,0.008888888888888889
p4_a4_combined,431,20260817,75,75,0.75,0.0,0.013333333333333334,0.013333333333333334,0.008888888888888889
p4_a4_combined,432,20260817,75,75,0.75,0.0,0.0,0.0,0.0
p4_a4_combined,433,20260817,75,75,0.75,0.0,0.0,0.0,0.0
p4_a4_combined,434,20260817,75,75,0.8,0.0,0.0,0.0,0.0
p4_a4_combined,435,20260817,75,75,0.7,0.02666666666666667,0.0,0.0,0.008888888888888889
p4_a4_combined,436,20260817,75,75,0.75,0.0,0.013333333333333334,0.013333333333333334,0.008888888888888889
p4_a4_combined,437,20260817,75,75,0.75,0.0,0.0,0.0,0.0
p4_a4_combined,438,20260817,75,75,0.75,0.013333333333333334,0.013333333333333334,0.013333333333333334,0.013333333333333334
p4_a4_combined,439,20260817,75,75,0.75,0.0,0.0,0.0,0.0
p4_a4_combined,440,20260817,75,75,0.7,0.02666666666666667,0.013333333333333334,0.013333333333333334,0.017777777777777778
p4_a4_combined,441,20260817,75,75,0.75,0.02666666666666667,0.0,0.013333333333333334,0.013333333333333334
p4_a4_combined,442,20260817,75,75,0.8,0.0,0.0,0.0,0.0
p4_a4_combined,443,20260817,75,75,0.75,0.04,0.0,0.013333333333333334,0.017777777777777778
p4_a4_combined,444,20260817,75,75,0.8,0.0,0.0,0.0,0.0
p4_a4_combined,445,20260817,75,75,0.8,0.0,0.0,0.0,0.0
p4_a4_combined,446,20260817,75,75,0.7,0.013333333333333334,0.013333333333333334,0.0,0.008888888888888889
p4_a4_combined,447,20260817,75,75,0.8,0.0,0.0,0.0,0.0
p4_a4_combined,448,20260817,75,75,0.75,0.0,0.0,0.0,0.0
p4_a4_combined,449,20260817,75,75,0.65,0.06666666666666667,0.013333333333333334,0.013333333333333334,0.03111111111111111
p4_a4_combined,450,20260817,75,75,0.8,0.0,0.0,0.0,0.0
p4_a4_combined,451,20260817,75,75,0.75,0.013333333333333334,0.013333333333333334,0.0,0.008888888888888889
p4_a4_combined,452,20260817,75,75,0.8,0.0,0.0,0.0,0.0
p4_a4_combined,453,20260817,75,75,0.75,0.013333333333333334,0.0,0.0,0.0044444444444444444
p4_a4_combined,454,20260817,75,75,0.75,0.013333333333333334,0.0,0.0,0.0044444444444444444
p4_a4_combined,455,20260817,75,75,0.7,0.02666666666666667,0.0,0.0,0.008888888888888889
p4_a4_combined,456,20260817,75,75,0.75,0.0,0.0,0.0,0.0
p4_a4_combined,457,20260817,75,75,0.7,0.02666666666666667,0.02666666666666667,0.02666666666666667,0.02666666666666667
p4_a4_combined,458,20260817,75,75,0.7,0.013333333333333334,0.013333333333333334,0.0,0.008888888888888889
p4_a4_combined,459,20260817,75,75,0.7,0.02666666666666667,0.0,0.013333333333333334,0.013333333333333334
p4_a4_combined,460,20260817,75,75,0.8,0.0,0.0,0.0,0.0
p4_a4_combined,461,20260817,75,75,0.7,0.02666666666666667,0.0,0.013333333333333334,0.013333333333333334
p4_a4_combined,462,20260817,75,75,0.7,0.04,0.013333333333333334,0.013333333333333334,0.022222222222222223
p4_a4_combined,463,20260817,75,75,0.8,0.0,0.0,0.0,0.0
p4_a4_combined,464,20260817,75,75,0.7,0.0,0.0,0.0,0.0
p4_a4_combined,465,20260817,75,75,0.8,0.0,0.0,0.0,0.0
p4_a4_combined,466,20260817,75,75,0.75,0.0,0.0,0.0,0.0
p4_a4_combined,467,20260817,75,75,0.75,0.0,0.0,0.0,0.0
p4_a4_combined,468,20260817,75,75,0.7,0.06666666666666667,0.05333333333333334,0.04,0.05333333333333334
p4_a4_combined,469,20260817,75,75,0.75,0.0,0.0,0.0,0.0
p4_a4_combined,470,20260817,75,75,0.75,0.013333333333333334,0.013333333333333334,0.02666666666666667,0.017777777777777778
p4_a4_combined,471,20260817,75,75,0.7,0.02666666666666667,0.013333333333333334,0.0,0.013333333333333334
p4_a4_combined,472,20260817,75,75,0.75,0.02666666666666667,0.0,0.0,0.008888888888888889
p4_a4_combined,473,20260817,75,75,0.75,0.0,0.0,0.0,0.0
p4_a4_combined,474,20260817,75,75,0.75,0.0,0.0,0.0,0.0
p4_a4_combined,475,20260817,75,75,0.75,0.0,0.0,0.0,0.0
p4_a4_combined,476,20260817,75,75,0.75,0.0,0.0,0.0,0.0
p4_a4_combined,477,20260817,75,75,0.7,0.02666666666666667,0.0,0.0,0.008888888888888889
p4_a4_combined,478,20260817,75,75,0.75,0.013333333333333334,0.0,0.013333333333333334,0.008888888888888889
p4_a4_combined,479,20260817,75,75,0.75,0.013333333333333334,0.013333333333333334,0.02666666666666667,0.017777777777777778
p4_a4_combined,480,20260817,75,75,0.65,0.05333333333333334,0.0,0.0,0.017777777777777778
p4_a4_combined,481,20260817,75,75,0.75,0.0,0.013333333333333334,0.013333333333333334,0.008888888888888889
p4_a4_combined,482,20260817,75,75,0.7,0.013333333333333334,0.0,0.0,0.0044444444444444444
p4_a4_combined,483,20260817,75,75,0.75,0.013333333333333334,0.0,0.013333333333333334,0.008888888888888889
p4_a4_combined,484,20260817,75,75,0.75,0.0,0.0,0.0,0.0
p4_a4_combined,485,20260817,75,75,0.8,0.0,0.0,0.0,0.0
p4_a4_combined,486,20260817,75,75,0.75,0.013333333333333334,0.0,0.0,0.0044444444444444444
p4_a4_combined,487,20260817,75,75,0.7,0.05333333333333334,0.02666666666666667,0.02666666666666667,0.035555555555555556
p4_a4_combined,488,20260817,75,75,0.7,0.013333333333333334,0.0,0.0,0.0044444444444444444
p4_a4_combined,489,20260817,75,75,0.7,0.04,0.013333333333333334,0.013333333333333334,0.022222222222222223
p4_a4_combined,490,20260817,75,75,0.75,0.0,0.0,0.0,0.0
p4_a4_combined,491,20260817,75,75,0.75,0.013333333333333334,0.0,0.0,0.0044444444444444444
p4_a4_combined,492,20260817,75,75,0.75,0.0,0.0,0.0,0.0
p4_a4_combined,493,20260817,75,75,0.7,0.013333333333333334,0.013333333333333334,0.013333333333333334,0.013333333333333334
p4_a4_combined,494,20260817,75,75,0.75,0.013333333333333334,0.013333333333333334,0.02666666666666667,0.017777777777777778
p4_a4_combined,495,20260817,75,75,0.75,0.02666666666666667,0.0,0.0,0.008888888888888889
p4_a4_combined,496,20260817,75,75,0.7,0.013333333333333334,0.02666666666666667,0.0,0.013333333333333334
p4_a4_combined,497,20260817,75,75,0.75,0.0,0.013333333333333334,0.0,0.0044444444444444444
p4_a4_combined,498,20260817,75,75,0.75,0.0,0.0,0.0,0.0
p4_a4_combined,499,20260817,75,75,0.7,0.02666666666666667,0.02666666666666667,0.013333333333333334,0.022222222222222223
p4_a4_combined,500,20260817,75,75,0.75,0.02666666666666667,0.0,0.013333333333333334,0.013333333333333334
p4_a4_combined,501,20260817,75,75,0.8,0.0,0.0,0.0,0.0
p4_a4_combined,502,20260817,75,75,0.75,0.013333333333333334,0.0,0.013333333333333334,0.008888888888888889
p4_a4_combined,503,20260817,75,75,0.75,0.013333333333333334,0.013333333333333334,0.0,0.008888888888888889
p4_a4_combined,504,20260817,75,75,0.75,0.0,0.0,0.0,0.0
p4_a4_combined,505,20260817,75,75,0.8,0.0,0.0,0.0,0.0
p4_a4_combined,506,20260817,75,75,0.75,0.0,0.0,0.0,0.0
p4_a4_combined,507,20260817,75,75,0.8,0.0,0.0,0.0,0.0
p4_a4_combined,508,20260817,75,75,0.75,0.013333333333333334,0.013333333333333334,0.013333333333333334,0.013333333333333334
p4_a4_combined,509,20260817,75,75,0.75,0.013333333333333334,0.0,0.0,0.0044444444444444444
p4_a4_combined,510,20260817,75,75,0.7,0.013333333333333334,0.0,0.0,0.0044444444444444444
p4_a4_combined,511,20260817,75,75,0.7,0.013333333333333334,0.013333333333333334,0.013333333333333334,0.013333333333333334
p4_a4_combined,512,20260817,75,75,0.8,0.0,0.0,0.0,0.0
p4_a4_combined,513,20260817,75,75,0.7,0.04,0.013333333333333334,0.013333333333333334,0.022222222222222223
p4_a4_combined,514,20260817,75,75,0.75,0.0,0.0,0.013333333333333334,0.0044444444444444444
p4_a4_combined,515,20260817,75,75,0.8,0.0,0.0,0.0,0.0
p4_a4_combined,516,20260817,75,75,0.75,0.02666666666666667,0.0,0.013333333333333334,0.013333333333333334
p4_a4_combined,517,20260817,75,75,0.75,0.0,0.0,0.013333333333333334,0.0044444444444444444
p4_a4_combined,518,20260817,75,75,0.7,0.02666666666666667,0.013333333333333334,0.0,0.013333333333333334
p4_a4_combined,519,20260817,75,75,0.75,0.013333333333333334,0.0,0.0,0.0044444444444444444
p4_a4_combined,520,20260817,75,75,0.75,0.02666666666666667,0.0,0.0,0.008888888888888889
p4_a4_combined,521,20260817,75,75,0.75,0.0,0.0,0.0,0.0
p4_a4_combined,522,20260817,75,75,0.75,0.0,0.0,0.0,0.0
p4_a4_combined,523,20260817,75,75,0.7,0.013333333333333334,0.0,0.0,0.0044444444444444444
p4_a4_combined,524,20260817,75,75,0.7,0.04,0.013333333333333334,0.013333333333333334,0.022222222222222223
p4_a4_combined,525,20260817,75,75,0.75,0.0,0.0,0.0,0.0
p4_a4_combined,526,20260817,75,75,0.7,0.013333333333333334,0.0,0.0,0.0044444444444444444
p4_a4_combined,527,20260817,75,75,0.75,0.0,0.0,0.0,0.0
p4_a4_combined,528,20260817,75,75,0.75,0.0,0.0,0.0,0.0
p4_a4_combined,529,20260817,75,75,0.8,0.0,0.0,0.0,0.0
p4_a4_combined,530,20260817,75,75,0.7,0.013333333333333334,0.013333333333333334,0.013333333333333334,0.013333333333333334
p4_a4_combined,531,20260817,75,75,0.75,0.0,0.0,0.0,0.0
p4_a4_combined,532,20260817,75,75,0.8,0.0,0.0,0.0,0.0
p4_a4_combined,533,20260817,75,75,0.75,0.02666666666666667,0.013333333333333334,0.02666666666666667,0.022222222222222223
p4_a4_combined,534,20260817,75,75,0.8,0.0,0.0,0.0,0.0
p4_a4_combined,535,20260817,75,75,0.75,0.013333333333333334,0.0,0.0,0.0044444444444444444
p4_a4_combined,536,20260817,75,75,0.75,0.02666666666666667,0.0,0.0,0.008888888888888889
p4_a4_combined,537,20260817,75,75,0.7,0.013333333333333334,0.0,0.0,0.0044444444444444444
p4_a4_combined,538,20260817,75,75,0.7,0.013333333333333334,0.0,0.013333333333333334,0.008888888888888889
p4_a4_combined,539,20260817,75,75,0.75,0.013333333333333334,0.0,0.013333333333333334,0.008888888888888889
p4_a4_combined,540,20260817,75,75,0.8,0.013333333333333334,0.0,0.0,0.0044444444444444444
p4_a4_combined,541,20260817,75,75,0.75,0.0,0.0,0.0,0.0
p4_a4_combined,542,20260817,75,75,0.7,0.06666666666666667,0.05333333333333334,0.02666666666666667,0.04888888888888889
p4_a4_combined,543,20260817,75,75,0.7,0.02666666666666667,0.013333333333333334,0.013333333333333334,0.017777777777777778
p4_a4_combined,544,20260817,75,75,0.7,0.04,0.0,0.0,0.013333333333333334
p4_a4_combined,545,20260817,75,75,0.7,0.02666666666666667,0.013333333333333334,0.013333333333333334,0.017777777777777778
p4_a4_combined,546,20260817,75,75,0.8,0.0,0.0,0.0,0.0
p4_a4_combined,547,20260817,75,75,0.7,0.02666666666666667,0.013333333333333334,0.0,0.013333333333333334
p4_a4_combined,548,20260817,75,75,0.8,0.0,0.0,0.0,0.0
p4_a4_combined,549,20260817,75,75,0.75,0.013333333333333334,0.0,0.0,0.0044444444444444444
p4_a4_combined,550,20260817,75,75,0.75,0.013333333333333334,0.0,0.0,0.0044444444444444444
p4_a4_combined,551,20260817,75,75,0.75,0.013333333333333334,0.0,0.013333333333333334,0.008888888888888889
p4_a4_combined,552,20260817,75,75,0.75,0.0,0.013333333333333334,0.013333333333333334,0.008888888888888889
p4_a4_combined,553,20260817,75,75,0.75,0.013333333333333334,0.0,0.013333333333333334,0.008888888888888889
p4_a4_combined,554,20260817,75,75,0.75,0.0,0.013333333333333334,0.013333333333333334,0.008888888888888889
p4_a4_combined,555,20260817,75,75,0.75,0.013333333333333334,0.02666666666666667,0.02666666666666667,0.022222222222222223
p4_a4_combined,556,20260817,75,75,0.75,0.0,0.0,0.0,0.0
p4_a4_combined,557,20260817,75,75,0.75,0.013333333333333334,0.0,0.013333333333333334,0.008888888888888889
p4_a4_combined,558,20260817,75,75,0.8,0.0,0.0,0.0,0.0
p4_a4_combined,559,20260817,75,75,0.75,0.0,0.0,0.0,0.0
p4_a4_combined,560,20260817,75,75,0.75,0.0,0.0,0.0,0.0
p4_a4_combined,561,20260817,75,75,0.75,0.013333333333333334,0.0,0.0,0.0044444444444444444
p4_a4_combined,562,20260817,75,75,0.75,0.013333333333333334,0.013333333333333334,0.0,0.008888888888888889
p4_a4_combined,563,20260817,75,75,0.75,0.0,0.0,0.0,0.0
p4_a4_combined,564,20260817,75,75,0.75,0.0,0.0,0.0,0.0
p4_a4_combined,565,20260817,75,75,0.75,0.013333333333333334,0.0,0.0,0.0044444444444444444
p4_a4_combined,566,20260817,75,75,0.8,0.0,0.0,0.0,0.0
p4_a4_combined,567,20260817,75,75,0.8,0.0,0.0,0.0,0.0
p4_a4_combined,568,20260817,75,75,0.75,0.02666666666666667,0.013333333333333334,0.02666666666666667,0.022222222222222223
p4_a4_combined,569,20260817,75,75,0.75,0.013333333333333334,0.013333333333333334,0.02666666666666667,0.017777777777777778
p4_a4_combined,570,20260817,75,75,0.8,0.0,0.0,0.0,0.0
p4_a4_combined,571,20260817,75,75,0.75,0.013333333333333334,0.013333333333333334,0.013333333333333334,0.013333333333333334
p4_a4_combined,572,20260817,75,75,0.7,0.02666666666666667,0.013333333333333334,0.0,0.013333333333333334
p4_a4_combined,573,20260817,75,75,0.8,0.0,0.0,0.0,0.0
p4_a4_combined,574,20260817,75,75,0.8,0.0,0.0,0.0,0.0
p4_a4_combined,575,20260817,75,75,0.7,0.013333333333333334,0.0,0.013333333333333334,0.008888888888888889
p4_a4_combined,576,20260817,75,75,0.7,0.06666666666666667,0.013333333333333334,0.013333333333333334,0.03111111111111111
p4_a4_combined,577,20260817,75,75,0.75,0.013333333333333334,0.0,0.013333333333333334,0.008888888888888889
p4_a4_combined,578,20260817,75,75,0.75,0.013333333333333334,0.0,0.0,0.0044444444444444444
p4_a4_combined,579,20260817,75,75,0.7,0.013333333333333334,0.0,0.0,0.0044444444444444444
p4_a4_combined,580,20260817,75,75,0.75,0.013333333333333334,0.0,0.0,0.0044444444444444444
p4_a4_combined,581,20260817,75,75,0.75,0.0,0.0,0.0,0.0
p4_a4_combined,582,20260817,75,75,0.8,0.0,0.0,0.0,0.0
p4_a4_combined,583,20260817,75,75,0.75,0.02666666666666667,0.02666666666666667,0.04,0.031111111111111114
p4_a4_combined,584,20260817,75,75,0.7,0.013333333333333334,0.0,0.0,0.0044444444444444444
p4_a4_combined,585,20260817,75,75,0.8,0.0,0.0,0.0,0.0
p4_a4_combined,586,20260817,75,75,0.8,0.0,0.0,0.0,0.0
p4_a4_combined,587,20260817,75,75,0.75,0.0,0.0,0.0,0.0
p4_a4_combined,588,20260817,75,75,0.75,0.013333333333333334,0.013333333333333334,0.0,0.008888888888888889
p4_a4_combined,589,20260817,75,75,0.75,0.013333333333333334,0.013333333333333334,0.013333333333333334,0.013333333333333334
p4_a4_combined,590,20260817,75,75,0.8,0.0,0.0,0.0,0.0
p4_a4_combined,591,20260817,75,75,0.8,0.0,0.0,0.0,0.0
p4_a4_combined,592,20260817,75,75,0.75,0.0,0.0,0.0,0.0
p4_a4_combined,593,20260817,75,75,0.8,0.0,0.0,0.0,0.0
p4_a4_combined,594,20260817,75,75,0.8,0.0,0.0,0.0,0.0
p4_a4_combined,595,20260817,75,75,0.75,0.013333333333333334,0.0,0.0,0.0044444444444444444
p4_a4_combined,596,20260817,75,75,0.75,0.0,0.0,0.0,0.0
p4_a4_combined,597,20260817,75,75,0.75,0.0,0.013333333333333334,0.013333333333333334,0.008888888888888889
p4_a4_combined,598,20260817,75,75,0.75,0.013333333333333334,0.0,0.0,0.0044444444444444444
p4_a4_combined,599,20260817,75,75,0.75,0.013333333333333334,0.0,0.0,0.0044444444444444444
p4_a4_combined,600,20260817,75,75,0.7,0.0,0.013333333333333334,0.013333333333333334,0.008888888888888889
p4_a4_combined,601,20260817,75,75,0.75,0.0,0.013333333333333334,0.013333333333333334,0.008888888888888889
p4_a4_combined,602,20260817,75,75,0.7,0.06666666666666667,0.0,0.013333333333333334,0.026666666666666665
p4_a4_combined,603,20260817,75,75,0.75,0.0,0.0,0.0,0.0
p4_a4_combined,604,20260817,75,75,0.8,0.0,0.0,0.0,0.0
p4_a4_combined,605,20260817,75,75,0.8,0.0,0.0,0.0,0.0
p4_a4_combined,606,20260817,75,75,0.75,0.0,0.013333333333333334,0.0,0.0044444444444444444
p4_a4_combined,607,20260817,75,75,0.75,0.013333333333333334,0.0,0.0,0.0044444444444444444
p4_a4_combined,608,20260817,75,75,0.8,0.0,0.0,0.0,0.0
p4_a4_combined,609,20260817,75,75,0.8,0.0,0.0,0.0,0.0
p4_a4_combined,610,20260817,75,75,0.75,0.013333333333333334,0.013333333333333334,0.0,0.008888888888888889
p4_a4_combined,611,20260817,75,75,0.75,0.0,0.013333333333333334,0.0,0.0044444444444444444
p4_a4_combined,612,20260817,75,75,0.7,0.05333333333333334,0.05333333333333334,0.02666666666666667,0.044444444444444446
p4_a4_combined,613,20260817,75,75,0.7,0.04,0.013333333333333334,0.013333333333333334,0.022222222222222223
p4_a4_combined,614,20260817,75,75,0.7,0.013333333333333334,0.02666666666666667,0.02666666666666667,0.022222222222222223
p4_a4_combined,615,20260817,75,75,0.8,0.0,0.0,0.0,0.0
p4_a4_combined,616,20260817,75,75,0.8,0.0,0.0,0.0,0.0
p4_a4_combined,617,20260817,75,75,0.75,0.013333333333333334,0.0,0.0,0.0044444444444444444
p4_a4_combined,618,20260817,75,75,0.75,0.0,0.0,0.0,0.0
p4_a4_combined,619,20260817,75,75,0.75,0.013333333333333334,0.0,0.0,0.0044444444444444444
p4_a4_combined,620,20260817,75,75,0.75,0.0,0.0,0.0,0.0
p4_a4_combined,621,20260817,75,75,0.75,0.013333333333333334,0.0,0.0,0.0044444444444444444
p4_a4_combined,622,20260817,75,75,0.8,0.0,0.0,0.0,0.0
p4_a4_combined,623,20260817,75,75,0.75,0.0,0.0,0.0,0.0
p4_a4_combined,624,20260817,75,75,0.7,0.04,0.013333333333333334,0.013333333333333334,0.022222222222222223
p4_a4_combined,625,20260817,75,75,0.8,0.0,0.0,0.0,0.0
p4_a4_combined,626,20260817,75,75,0.75,0.0,0.0,0.0,0.0
p4_a4_combined,627,20260817,75,75,0.8,0.0,0.0,0.0,0.0
p4_a4_combined,628,20260817,75,75,0.75,0.0,0.0,0.0,0.0
p4_a4_combined,629,20260817,75,75,0.75,0.0,0.0,0.0,0.0
p4_a4_combined,630,20260817,75,75,0.8,0.0,0.0,0.0,0.0
p4_a4_combined,631,20260817,75,75,0.75,0.0,0.0,0.013333333333333334,0.0044444444444444444
p4_a4_combined,632,20260817,75,75,0.75,0.013333333333333334,0.0,0.013333333333333334,0.008888888888888889
p4_a4_combined,633,20260817,75,75,0.65,0.0,0.0,0.0,0.0
p4_a4_combined,634,20260817,75,75,0.8,0.0,0.0,0.0,0.0
p4_a4_combined,635,20260817,75,75,0.75,0.02666666666666667,0.013333333333333334,0.04,0.02666666666666667
p4_a4_combined,636,20260817,75,75,0.8,0.0,0.0,0.0,0.0
p4_a4_combined,637,20260817,75,75,0.75,0.013333333333333334,0.0,0.0,0.0044444444444444444
p4_a4_combined,638,20260817,75,75,0.75,0.0,0.0,0.0,0.0
p4_a4_combined,639,20260817,75,75,0.75,0.02666666666666667,0.0,0.0,0.008888888888888889
p4_a4_combined,640,20260817,75,75,0.75,0.0,0.0,0.0,0.0
p4_a4_combined,641,20260817,75,75,0.75,0.013333333333333334,0.0,0.013333333333333334,0.008888888888888889
p4_a4_combined,642,20260817,75,75,0.7,0.0,0.0,0.0,0.0
p4_a4_combined,643,20260817,75,75,0.75,0.0,0.0,0.0,0.0
p4_a4_combined,644,20260817,75,75,0.7,0.05333333333333334,0.013333333333333334,0.013333333333333334,0.02666666666666667
p4_a4_combined,645,20260817,75,75,0.7,0.02666666666666667,0.0,0.013333333333333334,0.013333333333333334
p4_a4_combined,646,20260817,75,75,0.75,0.0,0.0,0.0,0.0
p4_a4_combined,647,20260817,75,75,0.7,0.02666666666666667,0.0,0.0,0.008888888888888889
p4_a4_combined,648,20260817,75,75,0.75,0.0,0.02666666666666667,0.013333333333333334,0.013333333333333334
p4_a4_combined,649,20260817,75,75,0.75,0.0,0.0,0.0,0.0
p4_a4_combined,650,20260817,75,75,0.7,0.02666666666666667,0.04,0.02666666666666667,0.031111111111111114
p4_a4_combined,651,20260817,75,75,0.75,0.0,0.0,0.0,0.0
p4_a4_combined,652,20260817,75,75,0.75,0.0,0.0,0.0,0.0
p4_a4_combined,653,20260817,75,75,0.7,0.05333333333333334,0.013333333333333334,0.0,0.022222222222222223
p4_a4_combined,654,20260817,75,75,0.75,0.0,0.013333333333333334,0.013333333333333334,0.008888888888888889
p4_a4_combined,655,20260817,75,75,0.75,0.013333333333333334,0.0,0.013333333333333334,0.008888888888888889
p4_a4_combined,656,20260817,75,75,0.75,0.0,0.0,0.0,0.0
p4_a4_combined,657,20260817,75,75,0.8,0.0,0.0,0.0,0.0
p4_a4_combined,658,20260817,75,75,0.8,0.013333333333333334,0.0,0.0,0.0044444444444444444
p4_a4_combined,659,20260817,75,75,0.75,0.013333333333333334,0.0,0.013333333333333334,0.008888888888888889
p4_a4_combined,660,20260817,75,75,0.7,0.04,0.0,0.0,0.013333333333333334
p4_a4_combined,661,20260817,75,75,0.7,0.04,0.0,0.0,0.013333333333333334
p4_a4_combined,662,20260817,75,75,0.75,0.013333333333333334,0.0,0.013333333333333334,0.008888888888888889
p4_a4_combined,663,20260817,75,75,0.8,0.0,0.0,0.0,0.0
p4_a4_combined,664,20260817,75,75,0.8,0.013333333333333334,0.0,0.0,0.0044444444444444444
p4_a4_combined,665,20260817,75,75,0.75,0.04,0.0,0.013333333333333334,0.017777777777777778
p4_a4_combined,666,20260817,75,75,0.8,0.0,0.0,0.0,0.0
p4_a4_combined,667,20260817,75,75,0.7,0.02666666666666667,0.013333333333333334,0.013333333333333334,0.017777777777777778
p4_a4_combined,668,20260817,75,75,0.7,0.0,0.0,0.0,0.0
p4_a4_combined,669,20260817,75,75,0.75,0.0,0.0,0.0,0.0
p4_a4_combined,670,20260817,75,75,0.75,0.0,0.0,0.0,0.0
p4_a4_combined,671,20260817,75,75,0.75,0.013333333333333334,0.0,0.0,0.0044444444444444444
p4_a4_combined,672,20260817,75,75,0.8,0.013333333333333334,0.0,0.0,0.0044444444444444444
p4_a4_combined,673,20260817,75,75,0.75,0.02666666666666667,0.0,0.013333333333333334,0.013333333333333334
p4_a4_combined,674,20260817,75,75,0.8,0.0,0.0,0.0,0.0
p4_a4_combined,675,20260817,75,75,0.8,0.0,0.0,0.0,0.0
p4_a4_combined,676,20260817,75,75,0.8,0.0,0.0,0.0,0.0
p4_a4_combined,677,20260817,75,75,0.75,0.0,0.0,0.0,0.0
p4_a4_combined,678,20260817,75,75,0.75,0.0,0.0,0.0,0.0
p4_a4_combined,679,20260817,75,75,0.75,0.0,0.0,0.0,0.0
p4_a4_combined,680,20260817,75,75,0.8,0.0,0.0,0.0,0.0
p4_a4_combined,681,20260817,75,75,0.8,0.0,0.0,0.0,0.0
p4_a4_combined,682,20260817,75,75,0.75,0.013333333333333334,0.0,0.013333333333333334,0.008888888888888889
p4_a4_combined,683,20260817,75,75,0.75,0.0,0.0,0.013333333333333334,0.0044444444444444444
p4_a4_combined,684,20260817,75,75,0.75,0.04,0.013333333333333334,0.0,0.017777777777777778
p4_a4_combined,685,20260817,75,75,0.75,0.0,0.0,0.0,0.0
p4_a4_combined,686,20260817,75,75,0.75,0.0,0.0,0.0,0.0
p4_a4_combined,687,20260817,75,75,0.7,0.04,0.0,0.013333333333333334,0.017777777777777778
p4_a4_combined,688,20260817,75,75,0.8,0.0,0.0,0.0,0.0
p4_a4_combined,689,20260817,75,75,0.75,0.013333333333333334,0.0,0.013333333333333334,0.008888888888888889
p4_a4_combined,690,20260817,75,75,0.8,0.0,0.0,0.0,0.0
p4_a4_combined,691,20260817,75,75,0.8,0.0,0.0,0.0,0.0
p4_a4_combined,692,20260817,75,75,0.75,0.02666666666666667,0.02666666666666667,0.02666666666666667,0.02666666666666667
p4_a4_combined,693,20260817,75,75,0.8,0.0,0.0,0.0,0.0
p4_a4_combined,694,20260817,75,75,0.7,0.0,0.013333333333333334,0.0,0.0044444444444444444
p4_a4_combined,695,20260817,75,75,0.8,0.0,0.0,0.0,0.0
p4_a4_combined,696,20260817,75,75,0.7,0.04,0.013333333333333334,0.013333333333333334,0.022222222222222223
p4_a4_combined,697,20260817,75,75,0.75,0.013333333333333334,0.0,0.0,0.0044444444444444444
p4_a4_combined,698,20260817,75,75,0.75,0.0,0.0,0.0,0.0
p4_a4_combined,699,20260817,75,75,0.75,0.013333333333333334,0.0,0.0,0.0044444444444444444
p4_a4_combined,700,20260817,75,75,0.7,0.013333333333333334,0.0,0.0,0.0044444444444444444
p4_a4_combined,701,20260817,75,75,0.75,0.0,0.0,0.0,0.0
p4_a4_combined,702,20260817,75,75,0.8,0.0,0.0,0.0,0.0
p4_a4_combined,703,20260817,75,75,0.75,0.013333333333333334,0.0,0.013333333333333334,0.008888888888888889
p4_a4_combined,704,20260817,75,75,0.75,0.0,0.013333333333333334,0.0,0.0044444444444444444
p4_a4_combined,705,20260817,75,75,0.7,0.02666666666666667,0.013333333333333334,0.013333333333333334,0.017777777777777778
p4_a4_combined,706,20260817,75,75,0.75,0.013333333333333334,0.0,0.0,0.0044444444444444444
p4_a4_combined,707,20260817,75,75,0.75,0.0,0.0,0.0,0.0
p4_a4_combined,708,20260817,75,75,0.75,0.013333333333333334,0.0,0.0,0.0044444444444444444
p4_a4_combined,709,20260817,75,75,0.75,0.0,0.0,0.0,0.0
p4_a4_combined,710,20260817,75,75,0.75,0.013333333333333334,0.013333333333333334,0.02666666666666667,0.017777777777777778
p4_a4_combined,711,20260817,75,75,0.7,0.013333333333333334,0.0,0.0,0.0044444444444444444
p4_a4_combined,712,20260817,75,75,0.75,0.0,0.0,0.0,0.0
p4_a4_combined,713,20260817,75,75,0.7,0.0,0.0,0.0,0.0
p4_a4_combined,714,20260817,75,75,0.7,0.013333333333333334,0.013333333333333334,0.013333333333333334,0.013333333333333334
p4_a4_combined,715,20260817,75,75,0.8,0.0,0.0,0.0,0.0
p4_a4_combined,716,20260817,75,75,0.7,0.05333333333333334,0.0,0.013333333333333334,0.022222222222222223
p4_a4_combined,717,20260817,75,75,0.7,0.02666666666666667,0.0,0.0,0.008888888888888889
p4_a4_combined,718,20260817,75,75,0.75,0.0,0.0,0.0,0.0
p4_a4_combined,719,20260817,75,75,0.75,0.0,0.0,0.0,0.0
p4_a4_combined,720,20260817,75,75,0.8,0.0,0.0,0.0,0.0
p4_a4_combined,721,20260817,75,75,0.75,0.0,0.0,0.0,0.0
p4_a4_combined,722,20260817,75,75,0.8,0.0,0.0,0.0,0.0
p4_a4_combined,723,20260817,75,75,0.75,0.013333333333333334,0.013333333333333334,0.013333333333333334,0.013333333333333334
p4_a4_combined,724,20260817,75,75,0.75,0.0,0.0,0.0,0.0
p4_a4_combined,725,20260817,75,75,0.75,0.013333333333333334,0.0,0.0,0.0044444444444444444
p4_a4_combined,726,20260817,75,75,0.8,0.0,0.0,0.0,0.0
p4_a4_combined,727,20260817,75,75,0.75,0.013333333333333334,0.0,0.0,0.0044444444444444444
p4_a4_combined,728,20260817,75,75,0.8,0.0,0.0,0.0,0.0
p4_a4_combined,729,20260817,75,75,0.75,0.02666666666666667,0.0,0.0,0.008888888888888889
p4_a4_combined,730,20260817,75,75,0.65,0.06666666666666667,0.06666666666666667,0.02666666666666667,0.05333333333333333
p4_a4_combined,731,20260817,75,75,0.75,0.0,0.0,0.0,0.0
p4_a4_combined,732,20260817,75,75,0.65,0.013333333333333334,0.0,0.013333333333333334,0.008888888888888889
p4_a4_combined,733,20260817,75,75,0.75,0.0,0.0,0.0,0.0
p4_a4_combined,734,20260817,75,75,0.8,0.0,0.0,0.0,0.0
p4_a4_combined,735,20260817,75,75,0.75,0.013333333333333334,0.0,0.0,0.0044444444444444444
p4_a4_combined,736,20260817,75,75,0.75,0.04,0.0,0.013333333333333334,0.017777777777777778
p4_a4_combined,737,20260817,75,75,0.75,0.04,0.0,0.0,0.013333333333333334
p4_a4_combined,738,20260817,75,75,0.65,0.05333333333333334,0.02666666666666667,0.02666666666666667,0.035555555555555556
p4_a4_combined,739,20260817,75,75,0.75,0.0,0.0,0.0,0.0
p4_a4_combined,740,20260817,75,75,0.75,0.0,0.0,0.0,0.0
p4_a4_combined,741,20260817,75,75,0.7,0.05333333333333334,0.02666666666666667,0.02666666666666667,0.035555555555555556
p4_a4_combined,742,20260817,75,75,0.75,0.0,0.0,0.0,0.0
p4_a4_combined,743,20260817,75,75,0.8,0.0,0.0,0.0,0.0
p4_a4_combined,744,20260817,75,75,0.75,0.02666666666666667,0.0,0.013333333333333334,0.013333333333333334
p4_a4_combined,745,20260817,75,75,0.7,0.04,0.04,0.02666666666666667,0.035555555555555556
p4_a4_combined,746,20260817,75,75,0.75,0.0,0.0,0.0,0.0
p4_a4_combined,747,20260817,75,75,0.8,0.0,0.0,0.0,0.0
p4_a4_combined,748,20260817,75,75,0.75,0.0,0.013333333333333334,0.0,0.0044444444444444444
p4_a4_combined,749,20260817,75,75,0.75,0.0,0.0,0.0,0.0
p4_a4_combined,750,20260817,75,75,0.7,0.013333333333333334,0.02666666666666667,0.0,0.013333333333333334
p4_a4_combined,751,20260817,75,75,0.75,0.04,0.0,0.013333333333333334,0.017777777777777778
p4_a4_combined,752,20260817,75,75,0.75,0.013333333333333334,0.013333333333333334,0.0,0.008888888888888889
p4_a4_combined,753,20260817,75,75,0.75,0.013333333333333334,0.0,0.0,0.0044444444444444444
p4_a4_combined,754,20260817,75,75,0.7,0.02666666666666667,0.0,0.0,0.008888888888888889
p4_a4_combined,755,20260817,75,75,0.75,0.0,0.013333333333333334,0.0,0.0044444444444444444
p4_a4_combined,756,20260817,75,75,0.8,0.0,0.0,0.0,0.0
p4_a4_combined,757,20260817,75,75,0.7,0.02666666666666667,0.0,0.0,0.008888888888888889
p4_a4_combined,758,20260817,75,75,0.75,0.013333333333333334,0.0,0.0,0.0044444444444444444
p4_a4_combined,759,20260817,75,75,0.75,0.013333333333333334,0.013333333333333334,0.013333333333333334,0.013333333333333334
p4_a4_combined,760,20260817,75,75,0.8,0.0,0.0,0.0,0.0
p4_a4_combined,761,20260817,75,75,0.75,0.013333333333333334,0.0,0.013333333333333334,0.008888888888888889
p4_a4_combined,762,20260817,75,75,0.8,0.0,0.0,0.0,0.0
p4_a4_combined,763,20260817,75,75,0.8,0.013333333333333334,0.0,0.0,0.0044444444444444444
p4_a4_combined,764,20260817,75,75,0.8,0.0,0.0,0.0,0.0
p4_a4_combined,765,20260817,75,75,0.75,0.013333333333333334,0.0,0.0,0.0044444444444444444
p4_a4_combined,766,20260817,75,75,0.75,0.013333333333333334,0.0,0.0,0.0044444444444444444
p4_a4_combined,767,20260817,75,75,0.8,0.0,0.0,0.0,0.0
p4_a4_combined,768,20260817,75,75,0.75,0.013333333333333334,0.0,0.0,0.0044444444444444444
p4_a4_combined,769,20260817,75,75,0.75,0.0,0.02666666666666667,0.02666666666666667,0.017777777777777778
p4_a4_combined,770,20260817,75,75,0.75,0.0,0.0,0.013333333333333334,0.0044444444444444444
p4_a4_combined,771,20260817,75,75,0.75,0.0,0.0,0.0,0.0
p4_a4_combined,772,20260817,75,75,0.75,0.0,0.0,0.0,0.0
p4_a4_combined,773,20260817,75,75,0.65,0.06666666666666667,0.013333333333333334,0.02666666666666667,0.035555555555555556
p4_a4_combined,774,20260817,75,75,0.8,0.0,0.0,0.0,0.0
p4_a4_combined,775,20260817,75,75,0.7,0.013333333333333334,0.013333333333333334,0.013333333333333334,0.013333333333333334
p4_a4_combined,776,20260817,75,75,0.8,0.0,0.0,0.0,0.0
p4_a4_combined,777,20260817,75,75,0.75,0.013333333333333334,0.013333333333333334,0.013333333333333334,0.013333333333333334
p4_a4_combined,778,20260817,75,75,0.75,0.0,0.0,0.0,0.0
p4_a4_combined,779,20260817,75,75,0.75,0.013333333333333334,0.0,0.0,0.0044444444444444444
p4_a4_combined,780,20260817,75,75,0.75,0.0,0.02666666666666667,0.013333333333333334,0.013333333333333334
p4_a4_combined,781,20260817,75,75,0.75,0.0,0.0,0.0,0.0
p4_a4_combined,782,20260817,75,75,0.7,0.013333333333333334,0.013333333333333334,0.013333333333333334,0.013333333333333334
p4_a4_combined,783,20260817,75,75,0.7,0.02666666666666667,0.013333333333333334,0.0,0.013333333333333334
p4_a4_combined,784,20260817,75,75,0.75,0.0,0.013333333333333334,0.013333333333333334,0.008888888888888889
p4_a4_combined,785,20260817,75,75,0.8,0.0,0.0,0.0,0.0
p4_a4_combined,786,20260817,75,75,0.7,0.0,0.013333333333333334,0.0,0.0044444444444444444
p4_a4_combined,787,20260817,75,75,0.7,0.02666666666666667,0.013333333333333334,0.013333333333333334,0.017777777777777778
p4_a4_combined,788,20260817,75,75,0.75,0.0,0.0,0.0,0.0
p4_a4_combined,789,20260817,75,75,0.75,0.013333333333333334,0.0,0.0,0.0044444444444444444
p4_a4_combined,790,20260817,75,75,0.75,0.0,0.013333333333333334,0.013333333333333334,0.008888888888888889
p4_a4_combined,791,20260817,75,75,0.75,0.0,0.0,0.0,0.0
p4_a4_combined,792,20260817,75,75,0.75,0.013333333333333334,0.0,0.0,0.0044444444444444444
p4_a4_combined,793,20260817,75,75,0.8,0.0,0.0,0.0,0.0
p4_a4_combined,794,20260817,75,75,0.75,0.0,0.0,0.0,0.0
p4_a4_combined,795,20260817,75,75,0.75,0.013333333333333334,0.0,0.0,0.0044444444444444444
p4_a4_combined,796,20260817,75,75,0.75,0.0,0.0,0.0,0.0
p4_a4_combined,797,20260817,75,75,0.8,0.0,0.0,0.0,0.0
p4_a4_combined,798,20260817,75,75,0.75,0.013333333333333334,0.013333333333333334,0.013333333333333334,0.013333333333333334
p4_a4_combined,799,20260817,75,75,0.75,0.0,0.0,0.0,0.0
p4_a4_combined,800,20260817,75,75,0.7,0.02666666666666667,0.0,0.0,0.008888888888888889
p4_a4_combined,801,20260817,75,75,0.7,0.013333333333333334,0.013333333333333334,0.0,0.008888888888888889
p4_a4_combined,802,20260817,75,75,0.8,0.0,0.0,0.0,0.0
p4_a4_combined,803,20260817,75,75,0.8,0.0,0.0,0.0,0.0
p4_a4_combined,804,20260817,75,75,0.8,0.0,0.0,0.0,0.0
p4_a4_combined,805,20260817,75,75,0.75,0.0,0.0,0.0,0.0
p4_a4_combined,806,20260817,75,75,0.75,0.0,0.0,0.0,0.0
p4_a4_combined,807,20260817,75,75,0.8,0.013333333333333334,0.0,0.0,0.0044444444444444444
p4_a4_combined,808,20260817,75,75,0.7,0.05333333333333334,0.02666666666666667,0.0,0.02666666666666667
p4_a4_combined,809,20260817,75,75,0.8,0.0,0.0,0.0,0.0
p4_a4_combined,810,20260817,75,75,0.7,0.02666666666666667,0.0,0.0,0.008888888888888889
p4_a4_combined,811,20260817,75,75,0.75,0.0,0.0,0.0,0.0
p4_a4_combined,812,20260817,75,75,0.8,0.0,0.0,0.0,0.0
p4_a4_combined,813,20260817,75,75,0.75,0.013333333333333334,0.013333333333333334,0.02666666666666667,0.017777777777777778
p4_a4_combined,814,20260817,75,75,0.75,0.0,0.0,0.0,0.0
p4_a4_combined,815,20260817,75,75,0.8,0.0,0.0,0.0,0.0
p4_a4_combined,816,20260817,75,75,0.8,0.0,0.0,0.0,0.0
p4_a4_combined,817,20260817,75,75,0.75,0.0,0.0,0.0,0.0
p4_a4_combined,818,20260817,75,75,0.8,0.0,0.0,0.0,0.0
p4_a4_combined,819,20260817,75,75,0.7,0.013333333333333334,0.0,0.0,0.0044444444444444444
p4_a4_combined,820,20260817,75,75,0.75,0.0,0.0,0.0,0.0
p4_a4_combined,821,20260817,75,75,0.7,0.013333333333333334,0.013333333333333334,0.0,0.008888888888888889
p4_a4_combined,822,20260817,75,75,0.75,0.013333333333333334,0.0,0.0,0.0044444444444444444
p4_a4_combined,823,20260817,75,75,0.75,0.0,0.0,0.0,0.0
p4_a4_combined,824,20260817,75,75,0.7,0.013333333333333334,0.013333333333333334,0.013333333333333334,0.013333333333333334
p4_a4_combined,825,20260817,75,75,0.75,0.0,0.0,0.0,0.0
p4_a4_combined,826,20260817,75,75,0.8,0.0,0.0,0.0,0.0
p4_a4_combined,827,20260817,75,75,0.75,0.0,0.0,0.0,0.0
p4_a4_combined,828,20260817,75,75,0.75,0.0,0.0,0.0,0.0
p4_a4_combined,829,20260817,75,75,0.75,0.013333333333333334,0.0,0.013333333333333334,0.008888888888888889
p4_a4_combined,830,20260817,75,75,0.75,0.013333333333333334,0.0,0.0,0.0044444444444444444
p4_a4_combined,831,20260817,75,75,0.7,0.0,0.013333333333333334,0.0,0.0044444444444444444
p4_a4_combined,832,20260817,75,75,0.75,0.013333333333333334,0.0,0.013333333333333334,0.008888888888888889
p4_a4_combined,833,20260817,75,75,0.75,0.0,0.0,0.0,0.0
p4_a4_combined,834,20260817,75,75,0.8,0.0,0.0,0.0,0.0
p4_a4_combined,835,20260817,75,75,0.75,0.0,0.0,0.0,0.0
p4_a4_combined,836,20260817,75,75,0.75,0.013333333333333334,0.0,0.0,0.0044444444444444444
p4_a4_combined,837,20260817,75,75,0.8,0.0,0.0,0.0,0.0
p4_a4_combined,838,20260817,75,75,0.75,0.013333333333333334,0.02666666666666667,0.02666666666666667,0.022222222222222223
p4_a4_combined,839,20260817,75,75,0.7,0.02666666666666667,0.04,0.013333333333333334,0.02666666666666667
p4_a4_combined,840,20260817,75,75,0.7,0.013333333333333334,0.0,0.0,0.0044444444444444444
p4_a4_combined,841,20260817,75,75,0.7,0.04,0.04,0.02666666666666667,0.035555555555555556
p4_a4_combined,842,20260817,75,75,0.8,0.0,0.0,0.0,0.0
p4_a4_combined,843,20260817,75,75,0.65,0.013333333333333334,0.02666666666666667,0.013333333333333334,0.017777777777777778
p4_a4_combined,844,20260817,75,75,0.75,0.013333333333333334,0.0,0.013333333333333334,0.008888888888888889
p4_a4_combined,845,20260817,75,75,0.7,0.013333333333333334,0.013333333333333334,0.0,0.008888888888888889
p4_a4_combined,846,20260817,75,75,0.75,0.013333333333333334,0.0,0.013333333333333334,0.008888888888888889
p4_a4_combined,847,20260817,75,75,0.8,0.0,0.0,0.0,0.0
p4_a4_combined,848,20260817,75,75,0.7,0.04,0.05333333333333334,0.013333333333333334,0.035555555555555556
p4_a4_combined,849,20260817,75,75,0.7,0.08,0.02666666666666667,0.02666666666666667,0.044444444444444446
p4_a4_combined,850,20260817,75,75,0.75,0.013333333333333334,0.0,0.0,0.0044444444444444444
p4_a4_combined,851,20260817,75,75,0.75,0.013333333333333334,0.0,0.0,0.0044444444444444444
p4_a4_combined,852,20260817,75,75,0.75,0.013333333333333334,0.0,0.0,0.0044444444444444444
p4_a4_combined,853,20260817,75,75,0.75,0.0,0.0,0.013333333333333334,0.0044444444444444444
p4_a4_combined,854,20260817,75,75,0.75,0.013333333333333334,0.0,0.0,0.0044444444444444444
p4_a4_combined,855,20260817,75,75,0.7,0.0,0.0,0.0,0.0
p4_a4_combined,856,20260817,75,75,0.7,0.013333333333333334,0.0,0.0,0.0044444444444444444
p4_a4_combined,857,20260817,75,75,0.75,0.0,0.0,0.0,0.0
p4_a4_combined,858,20260817,75,75,0.75,0.04,0.013333333333333334,0.013333333333333334,0.022222222222222223
p4_a4_combined,859,20260817,75,75,0.8,0.0,0.0,0.0,0.0
p4_a4_combined,860,20260817,75,75,0.75,0.0,0.0,0.0,0.0
p4_a4_combined,861,20260817,75,75,0.75,0.013333333333333334,0.0,0.0,0.0044444444444444444
p4_a4_combined,862,20260817,75,75,0.8,0.0,0.0,0.0,0.0
p4_a4_combined,863,20260817,75,75,0.7,0.05333333333333334,0.0,0.0,0.017777777777777778
p4_a4_combined,864,20260817,75,75,0.8,0.0,0.0,0.0,0.0
p4_a4_combined,865,20260817,75,75,0.8,0.0,0.0,0.0,0.0
p4_a4_combined,866,20260817,75,75,0.75,0.04,0.013333333333333334,0.0,0.017777777777777778
p4_a4_combined,867,20260817,75,75,0.75,0.0,0.0,0.0,0.0
p4_a4_combined,868,20260817,75,75,0.7,0.08,0.04,0.013333333333333334,0.044444444444444446
p4_a4_combined,869,20260817,75,75,0.7,0.013333333333333334,0.02666666666666667,0.0,0.013333333333333334
p4_a4_combined,870,20260817,75,75,0.7,0.02666666666666667,0.02666666666666667,0.02666666666666667,0.02666666666666667
p4_a4_combined,871,20260817,75,75,0.75,0.0,0.0,0.0,0.0
p4_a4_combined,872,20260817,75,75,0.7,0.013333333333333334,0.0,0.0,0.0044444444444444444
p4_a4_combined,873,20260817,75,75,0.75,0.0,0.0,0.013333333333333334,0.0044444444444444444
p4_a4_combined,874,20260817,75,75,0.75,0.0,0.0,0.0,0.0
p4_a4_combined,875,20260817,75,75,0.7,0.02666666666666667,0.013333333333333334,0.013333333333333334,0.017777777777777778
p4_a4_combined,876,20260817,75,75,0.8,0.0,0.0,0.0,0.0
p4_a4_combined,877,20260817,75,75,0.75,0.02666666666666667,0.013333333333333334,0.013333333333333334,0.017777777777777778
p4_a4_combined,878,20260817,75,75,0.75,0.013333333333333334,0.013333333333333334,0.0,0.008888888888888889
p4_a4_combined,879,20260817,75,75,0.8,0.0,0.0,0.0,0.0
p4_a4_combined,880,20260817,75,75,0.75,0.013333333333333334,0.013333333333333334,0.02666666666666667,0.017777777777777778
p4_a4_combined,881,20260817,75,75,0.8,0.0,0.0,0.0,0.0
p4_a4_combined,882,20260817,75,75,0.75,0.0,0.0,0.013333333333333334,0.0044444444444444444
p4_a4_combined,883,20260817,75,75,0.7,0.0,0.0,0.0,0.0
p4_a4_combined,884,20260817,75,75,0.75,0.02666666666666667,0.0,0.0,0.008888888888888889
p4_a4_combined,885,20260817,75,75,0.75,0.013333333333333334,0.0,0.0,0.0044444444444444444
p4_a4_combined,886,20260817,75,75,0.75,0.0,0.0,0.0,0.0
p4_a4_combined,887,20260817,75,75,0.75,0.0,0.013333333333333334,0.0,0.0044444444444444444
p4_a4_combined,888,20260817,75,75,0.75,0.013333333333333334,0.0,0.013333333333333334,0.008888888888888889
p4_a4_combined,889,20260817,75,75,0.75,0.0,0.0,0.0,0.0
p4_a4_combined,890,20260817,75,75,0.75,0.013333333333333334,0.0,0.0,0.0044444444444444444
p4_a4_combined,891,20260817,75,75,0.8,0.0,0.0,0.0,0.0
p4_a4_combined,892,20260817,75,75,0.75,0.0,0.013333333333333334,0.013333333333333334,0.008888888888888889
p4_a4_combined,893,20260817,75,75,0.75,0.013333333333333334,0.0,0.0,0.0044444444444444444
p4_a4_combined,894,20260817,75,75,0.75,0.0,0.0,0.0,0.0
p4_a4_combined,895,20260817,75,75,0.7,0.02666666666666667,0.0,0.0,0.008888888888888889
p4_a4_combined,896,20260817,75,75,0.7,0.05333333333333334,0.0,0.0,0.017777777777777778
p4_a4_combined,897,20260817,75,75,0.7,0.0,0.0,0.0,0.0
p4_a4_combined,898,20260817,75,75,0.7,0.02666666666666667,0.0,0.0,0.008888888888888889
p4_a4_combined,899,20260817,75,75,0.8,0.0,0.0,0.0,0.0
p4_a4_combined,900,20260817,75,75,0.65,0.013333333333333334,0.013333333333333334,0.02666666666666667,0.017777777777777778
p4_a4_combined,901,20260817,75,75,0.8,0.0,0.0,0.0,0.0
p4_a4_combined,902,20260817,75,75,0.75,0.013333333333333334,0.0,0.0,0.0044444444444444444
p4_a4_combined,903,20260817,75,75,0.75,0.0,0.013333333333333334,0.0,0.0044444444444444444
p4_a4_combined,904,20260817,75,75,0.75,0.0,0.0,0.0,0.0
p4_a4_combined,905,20260817,75,75,0.8,0.0,0.0,0.0,0.0
p4_a4_combined,906,20260817,75,75,0.75,0.0,0.0,0.0,0.0
p4_a4_combined,907,20260817,75,75,0.75,0.0,0.013333333333333334,0.0,0.0044444444444444444
p4_a4_combined,908,20260817,75,75,0.75,0.0,0.0,0.0,0.0
p4_a4_combined,909,20260817,75,75,0.75,0.013333333333333334,0.0,0.013333333333333334,0.008888888888888889
p4_a4_combined,910,20260817,75,75,0.8,0.0,0.0,0.0,0.0
p4_a4_combined,911,20260817,75,75,0.75,0.013333333333333334,0.0,0.013333333333333334,0.008888888888888889
p4_a4_combined,912,20260817,75,75,0.75,0.0,0.0,0.0,0.0
p4_a4_combined,913,20260817,75,75,0.7,0.02666666666666667,0.013333333333333334,0.0,0.013333333333333334
p4_a4_combined,914,20260817,75,75,0.7,0.013333333333333334,0.0,0.0,0.0044444444444444444
p4_a4_combined,915,20260817,75,75,0.8,0.0,0.0,0.0,0.0
p4_a4_combined,916,20260817,75,75,0.75,0.02666666666666667,0.0,0.013333333333333334,0.013333333333333334
p4_a4_combined,917,20260817,75,75,0.75,0.0,0.0,0.0,0.0
p4_a4_combined,918,20260817,75,75,0.8,0.0,0.0,0.0,0.0
p4_a4_combined,919,20260817,75,75,0.75,0.013333333333333334,0.0,0.0,0.0044444444444444444
p4_a4_combined,920,20260817,75,75,0.8,0.0,0.0,0.0,0.0
p4_a4_combined,921,20260817,75,75,0.75,0.0,0.0,0.0,0.0
p4_a4_combined,922,20260817,75,75,0.8,0.0,0.0,0.0,0.0
p4_a4_combined,923,20260817,75,75,0.75,0.0,0.0,0.0,0.0
p4_a4_combined,924,20260817,75,75,0.75,0.0,0.0,0.0,0.0
p4_a4_combined,925,20260817,75,75,0.8,0.0,0.0,0.0,0.0
p4_a4_combined,926,20260817,75,75,0.75,0.0,0.013333333333333334,0.013333333333333334,0.008888888888888889
p4_a4_combined,927,20260817,75,75,0.75,0.0,0.013333333333333334,0.013333333333333334,0.008888888888888889
p4_a4_combined,928,20260817,75,75,0.8,0.0,0.0,0.0,0.0
p4_a4_combined,929,20260817,75,75,0.7,0.0,0.0,0.0,0.0
p4_a4_combined,930,20260817,75,75,0.75,0.02666666666666667,0.0,0.013333333333333334,0.013333333333333334
p4_a4_combined,931,20260817,75,75,0.75,0.0,0.013333333333333334,0.013333333333333334,0.008888888888888889
p4_a4_combined,932,20260817,75,75,0.75,0.013333333333333334,0.0,0.0,0.0044444444444444444
p4_a4_combined,933,20260817,75,75,0.7,0.013333333333333334,0.0,0.0,0.0044444444444444444
p4_a4_combined,934,20260817,75,75,0.7,0.02666666666666667,0.013333333333333334,0.013333333333333334,0.017777777777777778
p4_a4_combined,935,20260817,75,75,0.7,0.04,0.013333333333333334,0.013333333333333334,0.022222222222222223
p4_a4_combined,936,20260817,75,75,0.75,0.013333333333333334,0.0,0.013333333333333334,0.008888888888888889
p4_a4_combined,937,20260817,75,75,0.8,0.0,0.0,0.0,0.0
p4_a4_combined,938,20260817,75,75,0.7,0.04,0.02666666666666667,0.04,0.035555555555555556
p4_a4_combined,939,20260817,75,75,0.7,0.02666666666666667,0.0,0.0,0.008888888888888889
p4_a4_combined,940,20260817,75,75,0.75,0.0,0.0,0.0,0.0
p4_a4_combined,941,20260817,75,75,0.75,0.02666666666666667,0.0,0.0,0.008888888888888889
p4_a4_combined,942,20260817,75,75,0.75,0.0,0.0,0.0,0.0
p4_a4_combined,943,20260817,75,75,0.75,0.0,0.0,0.0,0.0
p4_a4_combined,944,20260817,75,75,0.75,0.013333333333333334,0.0,0.02666666666666667,0.013333333333333334
p4_a4_combined,945,20260817,75,75,0.75,0.0,0.0,0.0,0.0
p4_a4_combined,946,20260817,75,75,0.75,0.02666666666666667,0.0,0.013333333333333334,0.013333333333333334
p4_a4_combined,947,20260817,75,75,0.8,0.0,0.0,0.0,0.0
p4_a4_combined,948,20260817,75,75,0.75,0.013333333333333334,0.0,0.013333333333333334,0.008888888888888889
p4_a4_combined,949,20260817,75,75,0.75,0.0,0.013333333333333334,0.013333333333333334,0.008888888888888889
p4_a4_combined,950,20260817,75,75,0.75,0.0,0.013333333333333334,0.013333333333333334,0.008888888888888889
p4_a4_combined,951,20260817,75,75,0.8,0.0,0.0,0.0,0.0
p4_a4_combined,952,20260817,75,75,0.75,0.0,0.0,0.0,0.0
p4_a4_combined,953,20260817,75,75,0.75,0.0,0.0,0.0,0.0
p4_a4_combined,954,20260817,75,75,0.8,0.0,0.0,0.0,0.0
p4_a4_combined,955,20260817,75,75,0.75,0.0,0.0,0.0,0.0
p4_a4_combined,956,20260817,75,75,0.75,0.0,0.013333333333333334,0.0,0.0044444444444444444
p4_a4_combined,957,20260817,75,75,0.75,0.013333333333333334,0.0,0.013333333333333334,0.008888888888888889
p4_a4_combined,958,20260817,75,75,0.7,0.05333333333333334,0.013333333333333334,0.0,0.022222222222222223
p4_a4_combined,959,20260817,75,75,0.8,0.0,0.0,0.0,0.0
p4_a4_combined,960,20260817,75,75,0.75,0.0,0.0,0.0,0.0
p4_a4_combined,961,20260817,75,75,0.8,0.0,0.0,0.0,0.0
p4_a4_combined,962,20260817,75,75,0.65,0.04,0.013333333333333334,0.013333333333333334,0.022222222222222223
p4_a4_combined,963,20260817,75,75,0.75,0.0,0.013333333333333334,0.013333333333333334,0.008888888888888889
p4_a4_combined,964,20260817,75,75,0.75,0.0,0.0,0.0,0.0
p4_a4_combined,965,20260817,75,75,0.7,0.0,0.0,0.0,0.0
p4_a4_combined,966,20260817,75,75,0.7,0.013333333333333334,0.0,0.013333333333333334,0.008888888888888889
p4_a4_combined,967,20260817,75,75,0.75,0.013333333333333334,0.0,0.013333333333333334,0.008888888888888889
p4_a4_combined,968,20260817,75,75,0.75,0.02666666666666667,0.0,0.02666666666666667,0.017777777777777778
p4_a4_combined,969,20260817,75,75,0.75,0.0,0.0,0.0,0.0
p4_a4_combined,970,20260817,75,75,0.75,0.04,0.013333333333333334,0.02666666666666667,0.02666666666666667
p4_a4_combined,971,20260817,75,75,0.7,0.05333333333333334,0.013333333333333334,0.0,0.022222222222222223
p4_a4_combined,972,20260817,75,75,0.8,0.0,0.0,0.0,0.0
p4_a4_combined,973,20260817,75,75,0.8,0.0,0.0,0.0,0.0
p4_a4_combined,974,20260817,75,75,0.8,0.0,0.0,0.0,0.0
p4_a4_combined,975,20260817,75,75,0.7,0.0,0.0,0.0,0.0
p4_a4_combined,976,20260817,75,75,0.8,0.0,0.0,0.0,0.0
p4_a4_combined,977,20260817,75,75,0.7,0.013333333333333334,0.0,0.0,0.0044444444444444444
p4_a4_combined,978,20260817,75,75,0.75,0.0,0.0,0.0,0.0
p4_a4_combined,979,20260817,75,75,0.75,0.02666666666666667,0.0,0.013333333333333334,0.013333333333333334
p4_a4_combined,980,20260817,75,75,0.8,0.0,0.0,0.0,0.0
p4_a4_combined,981,20260817,75,75,0.7,0.013333333333333334,0.013333333333333334,0.0,0.008888888888888889
p4_a4_combined,982,20260817,75,75,0.75,0.0,0.0,0.0,0.0
p4_a4_combined,983,20260817,75,75,0.8,0.013333333333333334,0.0,0.0,0.0044444444444444444
p4_a4_combined,984,20260817,75,75,0.8,0.013333333333333334,0.0,0.0,0.0044444444444444444
p4_a4_combined,985,20260817,75,75,0.75,0.0,0.0,0.0,0.0
p4_a4_combined,986,20260817,75,75,0.7,0.02666666666666667,0.013333333333333334,0.0,0.013333333333333334
p4_a4_combined,987,20260817,75,75,0.75,0.0,0.013333333333333334,0.0,0.0044444444444444444
p4_a4_combined,988,20260817,75,75,0.7,0.04,0.0,0.0,0.013333333333333334
p4_a4_combined,989,20260817,75,75,0.7,0.013333333333333334,0.02666666666666667,0.0,0.013333333333333334
p4_a4_combined,990,20260817,75,75,0.7,0.013333333333333334,0.013333333333333334,0.0,0.008888888888888889
p4_a4_combined,991,20260817,75,75,0.75,0.013333333333333334,0.0,0.0,0.0044444444444444444
p4_a4_combined,992,20260817,75,75,0.75,0.02666666666666667,0.013333333333333334,0.013333333333333334,0.017777777777777778
p4_a4_combined,993,20260817,75,75,0.7,0.04,0.02666666666666667,0.0,0.022222222222222223
p4_a4_combined,994,20260817,75,75,0.75,0.02666666666666667,0.0,0.013333333333333334,0.013333333333333334
p4_a4_combined,995,20260817,75,75,0.75,0.013333333333333334,0.0,0.0,0.0044444444444444444
p4_a4_combined,996,20260817,75,75,0.8,0.0,0.0,0.0,0.0
p4_a4_combined,997,20260817,75,75,0.8,0.0,0.0,0.0,0.0
p4_a4_combined,998,20260817,75,75,0.75,0.0,0.0,0.0,0.0
p4_a4_combined,999,20260817,75,75,0.8,0.0,0.0,0.0,0.0
