source_id,tile_id,split,image_path,x,y,width,height,source_width,source_height,tile_index,overlap_with_previous_x,annotations
100000022,100000022__x0000_y0000,test,clean/100000022__x0000_y0000.bmp,0,0,1024,1024,2800,1024,0,,[]
100000022,100000022__x0896_y0000,test,clean/100000022__x0896_y0000.bmp,896,0,1024,1024,2800,1024,1,128,[]
100000022,100000022__x1776_y0000,test,clean/100000022__x1776_y0000.bmp,1776,0,1024,1024,2800,1024,2,144,[]
100000024,100000024__x0000_y0000,test,clean/100000024__x0000_y0000.bmp,0,0,1024,1024,2766,1024,0,,[]
100000024,100000024__x0896_y0000,test,clean/100000024__x0896_y0000.bmp,896,0,1024,1024,2766,1024,1,128,[]
100000024,100000024__x1742_y0000,test,clean/100000024__x1742_y0000.bmp,1742,0,1024,1024,2766,1024,2,178,[]
100000050,100000050__x0000_y0000,test,clean/100000050__x0000_y0000.bmp,0,0,1024,1024,2800,1024,0,,[]
100000050,100000050__x0896_y0000,test,clean/100000050__x0896_y0000.bmp,896,0,1024,1024,2800,1024,1,128,[]
100000050,100000050__x1776_y0000,test,clean/100000050__x1776_y0000.bmp,1776,0,1024,1024,2800,1024,2,144,[]
100000052,100000052__x0000_y0000,test,clean/100000052__x0000_y0000.bmp,0,0,1024,1024,2800,1024,0,,[]
100000052,100000052__x0896_y0000,test,clean/100000052__x0896_y0000.bmp,896,0,1024,1024,2800,1024,1,128,[]
100000052,100000052__x1776_y0000,test,clean/100000052__x1776_y0000.bmp,1776,0,1024,1024,2800,1024,2,144,[]
100000058,100000058__x0000_y0000,test,clean/100000058__x0000_y0000.bmp,0,0,1024,1024,2800,1024,0,,[]
100000058,100000058__x0896_y0000,test,clean/100000058__x0896_y0000.bmp,896,0,1024,1024,2800,1024,1,128,[]
100000058,100000058__x1776_y0000,test,clean/100000058__x1776_y0000.bmp,1776,0,1024,1024,2800,1024,2,144,[]
100000078,100000078__x0000_y0000,test,clean/100000078__x0000_y0000.bmp,0,0,1024,1024,2800,1024,0,,[]
100000078,100000078__x0896_y0000,test,clean/100000078__x0896_y0000.bmp,896,0,1024,1024,2800,1024,1,128,[]
100000078,100000078__x1776_y0000,test,clean/100000078__x1776_y0000.bmp,1776,0,1024,1024,2800,1024,2,144,[]
100100006,100100006__x0000_y0000,test,clean/100100006__x0000_y0000.bmp,0,0,1024,1024,2800,1024,0,,[]
100100006,100100006__x0896_y0000,test,clean/100100006__x0896_y0000.bmp,896,0,1024,1024,2800,1024,1,128,[]
100100006,100100006__x1776_y0000,test,clean/100100006__x1776_y0000.bmp,1776,0,1024,1024,2800,1024,2,144,[]
100100007,100100007__x0000_y0000,test,clean/100100007__x0000_y0000.bmp,0,0,1024,1024,2800,1024,0,,[]
100100007,100100007__x0896_y0000,test,clean/100100007__x0896_y0000.bmp,896,0,1024,1024,2800,1024,1,128,[]
100100007,100100007__x1776_y0000,test,clean/100100007__x1776_y0000.bmp,1776,0,1024,1024,2800,1024,2,144,[]
100100028,100100028__x0000_y0000,test,clean/100100028__x0000_y0000.bmp,0,0,1024,1024,2800,1024,0,,[]
100100028,100100028__x0896_y0000,test,clean/100100028__x0896_y0000.bmp,896,0,1024,1024,2800,1024,1,128,[]
100100028,100100028__x1776_y0000,test,clean/100100028__x1776_y0000.bmp,1776,0,1024,1024,2800,1024,2,144,[]
100100065,100100065__x0000_y0000,test,clean/100100065__x0000_y0000.bmp,0,0,1024,1024,2800,1024,0,,[]
100100065,100100065__x0896_y0000,test,clean/100100065__x0896_y0000.bmp,896,0,1024,1024,2800,1024,1,128,[]
100100065,100100065__x1776_y0000,test,clean/100100065__x1776_y0000.bmp,1776,0,1024,1024,2800,1024,2,144,[]
100100067,100100067__x0000_y0000,test,clean/100100067__x0000_y0000.bmp,0,0,1024,1024,2800,1024,0,,[]
100100067,100100067__x0896_y0000,test,clean/100100067__x0896_y0000.bmp,896,0,1024,1024,2800,1024,1,128,[]
100100067,100100067__x1776_y0000,test,clean/100100067__x1776_y0000.bmp,1776,0,1024,1024,2800,1024,2,144,[]
100100082,100100082__x0000_y0000,test,clean/100100082__x0000_y0000.bmp,0,0,1024,1024,2800,1024,0,,[]
100100082,100100082__x0896_y0000,test,clean/100100082__x0896_y0000.bmp,896,0,1024,1024,2800,1024,1,128,[]
100100082,100100082__x1776_y0000,test,clean/100100082__x1776_y0000.bmp,1776,0,1024,1024,2800,1024,2,144,[]
100100084,100100084__x0000_y0000,test,clean/100100084__x0000_y0000.bmp,0,0,1024,1024,2800,1024,0,,[]
100100084,100100084__x0896_y0000,test,clean/100100084__x0896_y0000.bmp,896,0,1024,1024,2800,1024,1,128,[]
100100084,100100084__x1776_y0000,test,clean/100100084__x1776_y0000.bmp,1776,0,1024,1024,2800,1024,2,144,[]
100500012,100500012__x0000_y0000,test,clean/100500012__x0000_y0000.bmp,0,0,1024,1024,2800,1024,0,,[]
100500012,100500012__x0896_y0000,test,clean/100500012__x0896_y0000.bmp,896,0,1024,1024,2800,1024,1,128,[]
100500012,100500012__x1776_y0000,test,clean/100500012__x1776_y0000.bmp,1776,0,1024,1024,2800,1024,2,144,[]
100500025,100500025__x0000_y0000,test,clean/100500025__x0000_y0000.bmp,0,0,1024,1024,2800,1024,0,,[]
100500025,100500025__x0896_y0000,test,clean/100500025__x0896_y0000.bmp,896,0,1024,1024,2800,1024,1,128,[]
100500025,100500025__x1776_y0000,test,clean/100500025__x1776_y0000.bmp,1776,0,1024,1024,2800,1024,2,144,[]
100500027,100500027__x0000_y0000,test,clean/100500027__x0000_y0000.bmp,0,0,1024,1024,2800,1024,0,,[]
100500027,100500027__x0896_y0000,test,clean/100500027__x0896_y0000.bmp,896,0,1024,1024,2800,1024,1,128,[]
100500027,100500027__x1776_y0000,test,clean/100500027__x1776_y0000.bmp,1776,0,1024,1024,2800,1024,2,144,[]
100500032,100500032__x0000_y0000,test,clean/100500032__x0000_y0000.bmp,0,0,1024,1024,2800,1024,0,,[]
100500032,100500032__x0896_y0000,test,clean/100500032__x0896_y0000.bmp,896,0,1024,1024,2800,1024,1,128,[]
100500032,100500032__x1776_y0000,test,clean/100500032__x1776_y0000.bmp,1776,0,1024,1024,2800,1024,2,144,[]
100500033,100500033__x0000_y0000,test,clean/100500033__x0000_y0000.bmp,0,0,1024,1024,2800,1024,0,,[]
100500033,100500033__x0896_y0000,test,clean/100500033__x0896_y0000.bmp,896,0,1024,1024,2800,1024,1,128,[]
100500033,100500033__x1776_y0000,test,clean/100500033__x1776_y0000.bmp,1776,0,1024,1024,2800,1024,2,144,[]
100500037,100500037__x0000_y0000,test,clean/100500037__x0000_y0000.bmp,0,0,1024,1024,2800,1024,0,,[]
100500037,100500037__x0896_y0000,test,clean/100500037__x0896_y0000.bmp,896,0,1024,1024,2800,1024,1,128,[]
100500037,100500037__x1776_y0000,test,clean/100500037__x1776_y0000.bmp,1776,0,1024,1024,2800,1024,2,144,[]
100500040,100500040__x0000_y0000,test,clean/100500040__x0000_y0000.bmp,0,0,1024,1024,2800,1024,0,,[]
100500040,100500040__x0896_y0000,test,clean/100500040__x0896_y0000.bmp,896,0,1024,1024,2800,1024,1,128,[]
100500040,100500040__x1776_y0000,test,clean/100500040__x1776_y0000.bmp,1776,0,1024,1024,2800,1024,2,144,[]
100500041,100500041__x0000_y0000,test,clean/100500041__x0000_y0000.bmp,0,0,1024,1024,2800,1024,0,,[]
100500041,100500041__x0896_y0000,test,clean/100500041__x0896_y0000.bmp,896,0,1024,1024,2800,1024,1,128,[]
100500041,100500041__x1776_y0000,test,clean/100500041__x1776_y0000.bmp,1776,0,1024,1024,2800,1024,2,144,[]
100500044,100500044__x0000_y0000,test,clean/100500044__x0000_y0000.bmp,0,0,1024,1024,2800,1024,0,,[]
100500044,100500044__x0896_y0000,test,clean/100500044__x0896_y0000.bmp,896,0,1024,1024,2800,1024,1,128,[]
100500044,100500044__x1776_y0000,test,clean/100500044__x1776_y0000.bmp,1776,0,1024,1024,2800,1024,2,144,[]
100500045,100500045__x0000_y0000,test,clean/100500045__x0000_y0000.bmp,0,0,1024,1024,2800,1024,0,,[]
100500045,100500045__x0896_y0000,test,clean/100500045__x0896_y0000.bmp,896,0,1024,1024,2800,1024,1,128,[]
100500045,100500045__x1776_y0000,test,clean/100500045__x1776_y0000.bmp,1776,0,1024,1024,2800,1024,2,144,[]
100500049,100500049__x0000_y0000,test,clean/100500049__x0000_y0000.bmp,0,0,1024,1024,2800,1024,0,,[]
100500049,100500049__x0896_y0000,test,clean/100500049__x0896_y0000.bmp,896,0,1024,1024,2800,1024,1,128,[]
100500049,100500049__x1776_y0000,test,clean/100500049__x1776_y0000.bmp,1776,0,1024,1024,2800,1024,2,144,[]
100500080,100500080__x0000_y0000,test,clean/100500080__x0000_y0000.bmp,0,0,1024,1024,2800,1024,0,,[]
100500080,100500080__x0896_y0000,test,clean/100500080__x0896_y0000.bmp,896,0,1024,1024,2800,1024,1,128,[]
100500080,100500080__x1776_y0000,test,clean/100500080__x1776_y0000.bmp,1776,0,1024,1024,2800,1024,2,144,[]
100700002,100700002__x0000_y0000,test,clean/100700002__x0000_y0000.bmp,0,0,1024,1024,2800,1024,0,,[]
100700002,100700002__x0896_y0000,test,clean/100700002__x0896_y0000.bmp,896,0,1024,1024,2800,1024,1,128,[]
100700002,100700002__x1776_y0000,test,clean/100700002__x1776_y0000.bmp,1776,0,1024,1024,2800,1024,2,144,[]
100700010,100700010__x0000_y0000,test,clean/100700010__x0000_y0000.bmp,0,0,1024,1024,2800,1024,0,,[]
100700010,100700010__x0896_y0000,test,clean/100700010__x0896_y0000.bmp,896,0,1024,1024,2800,1024,1,128,[]
100700010,100700010__x1776_y0000,test,clean/100700010__x1776_y0000.bmp,1776,0,1024,1024,2800,1024,2,144,[]
100700011,100700011__x0000_y0000,test,clean/100700011__x0000_y0000.bmp,0,0,1024,1024,2800,1024,0,,[]
100700011,100700011__x0896_y0000,test,clean/100700011__x0896_y0000.bmp,896,0,1024,1024,2800,1024,1,128,[]
100700011,100700011__x1776_y0000,test,clean/100700011__x1776_y0000.bmp,1776,0,1024,1024,2800,1024,2,144,[]
100700015,100700015__x0000_y0000,test,clean/100700015__x0000_y0000.bmp,0,0,1024,1024,2800,1024,0,,[]
100700015,100700015__x0896_y0000,test,clean/100700015__x0896_y0000.bmp,896,0,1024,1024,2800,1024,1,128,[]
100700015,100700015__x1776_y0000,test,clean/100700015__x1776_y0000.bmp,1776,0,1024,1024,2800,1024,2,144,[]
101100030,101100030__x0000_y0000,test,clean/101100030__x0000_y0000.bmp,0,0,1024,1024,2800,1024,0,,[]
101100030,101100030__x0896_y0000,test,clean/101100030__x0896_y0000.bmp,896,0,1024,1024,2800,1024,1,128,[]
101100030,101100030__x1776_y0000,test,clean/101100030__x1776_y0000.bmp,1776,0,1024,1024,2800,1024,2,144,[]
101100031,101100031__x0000_y0000,test,clean/101100031__x0000_y0000.bmp,0,0,1024,1024,2800,1024,0,,[]
101100031,101100031__x0896_y0000,test,clean/101100031__x0896_y0000.bmp,896,0,1024,1024,2800,1024,1,128,[]
101100031,101100031__x1776_y0000,test,clean/101100031__x1776_y0000.bmp,1776,0,1024,1024,2800,1024,2,144,[]
101100035,101100035__x0000_y0000,test,clean/101100035__x0000_y0000.bmp,0,0,1024,1024,2800,1024,0,,[]
101100035,101100035__x0896_y0000,test,clean/101100035__x0896_y0000.bmp,896,0,1024,1024,2800,1024,1,128,[]
101100035,101100035__x1776_y0000,test,clean/101100035__x1776_y0000.bmp,1776,0,1024,1024,2800,1024,2,144,[]
101100041,101100041__x0000_y0000,test,clean/101100041__x0000_y0000.bmp,0,0,1024,1024,2800,1024,0,,[]
101100041,101100041__x0896_y0000,test,clean/101100041__x0896_y0000.bmp,896,0,1024,1024,2800,1024,1,128,[]
101100041,101100041__x1776_y0000,test,clean/101100041__x1776_y0000.bmp,1776,0,1024,1024,2800,1024,2,144,[]
101100063,101100063__x0000_y0000,test,clean/101100063__x0000_y0000.bmp,0,0,1024,1024,2800,1024,0,,[]
101100063,101100063__x0896_y0000,test,clean/101100063__x0896_y0000.bmp,896,0,1024,1024,2800,1024,1,128,[]
101100063,101100063__x1776_y0000,test,clean/101100063__x1776_y0000.bmp,1776,0,1024,1024,2800,1024,2,144,[]
101500004,101500004__x0000_y0000,test,clean/101500004__x0000_y0000.bmp,0,0,1024,1024,2800,1024,0,,[]
101500004,101500004__x0896_y0000,test,clean/101500004__x0896_y0000.bmp,896,0,1024,1024,2800,1024,1,128,[]
101500004,101500004__x1776_y0000,test,clean/101500004__x1776_y0000.bmp,1776,0,1024,1024,2800,1024,2,144,[]
101500006,101500006__x0000_y0000,test,clean/101500006__x0000_y0000.bmp,0,0,1024,1024,2800,1024,0,,[]
101500006,101500006__x0896_y0000,test,clean/101500006__x0896_y0000.bmp,896,0,1024,1024,2800,1024,1,128,[]
101500006,101500006__x1776_y0000,test,clean/101500006__x1776_y0000.bmp,1776,0,1024,1024,2800,1024,2,144,[]
101500042,101500042__x0000_y0000,test,clean/101500042__x0000_y0000.bmp,0,0,1024,1024,2800,1024,0,,[]
101500042,101500042__x0896_y0000,test,clean/101500042__x0896_y0000.bmp,896,0,1024,1024,2800,1024,1,128,[]
101500042,101500042__x1776_y0000,test,clean/101500042__x1776_y0000.bmp,1776,0,1024,1024,2800,1024,2,144,[]
101500043,101500043__x0000_y0000,test,clean/101500043__x0000_y0000.bmp,0,0,1024,1024,2800,1024,0,,[]
101500043,101500043__x0896_y0000,test,clean/101500043__x0896_y0000.bmp,896,0,1024,1024,2800,1024,1,128,[]
101500043,101500043__x1776_y0000,test,clean/101500043__x1776_y0000.bmp,1776,0,1024,1024,2800,1024,2,144,[]
101500045,101500045__x0000_y0000,test,clean/101500045__x0000_y0000.bmp,0,0,1024,1024,2800,1024,0,,[]
101500045,101500045__x0896_y0000,test,clean/101500045__x0896_y0000.bmp,896,0,1024,1024,2800,1024,1,128,[]
101500045,101500045__x1776_y0000,test,clean/101500045__x1776_y0000.bmp,1776,0,1024,1024,2800,1024,2,144,[]
101600008,101600008__x0000_y0000,test,clean/101600008__x0000_y0000.bmp,0,0,1024,1024,2800,1024,0,,[]
101600008,101600008__x0896_y0000,test,clean/101600008__x0896_y0000.bmp,896,0,1024,1024,2800,1024,1,128,[]
101600008,101600008__x1776_y0000,test,clean/101600008__x1776_y0000.bmp,1776,0,1024,1024,2800,1024,2,144,[]
101600011,101600011__x0000_y0000,test,clean/101600011__x0000_y0000.bmp,0,0,1024,1024,2800,1024,0,,[]
101600011,101600011__x0896_y0000,test,clean/101600011__x0896_y0000.bmp,896,0,1024,1024,2800,1024,1,128,[]
101600011,101600011__x1776_y0000,test,clean/101600011__x1776_y0000.bmp,1776,0,1024,1024,2800,1024,2,144,[]
101600018,101600018__x0000_y0000,test,clean/101600018__x0000_y0000.bmp,0,0,1024,1024,2800,1024,0,,[]
101600018,101600018__x0896_y0000,test,clean/101600018__x0896_y0000.bmp,896,0,1024,1024,2800,1024,1,128,[]
101600018,101600018__x1776_y0000,test,clean/101600018__x1776_y0000.bmp,1776,0,1024,1024,2800,1024,2,144,[]
101600019,101600019__x0000_y0000,test,clean/101600019__x0000_y0000.bmp,0,0,1024,1024,2800,1024,0,,[]
101600019,101600019__x0896_y0000,test,clean/101600019__x0896_y0000.bmp,896,0,1024,1024,2800,1024,1,128,[]
101600019,101600019__x1776_y0000,test,clean/101600019__x1776_y0000.bmp,1776,0,1024,1024,2800,1024,2,144,[]
101600020,101600020__x0000_y0000,test,clean/101600020__x0000_y0000.bmp,0,0,1024,1024,2800,1024,0,,[]
101600020,101600020__x0896_y0000,test,clean/101600020__x0896_y0000.bmp,896,0,1024,1024,2800,1024,1,128,[]
101600020,101600020__x1776_y0000,test,clean/101600020__x1776_y0000.bmp,1776,0,1024,1024,2800,1024,2,144,[]
101600022,101600022__x0000_y0000,test,clean/101600022__x0000_y0000.bmp,0,0,1024,1024,2800,1024,0,,[]
101600022,101600022__x0896_y0000,test,clean/101600022__x0896_y0000.bmp,896,0,1024,1024,2800,1024,1,128,[]
101600022,101600022__x1776_y0000,test,clean/101600022__x1776_y0000.bmp,1776,0,1024,1024,2800,1024,2,144,[]
101600024,101600024__x0000_y0000,test,clean/101600024__x0000_y0000.bmp,0,0,1024,1024,2800,1024,0,,[]
101600024,101600024__x0896_y0000,test,clean/101600024__x0896_y0000.bmp,896,0,1024,1024,2800,1024,1,128,[]
101600024,101600024__x1776_y0000,test,clean/101600024__x1776_y0000.bmp,1776,0,1024,1024,2800,1024,2,144,[]
101600028,101600028__x0000_y0000,test,clean/101600028__x0000_y0000.bmp,0,0,1024,1024,2800,1024,0,,[]
101600028,101600028__x0896_y0000,test,clean/101600028__x0896_y0000.bmp,896,0,1024,1024,2800,1024,1,128,[]
101600028,101600028__x1776_y0000,test,clean/101600028__x1776_y0000.bmp,1776,0,1024,1024,2800,1024,2,144,[]
101600060,101600060__x0000_y0000,test,clean/101600060__x0000_y0000.bmp,0,0,1024,1024,2800,1024,0,,[]
101600060,101600060__x0896_y0000,test,clean/101600060__x0896_y0000.bmp,896,0,1024,1024,2800,1024,1,128,[]
101600060,101600060__x1776_y0000,test,clean/101600060__x1776_y0000.bmp,1776,0,1024,1024,2800,1024,2,144,[]
101600062,101600062__x0000_y0000,test,clean/101600062__x0000_y0000.bmp,0,0,1024,1024,2800,1024,0,,[]
101600062,101600062__x0896_y0000,test,clean/101600062__x0896_y0000.bmp,896,0,1024,1024,2800,1024,1,128,[]
101600062,101600062__x1776_y0000,test,clean/101600062__x1776_y0000.bmp,1776,0,1024,1024,2800,1024,2,144,[]
101600070,101600070__x0000_y0000,test,clean/101600070__x0000_y0000.bmp,0,0,1024,1024,2800,1024,0,,[]
101600070,101600070__x0896_y0000,test,clean/101600070__x0896_y0000.bmp,896,0,1024,1024,2800,1024,1,128,[]
101600070,101600070__x1776_y0000,test,clean/101600070__x1776_y0000.bmp,1776,0,1024,1024,2800,1024,2,144,[]
101600075,101600075__x0000_y0000,test,clean/101600075__x0000_y0000.bmp,0,0,1024,1024,2800,1024,0,,[]
101600075,101600075__x0896_y0000,test,clean/101600075__x0896_y0000.bmp,896,0,1024,1024,2800,1024,1,128,[]
101600075,101600075__x1776_y0000,test,clean/101600075__x1776_y0000.bmp,1776,0,1024,1024,2800,1024,2,144,[]
101600078,101600078__x0000_y0000,test,clean/101600078__x0000_y0000.bmp,0,0,1024,1024,2800,1024,0,,[]
101600078,101600078__x0896_y0000,test,clean/101600078__x0896_y0000.bmp,896,0,1024,1024,2800,1024,1,128,[]
101600078,101600078__x1776_y0000,test,clean/101600078__x1776_y0000.bmp,1776,0,1024,1024,2800,1024,2,144,[]
101600079,101600079__x0000_y0000,test,clean/101600079__x0000_y0000.bmp,0,0,1024,1024,2800,1024,0,,[]
101600079,101600079__x0896_y0000,test,clean/101600079__x0896_y0000.bmp,896,0,1024,1024,2800,1024,1,128,[]
101600079,101600079__x1776_y0000,test,clean/101600079__x1776_y0000.bmp,1776,0,1024,1024,2800,1024,2,144,[]
101700016,101700016__x0000_y0000,test,clean/101700016__x0000_y0000.bmp,0,0,1024,1024,2800,1024,0,,[]
101700016,101700016__x0896_y0000,test,clean/101700016__x0896_y0000.bmp,896,0,1024,1024,2800,1024,1,128,[]
101700016,101700016__x1776_y0000,test,clean/101700016__x1776_y0000.bmp,1776,0,1024,1024,2800,1024,2,144,[]
101700022,101700022__x0000_y0000,test,clean/101700022__x0000_y0000.bmp,0,0,1024,1024,2800,1024,0,,[]
101700022,101700022__x0896_y0000,test,clean/101700022__x0896_y0000.bmp,896,0,1024,1024,2800,1024,1,128,[]
101700022,101700022__x1776_y0000,test,clean/101700022__x1776_y0000.bmp,1776,0,1024,1024,2800,1024,2,144,[]
101700025,101700025__x0000_y0000,test,clean/101700025__x0000_y0000.bmp,0,0,1024,1024,2800,1024,0,,[]
101700025,101700025__x0896_y0000,test,clean/101700025__x0896_y0000.bmp,896,0,1024,1024,2800,1024,1,128,[]
101700025,101700025__x1776_y0000,test,clean/101700025__x1776_y0000.bmp,1776,0,1024,1024,2800,1024,2,144,[]
101700037,101700037__x0000_y0000,test,clean/101700037__x0000_y0000.bmp,0,0,1024,1024,2800,1024,0,,[]
101700037,101700037__x0896_y0000,test,clean/101700037__x0896_y0000.bmp,896,0,1024,1024,2800,1024,1,128,[]
101700037,101700037__x1776_y0000,test,clean/101700037__x1776_y0000.bmp,1776,0,1024,1024,2800,1024,2,144,[]
101700042,101700042__x0000_y0000,test,clean/101700042__x0000_y0000.bmp,0,0,1024,1024,2800,1024,0,,[]
101700042,101700042__x0896_y0000,test,clean/101700042__x0896_y0000.bmp,896,0,1024,1024,2800,1024,1,128,[]
101700042,101700042__x1776_y0000,test,clean/101700042__x1776_y0000.bmp,1776,0,1024,1024,2800,1024,2,144,[]
101700043,101700043__x0000_y0000,test,clean/101700043__x0000_y0000.bmp,0,0,1024,1024,2800,1024,0,,[]
101700043,101700043__x0896_y0000,test,clean/101700043__x0896_y0000.bmp,896,0,1024,1024,2800,1024,1,128,[]
101700043,101700043__x1776_y0000,test,clean/101700043__x1776_y0000.bmp,1776,0,1024,1024,2800,1024,2,144,[]
101800008,101800008__x0000_y0000,test,clean/101800008__x0000_y0000.bmp,0,0,1024,1024,2800,1024,0,,[]
101800008,101800008__x0896_y0000,test,clean/101800008__x0896_y0000.bmp,896,0,1024,1024,2800,1024,1,128,[]
101800008,101800008__x1776_y0000,test,clean/101800008__x1776_y0000.bmp,1776,0,1024,1024,2800,1024,2,144,[]
101900000,101900000__x0000_y0000,test,clean/101900000__x0000_y0000.bmp,0,0,1024,1024,2800,1024,0,,[]
101900000,101900000__x0896_y0000,test,clean/101900000__x0896_y0000.bmp,896,0,1024,1024,2800,1024,1,128,[]
101900000,101900000__x1776_y0000,test,clean/101900000__x1776_y0000.bmp,1776,0,1024,1024,2800,1024,2,144,[]
101900006,101900006__x0000_y0000,test,clean/101900006__x0000_y0000.bmp,0,0,1024,1024,2800,1024,0,,[]
101900006,101900006__x0896_y0000,test,clean/101900006__x0896_y0000.bmp,896,0,1024,1024,2800,1024,1,128,[]
101900006,101900006__x1776_y0000,test,clean/101900006__x1776_y0000.bmp,1776,0,1024,1024,2800,1024,2,144,[]
101900015,101900015__x0000_y0000,test,clean/101900015__x0000_y0000.bmp,0,0,1024,1024,2800,1024,0,,[]
101900015,101900015__x0896_y0000,test,clean/101900015__x0896_y0000.bmp,896,0,1024,1024,2800,1024,1,128,[]
101900015,101900015__x1776_y0000,test,clean/101900015__x1776_y0000.bmp,1776,0,1024,1024,2800,1024,2,144,[]
101900044,101900044__x0000_y0000,test,clean/101900044__x0000_y0000.bmp,0,0,1024,1024,2800,1024,0,,[]
101900044,101900044__x0896_y0000,test,clean/101900044__x0896_y0000.bmp,896,0,1024,1024,2800,1024,1,128,[]
101900044,101900044__x1776_y0000,test,clean/101900044__x1776_y0000.bmp,1776,0,1024,1024,2800,1024,2,144,[]
101900051,101900051__x0000_y0000,test,clean/101900051__x0000_y0000.bmp,0,0,1024,1024,2800,1024,0,,[]
101900051,101900051__x0896_y0000,test,clean/101900051__x0896_y0000.bmp,896,0,1024,1024,2800,1024,1,128,[]
101900051,101900051__x1776_y0000,test,clean/101900051__x1776_y0000.bmp,1776,0,1024,1024,2800,1024,2,144,[]
101900056,101900056__x0000_y0000,test,clean/101900056__x0000_y0000.bmp,0,0,1024,1024,2800,1024,0,,[]
101900056,101900056__x0896_y0000,test,clean/101900056__x0896_y0000.bmp,896,0,1024,1024,2800,1024,1,128,[]
101900056,101900056__x1776_y0000,test,clean/101900056__x1776_y0000.bmp,1776,0,1024,1024,2800,1024,2,144,[]
101900061,101900061__x0000_y0000,test,clean/101900061__x0000_y0000.bmp,0,0,1024,1024,2800,1024,0,,[]
101900061,101900061__x0896_y0000,test,clean/101900061__x0896_y0000.bmp,896,0,1024,1024,2800,1024,1,128,[]
101900061,101900061__x1776_y0000,test,clean/101900061__x1776_y0000.bmp,1776,0,1024,1024,2800,1024,2,144,[]
101900062,101900062__x0000_y0000,test,clean/101900062__x0000_y0000.bmp,0,0,1024,1024,2800,1024,0,,[]
101900062,101900062__x0896_y0000,test,clean/101900062__x0896_y0000.bmp,896,0,1024,1024,2800,1024,1,128,[]
101900062,101900062__x1776_y0000,test,clean/101900062__x1776_y0000.bmp,1776,0,1024,1024,2800,1024,2,144,[]
101900068,101900068__x0000_y0000,test,clean/101900068__x0000_y0000.bmp,0,0,1024,1024,2800,1024,0,,[]
101900068,101900068__x0896_y0000,test,clean/101900068__x0896_y0000.bmp,896,0,1024,1024,2800,1024,1,128,[]
101900068,101900068__x1776_y0000,test,clean/101900068__x1776_y0000.bmp,1776,0,1024,1024,2800,1024,2,144,[]
102100011,102100011__x0000_y0000,test,clean/102100011__x0000_y0000.bmp,0,0,1024,1024,2800,1024,0,,[]
102100011,102100011__x0896_y0000,test,clean/102100011__x0896_y0000.bmp,896,0,1024,1024,2800,1024,1,128,[]
102100011,102100011__x1776_y0000,test,clean/102100011__x1776_y0000.bmp,1776,0,1024,1024,2800,1024,2,144,[]
103000005,103000005__x0000_y0000,test,clean/103000005__x0000_y0000.bmp,0,0,1024,1024,2800,1024,0,,[]
103000005,103000005__x0896_y0000,test,clean/103000005__x0896_y0000.bmp,896,0,1024,1024,2800,1024,1,128,[]
103000005,103000005__x1776_y0000,test,clean/103000005__x1776_y0000.bmp,1776,0,1024,1024,2800,1024,2,144,[]
103000025,103000025__x0000_y0000,test,clean/103000025__x0000_y0000.bmp,0,0,1024,1024,2800,1024,0,,[]
103000025,103000025__x0896_y0000,test,clean/103000025__x0896_y0000.bmp,896,0,1024,1024,2800,1024,1,128,[]
103000025,103000025__x1776_y0000,test,clean/103000025__x1776_y0000.bmp,1776,0,1024,1024,2800,1024,2,144,[]
103000031,103000031__x0000_y0000,test,clean/103000031__x0000_y0000.bmp,0,0,1024,1024,2800,1024,0,,[]
103000031,103000031__x0896_y0000,test,clean/103000031__x0896_y0000.bmp,896,0,1024,1024,2800,1024,1,128,[]
103000031,103000031__x1776_y0000,test,clean/103000031__x1776_y0000.bmp,1776,0,1024,1024,2800,1024,2,144,[]
103200084,103200084__x0000_y0000,test,clean/103200084__x0000_y0000.bmp,0,0,1024,1024,2800,1024,0,,[]
103200084,103200084__x0896_y0000,test,clean/103200084__x0896_y0000.bmp,896,0,1024,1024,2800,1024,1,128,[]
103200084,103200084__x1776_y0000,test,clean/103200084__x1776_y0000.bmp,1776,0,1024,1024,2800,1024,2,144,[]
103300012,103300012__x0000_y0000,test,clean/103300012__x0000_y0000.bmp,0,0,1024,1024,2800,1024,0,,[]
103300012,103300012__x0896_y0000,test,clean/103300012__x0896_y0000.bmp,896,0,1024,1024,2800,1024,1,128,[]
103300012,103300012__x1776_y0000,test,clean/103300012__x1776_y0000.bmp,1776,0,1024,1024,2800,1024,2,144,[]
103300014,103300014__x0000_y0000,test,clean/103300014__x0000_y0000.bmp,0,0,1024,1024,2800,1024,0,,[]
103300014,103300014__x0896_y0000,test,clean/103300014__x0896_y0000.bmp,896,0,1024,1024,2800,1024,1,128,[]
103300014,103300014__x1776_y0000,test,clean/103300014__x1776_y0000.bmp,1776,0,1024,1024,2800,1024,2,144,[]
103300020,103300020__x0000_y0000,test,clean/103300020__x0000_y0000.bmp,0,0,1024,1024,2800,1024,0,,[]
103300020,103300020__x0896_y0000,test,clean/103300020__x0896_y0000.bmp,896,0,1024,1024,2800,1024,1,128,[]
103300020,103300020__x1776_y0000,test,clean/103300020__x1776_y0000.bmp,1776,0,1024,1024,2800,1024,2,144,[]
103300022,103300022__x0000_y0000,test,clean/103300022__x0000_y0000.bmp,0,0,1024,1024,2800,1024,0,,[]
103300022,103300022__x0896_y0000,test,clean/103300022__x0896_y0000.bmp,896,0,1024,1024,2800,1024,1,128,[]
103300022,103300022__x1776_y0000,test,clean/103300022__x1776_y0000.bmp,1776,0,1024,1024,2800,1024,2,144,[]
103300026,103300026__x0000_y0000,test,clean/103300026__x0000_y0000.bmp,0,0,1024,1024,2800,1024,0,,[]
103300026,103300026__x0896_y0000,test,clean/103300026__x0896_y0000.bmp,896,0,1024,1024,2800,1024,1,128,[]
103300026,103300026__x1776_y0000,test,clean/103300026__x1776_y0000.bmp,1776,0,1024,1024,2800,1024,2,144,[]
103300031,103300031__x0000_y0000,test,clean/103300031__x0000_y0000.bmp,0,0,1024,1024,2800,1024,0,,[]
103300031,103300031__x0896_y0000,test,clean/103300031__x0896_y0000.bmp,896,0,1024,1024,2800,1024,1,128,[]
103300031,103300031__x1776_y0000,test,clean/103300031__x1776_y0000.bmp,1776,0,1024,1024,2800,1024,2,144,[]
103300034,103300034__x0000_y0000,test,clean/103300034__x0000_y0000.bmp,0,0,1024,1024,2800,1024,0,,[]
103300034,103300034__x0896_y0000,test,clean/103300034__x0896_y0000.bmp,896,0,1024,1024,2800,1024,1,128,[]
103300034,103300034__x1776_y0000,test,clean/103300034__x1776_y0000.bmp,1776,0,1024,1024,2800,1024,2,144,[]
103300036,103300036__x0000_y0000,test,clean/103300036__x0000_y0000.bmp,0,0,1024,1024,2800,1024,0,,[]
103300036,103300036__x0896_y0000,test,clean/103300036__x0896_y0000.bmp,896,0,1024,1024,2800,1024,1,128,[]
103300036,103300036__x1776_y0000,test,clean/103300036__x1776_y0000.bmp,1776,0,1024,1024,2800,1024,2,144,[]
103300039,103300039__x0000_y0000,test,clean/103300039__x0000_y0000.bmp,0,0,1024,1024,2800,1024,0,,[]
103300039,103300039__x0896_y0000,test,clean/103300039__x0896_y0000.bmp,896,0,1024,1024,2800,1024,1,128,[]
103300039,103300039__x1776_y0000,test,clean/103300039__x1776_y0000.bmp,1776,0,1024,1024,2800,1024,2,144,[]
103300040,103300040__x0000_y0000,test,clean/103300040__x0000_y0000.bmp,0,0,1024,1024,2800,1024,0,,[]
103300040,103300040__x0896_y0000,test,clean/103300040__x0896_y0000.bmp,896,0,1024,1024,2800,1024,1,128,[]
103300040,103300040__x1776_y0000,test,clean/103300040__x1776_y0000.bmp,1776,0,1024,1024,2800,1024,2,144,[]
103300042,103300042__x0000_y0000,test,clean/103300042__x0000_y0000.bmp,0,0,1024,1024,2800,1024,0,,[]
103300042,103300042__x0896_y0000,test,clean/103300042__x0896_y0000.bmp,896,0,1024,1024,2800,1024,1,128,[]
103300042,103300042__x1776_y0000,test,clean/103300042__x1776_y0000.bmp,1776,0,1024,1024,2800,1024,2,144,[]
103400036,103400036__x0000_y0000,test,clean/103400036__x0000_y0000.bmp,0,0,1024,1024,2800,1024,0,,[]
103400036,103400036__x0896_y0000,test,clean/103400036__x0896_y0000.bmp,896,0,1024,1024,2800,1024,1,128,[]
103400036,103400036__x1776_y0000,test,clean/103400036__x1776_y0000.bmp,1776,0,1024,1024,2800,1024,2,144,[]
103400049,103400049__x0000_y0000,test,clean/103400049__x0000_y0000.bmp,0,0,1024,1024,2800,1024,0,,[]
103400049,103400049__x0896_y0000,test,clean/103400049__x0896_y0000.bmp,896,0,1024,1024,2800,1024,1,128,[]
103400049,103400049__x1776_y0000,test,clean/103400049__x1776_y0000.bmp,1776,0,1024,1024,2800,1024,2,144,[]
103400059,103400059__x0000_y0000,test,clean/103400059__x0000_y0000.bmp,0,0,1024,1024,2800,1024,0,,[]
103400059,103400059__x0896_y0000,test,clean/103400059__x0896_y0000.bmp,896,0,1024,1024,2800,1024,1,128,[]
103400059,103400059__x1776_y0000,test,clean/103400059__x1776_y0000.bmp,1776,0,1024,1024,2800,1024,2,144,[]
103500007,103500007__x0000_y0000,test,clean/103500007__x0000_y0000.bmp,0,0,1024,1024,2800,1024,0,,[]
103500007,103500007__x0896_y0000,test,clean/103500007__x0896_y0000.bmp,896,0,1024,1024,2800,1024,1,128,[]
103500007,103500007__x1776_y0000,test,clean/103500007__x1776_y0000.bmp,1776,0,1024,1024,2800,1024,2,144,[]
103500043,103500043__x0000_y0000,test,clean/103500043__x0000_y0000.bmp,0,0,1024,1024,2800,1024,0,,[]
103500043,103500043__x0896_y0000,test,clean/103500043__x0896_y0000.bmp,896,0,1024,1024,2800,1024,1,128,[]
103500043,103500043__x1776_y0000,test,clean/103500043__x1776_y0000.bmp,1776,0,1024,1024,2800,1024,2,144,[]
103700020,103700020__x0000_y0000,test,clean/103700020__x0000_y0000.bmp,0,0,1024,1024,2800,1024,0,,[]
103700020,103700020__x0896_y0000,test,clean/103700020__x0896_y0000.bmp,896,0,1024,1024,2800,1024,1,128,[]
103700020,103700020__x1776_y0000,test,clean/103700020__x1776_y0000.bmp,1776,0,1024,1024,2800,1024,2,144,[]
103700021,103700021__x0000_y0000,test,clean/103700021__x0000_y0000.bmp,0,0,1024,1024,2800,1024,0,,[]
103700021,103700021__x0896_y0000,test,clean/103700021__x0896_y0000.bmp,896,0,1024,1024,2800,1024,1,128,[]
103700021,103700021__x1776_y0000,test,clean/103700021__x1776_y0000.bmp,1776,0,1024,1024,2800,1024,2,144,[]
103700029,103700029__x0000_y0000,test,clean/103700029__x0000_y0000.bmp,0,0,1024,1024,2800,1024,0,,[]
103700029,103700029__x0896_y0000,test,clean/103700029__x0896_y0000.bmp,896,0,1024,1024,2800,1024,1,128,[]
103700029,103700029__x1776_y0000,test,clean/103700029__x1776_y0000.bmp,1776,0,1024,1024,2800,1024,2,144,[]
103700031,103700031__x0000_y0000,test,clean/103700031__x0000_y0000.bmp,0,0,1024,1024,2800,1024,0,,[]
103700031,103700031__x0896_y0000,test,clean/103700031__x0896_y0000.bmp,896,0,1024,1024,2800,1024,1,128,[]
103700031,103700031__x1776_y0000,test,clean/103700031__x1776_y0000.bmp,1776,0,1024,1024,2800,1024,2,144,[]
103700035,103700035__x0000_y0000,test,clean/103700035__x0000_y0000.bmp,0,0,1024,1024,2800,1024,0,,[]
103700035,103700035__x0896_y0000,test,clean/103700035__x0896_y0000.bmp,896,0,1024,1024,2800,1024,1,128,[]
103700035,103700035__x1776_y0000,test,clean/103700035__x1776_y0000.bmp,1776,0,1024,1024,2800,1024,2,144,[]
103700041,103700041__x0000_y0000,test,clean/103700041__x0000_y0000.bmp,0,0,1024,1024,2800,1024,0,,[]
103700041,103700041__x0896_y0000,test,clean/103700041__x0896_y0000.bmp,896,0,1024,1024,2800,1024,1,128,[]
103700041,103700041__x1776_y0000,test,clean/103700041__x1776_y0000.bmp,1776,0,1024,1024,2800,1024,2,144,[]
103700045,103700045__x0000_y0000,test,clean/103700045__x0000_y0000.bmp,0,0,1024,1024,2800,1024,0,,[]
103700045,103700045__x0896_y0000,test,clean/103700045__x0896_y0000.bmp,896,0,1024,1024,2800,1024,1,128,[]
103700045,103700045__x1776_y0000,test,clean/103700045__x1776_y0000.bmp,1776,0,1024,1024,2800,1024,2,144,[]
103700046,103700046__x0000_y0000,test,clean/103700046__x0000_y0000.bmp,0,0,1024,1024,2800,1024,0,,[]
103700046,103700046__x0896_y0000,test,clean/103700046__x0896_y0000.bmp,896,0,1024,1024,2800,1024,1,128,[]
103700046,103700046__x1776_y0000,test,clean/103700046__x1776_y0000.bmp,1776,0,1024,1024,2800,1024,2,144,[]
103700049,103700049__x0000_y0000,test,clean/103700049__x0000_y0000.bmp,0,0,1024,1024,2800,1024,0,,[]
103700049,103700049__x0896_y0000,test,clean/103700049__x0896_y0000.bmp,896,0,1024,1024,2800,1024,1,128,[]
103700049,103700049__x1776_y0000,test,clean/103700049__x1776_y0000.bmp,1776,0,1024,1024,2800,1024,2,144,[]
103900001,103900001__x0000_y0000,test,clean/103900001__x0000_y0000.bmp,0,0,1024,1024,2800,1024,0,,[]
103900001,103900001__x0896_y0000,test,clean/103900001__x0896_y0000.bmp,896,0,1024,1024,2800,1024,1,128,[]
103900001,103900001__x1776_y0000,test,clean/103900001__x1776_y0000.bmp,1776,0,1024,1024,2800,1024,2,144,[]
103900002,103900002__x0000_y0000,test,clean/103900002__x0000_y0000.bmp,0,0,1024,1024,2800,1024,0,,[]
103900002,103900002__x0896_y0000,test,clean/103900002__x0896_y0000.bmp,896,0,1024,1024,2800,1024,1,128,[]
103900002,103900002__x1776_y0000,test,clean/103900002__x1776_y0000.bmp,1776,0,1024,1024,2800,1024,2,144,[]
103900005,103900005__x0000_y0000,test,clean/103900005__x0000_y0000.bmp,0,0,1024,1024,2800,1024,0,,[]
103900005,103900005__x0896_y0000,test,clean/103900005__x0896_y0000.bmp,896,0,1024,1024,2800,1024,1,128,[]
103900005,103900005__x1776_y0000,test,clean/103900005__x1776_y0000.bmp,1776,0,1024,1024,2800,1024,2,144,[]
103900011,103900011__x0000_y0000,test,clean/103900011__x0000_y0000.bmp,0,0,1024,1024,2800,1024,0,,[]
103900011,103900011__x0896_y0000,test,clean/103900011__x0896_y0000.bmp,896,0,1024,1024,2800,1024,1,128,[]
103900011,103900011__x1776_y0000,test,clean/103900011__x1776_y0000.bmp,1776,0,1024,1024,2800,1024,2,144,[]
103900016,103900016__x0000_y0000,test,clean/103900016__x0000_y0000.bmp,0,0,1024,1024,2800,1024,0,,[]
103900016,103900016__x0896_y0000,test,clean/103900016__x0896_y0000.bmp,896,0,1024,1024,2800,1024,1,128,[]
103900016,103900016__x1776_y0000,test,clean/103900016__x1776_y0000.bmp,1776,0,1024,1024,2800,1024,2,144,[]
103900024,103900024__x0000_y0000,test,clean/103900024__x0000_y0000.bmp,0,0,1024,1024,2800,1024,0,,[]
103900024,103900024__x0896_y0000,test,clean/103900024__x0896_y0000.bmp,896,0,1024,1024,2800,1024,1,128,[]
103900024,103900024__x1776_y0000,test,clean/103900024__x1776_y0000.bmp,1776,0,1024,1024,2800,1024,2,144,[]
103900026,103900026__x0000_y0000,test,clean/103900026__x0000_y0000.bmp,0,0,1024,1024,2793,1024,0,,[]
103900026,103900026__x0896_y0000,test,clean/103900026__x0896_y0000.bmp,896,0,1024,1024,2793,1024,1,128,[]
103900026,103900026__x1769_y0000,test,clean/103900026__x1769_y0000.bmp,1769,0,1024,1024,2793,1024,2,151,[]
103900049,103900049__x0000_y0000,test,clean/103900049__x0000_y0000.bmp,0,0,1024,1024,2800,1024,0,,[]
103900049,103900049__x0896_y0000,test,clean/103900049__x0896_y0000.bmp,896,0,1024,1024,2800,1024,1,128,[]
103900049,103900049__x1776_y0000,test,clean/103900049__x1776_y0000.bmp,1776,0,1024,1024,2800,1024,2,144,[]
103900058,103900058__x0000_y0000,test,clean/103900058__x0000_y0000.bmp,0,0,1024,1024,2800,1024,0,,[]
103900058,103900058__x0896_y0000,test,clean/103900058__x0896_y0000.bmp,896,0,1024,1024,2800,1024,1,128,[]
103900058,103900058__x1776_y0000,test,clean/103900058__x1776_y0000.bmp,1776,0,1024,1024,2800,1024,2,144,[]
103900060,103900060__x0000_y0000,test,clean/103900060__x0000_y0000.bmp,0,0,1024,1024,2800,1024,0,,[]
103900060,103900060__x0896_y0000,test,clean/103900060__x0896_y0000.bmp,896,0,1024,1024,2800,1024,1,128,[]
103900060,103900060__x1776_y0000,test,clean/103900060__x1776_y0000.bmp,1776,0,1024,1024,2800,1024,2,144,[]
103900064,103900064__x0000_y0000,test,clean/103900064__x0000_y0000.bmp,0,0,1024,1024,2800,1024,0,,[]
103900064,103900064__x0896_y0000,test,clean/103900064__x0896_y0000.bmp,896,0,1024,1024,2800,1024,1,128,[]
103900064,103900064__x1776_y0000,test,clean/103900064__x1776_y0000.bmp,1776,0,1024,1024,2800,1024,2,144,[]
103900068,103900068__x0000_y0000,test,clean/103900068__x0000_y0000.bmp,0,0,1024,1024,2800,1024,0,,[]
103900068,103900068__x0896_y0000,test,clean/103900068__x0896_y0000.bmp,896,0,1024,1024,2800,1024,1,128,[]
103900068,103900068__x1776_y0000,test,clean/103900068__x1776_y0000.bmp,1776,0,1024,1024,2800,1024,2,144,[]
104600049,104600049__x0000_y0000,test,clean/104600049__x0000_y0000.bmp,0,0,1024,1024,2800,1024,0,,[]
104600049,104600049__x0896_y0000,test,clean/104600049__x0896_y0000.bmp,896,0,1024,1024,2800,1024,1,128,[]
104600049,104600049__x1776_y0000,test,clean/104600049__x1776_y0000.bmp,1776,0,1024,1024,2800,1024,2,144,[]
104600056,104600056__x0000_y0000,test,clean/104600056__x0000_y0000.bmp,0,0,1024,1024,2800,1024,0,,[]
104600056,104600056__x0896_y0000,test,clean/104600056__x0896_y0000.bmp,896,0,1024,1024,2800,1024,1,128,[]
104600056,104600056__x1776_y0000,test,clean/104600056__x1776_y0000.bmp,1776,0,1024,1024,2800,1024,2,144,[]
104600061,104600061__x0000_y0000,test,clean/104600061__x0000_y0000.bmp,0,0,1024,1024,2800,1024,0,,[]
104600061,104600061__x0896_y0000,test,clean/104600061__x0896_y0000.bmp,896,0,1024,1024,2800,1024,1,128,[]
104600061,104600061__x1776_y0000,test,clean/104600061__x1776_y0000.bmp,1776,0,1024,1024,2800,1024,2,144,[]
104600062,104600062__x0000_y0000,test,clean/104600062__x0000_y0000.bmp,0,0,1024,1024,2800,1024,0,,[]
104600062,104600062__x0896_y0000,test,clean/104600062__x0896_y0000.bmp,896,0,1024,1024,2800,1024,1,128,[]
104600062,104600062__x1776_y0000,test,clean/104600062__x1776_y0000.bmp,1776,0,1024,1024,2800,1024,2,144,[]
104600063,104600063__x0000_y0000,test,clean/104600063__x0000_y0000.bmp,0,0,1024,1024,2800,1024,0,,[]
104600063,104600063__x0896_y0000,test,clean/104600063__x0896_y0000.bmp,896,0,1024,1024,2800,1024,1,128,[]
104600063,104600063__x1776_y0000,test,clean/104600063__x1776_y0000.bmp,1776,0,1024,1024,2800,1024,2,144,[]
104600064,104600064__x0000_y0000,test,clean/104600064__x0000_y0000.bmp,0,0,1024,1024,2800,1024,0,,[]
104600064,104600064__x0896_y0000,test,clean/104600064__x0896_y0000.bmp,896,0,1024,1024,2800,1024,1,128,[]
104600064,104600064__x1776_y0000,test,clean/104600064__x1776_y0000.bmp,1776,0,1024,1024,2800,1024,2,144,[]
104600065,104600065__x0000_y0000,test,clean/104600065__x0000_y0000.bmp,0,0,1024,1024,2800,1024,0,,[]
104600065,104600065__x0896_y0000,test,clean/104600065__x0896_y0000.bmp,896,0,1024,1024,2800,1024,1,128,[]
104600065,104600065__x1776_y0000,test,clean/104600065__x1776_y0000.bmp,1776,0,1024,1024,2800,1024,2,144,[]
104600081,104600081__x0000_y0000,test,clean/104600081__x0000_y0000.bmp,0,0,1024,1024,2800,1024,0,,[]
104600081,104600081__x0896_y0000,test,clean/104600081__x0896_y0000.bmp,896,0,1024,1024,2800,1024,1,128,[]
104600081,104600081__x1776_y0000,test,clean/104600081__x1776_y0000.bmp,1776,0,1024,1024,2800,1024,2,144,[]
104700020,104700020__x0000_y0000,test,clean/104700020__x0000_y0000.bmp,0,0,1024,1024,2800,1024,0,,[]
104700020,104700020__x0896_y0000,test,clean/104700020__x0896_y0000.bmp,896,0,1024,1024,2800,1024,1,128,[]
104700020,104700020__x1776_y0000,test,clean/104700020__x1776_y0000.bmp,1776,0,1024,1024,2800,1024,2,144,[]
104700029,104700029__x0000_y0000,test,clean/104700029__x0000_y0000.bmp,0,0,1024,1024,2800,1024,0,,[]
104700029,104700029__x0896_y0000,test,clean/104700029__x0896_y0000.bmp,896,0,1024,1024,2800,1024,1,128,[]
104700029,104700029__x1776_y0000,test,clean/104700029__x1776_y0000.bmp,1776,0,1024,1024,2800,1024,2,144,[]
104700041,104700041__x0000_y0000,test,clean/104700041__x0000_y0000.bmp,0,0,1024,1024,2800,1024,0,,[]
104700041,104700041__x0896_y0000,test,clean/104700041__x0896_y0000.bmp,896,0,1024,1024,2800,1024,1,128,[]
104700041,104700041__x1776_y0000,test,clean/104700041__x1776_y0000.bmp,1776,0,1024,1024,2800,1024,2,144,[]
104700043,104700043__x0000_y0000,test,clean/104700043__x0000_y0000.bmp,0,0,1024,1024,2800,1024,0,,[]
104700043,104700043__x0896_y0000,test,clean/104700043__x0896_y0000.bmp,896,0,1024,1024,2800,1024,1,128,[]
104700043,104700043__x1776_y0000,test,clean/104700043__x1776_y0000.bmp,1776,0,1024,1024,2800,1024,2,144,[]
104700044,104700044__x0000_y0000,test,clean/104700044__x0000_y0000.bmp,0,0,1024,1024,2800,1024,0,,[]
104700044,104700044__x0896_y0000,test,clean/104700044__x0896_y0000.bmp,896,0,1024,1024,2800,1024,1,128,[]
104700044,104700044__x1776_y0000,test,clean/104700044__x1776_y0000.bmp,1776,0,1024,1024,2800,1024,2,144,[]
104700071,104700071__x0000_y0000,test,clean/104700071__x0000_y0000.bmp,0,0,1024,1024,2800,1024,0,,[]
104700071,104700071__x0896_y0000,test,clean/104700071__x0896_y0000.bmp,896,0,1024,1024,2800,1024,1,128,[]
104700071,104700071__x1776_y0000,test,clean/104700071__x1776_y0000.bmp,1776,0,1024,1024,2800,1024,2,144,[]
104700072,104700072__x0000_y0000,test,clean/104700072__x0000_y0000.bmp,0,0,1024,1024,2800,1024,0,,[]
104700072,104700072__x0896_y0000,test,clean/104700072__x0896_y0000.bmp,896,0,1024,1024,2800,1024,1,128,[]
104700072,104700072__x1776_y0000,test,clean/104700072__x1776_y0000.bmp,1776,0,1024,1024,2800,1024,2,144,[]
104800005,104800005__x0000_y0000,test,clean/104800005__x0000_y0000.bmp,0,0,1024,1024,2800,1024,0,,[]
104800005,104800005__x0896_y0000,test,clean/104800005__x0896_y0000.bmp,896,0,1024,1024,2800,1024,1,128,[]
104800005,104800005__x1776_y0000,test,clean/104800005__x1776_y0000.bmp,1776,0,1024,1024,2800,1024,2,144,[]
104800019,104800019__x0000_y0000,test,clean/104800019__x0000_y0000.bmp,0,0,1024,1024,2800,1024,0,,[]
104800019,104800019__x0896_y0000,test,clean/104800019__x0896_y0000.bmp,896,0,1024,1024,2800,1024,1,128,[]
104800019,104800019__x1776_y0000,test,clean/104800019__x1776_y0000.bmp,1776,0,1024,1024,2800,1024,2,144,[]
104900014,104900014__x0000_y0000,test,clean/104900014__x0000_y0000.bmp,0,0,1024,1024,2800,1024,0,,[]
104900014,104900014__x0896_y0000,test,clean/104900014__x0896_y0000.bmp,896,0,1024,1024,2800,1024,1,128,[]
104900014,104900014__x1776_y0000,test,clean/104900014__x1776_y0000.bmp,1776,0,1024,1024,2800,1024,2,144,[]
104900019,104900019__x0000_y0000,test,clean/104900019__x0000_y0000.bmp,0,0,1024,1024,2800,1024,0,,[]
104900019,104900019__x0896_y0000,test,clean/104900019__x0896_y0000.bmp,896,0,1024,1024,2800,1024,1,128,[]
104900019,104900019__x1776_y0000,test,clean/104900019__x1776_y0000.bmp,1776,0,1024,1024,2800,1024,2,144,[]
104900027,104900027__x0000_y0000,test,clean/104900027__x0000_y0000.bmp,0,0,1024,1024,2800,1024,0,,[]
104900027,104900027__x0896_y0000,test,clean/104900027__x0896_y0000.bmp,896,0,1024,1024,2800,1024,1,128,[]
104900027,104900027__x1776_y0000,test,clean/104900027__x1776_y0000.bmp,1776,0,1024,1024,2800,1024,2,144,[]
104900030,104900030__x0000_y0000,test,clean/104900030__x0000_y0000.bmp,0,0,1024,1024,2800,1024,0,,[]
104900030,104900030__x0896_y0000,test,clean/104900030__x0896_y0000.bmp,896,0,1024,1024,2800,1024,1,128,[]
104900030,104900030__x1776_y0000,test,clean/104900030__x1776_y0000.bmp,1776,0,1024,1024,2800,1024,2,144,[]
104900047,104900047__x0000_y0000,test,clean/104900047__x0000_y0000.bmp,0,0,1024,1024,2800,1024,0,,[]
104900047,104900047__x0896_y0000,test,clean/104900047__x0896_y0000.bmp,896,0,1024,1024,2800,1024,1,128,[]
104900047,104900047__x1776_y0000,test,clean/104900047__x1776_y0000.bmp,1776,0,1024,1024,2800,1024,2,144,[]
104900051,104900051__x0000_y0000,test,clean/104900051__x0000_y0000.bmp,0,0,1024,1024,2800,1024,0,,[]
104900051,104900051__x0896_y0000,test,clean/104900051__x0896_y0000.bmp,896,0,1024,1024,2800,1024,1,128,[]
104900051,104900051__x1776_y0000,test,clean/104900051__x1776_y0000.bmp,1776,0,1024,1024,2800,1024,2,144,[]
104900067,104900067__x0000_y0000,test,clean/104900067__x0000_y0000.bmp,0,0,1024,1024,2800,1024,0,,[]
104900067,104900067__x0896_y0000,test,clean/104900067__x0896_y0000.bmp,896,0,1024,1024,2800,1024,1,128,[]
104900067,104900067__x1776_y0000,test,clean/104900067__x1776_y0000.bmp,1776,0,1024,1024,2800,1024,2,144,[]
104900069,104900069__x0000_y0000,test,clean/104900069__x0000_y0000.bmp,0,0,1024,1024,2800,1024,0,,[]
104900069,104900069__x0896_y0000,test,clean/104900069__x0896_y0000.bmp,896,0,1024,1024,2800,1024,1,128,[]
104900069,104900069__x1776_y0000,test,clean/104900069__x1776_y0000.bmp,1776,0,1024,1024,2800,1024,2,144,[]
105100004,105100004__x0000_y0000,test,clean/105100004__x0000_y0000.bmp,0,0,1024,1024,2800,1024,0,,[]
105100004,105100004__x0896_y0000,test,clean/105100004__x0896_y0000.bmp,896,0,1024,1024,2800,1024,1,128,[]
105100004,105100004__x1776_y0000,test,clean/105100004__x1776_y0000.bmp,1776,0,1024,1024,2800,1024,2,144,[]
105100015,105100015__x0000_y0000,test,clean/105100015__x0000_y0000.bmp,0,0,1024,1024,2800,1024,0,,[]
105100015,105100015__x0896_y0000,test,clean/105100015__x0896_y0000.bmp,896,0,1024,1024,2800,1024,1,128,[]
105100015,105100015__x1776_y0000,test,clean/105100015__x1776_y0000.bmp,1776,0,1024,1024,2800,1024,2,144,[]
105100041,105100041__x0000_y0000,test,clean/105100041__x0000_y0000.bmp,0,0,1024,1024,2800,1024,0,,[]
105100041,105100041__x0896_y0000,test,clean/105100041__x0896_y0000.bmp,896,0,1024,1024,2800,1024,1,128,[]
105100041,105100041__x1776_y0000,test,clean/105100041__x1776_y0000.bmp,1776,0,1024,1024,2800,1024,2,144,[]
105100043,105100043__x0000_y0000,test,clean/105100043__x0000_y0000.bmp,0,0,1024,1024,2800,1024,0,,[]
105100043,105100043__x0896_y0000,test,clean/105100043__x0896_y0000.bmp,896,0,1024,1024,2800,1024,1,128,[]
105100043,105100043__x1776_y0000,test,clean/105100043__x1776_y0000.bmp,1776,0,1024,1024,2800,1024,2,144,[]
105100046,105100046__x0000_y0000,test,clean/105100046__x0000_y0000.bmp,0,0,1024,1024,2800,1024,0,,[]
105100046,105100046__x0896_y0000,test,clean/105100046__x0896_y0000.bmp,896,0,1024,1024,2800,1024,1,128,[]
105100046,105100046__x1776_y0000,test,clean/105100046__x1776_y0000.bmp,1776,0,1024,1024,2800,1024,2,144,[]
105100054,105100054__x0000_y0000,test,clean/105100054__x0000_y0000.bmp,0,0,1024,1024,2800,1024,0,,[]
105100054,105100054__x0896_y0000,test,clean/105100054__x0896_y0000.bmp,896,0,1024,1024,2800,1024,1,128,[]
105100054,105100054__x1776_y0000,test,clean/105100054__x1776_y0000.bmp,1776,0,1024,1024,2800,1024,2,144,[]
105100083,105100083__x0000_y0000,test,clean/105100083__x0000_y0000.bmp,0,0,1024,1024,2800,1024,0,,[]
105100083,105100083__x0896_y0000,test,clean/105100083__x0896_y0000.bmp,896,0,1024,1024,2800,1024,1,128,[]
105100083,105100083__x1776_y0000,test,clean/105100083__x1776_y0000.bmp,1776,0,1024,1024,2800,1024,2,144,[]
105200025,105200025__x0000_y0000,test,clean/105200025__x0000_y0000.bmp,0,0,1024,1024,2800,1024,0,,[]
105200025,105200025__x0896_y0000,test,clean/105200025__x0896_y0000.bmp,896,0,1024,1024,2800,1024,1,128,[]
105200025,105200025__x1776_y0000,test,clean/105200025__x1776_y0000.bmp,1776,0,1024,1024,2800,1024,2,144,[]
105200045,105200045__x0000_y0000,test,clean/105200045__x0000_y0000.bmp,0,0,1024,1024,2800,1024,0,,[]
105200045,105200045__x0896_y0000,test,clean/105200045__x0896_y0000.bmp,896,0,1024,1024,2800,1024,1,128,[]
105200045,105200045__x1776_y0000,test,clean/105200045__x1776_y0000.bmp,1776,0,1024,1024,2800,1024,2,144,[]
105200046,105200046__x0000_y0000,test,clean/105200046__x0000_y0000.bmp,0,0,1024,1024,2800,1024,0,,[]
105200046,105200046__x0896_y0000,test,clean/105200046__x0896_y0000.bmp,896,0,1024,1024,2800,1024,1,128,[]
105200046,105200046__x1776_y0000,test,clean/105200046__x1776_y0000.bmp,1776,0,1024,1024,2800,1024,2,144,[]
105200050,105200050__x0000_y0000,test,clean/105200050__x0000_y0000.bmp,0,0,1024,1024,2800,1024,0,,[]
105200050,105200050__x0896_y0000,test,clean/105200050__x0896_y0000.bmp,896,0,1024,1024,2800,1024,1,128,[]
105200050,105200050__x1776_y0000,test,clean/105200050__x1776_y0000.bmp,1776,0,1024,1024,2800,1024,2,144,[]
105300000,105300000__x0000_y0000,test,clean/105300000__x0000_y0000.bmp,0,0,1024,1024,2800,1024,0,,[]
105300000,105300000__x0896_y0000,test,clean/105300000__x0896_y0000.bmp,896,0,1024,1024,2800,1024,1,128,[]
105300000,105300000__x1776_y0000,test,clean/105300000__x1776_y0000.bmp,1776,0,1024,1024,2800,1024,2,144,[]
105300029,105300029__x0000_y0000,test,clean/105300029__x0000_y0000.bmp,0,0,1024,1024,2800,1024,0,,[]
105300029,105300029__x0896_y0000,test,clean/105300029__x0896_y0000.bmp,896,0,1024,1024,2800,1024,1,128,[]
105300029,105300029__x1776_y0000,test,clean/105300029__x1776_y0000.bmp,1776,0,1024,1024,2800,1024,2,144,[]
105300044,105300044__x0000_y0000,test,clean/105300044__x0000_y0000.bmp,0,0,1024,1024,2800,1024,0,,[]
105300044,105300044__x0896_y0000,test,clean/105300044__x0896_y0000.bmp,896,0,1024,1024,2800,1024,1,128,[]
105300044,105300044__x1776_y0000,test,clean/105300044__x1776_y0000.bmp,1776,0,1024,1024,2800,1024,2,144,[]
105300046,105300046__x0000_y0000,test,clean/105300046__x0000_y0000.bmp,0,0,1024,1024,2800,1024,0,,[]
105300046,105300046__x0896_y0000,test,clean/105300046__x0896_y0000.bmp,896,0,1024,1024,2800,1024,1,128,[]
105300046,105300046__x1776_y0000,test,clean/105300046__x1776_y0000.bmp,1776,0,1024,1024,2800,1024,2,144,[]
105300049,105300049__x0000_y0000,test,clean/105300049__x0000_y0000.bmp,0,0,1024,1024,2800,1024,0,,[]
105300049,105300049__x0896_y0000,test,clean/105300049__x0896_y0000.bmp,896,0,1024,1024,2800,1024,1,128,[]
105300049,105300049__x1776_y0000,test,clean/105300049__x1776_y0000.bmp,1776,0,1024,1024,2800,1024,2,144,[]
105300057,105300057__x0000_y0000,test,clean/105300057__x0000_y0000.bmp,0,0,1024,1024,2800,1024,0,,[]
105300057,105300057__x0896_y0000,test,clean/105300057__x0896_y0000.bmp,896,0,1024,1024,2800,1024,1,128,[]
105300057,105300057__x1776_y0000,test,clean/105300057__x1776_y0000.bmp,1776,0,1024,1024,2800,1024,2,144,[]
105300072,105300072__x0000_y0000,test,clean/105300072__x0000_y0000.bmp,0,0,1024,1024,2800,1024,0,,[]
105300072,105300072__x0896_y0000,test,clean/105300072__x0896_y0000.bmp,896,0,1024,1024,2800,1024,1,128,[]
105300072,105300072__x1776_y0000,test,clean/105300072__x1776_y0000.bmp,1776,0,1024,1024,2800,1024,2,144,[]
105300081,105300081__x0000_y0000,test,clean/105300081__x0000_y0000.bmp,0,0,1024,1024,2800,1024,0,,[]
105300081,105300081__x0896_y0000,test,clean/105300081__x0896_y0000.bmp,896,0,1024,1024,2800,1024,1,128,[]
105300081,105300081__x1776_y0000,test,clean/105300081__x1776_y0000.bmp,1776,0,1024,1024,2800,1024,2,144,[]
105400065,105400065__x0000_y0000,test,clean/105400065__x0000_y0000.bmp,0,0,1024,1024,2800,1024,0,,[]
105400065,105400065__x0896_y0000,test,clean/105400065__x0896_y0000.bmp,896,0,1024,1024,2800,1024,1,128,[]
105400065,105400065__x1776_y0000,test,clean/105400065__x1776_y0000.bmp,1776,0,1024,1024,2800,1024,2,144,[]
105400066,105400066__x0000_y0000,test,clean/105400066__x0000_y0000.bmp,0,0,1024,1024,2800,1024,0,,[]
105400066,105400066__x0896_y0000,test,clean/105400066__x0896_y0000.bmp,896,0,1024,1024,2800,1024,1,128,[]
105400066,105400066__x1776_y0000,test,clean/105400066__x1776_y0000.bmp,1776,0,1024,1024,2800,1024,2,144,[]
105400069,105400069__x0000_y0000,test,clean/105400069__x0000_y0000.bmp,0,0,1024,1024,2800,1024,0,,[]
105400069,105400069__x0896_y0000,test,clean/105400069__x0896_y0000.bmp,896,0,1024,1024,2800,1024,1,128,[]
105400069,105400069__x1776_y0000,test,clean/105400069__x1776_y0000.bmp,1776,0,1024,1024,2800,1024,2,144,[]
105400071,105400071__x0000_y0000,test,clean/105400071__x0000_y0000.bmp,0,0,1024,1024,2800,1024,0,,[]
105400071,105400071__x0896_y0000,test,clean/105400071__x0896_y0000.bmp,896,0,1024,1024,2800,1024,1,128,[]
105400071,105400071__x1776_y0000,test,clean/105400071__x1776_y0000.bmp,1776,0,1024,1024,2800,1024,2,144,[]
105400072,105400072__x0000_y0000,test,clean/105400072__x0000_y0000.bmp,0,0,1024,1024,2800,1024,0,,[]
105400072,105400072__x0896_y0000,test,clean/105400072__x0896_y0000.bmp,896,0,1024,1024,2800,1024,1,128,[]
105400072,105400072__x1776_y0000,test,clean/105400072__x1776_y0000.bmp,1776,0,1024,1024,2800,1024,2,144,[]
105400073,105400073__x0000_y0000,test,clean/105400073__x0000_y0000.bmp,0,0,1024,1024,2800,1024,0,,[]
105400073,105400073__x0896_y0000,test,clean/105400073__x0896_y0000.bmp,896,0,1024,1024,2800,1024,1,128,[]
105400073,105400073__x1776_y0000,test,clean/105400073__x1776_y0000.bmp,1776,0,1024,1024,2800,1024,2,144,[]
105400077,105400077__x0000_y0000,test,clean/105400077__x0000_y0000.bmp,0,0,1024,1024,2800,1024,0,,[]
105400077,105400077__x0896_y0000,test,clean/105400077__x0896_y0000.bmp,896,0,1024,1024,2800,1024,1,128,[]
105400077,105400077__x1776_y0000,test,clean/105400077__x1776_y0000.bmp,1776,0,1024,1024,2800,1024,2,144,[]
105400079,105400079__x0000_y0000,test,clean/105400079__x0000_y0000.bmp,0,0,1024,1024,2800,1024,0,,[]
105400079,105400079__x0896_y0000,test,clean/105400079__x0896_y0000.bmp,896,0,1024,1024,2800,1024,1,128,[]
105400079,105400079__x1776_y0000,test,clean/105400079__x1776_y0000.bmp,1776,0,1024,1024,2800,1024,2,144,[]
105400084,105400084__x0000_y0000,test,clean/105400084__x0000_y0000.bmp,0,0,1024,1024,2800,1024,0,,[]
105400084,105400084__x0896_y0000,test,clean/105400084__x0896_y0000.bmp,896,0,1024,1024,2800,1024,1,128,[]
105400084,105400084__x1776_y0000,test,clean/105400084__x1776_y0000.bmp,1776,0,1024,1024,2800,1024,2,144,[]
105600008,105600008__x0000_y0000,test,clean/105600008__x0000_y0000.bmp,0,0,1024,1024,2800,1024,0,,[]
105600008,105600008__x0896_y0000,test,clean/105600008__x0896_y0000.bmp,896,0,1024,1024,2800,1024,1,128,[]
105600008,105600008__x1776_y0000,test,clean/105600008__x1776_y0000.bmp,1776,0,1024,1024,2800,1024,2,144,[]
105900002,105900002__x0000_y0000,test,clean/105900002__x0000_y0000.bmp,0,0,1024,1024,2800,1024,0,,[]
105900002,105900002__x0896_y0000,test,clean/105900002__x0896_y0000.bmp,896,0,1024,1024,2800,1024,1,128,[]
105900002,105900002__x1776_y0000,test,clean/105900002__x1776_y0000.bmp,1776,0,1024,1024,2800,1024,2,144,[]
105900013,105900013__x0000_y0000,test,clean/105900013__x0000_y0000.bmp,0,0,1024,1024,2800,1024,0,,[]
105900013,105900013__x0896_y0000,test,clean/105900013__x0896_y0000.bmp,896,0,1024,1024,2800,1024,1,128,[]
105900013,105900013__x1776_y0000,test,clean/105900013__x1776_y0000.bmp,1776,0,1024,1024,2800,1024,2,144,[]
105900043,105900043__x0000_y0000,test,clean/105900043__x0000_y0000.bmp,0,0,1024,1024,2800,1024,0,,[]
105900043,105900043__x0896_y0000,test,clean/105900043__x0896_y0000.bmp,896,0,1024,1024,2800,1024,1,128,[]
105900043,105900043__x1776_y0000,test,clean/105900043__x1776_y0000.bmp,1776,0,1024,1024,2800,1024,2,144,[]
105900048,105900048__x0000_y0000,test,clean/105900048__x0000_y0000.bmp,0,0,1024,1024,2800,1024,0,,[]
105900048,105900048__x0896_y0000,test,clean/105900048__x0896_y0000.bmp,896,0,1024,1024,2800,1024,1,128,[]
105900048,105900048__x1776_y0000,test,clean/105900048__x1776_y0000.bmp,1776,0,1024,1024,2800,1024,2,144,[]
105900049,105900049__x0000_y0000,test,clean/105900049__x0000_y0000.bmp,0,0,1024,1024,2800,1024,0,,[]
105900049,105900049__x0896_y0000,test,clean/105900049__x0896_y0000.bmp,896,0,1024,1024,2800,1024,1,128,[]
105900049,105900049__x1776_y0000,test,clean/105900049__x1776_y0000.bmp,1776,0,1024,1024,2800,1024,2,144,[]
105900051,105900051__x0000_y0000,test,clean/105900051__x0000_y0000.bmp,0,0,1024,1024,2800,1024,0,,[]
105900051,105900051__x0896_y0000,test,clean/105900051__x0896_y0000.bmp,896,0,1024,1024,2800,1024,1,128,[]
105900051,105900051__x1776_y0000,test,clean/105900051__x1776_y0000.bmp,1776,0,1024,1024,2800,1024,2,144,[]
105900080,105900080__x0000_y0000,test,clean/105900080__x0000_y0000.bmp,0,0,1024,1024,2800,1024,0,,[]
105900080,105900080__x0896_y0000,test,clean/105900080__x0896_y0000.bmp,896,0,1024,1024,2800,1024,1,128,[]
105900080,105900080__x1776_y0000,test,clean/105900080__x1776_y0000.bmp,1776,0,1024,1024,2800,1024,2,144,[]
106000024,106000024__x0000_y0000,test,clean/106000024__x0000_y0000.bmp,0,0,1024,1024,2800,1024,0,,[]
106000024,106000024__x0896_y0000,test,clean/106000024__x0896_y0000.bmp,896,0,1024,1024,2800,1024,1,128,[]
106000024,106000024__x1776_y0000,test,clean/106000024__x1776_y0000.bmp,1776,0,1024,1024,2800,1024,2,144,[]
106000038,106000038__x0000_y0000,test,clean/106000038__x0000_y0000.bmp,0,0,1024,1024,2800,1024,0,,[]
106000038,106000038__x0896_y0000,test,clean/106000038__x0896_y0000.bmp,896,0,1024,1024,2800,1024,1,128,[]
106000038,106000038__x1776_y0000,test,clean/106000038__x1776_y0000.bmp,1776,0,1024,1024,2800,1024,2,144,[]
106000039,106000039__x0000_y0000,test,clean/106000039__x0000_y0000.bmp,0,0,1024,1024,2800,1024,0,,[]
106000039,106000039__x0896_y0000,test,clean/106000039__x0896_y0000.bmp,896,0,1024,1024,2800,1024,1,128,[]
106000039,106000039__x1776_y0000,test,clean/106000039__x1776_y0000.bmp,1776,0,1024,1024,2800,1024,2,144,[]
106000043,106000043__x0000_y0000,test,clean/106000043__x0000_y0000.bmp,0,0,1024,1024,2800,1024,0,,[]
106000043,106000043__x0896_y0000,test,clean/106000043__x0896_y0000.bmp,896,0,1024,1024,2800,1024,1,128,[]
106000043,106000043__x1776_y0000,test,clean/106000043__x1776_y0000.bmp,1776,0,1024,1024,2800,1024,2,144,[]
106100063,106100063__x0000_y0000,test,clean/106100063__x0000_y0000.bmp,0,0,1024,1024,2800,1024,0,,[]
106100063,106100063__x0896_y0000,test,clean/106100063__x0896_y0000.bmp,896,0,1024,1024,2800,1024,1,128,[]
106100063,106100063__x1776_y0000,test,clean/106100063__x1776_y0000.bmp,1776,0,1024,1024,2800,1024,2,144,[]
106100072,106100072__x0000_y0000,test,clean/106100072__x0000_y0000.bmp,0,0,1024,1024,2800,1024,0,,[]
106100072,106100072__x0896_y0000,test,clean/106100072__x0896_y0000.bmp,896,0,1024,1024,2800,1024,1,128,[]
106100072,106100072__x1776_y0000,test,clean/106100072__x1776_y0000.bmp,1776,0,1024,1024,2800,1024,2,144,[]
106200068,106200068__x0000_y0000,test,clean/106200068__x0000_y0000.bmp,0,0,1024,1024,2800,1024,0,,[]
106200068,106200068__x0896_y0000,test,clean/106200068__x0896_y0000.bmp,896,0,1024,1024,2800,1024,1,128,[]
106200068,106200068__x1776_y0000,test,clean/106200068__x1776_y0000.bmp,1776,0,1024,1024,2800,1024,2,144,[]
106200079,106200079__x0000_y0000,test,clean/106200079__x0000_y0000.bmp,0,0,1024,1024,2800,1024,0,,[]
106200079,106200079__x0896_y0000,test,clean/106200079__x0896_y0000.bmp,896,0,1024,1024,2800,1024,1,128,[]
106200079,106200079__x1776_y0000,test,clean/106200079__x1776_y0000.bmp,1776,0,1024,1024,2800,1024,2,144,[]
106200083,106200083__x0000_y0000,test,clean/106200083__x0000_y0000.bmp,0,0,1024,1024,2800,1024,0,,[]
106200083,106200083__x0896_y0000,test,clean/106200083__x0896_y0000.bmp,896,0,1024,1024,2800,1024,1,128,[]
106200083,106200083__x1776_y0000,test,clean/106200083__x1776_y0000.bmp,1776,0,1024,1024,2800,1024,2,144,[]
106300003,106300003__x0000_y0000,test,clean/106300003__x0000_y0000.bmp,0,0,1024,1024,2800,1024,0,,[]
106300003,106300003__x0896_y0000,test,clean/106300003__x0896_y0000.bmp,896,0,1024,1024,2800,1024,1,128,[]
106300003,106300003__x1776_y0000,test,clean/106300003__x1776_y0000.bmp,1776,0,1024,1024,2800,1024,2,144,[]
106300012,106300012__x0000_y0000,test,clean/106300012__x0000_y0000.bmp,0,0,1024,1024,2800,1024,0,,[]
106300012,106300012__x0896_y0000,test,clean/106300012__x0896_y0000.bmp,896,0,1024,1024,2800,1024,1,128,[]
106300012,106300012__x1776_y0000,test,clean/106300012__x1776_y0000.bmp,1776,0,1024,1024,2800,1024,2,144,[]
106300015,106300015__x0000_y0000,test,clean/106300015__x0000_y0000.bmp,0,0,1024,1024,2800,1024,0,,[]
106300015,106300015__x0896_y0000,test,clean/106300015__x0896_y0000.bmp,896,0,1024,1024,2800,1024,1,128,[]
106300015,106300015__x1776_y0000,test,clean/106300015__x1776_y0000.bmp,1776,0,1024,1024,2800,1024,2,144,[]
106300034,106300034__x0000_y0000,test,clean/106300034__x0000_y0000.bmp,0,0,1024,1024,2800,1024,0,,[]
106300034,106300034__x0896_y0000,test,clean/106300034__x0896_y0000.bmp,896,0,1024,1024,2800,1024,1,128,[]
106300034,106300034__x1776_y0000,test,clean/106300034__x1776_y0000.bmp,1776,0,1024,1024,2800,1024,2,144,[]
106300035,106300035__x0000_y0000,test,clean/106300035__x0000_y0000.bmp,0,0,1024,1024,2800,1024,0,,[]
106300035,106300035__x0896_y0000,test,clean/106300035__x0896_y0000.bmp,896,0,1024,1024,2800,1024,1,128,[]
106300035,106300035__x1776_y0000,test,clean/106300035__x1776_y0000.bmp,1776,0,1024,1024,2800,1024,2,144,[]
106300036,106300036__x0000_y0000,test,clean/106300036__x0000_y0000.bmp,0,0,1024,1024,2800,1024,0,,[]
106300036,106300036__x0896_y0000,test,clean/106300036__x0896_y0000.bmp,896,0,1024,1024,2800,1024,1,128,[]
106300036,106300036__x1776_y0000,test,clean/106300036__x1776_y0000.bmp,1776,0,1024,1024,2800,1024,2,144,[]
106300041,106300041__x0000_y0000,test,clean/106300041__x0000_y0000.bmp,0,0,1024,1024,2800,1024,0,,[]
106300041,106300041__x0896_y0000,test,clean/106300041__x0896_y0000.bmp,896,0,1024,1024,2800,1024,1,128,[]
106300041,106300041__x1776_y0000,test,clean/106300041__x1776_y0000.bmp,1776,0,1024,1024,2800,1024,2,144,[]
106300049,106300049__x0000_y0000,test,clean/106300049__x0000_y0000.bmp,0,0,1024,1024,2800,1024,0,,[]
106300049,106300049__x0896_y0000,test,clean/106300049__x0896_y0000.bmp,896,0,1024,1024,2800,1024,1,128,[]
106300049,106300049__x1776_y0000,test,clean/106300049__x1776_y0000.bmp,1776,0,1024,1024,2800,1024,2,144,[]
106300051,106300051__x0000_y0000,test,clean/106300051__x0000_y0000.bmp,0,0,1024,1024,2800,1024,0,,[]
106300051,106300051__x0896_y0000,test,clean/106300051__x0896_y0000.bmp,896,0,1024,1024,2800,1024,1,128,[]
106300051,106300051__x1776_y0000,test,clean/106300051__x1776_y0000.bmp,1776,0,1024,1024,2800,1024,2,144,[]
106500012,106500012__x0000_y0000,test,clean/106500012__x0000_y0000.bmp,0,0,1024,1024,2800,1024,0,,[]
106500012,106500012__x0896_y0000,test,clean/106500012__x0896_y0000.bmp,896,0,1024,1024,2800,1024,1,128,[]
106500012,106500012__x1776_y0000,test,clean/106500012__x1776_y0000.bmp,1776,0,1024,1024,2800,1024,2,144,[]
106500065,106500065__x0000_y0000,test,clean/106500065__x0000_y0000.bmp,0,0,1024,1024,2800,1024,0,,[]
106500065,106500065__x0896_y0000,test,clean/106500065__x0896_y0000.bmp,896,0,1024,1024,2800,1024,1,128,[]
106500065,106500065__x1776_y0000,test,clean/106500065__x1776_y0000.bmp,1776,0,1024,1024,2800,1024,2,144,[]
106600000,106600000__x0000_y0000,test,clean/106600000__x0000_y0000.bmp,0,0,1024,1024,2800,1024,0,,[]
106600000,106600000__x0896_y0000,test,clean/106600000__x0896_y0000.bmp,896,0,1024,1024,2800,1024,1,128,[]
106600000,106600000__x1776_y0000,test,clean/106600000__x1776_y0000.bmp,1776,0,1024,1024,2800,1024,2,144,[]
106600006,106600006__x0000_y0000,test,clean/106600006__x0000_y0000.bmp,0,0,1024,1024,2800,1024,0,,[]
106600006,106600006__x0896_y0000,test,clean/106600006__x0896_y0000.bmp,896,0,1024,1024,2800,1024,1,128,[]
106600006,106600006__x1776_y0000,test,clean/106600006__x1776_y0000.bmp,1776,0,1024,1024,2800,1024,2,144,[]
106600008,106600008__x0000_y0000,test,clean/106600008__x0000_y0000.bmp,0,0,1024,1024,2800,1024,0,,[]
106600008,106600008__x0896_y0000,test,clean/106600008__x0896_y0000.bmp,896,0,1024,1024,2800,1024,1,128,[]
106600008,106600008__x1776_y0000,test,clean/106600008__x1776_y0000.bmp,1776,0,1024,1024,2800,1024,2,144,[]
106600015,106600015__x0000_y0000,test,clean/106600015__x0000_y0000.bmp,0,0,1024,1024,2800,1024,0,,[]
106600015,106600015__x0896_y0000,test,clean/106600015__x0896_y0000.bmp,896,0,1024,1024,2800,1024,1,128,[]
106600015,106600015__x1776_y0000,test,clean/106600015__x1776_y0000.bmp,1776,0,1024,1024,2800,1024,2,144,[]
106600016,106600016__x0000_y0000,test,clean/106600016__x0000_y0000.bmp,0,0,1024,1024,2800,1024,0,,[]
106600016,106600016__x0896_y0000,test,clean/106600016__x0896_y0000.bmp,896,0,1024,1024,2800,1024,1,128,[]
106600016,106600016__x1776_y0000,test,clean/106600016__x1776_y0000.bmp,1776,0,1024,1024,2800,1024,2,144,[]
106600024,106600024__x0000_y0000,test,clean/106600024__x0000_y0000.bmp,0,0,1024,1024,2730,1024,0,,[]
106600024,106600024__x0896_y0000,test,clean/106600024__x0896_y0000.bmp,896,0,1024,1024,2730,1024,1,128,[]
106600024,106600024__x1706_y0000,test,clean/106600024__x1706_y0000.bmp,1706,0,1024,1024,2730,1024,2,214,[]
106600071,106600071__x0000_y0000,test,clean/106600071__x0000_y0000.bmp,0,0,1024,1024,2800,1024,0,,[]
106600071,106600071__x0896_y0000,test,clean/106600071__x0896_y0000.bmp,896,0,1024,1024,2800,1024,1,128,[]
106600071,106600071__x1776_y0000,test,clean/106600071__x1776_y0000.bmp,1776,0,1024,1024,2800,1024,2,144,[]
106600072,106600072__x0000_y0000,test,clean/106600072__x0000_y0000.bmp,0,0,1024,1024,2800,1024,0,,[]
106600072,106600072__x0896_y0000,test,clean/106600072__x0896_y0000.bmp,896,0,1024,1024,2800,1024,1,128,[]
106600072,106600072__x1776_y0000,test,clean/106600072__x1776_y0000.bmp,1776,0,1024,1024,2800,1024,2,144,[]
106900003,106900003__x0000_y0000,test,clean/106900003__x0000_y0000.bmp,0,0,1024,1024,2800,1024,0,,[]
106900003,106900003__x0896_y0000,test,clean/106900003__x0896_y0000.bmp,896,0,1024,1024,2800,1024,1,128,[]
106900003,106900003__x1776_y0000,test,clean/106900003__x1776_y0000.bmp,1776,0,1024,1024,2800,1024,2,144,[]
106900004,106900004__x0000_y0000,test,clean/106900004__x0000_y0000.bmp,0,0,1024,1024,2800,1024,0,,[]
106900004,106900004__x0896_y0000,test,clean/106900004__x0896_y0000.bmp,896,0,1024,1024,2800,1024,1,128,[]
106900004,106900004__x1776_y0000,test,clean/106900004__x1776_y0000.bmp,1776,0,1024,1024,2800,1024,2,144,[]
106900005,106900005__x0000_y0000,test,clean/106900005__x0000_y0000.bmp,0,0,1024,1024,2800,1024,0,,[]
106900005,106900005__x0896_y0000,test,clean/106900005__x0896_y0000.bmp,896,0,1024,1024,2800,1024,1,128,[]
106900005,106900005__x1776_y0000,test,clean/106900005__x1776_y0000.bmp,1776,0,1024,1024,2800,1024,2,144,[]
106900007,106900007__x0000_y0000,test,clean/106900007__x0000_y0000.bmp,0,0,1024,1024,2800,1024,0,,[]
106900007,106900007__x0896_y0000,test,clean/106900007__x0896_y0000.bmp,896,0,1024,1024,2800,1024,1,128,[]
106900007,106900007__x1776_y0000,test,clean/106900007__x1776_y0000.bmp,1776,0,1024,1024,2800,1024,2,144,[]
106900022,106900022__x0000_y0000,test,clean/106900022__x0000_y0000.bmp,0,0,1024,1024,2800,1024,0,,[]
106900022,106900022__x0896_y0000,test,clean/106900022__x0896_y0000.bmp,896,0,1024,1024,2800,1024,1,128,[]
106900022,106900022__x1776_y0000,test,clean/106900022__x1776_y0000.bmp,1776,0,1024,1024,2800,1024,2,144,[]
106900060,106900060__x0000_y0000,test,clean/106900060__x0000_y0000.bmp,0,0,1024,1024,2800,1024,0,,[]
106900060,106900060__x0896_y0000,test,clean/106900060__x0896_y0000.bmp,896,0,1024,1024,2800,1024,1,128,[]
106900060,106900060__x1776_y0000,test,clean/106900060__x1776_y0000.bmp,1776,0,1024,1024,2800,1024,2,144,[]
106900084,106900084__x0000_y0000,test,clean/106900084__x0000_y0000.bmp,0,0,1024,1024,2800,1024,0,,[]
106900084,106900084__x0896_y0000,test,clean/106900084__x0896_y0000.bmp,896,0,1024,1024,2800,1024,1,128,[]
106900084,106900084__x1776_y0000,test,clean/106900084__x1776_y0000.bmp,1776,0,1024,1024,2800,1024,2,144,[]
107900026,107900026__x0000_y0000,test,clean/107900026__x0000_y0000.bmp,0,0,1024,1024,2800,1024,0,,[]
107900026,107900026__x0896_y0000,test,clean/107900026__x0896_y0000.bmp,896,0,1024,1024,2800,1024,1,128,[]
107900026,107900026__x1776_y0000,test,clean/107900026__x1776_y0000.bmp,1776,0,1024,1024,2800,1024,2,144,[]
107900034,107900034__x0000_y0000,test,clean/107900034__x0000_y0000.bmp,0,0,1024,1024,2800,1024,0,,[]
107900034,107900034__x0896_y0000,test,clean/107900034__x0896_y0000.bmp,896,0,1024,1024,2800,1024,1,128,[]
107900034,107900034__x1776_y0000,test,clean/107900034__x1776_y0000.bmp,1776,0,1024,1024,2800,1024,2,144,[]
107900040,107900040__x0000_y0000,test,clean/107900040__x0000_y0000.bmp,0,0,1024,1024,2800,1024,0,,[]
107900040,107900040__x0896_y0000,test,clean/107900040__x0896_y0000.bmp,896,0,1024,1024,2800,1024,1,128,[]
107900040,107900040__x1776_y0000,test,clean/107900040__x1776_y0000.bmp,1776,0,1024,1024,2800,1024,2,144,[]
107900067,107900067__x0000_y0000,test,clean/107900067__x0000_y0000.bmp,0,0,1024,1024,2800,1024,0,,[]
107900067,107900067__x0896_y0000,test,clean/107900067__x0896_y0000.bmp,896,0,1024,1024,2800,1024,1,128,[]
107900067,107900067__x1776_y0000,test,clean/107900067__x1776_y0000.bmp,1776,0,1024,1024,2800,1024,2,144,[]
108400062,108400062__x0000_y0000,test,clean/108400062__x0000_y0000.bmp,0,0,1024,1024,2800,1024,0,,[]
108400062,108400062__x0896_y0000,test,clean/108400062__x0896_y0000.bmp,896,0,1024,1024,2800,1024,1,128,[]
108400062,108400062__x1776_y0000,test,clean/108400062__x1776_y0000.bmp,1776,0,1024,1024,2800,1024,2,144,[]
108600045,108600045__x0000_y0000,test,clean/108600045__x0000_y0000.bmp,0,0,1024,1024,2800,1024,0,,[]
108600045,108600045__x0896_y0000,test,clean/108600045__x0896_y0000.bmp,896,0,1024,1024,2800,1024,1,128,[]
108600045,108600045__x1776_y0000,test,clean/108600045__x1776_y0000.bmp,1776,0,1024,1024,2800,1024,2,144,[]
108600049,108600049__x0000_y0000,test,clean/108600049__x0000_y0000.bmp,0,0,1024,1024,2800,1024,0,,[]
108600049,108600049__x0896_y0000,test,clean/108600049__x0896_y0000.bmp,896,0,1024,1024,2800,1024,1,128,[]
108600049,108600049__x1776_y0000,test,clean/108600049__x1776_y0000.bmp,1776,0,1024,1024,2800,1024,2,144,[]
108600062,108600062__x0000_y0000,test,clean/108600062__x0000_y0000.bmp,0,0,1024,1024,2800,1024,0,,[]
108600062,108600062__x0896_y0000,test,clean/108600062__x0896_y0000.bmp,896,0,1024,1024,2800,1024,1,128,[]
108600062,108600062__x1776_y0000,test,clean/108600062__x1776_y0000.bmp,1776,0,1024,1024,2800,1024,2,144,[]
108900052,108900052__x0000_y0000,test,clean/108900052__x0000_y0000.bmp,0,0,1024,1024,2800,1024,0,,[]
108900052,108900052__x0896_y0000,test,clean/108900052__x0896_y0000.bmp,896,0,1024,1024,2800,1024,1,128,[]
108900052,108900052__x1776_y0000,test,clean/108900052__x1776_y0000.bmp,1776,0,1024,1024,2800,1024,2,144,[]
108900055,108900055__x0000_y0000,test,clean/108900055__x0000_y0000.bmp,0,0,1024,1024,2800,1024,0,,[]
108900055,108900055__x0896_y0000,test,clean/108900055__x0896_y0000.bmp,896,0,1024,1024,2800,1024,1,128,[]
108900055,108900055__x1776_y0000,test,clean/108900055__x1776_y0000.bmp,1776,0,1024,1024,2800,1024,2,144,[]
109200039,109200039__x0000_y0000,test,clean/109200039__x0000_y0000.bmp,0,0,1024,1024,2800,1024,0,,[]
109200039,109200039__x0896_y0000,test,clean/109200039__x0896_y0000.bmp,896,0,1024,1024,2800,1024,1,128,[]
109200039,109200039__x1776_y0000,test,clean/109200039__x1776_y0000.bmp,1776,0,1024,1024,2800,1024,2,144,[]
109200042,109200042__x0000_y0000,test,clean/109200042__x0000_y0000.bmp,0,0,1024,1024,2800,1024,0,,[]
109200042,109200042__x0896_y0000,test,clean/109200042__x0896_y0000.bmp,896,0,1024,1024,2800,1024,1,128,[]
109200042,109200042__x1776_y0000,test,clean/109200042__x1776_y0000.bmp,1776,0,1024,1024,2800,1024,2,144,[]
109200058,109200058__x0000_y0000,test,clean/109200058__x0000_y0000.bmp,0,0,1024,1024,2800,1024,0,,[]
109200058,109200058__x0896_y0000,test,clean/109200058__x0896_y0000.bmp,896,0,1024,1024,2800,1024,1,128,[]
109200058,109200058__x1776_y0000,test,clean/109200058__x1776_y0000.bmp,1776,0,1024,1024,2800,1024,2,144,[]
109200059,109200059__x0000_y0000,test,clean/109200059__x0000_y0000.bmp,0,0,1024,1024,2800,1024,0,,[]
109200059,109200059__x0896_y0000,test,clean/109200059__x0896_y0000.bmp,896,0,1024,1024,2800,1024,1,128,[]
109200059,109200059__x1776_y0000,test,clean/109200059__x1776_y0000.bmp,1776,0,1024,1024,2800,1024,2,144,[]
109300007,109300007__x0000_y0000,test,clean/109300007__x0000_y0000.bmp,0,0,1024,1024,2800,1024,0,,[]
109300007,109300007__x0896_y0000,test,clean/109300007__x0896_y0000.bmp,896,0,1024,1024,2800,1024,1,128,[]
109300007,109300007__x1776_y0000,test,clean/109300007__x1776_y0000.bmp,1776,0,1024,1024,2800,1024,2,144,[]
109300011,109300011__x0000_y0000,test,clean/109300011__x0000_y0000.bmp,0,0,1024,1024,2800,1024,0,,[]
109300011,109300011__x0896_y0000,test,clean/109300011__x0896_y0000.bmp,896,0,1024,1024,2800,1024,1,128,[]
109300011,109300011__x1776_y0000,test,clean/109300011__x1776_y0000.bmp,1776,0,1024,1024,2800,1024,2,144,[]
109300021,109300021__x0000_y0000,test,clean/109300021__x0000_y0000.bmp,0,0,1024,1024,2800,1024,0,,[]
109300021,109300021__x0896_y0000,test,clean/109300021__x0896_y0000.bmp,896,0,1024,1024,2800,1024,1,128,[]
109300021,109300021__x1776_y0000,test,clean/109300021__x1776_y0000.bmp,1776,0,1024,1024,2800,1024,2,144,[]
109300023,109300023__x0000_y0000,test,clean/109300023__x0000_y0000.bmp,0,0,1024,1024,2800,1024,0,,[]
109300023,109300023__x0896_y0000,test,clean/109300023__x0896_y0000.bmp,896,0,1024,1024,2800,1024,1,128,[]
109300023,109300023__x1776_y0000,test,clean/109300023__x1776_y0000.bmp,1776,0,1024,1024,2800,1024,2,144,[]
109300026,109300026__x0000_y0000,test,clean/109300026__x0000_y0000.bmp,0,0,1024,1024,2800,1024,0,,[]
109300026,109300026__x0896_y0000,test,clean/109300026__x0896_y0000.bmp,896,0,1024,1024,2800,1024,1,128,[]
109300026,109300026__x1776_y0000,test,clean/109300026__x1776_y0000.bmp,1776,0,1024,1024,2800,1024,2,144,[]
109300029,109300029__x0000_y0000,test,clean/109300029__x0000_y0000.bmp,0,0,1024,1024,2800,1024,0,,[]
109300029,109300029__x0896_y0000,test,clean/109300029__x0896_y0000.bmp,896,0,1024,1024,2800,1024,1,128,[]
109300029,109300029__x1776_y0000,test,clean/109300029__x1776_y0000.bmp,1776,0,1024,1024,2800,1024,2,144,[]
109300032,109300032__x0000_y0000,test,clean/109300032__x0000_y0000.bmp,0,0,1024,1024,2800,1024,0,,[]
109300032,109300032__x0896_y0000,test,clean/109300032__x0896_y0000.bmp,896,0,1024,1024,2800,1024,1,128,[]
109300032,109300032__x1776_y0000,test,clean/109300032__x1776_y0000.bmp,1776,0,1024,1024,2800,1024,2,144,[]
109300040,109300040__x0000_y0000,test,clean/109300040__x0000_y0000.bmp,0,0,1024,1024,2800,1024,0,,[]
109300040,109300040__x0896_y0000,test,clean/109300040__x0896_y0000.bmp,896,0,1024,1024,2800,1024,1,128,[]
109300040,109300040__x1776_y0000,test,clean/109300040__x1776_y0000.bmp,1776,0,1024,1024,2800,1024,2,144,[]
109600022,109600022__x0000_y0000,test,clean/109600022__x0000_y0000.bmp,0,0,1024,1024,2800,1024,0,,[]
109600022,109600022__x0896_y0000,test,clean/109600022__x0896_y0000.bmp,896,0,1024,1024,2800,1024,1,128,[]
109600022,109600022__x1776_y0000,test,clean/109600022__x1776_y0000.bmp,1776,0,1024,1024,2800,1024,2,144,[]
109600039,109600039__x0000_y0000,test,clean/109600039__x0000_y0000.bmp,0,0,1024,1024,2800,1024,0,,[]
109600039,109600039__x0896_y0000,test,clean/109600039__x0896_y0000.bmp,896,0,1024,1024,2800,1024,1,128,[]
109600039,109600039__x1776_y0000,test,clean/109600039__x1776_y0000.bmp,1776,0,1024,1024,2800,1024,2,144,[]
109600040,109600040__x0000_y0000,test,clean/109600040__x0000_y0000.bmp,0,0,1024,1024,2800,1024,0,,[]
109600040,109600040__x0896_y0000,test,clean/109600040__x0896_y0000.bmp,896,0,1024,1024,2800,1024,1,128,[]
109600040,109600040__x1776_y0000,test,clean/109600040__x1776_y0000.bmp,1776,0,1024,1024,2800,1024,2,144,[]
109600046,109600046__x0000_y0000,test,clean/109600046__x0000_y0000.bmp,0,0,1024,1024,2800,1024,0,,[]
109600046,109600046__x0896_y0000,test,clean/109600046__x0896_y0000.bmp,896,0,1024,1024,2800,1024,1,128,[]
109600046,109600046__x1776_y0000,test,clean/109600046__x1776_y0000.bmp,1776,0,1024,1024,2800,1024,2,144,[]
109600066,109600066__x0000_y0000,test,clean/109600066__x0000_y0000.bmp,0,0,1024,1024,2800,1024,0,,[]
109600066,109600066__x0896_y0000,test,clean/109600066__x0896_y0000.bmp,896,0,1024,1024,2800,1024,1,128,[]
109600066,109600066__x1776_y0000,test,clean/109600066__x1776_y0000.bmp,1776,0,1024,1024,2800,1024,2,144,[]
109600079,109600079__x0000_y0000,test,clean/109600079__x0000_y0000.bmp,0,0,1024,1024,2800,1024,0,,[]
109600079,109600079__x0896_y0000,test,clean/109600079__x0896_y0000.bmp,896,0,1024,1024,2800,1024,1,128,[]
109600079,109600079__x1776_y0000,test,clean/109600079__x1776_y0000.bmp,1776,0,1024,1024,2800,1024,2,144,[]
109600084,109600084__x0000_y0000,test,clean/109600084__x0000_y0000.bmp,0,0,1024,1024,2800,1024,0,,[]
109600084,109600084__x0896_y0000,test,clean/109600084__x0896_y0000.bmp,896,0,1024,1024,2800,1024,1,128,[]
109600084,109600084__x1776_y0000,test,clean/109600084__x1776_y0000.bmp,1776,0,1024,1024,2800,1024,2,144,[]
109700036,109700036__x0000_y0000,test,clean/109700036__x0000_y0000.bmp,0,0,1024,1024,2800,1024,0,,[]
109700036,109700036__x0896_y0000,test,clean/109700036__x0896_y0000.bmp,896,0,1024,1024,2800,1024,1,128,[]
109700036,109700036__x1776_y0000,test,clean/109700036__x1776_y0000.bmp,1776,0,1024,1024,2800,1024,2,144,[]
109700042,109700042__x0000_y0000,test,clean/109700042__x0000_y0000.bmp,0,0,1024,1024,2800,1024,0,,[]
109700042,109700042__x0896_y0000,test,clean/109700042__x0896_y0000.bmp,896,0,1024,1024,2800,1024,1,128,[]
109700042,109700042__x1776_y0000,test,clean/109700042__x1776_y0000.bmp,1776,0,1024,1024,2800,1024,2,144,[]
109700048,109700048__x0000_y0000,test,clean/109700048__x0000_y0000.bmp,0,0,1024,1024,2800,1024,0,,[]
109700048,109700048__x0896_y0000,test,clean/109700048__x0896_y0000.bmp,896,0,1024,1024,2800,1024,1,128,[]
109700048,109700048__x1776_y0000,test,clean/109700048__x1776_y0000.bmp,1776,0,1024,1024,2800,1024,2,144,[]
109700060,109700060__x0000_y0000,test,clean/109700060__x0000_y0000.bmp,0,0,1024,1024,2800,1024,0,,[]
109700060,109700060__x0896_y0000,test,clean/109700060__x0896_y0000.bmp,896,0,1024,1024,2800,1024,1,128,[]
109700060,109700060__x1776_y0000,test,clean/109700060__x1776_y0000.bmp,1776,0,1024,1024,2800,1024,2,144,[]
109700061,109700061__x0000_y0000,test,clean/109700061__x0000_y0000.bmp,0,0,1024,1024,2800,1024,0,,[]
109700061,109700061__x0896_y0000,test,clean/109700061__x0896_y0000.bmp,896,0,1024,1024,2800,1024,1,128,[]
109700061,109700061__x1776_y0000,test,clean/109700061__x1776_y0000.bmp,1776,0,1024,1024,2800,1024,2,144,[]
109700062,109700062__x0000_y0000,test,clean/109700062__x0000_y0000.bmp,0,0,1024,1024,2800,1024,0,,[]
109700062,109700062__x0896_y0000,test,clean/109700062__x0896_y0000.bmp,896,0,1024,1024,2800,1024,1,128,[]
109700062,109700062__x1776_y0000,test,clean/109700062__x1776_y0000.bmp,1776,0,1024,1024,2800,1024,2,144,[]
109700063,109700063__x0000_y0000,test,clean/109700063__x0000_y0000.bmp,0,0,1024,1024,2800,1024,0,,[]
109700063,109700063__x0896_y0000,test,clean/109700063__x0896_y0000.bmp,896,0,1024,1024,2800,1024,1,128,[]
109700063,109700063__x1776_y0000,test,clean/109700063__x1776_y0000.bmp,1776,0,1024,1024,2800,1024,2,144,[]
109700064,109700064__x0000_y0000,test,clean/109700064__x0000_y0000.bmp,0,0,1024,1024,2800,1024,0,,[]
109700064,109700064__x0896_y0000,test,clean/109700064__x0896_y0000.bmp,896,0,1024,1024,2800,1024,1,128,[]
109700064,109700064__x1776_y0000,test,clean/109700064__x1776_y0000.bmp,1776,0,1024,1024,2800,1024,2,144,[]
109700080,109700080__x0000_y0000,test,clean/109700080__x0000_y0000.bmp,0,0,1024,1024,2800,1024,0,,[]
109700080,109700080__x0896_y0000,test,clean/109700080__x0896_y0000.bmp,896,0,1024,1024,2800,1024,1,128,[]
109700080,109700080__x1776_y0000,test,clean/109700080__x1776_y0000.bmp,1776,0,1024,1024,2800,1024,2,144,[]
109800000,109800000__x0000_y0000,test,clean/109800000__x0000_y0000.bmp,0,0,1024,1024,2800,1024,0,,[]
109800000,109800000__x0896_y0000,test,clean/109800000__x0896_y0000.bmp,896,0,1024,1024,2800,1024,1,128,[]
109800000,109800000__x1776_y0000,test,clean/109800000__x1776_y0000.bmp,1776,0,1024,1024,2800,1024,2,144,[]
109800049,109800049__x0000_y0000,test,clean/109800049__x0000_y0000.bmp,0,0,1024,1024,2800,1024,0,,[]
109800049,109800049__x0896_y0000,test,clean/109800049__x0896_y0000.bmp,896,0,1024,1024,2800,1024,1,128,[]
109800049,109800049__x1776_y0000,test,clean/109800049__x1776_y0000.bmp,1776,0,1024,1024,2800,1024,2,144,[]
109800050,109800050__x0000_y0000,test,clean/109800050__x0000_y0000.bmp,0,0,1024,1024,2800,1024,0,,[]
109800050,109800050__x0896_y0000,test,clean/109800050__x0896_y0000.bmp,896,0,1024,1024,2800,1024,1,128,[]
109800050,109800050__x1776_y0000,test,clean/109800050__x1776_y0000.bmp,1776,0,1024,1024,2800,1024,2,144,[]
110100044,110100044__x0000_y0000,test,clean/110100044__x0000_y0000.bmp,0,0,1024,1024,2800,1024,0,,[]
110100044,110100044__x0896_y0000,test,clean/110100044__x0896_y0000.bmp,896,0,1024,1024,2800,1024,1,128,[]
110100044,110100044__x1776_y0000,test,clean/110100044__x1776_y0000.bmp,1776,0,1024,1024,2800,1024,2,144,[]
110100045,110100045__x0000_y0000,test,clean/110100045__x0000_y0000.bmp,0,0,1024,1024,2800,1024,0,,[]
110100045,110100045__x0896_y0000,test,clean/110100045__x0896_y0000.bmp,896,0,1024,1024,2800,1024,1,128,[]
110100045,110100045__x1776_y0000,test,clean/110100045__x1776_y0000.bmp,1776,0,1024,1024,2800,1024,2,144,[]
110100046,110100046__x0000_y0000,test,clean/110100046__x0000_y0000.bmp,0,0,1024,1024,2800,1024,0,,[]
110100046,110100046__x0896_y0000,test,clean/110100046__x0896_y0000.bmp,896,0,1024,1024,2800,1024,1,128,[]
110100046,110100046__x1776_y0000,test,clean/110100046__x1776_y0000.bmp,1776,0,1024,1024,2800,1024,2,144,[]
110100047,110100047__x0000_y0000,test,clean/110100047__x0000_y0000.bmp,0,0,1024,1024,2800,1024,0,,[]
110100047,110100047__x0896_y0000,test,clean/110100047__x0896_y0000.bmp,896,0,1024,1024,2800,1024,1,128,[]
110100047,110100047__x1776_y0000,test,clean/110100047__x1776_y0000.bmp,1776,0,1024,1024,2800,1024,2,144,[]
110200002,110200002__x0000_y0000,test,clean/110200002__x0000_y0000.bmp,0,0,1024,1024,2800,1024,0,,[]
110200002,110200002__x0896_y0000,test,clean/110200002__x0896_y0000.bmp,896,0,1024,1024,2800,1024,1,128,[]
110200002,110200002__x1776_y0000,test,clean/110200002__x1776_y0000.bmp,1776,0,1024,1024,2800,1024,2,144,[]
110200013,110200013__x0000_y0000,test,clean/110200013__x0000_y0000.bmp,0,0,1024,1024,2800,1024,0,,[]
110200013,110200013__x0896_y0000,test,clean/110200013__x0896_y0000.bmp,896,0,1024,1024,2800,1024,1,128,[]
110200013,110200013__x1776_y0000,test,clean/110200013__x1776_y0000.bmp,1776,0,1024,1024,2800,1024,2,144,[]
110400018,110400018__x0000_y0000,test,clean/110400018__x0000_y0000.bmp,0,0,1024,1024,2800,1024,0,,[]
110400018,110400018__x0896_y0000,test,clean/110400018__x0896_y0000.bmp,896,0,1024,1024,2800,1024,1,128,[]
110400018,110400018__x1776_y0000,test,clean/110400018__x1776_y0000.bmp,1776,0,1024,1024,2800,1024,2,144,[]
110400033,110400033__x0000_y0000,test,clean/110400033__x0000_y0000.bmp,0,0,1024,1024,2800,1024,0,,[]
110400033,110400033__x0896_y0000,test,clean/110400033__x0896_y0000.bmp,896,0,1024,1024,2800,1024,1,128,[]
110400033,110400033__x1776_y0000,test,clean/110400033__x1776_y0000.bmp,1776,0,1024,1024,2800,1024,2,144,[]
110400035,110400035__x0000_y0000,test,clean/110400035__x0000_y0000.bmp,0,0,1024,1024,2800,1024,0,,[]
110400035,110400035__x0896_y0000,test,clean/110400035__x0896_y0000.bmp,896,0,1024,1024,2800,1024,1,128,[]
110400035,110400035__x1776_y0000,test,clean/110400035__x1776_y0000.bmp,1776,0,1024,1024,2800,1024,2,144,[]
110400047,110400047__x0000_y0000,test,clean/110400047__x0000_y0000.bmp,0,0,1024,1024,2800,1024,0,,[]
110400047,110400047__x0896_y0000,test,clean/110400047__x0896_y0000.bmp,896,0,1024,1024,2800,1024,1,128,[]
110400047,110400047__x1776_y0000,test,clean/110400047__x1776_y0000.bmp,1776,0,1024,1024,2800,1024,2,144,[]
110500060,110500060__x0000_y0000,test,clean/110500060__x0000_y0000.bmp,0,0,1024,1024,2800,1024,0,,[]
110500060,110500060__x0896_y0000,test,clean/110500060__x0896_y0000.bmp,896,0,1024,1024,2800,1024,1,128,[]
110500060,110500060__x1776_y0000,test,clean/110500060__x1776_y0000.bmp,1776,0,1024,1024,2800,1024,2,144,[]
110500068,110500068__x0000_y0000,test,clean/110500068__x0000_y0000.bmp,0,0,1024,1024,2800,1024,0,,[]
110500068,110500068__x0896_y0000,test,clean/110500068__x0896_y0000.bmp,896,0,1024,1024,2800,1024,1,128,[]
110500068,110500068__x1776_y0000,test,clean/110500068__x1776_y0000.bmp,1776,0,1024,1024,2800,1024,2,144,[]
110500071,110500071__x0000_y0000,test,clean/110500071__x0000_y0000.bmp,0,0,1024,1024,2800,1024,0,,[]
110500071,110500071__x0896_y0000,test,clean/110500071__x0896_y0000.bmp,896,0,1024,1024,2800,1024,1,128,[]
110500071,110500071__x1776_y0000,test,clean/110500071__x1776_y0000.bmp,1776,0,1024,1024,2800,1024,2,144,[]
110500075,110500075__x0000_y0000,test,clean/110500075__x0000_y0000.bmp,0,0,1024,1024,2800,1024,0,,[]
110500075,110500075__x0896_y0000,test,clean/110500075__x0896_y0000.bmp,896,0,1024,1024,2800,1024,1,128,[]
110500075,110500075__x1776_y0000,test,clean/110500075__x1776_y0000.bmp,1776,0,1024,1024,2800,1024,2,144,[]
110500084,110500084__x0000_y0000,test,clean/110500084__x0000_y0000.bmp,0,0,1024,1024,2800,1024,0,,[]
110500084,110500084__x0896_y0000,test,clean/110500084__x0896_y0000.bmp,896,0,1024,1024,2800,1024,1,128,[]
110500084,110500084__x1776_y0000,test,clean/110500084__x1776_y0000.bmp,1776,0,1024,1024,2800,1024,2,144,[]
110700010,110700010__x0000_y0000,test,clean/110700010__x0000_y0000.bmp,0,0,1024,1024,2800,1024,0,,[]
110700010,110700010__x0896_y0000,test,clean/110700010__x0896_y0000.bmp,896,0,1024,1024,2800,1024,1,128,[]
110700010,110700010__x1776_y0000,test,clean/110700010__x1776_y0000.bmp,1776,0,1024,1024,2800,1024,2,144,[]
110700015,110700015__x0000_y0000,test,clean/110700015__x0000_y0000.bmp,0,0,1024,1024,2800,1024,0,,[]
110700015,110700015__x0896_y0000,test,clean/110700015__x0896_y0000.bmp,896,0,1024,1024,2800,1024,1,128,[]
110700015,110700015__x1776_y0000,test,clean/110700015__x1776_y0000.bmp,1776,0,1024,1024,2800,1024,2,144,[]
110700033,110700033__x0000_y0000,test,clean/110700033__x0000_y0000.bmp,0,0,1024,1024,2800,1024,0,,[]
110700033,110700033__x0896_y0000,test,clean/110700033__x0896_y0000.bmp,896,0,1024,1024,2800,1024,1,128,[]
110700033,110700033__x1776_y0000,test,clean/110700033__x1776_y0000.bmp,1776,0,1024,1024,2800,1024,2,144,[]
110700035,110700035__x0000_y0000,test,clean/110700035__x0000_y0000.bmp,0,0,1024,1024,2800,1024,0,,[]
110700035,110700035__x0896_y0000,test,clean/110700035__x0896_y0000.bmp,896,0,1024,1024,2800,1024,1,128,[]
110700035,110700035__x1776_y0000,test,clean/110700035__x1776_y0000.bmp,1776,0,1024,1024,2800,1024,2,144,[]
110700041,110700041__x0000_y0000,test,clean/110700041__x0000_y0000.bmp,0,0,1024,1024,2800,1024,0,,[]
110700041,110700041__x0896_y0000,test,clean/110700041__x0896_y0000.bmp,896,0,1024,1024,2800,1024,1,128,[]
110700041,110700041__x1776_y0000,test,clean/110700041__x1776_y0000.bmp,1776,0,1024,1024,2800,1024,2,144,[]
110700059,110700059__x0000_y0000,test,clean/110700059__x0000_y0000.bmp,0,0,1024,1024,2800,1024,0,,[]
110700059,110700059__x0896_y0000,test,clean/110700059__x0896_y0000.bmp,896,0,1024,1024,2800,1024,1,128,[]
110700059,110700059__x1776_y0000,test,clean/110700059__x1776_y0000.bmp,1776,0,1024,1024,2800,1024,2,144,[]
110900007,110900007__x0000_y0000,test,clean/110900007__x0000_y0000.bmp,0,0,1024,1024,2765,1024,0,,[]
110900007,110900007__x0896_y0000,test,clean/110900007__x0896_y0000.bmp,896,0,1024,1024,2765,1024,1,128,[]
110900007,110900007__x1741_y0000,test,clean/110900007__x1741_y0000.bmp,1741,0,1024,1024,2765,1024,2,179,[]
110900040,110900040__x0000_y0000,test,clean/110900040__x0000_y0000.bmp,0,0,1024,1024,2800,1024,0,,[]
110900040,110900040__x0896_y0000,test,clean/110900040__x0896_y0000.bmp,896,0,1024,1024,2800,1024,1,128,[]
110900040,110900040__x1776_y0000,test,clean/110900040__x1776_y0000.bmp,1776,0,1024,1024,2800,1024,2,144,[]
110900053,110900053__x0000_y0000,test,clean/110900053__x0000_y0000.bmp,0,0,1024,1024,2800,1024,0,,[]
110900053,110900053__x0896_y0000,test,clean/110900053__x0896_y0000.bmp,896,0,1024,1024,2800,1024,1,128,[]
110900053,110900053__x1776_y0000,test,clean/110900053__x1776_y0000.bmp,1776,0,1024,1024,2800,1024,2,144,[]
110900068,110900068__x0000_y0000,test,clean/110900068__x0000_y0000.bmp,0,0,1024,1024,2800,1024,0,,[]
110900068,110900068__x0896_y0000,test,clean/110900068__x0896_y0000.bmp,896,0,1024,1024,2800,1024,1,128,[]
110900068,110900068__x1776_y0000,test,clean/110900068__x1776_y0000.bmp,1776,0,1024,1024,2800,1024,2,144,[]
111000033,111000033__x0000_y0000,test,clean/111000033__x0000_y0000.bmp,0,0,1024,1024,2800,1024,0,,[]
111000033,111000033__x0896_y0000,test,clean/111000033__x0896_y0000.bmp,896,0,1024,1024,2800,1024,1,128,[]
111000033,111000033__x1776_y0000,test,clean/111000033__x1776_y0000.bmp,1776,0,1024,1024,2800,1024,2,144,[]
111000044,111000044__x0000_y0000,test,clean/111000044__x0000_y0000.bmp,0,0,1024,1024,2800,1024,0,,[]
111000044,111000044__x0896_y0000,test,clean/111000044__x0896_y0000.bmp,896,0,1024,1024,2800,1024,1,128,[]
111000044,111000044__x1776_y0000,test,clean/111000044__x1776_y0000.bmp,1776,0,1024,1024,2800,1024,2,144,[]
111200013,111200013__x0000_y0000,test,clean/111200013__x0000_y0000.bmp,0,0,1024,1024,2800,1024,0,,[]
111200013,111200013__x0896_y0000,test,clean/111200013__x0896_y0000.bmp,896,0,1024,1024,2800,1024,1,128,[]
111200013,111200013__x1776_y0000,test,clean/111200013__x1776_y0000.bmp,1776,0,1024,1024,2800,1024,2,144,[]
111200044,111200044__x0000_y0000,test,clean/111200044__x0000_y0000.bmp,0,0,1024,1024,2800,1024,0,,[]
111200044,111200044__x0896_y0000,test,clean/111200044__x0896_y0000.bmp,896,0,1024,1024,2800,1024,1,128,[]
111200044,111200044__x1776_y0000,test,clean/111200044__x1776_y0000.bmp,1776,0,1024,1024,2800,1024,2,144,[]
111200045,111200045__x0000_y0000,test,clean/111200045__x0000_y0000.bmp,0,0,1024,1024,2800,1024,0,,[]
111200045,111200045__x0896_y0000,test,clean/111200045__x0896_y0000.bmp,896,0,1024,1024,2800,1024,1,128,[]
111200045,111200045__x1776_y0000,test,clean/111200045__x1776_y0000.bmp,1776,0,1024,1024,2800,1024,2,144,[]
111200046,111200046__x0000_y0000,test,clean/111200046__x0000_y0000.bmp,0,0,1024,1024,2800,1024,0,,[]
111200046,111200046__x0896_y0000,test,clean/111200046__x0896_y0000.bmp,896,0,1024,1024,2800,1024,1,128,[]
111200046,111200046__x1776_y0000,test,clean/111200046__x1776_y0000.bmp,1776,0,1024,1024,2800,1024,2,144,[]
111200047,111200047__x0000_y0000,test,clean/111200047__x0000_y0000.bmp,0,0,1024,1024,2800,1024,0,,[]
111200047,111200047__x0896_y0000,test,clean/111200047__x0896_y0000.bmp,896,0,1024,1024,2800,1024,1,128,[]
111200047,111200047__x1776_y0000,test,clean/111200047__x1776_y0000.bmp,1776,0,1024,1024,2800,1024,2,144,[]
111200052,111200052__x0000_y0000,test,clean/111200052__x0000_y0000.bmp,0,0,1024,1024,2800,1024,0,,[]
111200052,111200052__x0896_y0000,test,clean/111200052__x0896_y0000.bmp,896,0,1024,1024,2800,1024,1,128,[]
111200052,111200052__x1776_y0000,test,clean/111200052__x1776_y0000.bmp,1776,0,1024,1024,2800,1024,2,144,[]
111200058,111200058__x0000_y0000,test,clean/111200058__x0000_y0000.bmp,0,0,1024,1024,2800,1024,0,,[]
111200058,111200058__x0896_y0000,test,clean/111200058__x0896_y0000.bmp,896,0,1024,1024,2800,1024,1,128,[]
111200058,111200058__x1776_y0000,test,clean/111200058__x1776_y0000.bmp,1776,0,1024,1024,2800,1024,2,144,[]
111200064,111200064__x0000_y0000,test,clean/111200064__x0000_y0000.bmp,0,0,1024,1024,2800,1024,0,,[]
111200064,111200064__x0896_y0000,test,clean/111200064__x0896_y0000.bmp,896,0,1024,1024,2800,1024,1,128,[]
111200064,111200064__x1776_y0000,test,clean/111200064__x1776_y0000.bmp,1776,0,1024,1024,2800,1024,2,144,[]
111400017,111400017__x0000_y0000,test,clean/111400017__x0000_y0000.bmp,0,0,1024,1024,2800,1024,0,,[]
111400017,111400017__x0896_y0000,test,clean/111400017__x0896_y0000.bmp,896,0,1024,1024,2800,1024,1,128,[]
111400017,111400017__x1776_y0000,test,clean/111400017__x1776_y0000.bmp,1776,0,1024,1024,2800,1024,2,144,[]
111400025,111400025__x0000_y0000,test,clean/111400025__x0000_y0000.bmp,0,0,1024,1024,2800,1024,0,,[]
111400025,111400025__x0896_y0000,test,clean/111400025__x0896_y0000.bmp,896,0,1024,1024,2800,1024,1,128,[]
111400025,111400025__x1776_y0000,test,clean/111400025__x1776_y0000.bmp,1776,0,1024,1024,2800,1024,2,144,[]
111500001,111500001__x0000_y0000,test,clean/111500001__x0000_y0000.bmp,0,0,1024,1024,2800,1024,0,,[]
111500001,111500001__x0896_y0000,test,clean/111500001__x0896_y0000.bmp,896,0,1024,1024,2800,1024,1,128,[]
111500001,111500001__x1776_y0000,test,clean/111500001__x1776_y0000.bmp,1776,0,1024,1024,2800,1024,2,144,[]
111500062,111500062__x0000_y0000,test,clean/111500062__x0000_y0000.bmp,0,0,1024,1024,2800,1024,0,,[]
111500062,111500062__x0896_y0000,test,clean/111500062__x0896_y0000.bmp,896,0,1024,1024,2800,1024,1,128,[]
111500062,111500062__x1776_y0000,test,clean/111500062__x1776_y0000.bmp,1776,0,1024,1024,2800,1024,2,144,[]
111700083,111700083__x0000_y0000,test,clean/111700083__x0000_y0000.bmp,0,0,1024,1024,2800,1024,0,,[]
111700083,111700083__x0896_y0000,test,clean/111700083__x0896_y0000.bmp,896,0,1024,1024,2800,1024,1,128,[]
111700083,111700083__x1776_y0000,test,clean/111700083__x1776_y0000.bmp,1776,0,1024,1024,2800,1024,2,144,[]
111900014,111900014__x0000_y0000,test,clean/111900014__x0000_y0000.bmp,0,0,1024,1024,2800,1024,0,,[]
111900014,111900014__x0896_y0000,test,clean/111900014__x0896_y0000.bmp,896,0,1024,1024,2800,1024,1,128,[]
111900014,111900014__x1776_y0000,test,clean/111900014__x1776_y0000.bmp,1776,0,1024,1024,2800,1024,2,144,[]
111900023,111900023__x0000_y0000,test,clean/111900023__x0000_y0000.bmp,0,0,1024,1024,2800,1024,0,,[]
111900023,111900023__x0896_y0000,test,clean/111900023__x0896_y0000.bmp,896,0,1024,1024,2800,1024,1,128,[]
111900023,111900023__x1776_y0000,test,clean/111900023__x1776_y0000.bmp,1776,0,1024,1024,2800,1024,2,144,[]
111900024,111900024__x0000_y0000,test,clean/111900024__x0000_y0000.bmp,0,0,1024,1024,2800,1024,0,,[]
111900024,111900024__x0896_y0000,test,clean/111900024__x0896_y0000.bmp,896,0,1024,1024,2800,1024,1,128,[]
111900024,111900024__x1776_y0000,test,clean/111900024__x1776_y0000.bmp,1776,0,1024,1024,2800,1024,2,144,[]
111900044,111900044__x0000_y0000,test,clean/111900044__x0000_y0000.bmp,0,0,1024,1024,2800,1024,0,,[]
111900044,111900044__x0896_y0000,test,clean/111900044__x0896_y0000.bmp,896,0,1024,1024,2800,1024,1,128,[]
111900044,111900044__x1776_y0000,test,clean/111900044__x1776_y0000.bmp,1776,0,1024,1024,2800,1024,2,144,[]
111900049,111900049__x0000_y0000,test,clean/111900049__x0000_y0000.bmp,0,0,1024,1024,2800,1024,0,,[]
111900049,111900049__x0896_y0000,test,clean/111900049__x0896_y0000.bmp,896,0,1024,1024,2800,1024,1,128,[]
111900049,111900049__x1776_y0000,test,clean/111900049__x1776_y0000.bmp,1776,0,1024,1024,2800,1024,2,144,[]
111900072,111900072__x0000_y0000,test,clean/111900072__x0000_y0000.bmp,0,0,1024,1024,2800,1024,0,,[]
111900072,111900072__x0896_y0000,test,clean/111900072__x0896_y0000.bmp,896,0,1024,1024,2800,1024,1,128,[]
111900072,111900072__x1776_y0000,test,clean/111900072__x1776_y0000.bmp,1776,0,1024,1024,2800,1024,2,144,[]
111900078,111900078__x0000_y0000,test,clean/111900078__x0000_y0000.bmp,0,0,1024,1024,2800,1024,0,,[]
111900078,111900078__x0896_y0000,test,clean/111900078__x0896_y0000.bmp,896,0,1024,1024,2800,1024,1,128,[]
111900078,111900078__x1776_y0000,test,clean/111900078__x1776_y0000.bmp,1776,0,1024,1024,2800,1024,2,144,[]
111900082,111900082__x0000_y0000,test,clean/111900082__x0000_y0000.bmp,0,0,1024,1024,2800,1024,0,,[]
111900082,111900082__x0896_y0000,test,clean/111900082__x0896_y0000.bmp,896,0,1024,1024,2800,1024,1,128,[]
111900082,111900082__x1776_y0000,test,clean/111900082__x1776_y0000.bmp,1776,0,1024,1024,2800,1024,2,144,[]
112000003,112000003__x0000_y0000,test,clean/112000003__x0000_y0000.bmp,0,0,1024,1024,2800,1024,0,,[]
112000003,112000003__x0896_y0000,test,clean/112000003__x0896_y0000.bmp,896,0,1024,1024,2800,1024,1,128,[]
112000003,112000003__x1776_y0000,test,clean/112000003__x1776_y0000.bmp,1776,0,1024,1024,2800,1024,2,144,[]
112000007,112000007__x0000_y0000,test,clean/112000007__x0000_y0000.bmp,0,0,1024,1024,2800,1024,0,,[]
112000007,112000007__x0896_y0000,test,clean/112000007__x0896_y0000.bmp,896,0,1024,1024,2800,1024,1,128,[]
112000007,112000007__x1776_y0000,test,clean/112000007__x1776_y0000.bmp,1776,0,1024,1024,2800,1024,2,144,[]
112000021,112000021__x0000_y0000,test,clean/112000021__x0000_y0000.bmp,0,0,1024,1024,2800,1024,0,,[]
112000021,112000021__x0896_y0000,test,clean/112000021__x0896_y0000.bmp,896,0,1024,1024,2800,1024,1,128,[]
112000021,112000021__x1776_y0000,test,clean/112000021__x1776_y0000.bmp,1776,0,1024,1024,2800,1024,2,144,[]
112500008,112500008__x0000_y0000,test,clean/112500008__x0000_y0000.bmp,0,0,1024,1024,2800,1024,0,,[]
112500008,112500008__x0896_y0000,test,clean/112500008__x0896_y0000.bmp,896,0,1024,1024,2800,1024,1,128,[]
112500008,112500008__x1776_y0000,test,clean/112500008__x1776_y0000.bmp,1776,0,1024,1024,2800,1024,2,144,[]
112500011,112500011__x0000_y0000,test,clean/112500011__x0000_y0000.bmp,0,0,1024,1024,2800,1024,0,,[]
112500011,112500011__x0896_y0000,test,clean/112500011__x0896_y0000.bmp,896,0,1024,1024,2800,1024,1,128,[]
112500011,112500011__x1776_y0000,test,clean/112500011__x1776_y0000.bmp,1776,0,1024,1024,2800,1024,2,144,[]
112500013,112500013__x0000_y0000,test,clean/112500013__x0000_y0000.bmp,0,0,1024,1024,2800,1024,0,,[]
112500013,112500013__x0896_y0000,test,clean/112500013__x0896_y0000.bmp,896,0,1024,1024,2800,1024,1,128,[]
112500013,112500013__x1776_y0000,test,clean/112500013__x1776_y0000.bmp,1776,0,1024,1024,2800,1024,2,144,[]
112500014,112500014__x0000_y0000,test,clean/112500014__x0000_y0000.bmp,0,0,1024,1024,2800,1024,0,,[]
112500014,112500014__x0896_y0000,test,clean/112500014__x0896_y0000.bmp,896,0,1024,1024,2800,1024,1,128,[]
112500014,112500014__x1776_y0000,test,clean/112500014__x1776_y0000.bmp,1776,0,1024,1024,2800,1024,2,144,[]
112500016,112500016__x0000_y0000,test,clean/112500016__x0000_y0000.bmp,0,0,1024,1024,2800,1024,0,,[]
112500016,112500016__x0896_y0000,test,clean/112500016__x0896_y0000.bmp,896,0,1024,1024,2800,1024,1,128,[]
112500016,112500016__x1776_y0000,test,clean/112500016__x1776_y0000.bmp,1776,0,1024,1024,2800,1024,2,144,[]
112500020,112500020__x0000_y0000,test,clean/112500020__x0000_y0000.bmp,0,0,1024,1024,2800,1024,0,,[]
112500020,112500020__x0896_y0000,test,clean/112500020__x0896_y0000.bmp,896,0,1024,1024,2800,1024,1,128,[]
112500020,112500020__x1776_y0000,test,clean/112500020__x1776_y0000.bmp,1776,0,1024,1024,2800,1024,2,144,[]
112500021,112500021__x0000_y0000,test,clean/112500021__x0000_y0000.bmp,0,0,1024,1024,2800,1024,0,,[]
112500021,112500021__x0896_y0000,test,clean/112500021__x0896_y0000.bmp,896,0,1024,1024,2800,1024,1,128,[]
112500021,112500021__x1776_y0000,test,clean/112500021__x1776_y0000.bmp,1776,0,1024,1024,2800,1024,2,144,[]
112500030,112500030__x0000_y0000,test,clean/112500030__x0000_y0000.bmp,0,0,1024,1024,2800,1024,0,,[]
112500030,112500030__x0896_y0000,test,clean/112500030__x0896_y0000.bmp,896,0,1024,1024,2800,1024,1,128,[]
112500030,112500030__x1776_y0000,test,clean/112500030__x1776_y0000.bmp,1776,0,1024,1024,2800,1024,2,144,[]
112500031,112500031__x0000_y0000,test,clean/112500031__x0000_y0000.bmp,0,0,1024,1024,2800,1024,0,,[]
112500031,112500031__x0896_y0000,test,clean/112500031__x0896_y0000.bmp,896,0,1024,1024,2800,1024,1,128,[]
112500031,112500031__x1776_y0000,test,clean/112500031__x1776_y0000.bmp,1776,0,1024,1024,2800,1024,2,144,[]
112500034,112500034__x0000_y0000,test,clean/112500034__x0000_y0000.bmp,0,0,1024,1024,2800,1024,0,,[]
112500034,112500034__x0896_y0000,test,clean/112500034__x0896_y0000.bmp,896,0,1024,1024,2800,1024,1,128,[]
112500034,112500034__x1776_y0000,test,clean/112500034__x1776_y0000.bmp,1776,0,1024,1024,2800,1024,2,144,[]
112500067,112500067__x0000_y0000,test,clean/112500067__x0000_y0000.bmp,0,0,1024,1024,2800,1024,0,,[]
112500067,112500067__x0896_y0000,test,clean/112500067__x0896_y0000.bmp,896,0,1024,1024,2800,1024,1,128,[]
112500067,112500067__x1776_y0000,test,clean/112500067__x1776_y0000.bmp,1776,0,1024,1024,2800,1024,2,144,[]
112600010,112600010__x0000_y0000,test,clean/112600010__x0000_y0000.bmp,0,0,1024,1024,2800,1024,0,,[]
112600010,112600010__x0896_y0000,test,clean/112600010__x0896_y0000.bmp,896,0,1024,1024,2800,1024,1,128,[]
112600010,112600010__x1776_y0000,test,clean/112600010__x1776_y0000.bmp,1776,0,1024,1024,2800,1024,2,144,[]
112600011,112600011__x0000_y0000,test,clean/112600011__x0000_y0000.bmp,0,0,1024,1024,2800,1024,0,,[]
112600011,112600011__x0896_y0000,test,clean/112600011__x0896_y0000.bmp,896,0,1024,1024,2800,1024,1,128,[]
112600011,112600011__x1776_y0000,test,clean/112600011__x1776_y0000.bmp,1776,0,1024,1024,2800,1024,2,144,[]
112600012,112600012__x0000_y0000,test,clean/112600012__x0000_y0000.bmp,0,0,1024,1024,2800,1024,0,,[]
112600012,112600012__x0896_y0000,test,clean/112600012__x0896_y0000.bmp,896,0,1024,1024,2800,1024,1,128,[]
112600012,112600012__x1776_y0000,test,clean/112600012__x1776_y0000.bmp,1776,0,1024,1024,2800,1024,2,144,[]
112600014,112600014__x0000_y0000,test,clean/112600014__x0000_y0000.bmp,0,0,1024,1024,2800,1024,0,,[]
112600014,112600014__x0896_y0000,test,clean/112600014__x0896_y0000.bmp,896,0,1024,1024,2800,1024,1,128,[]
112600014,112600014__x1776_y0000,test,clean/112600014__x1776_y0000.bmp,1776,0,1024,1024,2800,1024,2,144,[]
112600015,112600015__x0000_y0000,test,clean/112600015__x0000_y0000.bmp,0,0,1024,1024,2800,1024,0,,[]
112600015,112600015__x0896_y0000,test,clean/112600015__x0896_y0000.bmp,896,0,1024,1024,2800,1024,1,128,[]
112600015,112600015__x1776_y0000,test,clean/112600015__x1776_y0000.bmp,1776,0,1024,1024,2800,1024,2,144,[]
112600016,112600016__x0000_y0000,test,clean/112600016__x0000_y0000.bmp,0,0,1024,1024,2800,1024,0,,[]
112600016,112600016__x0896_y0000,test,clean/112600016__x0896_y0000.bmp,896,0,1024,1024,2800,1024,1,128,[]
112600016,112600016__x1776_y0000,test,clean/112600016__x1776_y0000.bmp,1776,0,1024,1024,2800,1024,2,144,[]
112600018,112600018__x0000_y0000,test,clean/112600018__x0000_y0000.bmp,0,0,1024,1024,2800,1024,0,,[]
112600018,112600018__x0896_y0000,test,clean/112600018__x0896_y0000.bmp,896,0,1024,1024,2800,1024,1,128,[]
112600018,112600018__x1776_y0000,test,clean/112600018__x1776_y0000.bmp,1776,0,1024,1024,2800,1024,2,144,[]
112600019,112600019__x0000_y0000,test,clean/112600019__x0000_y0000.bmp,0,0,1024,1024,2800,1024,0,,[]
112600019,112600019__x0896_y0000,test,clean/112600019__x0896_y0000.bmp,896,0,1024,1024,2800,1024,1,128,[]
112600019,112600019__x1776_y0000,test,clean/112600019__x1776_y0000.bmp,1776,0,1024,1024,2800,1024,2,144,[]
112600026,112600026__x0000_y0000,test,clean/112600026__x0000_y0000.bmp,0,0,1024,1024,2800,1024,0,,[]
112600026,112600026__x0896_y0000,test,clean/112600026__x0896_y0000.bmp,896,0,1024,1024,2800,1024,1,128,[]
112600026,112600026__x1776_y0000,test,clean/112600026__x1776_y0000.bmp,1776,0,1024,1024,2800,1024,2,144,[]
112600032,112600032__x0000_y0000,test,clean/112600032__x0000_y0000.bmp,0,0,1024,1024,2800,1024,0,,[]
112600032,112600032__x0896_y0000,test,clean/112600032__x0896_y0000.bmp,896,0,1024,1024,2800,1024,1,128,[]
112600032,112600032__x1776_y0000,test,clean/112600032__x1776_y0000.bmp,1776,0,1024,1024,2800,1024,2,144,[]
112600081,112600081__x0000_y0000,test,clean/112600081__x0000_y0000.bmp,0,0,1024,1024,2800,1024,0,,[]
112600081,112600081__x0896_y0000,test,clean/112600081__x0896_y0000.bmp,896,0,1024,1024,2800,1024,1,128,[]
112600081,112600081__x1776_y0000,test,clean/112600081__x1776_y0000.bmp,1776,0,1024,1024,2800,1024,2,144,[]
112800002,112800002__x0000_y0000,test,clean/112800002__x0000_y0000.bmp,0,0,1024,1024,2800,1024,0,,[]
112800002,112800002__x0896_y0000,test,clean/112800002__x0896_y0000.bmp,896,0,1024,1024,2800,1024,1,128,[]
112800002,112800002__x1776_y0000,test,clean/112800002__x1776_y0000.bmp,1776,0,1024,1024,2800,1024,2,144,[]
112800004,112800004__x0000_y0000,test,clean/112800004__x0000_y0000.bmp,0,0,1024,1024,2800,1024,0,,[]
112800004,112800004__x0896_y0000,test,clean/112800004__x0896_y0000.bmp,896,0,1024,1024,2800,1024,1,128,[]
112800004,112800004__x1776_y0000,test,clean/112800004__x1776_y0000.bmp,1776,0,1024,1024,2800,1024,2,144,[]
112800005,112800005__x0000_y0000,test,clean/112800005__x0000_y0000.bmp,0,0,1024,1024,2800,1024,0,,[]
112800005,112800005__x0896_y0000,test,clean/112800005__x0896_y0000.bmp,896,0,1024,1024,2800,1024,1,128,[]
112800005,112800005__x1776_y0000,test,clean/112800005__x1776_y0000.bmp,1776,0,1024,1024,2800,1024,2,144,[]
112800011,112800011__x0000_y0000,test,clean/112800011__x0000_y0000.bmp,0,0,1024,1024,2800,1024,0,,[]
112800011,112800011__x0896_y0000,test,clean/112800011__x0896_y0000.bmp,896,0,1024,1024,2800,1024,1,128,[]
112800011,112800011__x1776_y0000,test,clean/112800011__x1776_y0000.bmp,1776,0,1024,1024,2800,1024,2,144,[]
112800015,112800015__x0000_y0000,test,clean/112800015__x0000_y0000.bmp,0,0,1024,1024,2800,1024,0,,[]
112800015,112800015__x0896_y0000,test,clean/112800015__x0896_y0000.bmp,896,0,1024,1024,2800,1024,1,128,[]
112800015,112800015__x1776_y0000,test,clean/112800015__x1776_y0000.bmp,1776,0,1024,1024,2800,1024,2,144,[]
112800028,112800028__x0000_y0000,test,clean/112800028__x0000_y0000.bmp,0,0,1024,1024,2800,1024,0,,[]
112800028,112800028__x0896_y0000,test,clean/112800028__x0896_y0000.bmp,896,0,1024,1024,2800,1024,1,128,[]
112800028,112800028__x1776_y0000,test,clean/112800028__x1776_y0000.bmp,1776,0,1024,1024,2800,1024,2,144,[]
112800036,112800036__x0000_y0000,test,clean/112800036__x0000_y0000.bmp,0,0,1024,1024,2800,1024,0,,[]
112800036,112800036__x0896_y0000,test,clean/112800036__x0896_y0000.bmp,896,0,1024,1024,2800,1024,1,128,[]
112800036,112800036__x1776_y0000,test,clean/112800036__x1776_y0000.bmp,1776,0,1024,1024,2800,1024,2,144,[]
112800039,112800039__x0000_y0000,test,clean/112800039__x0000_y0000.bmp,0,0,1024,1024,2800,1024,0,,[]
112800039,112800039__x0896_y0000,test,clean/112800039__x0896_y0000.bmp,896,0,1024,1024,2800,1024,1,128,[]
112800039,112800039__x1776_y0000,test,clean/112800039__x1776_y0000.bmp,1776,0,1024,1024,2800,1024,2,144,[]
112800050,112800050__x0000_y0000,test,clean/112800050__x0000_y0000.bmp,0,0,1024,1024,2800,1024,0,,[]
112800050,112800050__x0896_y0000,test,clean/112800050__x0896_y0000.bmp,896,0,1024,1024,2800,1024,1,128,[]
112800050,112800050__x1776_y0000,test,clean/112800050__x1776_y0000.bmp,1776,0,1024,1024,2800,1024,2,144,[]
112800061,112800061__x0000_y0000,test,clean/112800061__x0000_y0000.bmp,0,0,1024,1024,2800,1024,0,,[]
112800061,112800061__x0896_y0000,test,clean/112800061__x0896_y0000.bmp,896,0,1024,1024,2800,1024,1,128,[]
112800061,112800061__x1776_y0000,test,clean/112800061__x1776_y0000.bmp,1776,0,1024,1024,2800,1024,2,144,[]
112800065,112800065__x0000_y0000,test,clean/112800065__x0000_y0000.bmp,0,0,1024,1024,2800,1024,0,,[]
112800065,112800065__x0896_y0000,test,clean/112800065__x0896_y0000.bmp,896,0,1024,1024,2800,1024,1,128,[]
112800065,112800065__x1776_y0000,test,clean/112800065__x1776_y0000.bmp,1776,0,1024,1024,2800,1024,2,144,[]
112800075,112800075__x0000_y0000,test,clean/112800075__x0000_y0000.bmp,0,0,1024,1024,2800,1024,0,,[]
112800075,112800075__x0896_y0000,test,clean/112800075__x0896_y0000.bmp,896,0,1024,1024,2800,1024,1,128,[]
112800075,112800075__x1776_y0000,test,clean/112800075__x1776_y0000.bmp,1776,0,1024,1024,2800,1024,2,144,[]
112800081,112800081__x0000_y0000,test,clean/112800081__x0000_y0000.bmp,0,0,1024,1024,2800,1024,0,,[]
112800081,112800081__x0896_y0000,test,clean/112800081__x0896_y0000.bmp,896,0,1024,1024,2800,1024,1,128,[]
112800081,112800081__x1776_y0000,test,clean/112800081__x1776_y0000.bmp,1776,0,1024,1024,2800,1024,2,144,[]
112800083,112800083__x0000_y0000,test,clean/112800083__x0000_y0000.bmp,0,0,1024,1024,2800,1024,0,,[]
112800083,112800083__x0896_y0000,test,clean/112800083__x0896_y0000.bmp,896,0,1024,1024,2800,1024,1,128,[]
112800083,112800083__x1776_y0000,test,clean/112800083__x1776_y0000.bmp,1776,0,1024,1024,2800,1024,2,144,[]
113100015,113100015__x0000_y0000,test,clean/113100015__x0000_y0000.bmp,0,0,1024,1024,2800,1024,0,,[]
113100015,113100015__x0896_y0000,test,clean/113100015__x0896_y0000.bmp,896,0,1024,1024,2800,1024,1,128,[]
113100015,113100015__x1776_y0000,test,clean/113100015__x1776_y0000.bmp,1776,0,1024,1024,2800,1024,2,144,[]
113300018,113300018__x0000_y0000,test,clean/113300018__x0000_y0000.bmp,0,0,1024,1024,2800,1024,0,,[]
113300018,113300018__x0896_y0000,test,clean/113300018__x0896_y0000.bmp,896,0,1024,1024,2800,1024,1,128,[]
113300018,113300018__x1776_y0000,test,clean/113300018__x1776_y0000.bmp,1776,0,1024,1024,2800,1024,2,144,[]
113300038,113300038__x0000_y0000,test,clean/113300038__x0000_y0000.bmp,0,0,1024,1024,2800,1024,0,,[]
113300038,113300038__x0896_y0000,test,clean/113300038__x0896_y0000.bmp,896,0,1024,1024,2800,1024,1,128,[]
113300038,113300038__x1776_y0000,test,clean/113300038__x1776_y0000.bmp,1776,0,1024,1024,2800,1024,2,144,[]
113300062,113300062__x0000_y0000,test,clean/113300062__x0000_y0000.bmp,0,0,1024,1024,2800,1024,0,,[]
113300062,113300062__x0896_y0000,test,clean/113300062__x0896_y0000.bmp,896,0,1024,1024,2800,1024,1,128,[]
113300062,113300062__x1776_y0000,test,clean/113300062__x1776_y0000.bmp,1776,0,1024,1024,2800,1024,2,144,[]
113300079,113300079__x0000_y0000,test,clean/113300079__x0000_y0000.bmp,0,0,1024,1024,2800,1024,0,,[]
113300079,113300079__x0896_y0000,test,clean/113300079__x0896_y0000.bmp,896,0,1024,1024,2800,1024,1,128,[]
113300079,113300079__x1776_y0000,test,clean/113300079__x1776_y0000.bmp,1776,0,1024,1024,2800,1024,2,144,[]
113300083,113300083__x0000_y0000,test,clean/113300083__x0000_y0000.bmp,0,0,1024,1024,2800,1024,0,,[]
113300083,113300083__x0896_y0000,test,clean/113300083__x0896_y0000.bmp,896,0,1024,1024,2800,1024,1,128,[]
113300083,113300083__x1776_y0000,test,clean/113300083__x1776_y0000.bmp,1776,0,1024,1024,2800,1024,2,144,[]
113400030,113400030__x0000_y0000,test,clean/113400030__x0000_y0000.bmp,0,0,1024,1024,2800,1024,0,,[]
113400030,113400030__x0896_y0000,test,clean/113400030__x0896_y0000.bmp,896,0,1024,1024,2800,1024,1,128,[]
113400030,113400030__x1776_y0000,test,clean/113400030__x1776_y0000.bmp,1776,0,1024,1024,2800,1024,2,144,[]
113400040,113400040__x0000_y0000,test,clean/113400040__x0000_y0000.bmp,0,0,1024,1024,2800,1024,0,,[]
113400040,113400040__x0896_y0000,test,clean/113400040__x0896_y0000.bmp,896,0,1024,1024,2800,1024,1,128,[]
113400040,113400040__x1776_y0000,test,clean/113400040__x1776_y0000.bmp,1776,0,1024,1024,2800,1024,2,144,[]
113400070,113400070__x0000_y0000,test,clean/113400070__x0000_y0000.bmp,0,0,1024,1024,2800,1024,0,,[]
113400070,113400070__x0896_y0000,test,clean/113400070__x0896_y0000.bmp,896,0,1024,1024,2800,1024,1,128,[]
113400070,113400070__x1776_y0000,test,clean/113400070__x1776_y0000.bmp,1776,0,1024,1024,2800,1024,2,144,[]
113400072,113400072__x0000_y0000,test,clean/113400072__x0000_y0000.bmp,0,0,1024,1024,2800,1024,0,,[]
113400072,113400072__x0896_y0000,test,clean/113400072__x0896_y0000.bmp,896,0,1024,1024,2800,1024,1,128,[]
113400072,113400072__x1776_y0000,test,clean/113400072__x1776_y0000.bmp,1776,0,1024,1024,2800,1024,2,144,[]
113400078,113400078__x0000_y0000,test,clean/113400078__x0000_y0000.bmp,0,0,1024,1024,2800,1024,0,,[]
113400078,113400078__x0896_y0000,test,clean/113400078__x0896_y0000.bmp,896,0,1024,1024,2800,1024,1,128,[]
113400078,113400078__x1776_y0000,test,clean/113400078__x1776_y0000.bmp,1776,0,1024,1024,2800,1024,2,144,[]
113400084,113400084__x0000_y0000,test,clean/113400084__x0000_y0000.bmp,0,0,1024,1024,2800,1024,0,,[]
113400084,113400084__x0896_y0000,test,clean/113400084__x0896_y0000.bmp,896,0,1024,1024,2800,1024,1,128,[]
113400084,113400084__x1776_y0000,test,clean/113400084__x1776_y0000.bmp,1776,0,1024,1024,2800,1024,2,144,[]
113500017,113500017__x0000_y0000,test,clean/113500017__x0000_y0000.bmp,0,0,1024,1024,2800,1024,0,,[]
113500017,113500017__x0896_y0000,test,clean/113500017__x0896_y0000.bmp,896,0,1024,1024,2800,1024,1,128,[]
113500017,113500017__x1776_y0000,test,clean/113500017__x1776_y0000.bmp,1776,0,1024,1024,2800,1024,2,144,[]
113500028,113500028__x0000_y0000,test,clean/113500028__x0000_y0000.bmp,0,0,1024,1024,2800,1024,0,,[]
113500028,113500028__x0896_y0000,test,clean/113500028__x0896_y0000.bmp,896,0,1024,1024,2800,1024,1,128,[]
113500028,113500028__x1776_y0000,test,clean/113500028__x1776_y0000.bmp,1776,0,1024,1024,2800,1024,2,144,[]
113500029,113500029__x0000_y0000,test,clean/113500029__x0000_y0000.bmp,0,0,1024,1024,2800,1024,0,,[]
113500029,113500029__x0896_y0000,test,clean/113500029__x0896_y0000.bmp,896,0,1024,1024,2800,1024,1,128,[]
113500029,113500029__x1776_y0000,test,clean/113500029__x1776_y0000.bmp,1776,0,1024,1024,2800,1024,2,144,[]
113500030,113500030__x0000_y0000,test,clean/113500030__x0000_y0000.bmp,0,0,1024,1024,2800,1024,0,,[]
113500030,113500030__x0896_y0000,test,clean/113500030__x0896_y0000.bmp,896,0,1024,1024,2800,1024,1,128,[]
113500030,113500030__x1776_y0000,test,clean/113500030__x1776_y0000.bmp,1776,0,1024,1024,2800,1024,2,144,[]
113700000,113700000__x0000_y0000,test,clean/113700000__x0000_y0000.bmp,0,0,1024,1024,2800,1024,0,,[]
113700000,113700000__x0896_y0000,test,clean/113700000__x0896_y0000.bmp,896,0,1024,1024,2800,1024,1,128,[]
113700000,113700000__x1776_y0000,test,clean/113700000__x1776_y0000.bmp,1776,0,1024,1024,2800,1024,2,144,[]
113700025,113700025__x0000_y0000,test,clean/113700025__x0000_y0000.bmp,0,0,1024,1024,2800,1024,0,,[]
113700025,113700025__x0896_y0000,test,clean/113700025__x0896_y0000.bmp,896,0,1024,1024,2800,1024,1,128,[]
113700025,113700025__x1776_y0000,test,clean/113700025__x1776_y0000.bmp,1776,0,1024,1024,2800,1024,2,144,[]
113700029,113700029__x0000_y0000,test,clean/113700029__x0000_y0000.bmp,0,0,1024,1024,2800,1024,0,,[]
113700029,113700029__x0896_y0000,test,clean/113700029__x0896_y0000.bmp,896,0,1024,1024,2800,1024,1,128,[]
113700029,113700029__x1776_y0000,test,clean/113700029__x1776_y0000.bmp,1776,0,1024,1024,2800,1024,2,144,[]
113700040,113700040__x0000_y0000,test,clean/113700040__x0000_y0000.bmp,0,0,1024,1024,2800,1024,0,,[]
113700040,113700040__x0896_y0000,test,clean/113700040__x0896_y0000.bmp,896,0,1024,1024,2800,1024,1,128,[]
113700040,113700040__x1776_y0000,test,clean/113700040__x1776_y0000.bmp,1776,0,1024,1024,2800,1024,2,144,[]
114600015,114600015__x0000_y0000,test,clean/114600015__x0000_y0000.bmp,0,0,1024,1024,2800,1024,0,,[]
114600015,114600015__x0896_y0000,test,clean/114600015__x0896_y0000.bmp,896,0,1024,1024,2800,1024,1,128,[]
114600015,114600015__x1776_y0000,test,clean/114600015__x1776_y0000.bmp,1776,0,1024,1024,2800,1024,2,144,[]
114600018,114600018__x0000_y0000,test,clean/114600018__x0000_y0000.bmp,0,0,1024,1024,2800,1024,0,,[]
114600018,114600018__x0896_y0000,test,clean/114600018__x0896_y0000.bmp,896,0,1024,1024,2800,1024,1,128,[]
114600018,114600018__x1776_y0000,test,clean/114600018__x1776_y0000.bmp,1776,0,1024,1024,2800,1024,2,144,[]
114700036,114700036__x0000_y0000,test,clean/114700036__x0000_y0000.bmp,0,0,1024,1024,2800,1024,0,,[]
114700036,114700036__x0896_y0000,test,clean/114700036__x0896_y0000.bmp,896,0,1024,1024,2800,1024,1,128,[]
114700036,114700036__x1776_y0000,test,clean/114700036__x1776_y0000.bmp,1776,0,1024,1024,2800,1024,2,144,[]
114700040,114700040__x0000_y0000,test,clean/114700040__x0000_y0000.bmp,0,0,1024,1024,2800,1024,0,,[]
114700040,114700040__x0896_y0000,test,clean/114700040__x0896_y0000.bmp,896,0,1024,1024,2800,1024,1,128,[]
114700040,114700040__x1776_y0000,test,clean/114700040__x1776_y0000.bmp,1776,0,1024,1024,2800,1024,2,144,[]
114700041,114700041__x0000_y0000,test,clean/114700041__x0000_y0000.bmp,0,0,1024,1024,2800,1024,0,,[]
114700041,114700041__x0896_y0000,test,clean/114700041__x0896_y0000.bmp,896,0,1024,1024,2800,1024,1,128,[]
114700041,114700041__x1776_y0000,test,clean/114700041__x1776_y0000.bmp,1776,0,1024,1024,2800,1024,2,144,[]
114700047,114700047__x0000_y0000,test,clean/114700047__x0000_y0000.bmp,0,0,1024,1024,2800,1024,0,,[]
114700047,114700047__x0896_y0000,test,clean/114700047__x0896_y0000.bmp,896,0,1024,1024,2800,1024,1,128,[]
114700047,114700047__x1776_y0000,test,clean/114700047__x1776_y0000.bmp,1776,0,1024,1024,2800,1024,2,144,[]
114700075,114700075__x0000_y0000,test,clean/114700075__x0000_y0000.bmp,0,0,1024,1024,2800,1024,0,,[]
114700075,114700075__x0896_y0000,test,clean/114700075__x0896_y0000.bmp,896,0,1024,1024,2800,1024,1,128,[]
114700075,114700075__x1776_y0000,test,clean/114700075__x1776_y0000.bmp,1776,0,1024,1024,2800,1024,2,144,[]
114900029,114900029__x0000_y0000,test,clean/114900029__x0000_y0000.bmp,0,0,1024,1024,2800,1024,0,,[]
114900029,114900029__x0896_y0000,test,clean/114900029__x0896_y0000.bmp,896,0,1024,1024,2800,1024,1,128,[]
114900029,114900029__x1776_y0000,test,clean/114900029__x1776_y0000.bmp,1776,0,1024,1024,2800,1024,2,144,[]
115100031,115100031__x0000_y0000,test,clean/115100031__x0000_y0000.bmp,0,0,1024,1024,2800,1024,0,,[]
115100031,115100031__x0896_y0000,test,clean/115100031__x0896_y0000.bmp,896,0,1024,1024,2800,1024,1,128,[]
115100031,115100031__x1776_y0000,test,clean/115100031__x1776_y0000.bmp,1776,0,1024,1024,2800,1024,2,144,[]
115100036,115100036__x0000_y0000,test,clean/115100036__x0000_y0000.bmp,0,0,1024,1024,2800,1024,0,,[]
115100036,115100036__x0896_y0000,test,clean/115100036__x0896_y0000.bmp,896,0,1024,1024,2800,1024,1,128,[]
115100036,115100036__x1776_y0000,test,clean/115100036__x1776_y0000.bmp,1776,0,1024,1024,2800,1024,2,144,[]
115100048,115100048__x0000_y0000,test,clean/115100048__x0000_y0000.bmp,0,0,1024,1024,2800,1024,0,,[]
115100048,115100048__x0896_y0000,test,clean/115100048__x0896_y0000.bmp,896,0,1024,1024,2800,1024,1,128,[]
115100048,115100048__x1776_y0000,test,clean/115100048__x1776_y0000.bmp,1776,0,1024,1024,2800,1024,2,144,[]
115100081,115100081__x0000_y0000,test,clean/115100081__x0000_y0000.bmp,0,0,1024,1024,2800,1024,0,,[]
115100081,115100081__x0896_y0000,test,clean/115100081__x0896_y0000.bmp,896,0,1024,1024,2800,1024,1,128,[]
115100081,115100081__x1776_y0000,test,clean/115100081__x1776_y0000.bmp,1776,0,1024,1024,2800,1024,2,144,[]
115100084,115100084__x0000_y0000,test,clean/115100084__x0000_y0000.bmp,0,0,1024,1024,2800,1024,0,,[]
115100084,115100084__x0896_y0000,test,clean/115100084__x0896_y0000.bmp,896,0,1024,1024,2800,1024,1,128,[]
115100084,115100084__x1776_y0000,test,clean/115100084__x1776_y0000.bmp,1776,0,1024,1024,2800,1024,2,144,[]
115300004,115300004__x0000_y0000,test,clean/115300004__x0000_y0000.bmp,0,0,1024,1024,2800,1024,0,,[]
115300004,115300004__x0896_y0000,test,clean/115300004__x0896_y0000.bmp,896,0,1024,1024,2800,1024,1,128,[]
115300004,115300004__x1776_y0000,test,clean/115300004__x1776_y0000.bmp,1776,0,1024,1024,2800,1024,2,144,[]
115500051,115500051__x0000_y0000,test,clean/115500051__x0000_y0000.bmp,0,0,1024,1024,2800,1024,0,,[]
115500051,115500051__x0896_y0000,test,clean/115500051__x0896_y0000.bmp,896,0,1024,1024,2800,1024,1,128,[]
115500051,115500051__x1776_y0000,test,clean/115500051__x1776_y0000.bmp,1776,0,1024,1024,2800,1024,2,144,[]
115500069,115500069__x0000_y0000,test,clean/115500069__x0000_y0000.bmp,0,0,1024,1024,2800,1024,0,,[]
115500069,115500069__x0896_y0000,test,clean/115500069__x0896_y0000.bmp,896,0,1024,1024,2800,1024,1,128,[]
115500069,115500069__x1776_y0000,test,clean/115500069__x1776_y0000.bmp,1776,0,1024,1024,2800,1024,2,144,[]
115500073,115500073__x0000_y0000,test,clean/115500073__x0000_y0000.bmp,0,0,1024,1024,2800,1024,0,,[]
115500073,115500073__x0896_y0000,test,clean/115500073__x0896_y0000.bmp,896,0,1024,1024,2800,1024,1,128,[]
115500073,115500073__x1776_y0000,test,clean/115500073__x1776_y0000.bmp,1776,0,1024,1024,2800,1024,2,144,[]
115600017,115600017__x0000_y0000,test,clean/115600017__x0000_y0000.bmp,0,0,1024,1024,2800,1024,0,,[]
115600017,115600017__x0896_y0000,test,clean/115600017__x0896_y0000.bmp,896,0,1024,1024,2800,1024,1,128,[]
115600017,115600017__x1776_y0000,test,clean/115600017__x1776_y0000.bmp,1776,0,1024,1024,2800,1024,2,144,[]
115600060,115600060__x0000_y0000,test,clean/115600060__x0000_y0000.bmp,0,0,1024,1024,2800,1024,0,,[]
115600060,115600060__x0896_y0000,test,clean/115600060__x0896_y0000.bmp,896,0,1024,1024,2800,1024,1,128,[]
115600060,115600060__x1776_y0000,test,clean/115600060__x1776_y0000.bmp,1776,0,1024,1024,2800,1024,2,144,[]
116000013,116000013__x0000_y0000,test,clean/116000013__x0000_y0000.bmp,0,0,1024,1024,2800,1024,0,,[]
116000013,116000013__x0896_y0000,test,clean/116000013__x0896_y0000.bmp,896,0,1024,1024,2800,1024,1,128,[]
116000013,116000013__x1776_y0000,test,clean/116000013__x1776_y0000.bmp,1776,0,1024,1024,2800,1024,2,144,[]
116100006,116100006__x0000_y0000,test,clean/116100006__x0000_y0000.bmp,0,0,1024,1024,2800,1024,0,,[]
116100006,116100006__x0896_y0000,test,clean/116100006__x0896_y0000.bmp,896,0,1024,1024,2800,1024,1,128,[]
116100006,116100006__x1776_y0000,test,clean/116100006__x1776_y0000.bmp,1776,0,1024,1024,2800,1024,2,144,[]
116100012,116100012__x0000_y0000,test,clean/116100012__x0000_y0000.bmp,0,0,1024,1024,2800,1024,0,,[]
116100012,116100012__x0896_y0000,test,clean/116100012__x0896_y0000.bmp,896,0,1024,1024,2800,1024,1,128,[]
116100012,116100012__x1776_y0000,test,clean/116100012__x1776_y0000.bmp,1776,0,1024,1024,2800,1024,2,144,[]
116100017,116100017__x0000_y0000,test,clean/116100017__x0000_y0000.bmp,0,0,1024,1024,2800,1024,0,,[]
116100017,116100017__x0896_y0000,test,clean/116100017__x0896_y0000.bmp,896,0,1024,1024,2800,1024,1,128,[]
116100017,116100017__x1776_y0000,test,clean/116100017__x1776_y0000.bmp,1776,0,1024,1024,2800,1024,2,144,[]
116100032,116100032__x0000_y0000,test,clean/116100032__x0000_y0000.bmp,0,0,1024,1024,2800,1024,0,,[]
116100032,116100032__x0896_y0000,test,clean/116100032__x0896_y0000.bmp,896,0,1024,1024,2800,1024,1,128,[]
116100032,116100032__x1776_y0000,test,clean/116100032__x1776_y0000.bmp,1776,0,1024,1024,2800,1024,2,144,[]
116100044,116100044__x0000_y0000,test,clean/116100044__x0000_y0000.bmp,0,0,1024,1024,2800,1024,0,,[]
116100044,116100044__x0896_y0000,test,clean/116100044__x0896_y0000.bmp,896,0,1024,1024,2800,1024,1,128,[]
116100044,116100044__x1776_y0000,test,clean/116100044__x1776_y0000.bmp,1776,0,1024,1024,2800,1024,2,144,[]
116400002,116400002__x0000_y0000,test,clean/116400002__x0000_y0000.bmp,0,0,1024,1024,2800,1024,0,,[]
116400002,116400002__x0896_y0000,test,clean/116400002__x0896_y0000.bmp,896,0,1024,1024,2800,1024,1,128,[]
116400002,116400002__x1776_y0000,test,clean/116400002__x1776_y0000.bmp,1776,0,1024,1024,2800,1024,2,144,[]
116400004,116400004__x0000_y0000,test,clean/116400004__x0000_y0000.bmp,0,0,1024,1024,2800,1024,0,,[]
116400004,116400004__x0896_y0000,test,clean/116400004__x0896_y0000.bmp,896,0,1024,1024,2800,1024,1,128,[]
116400004,116400004__x1776_y0000,test,clean/116400004__x1776_y0000.bmp,1776,0,1024,1024,2800,1024,2,144,[]
116400008,116400008__x0000_y0000,test,clean/116400008__x0000_y0000.bmp,0,0,1024,1024,2800,1024,0,,[]
116400008,116400008__x0896_y0000,test,clean/116400008__x0896_y0000.bmp,896,0,1024,1024,2800,1024,1,128,[]
116400008,116400008__x1776_y0000,test,clean/116400008__x1776_y0000.bmp,1776,0,1024,1024,2800,1024,2,144,[]
116400011,116400011__x0000_y0000,test,clean/116400011__x0000_y0000.bmp,0,0,1024,1024,2800,1024,0,,[]
116400011,116400011__x0896_y0000,test,clean/116400011__x0896_y0000.bmp,896,0,1024,1024,2800,1024,1,128,[]
116400011,116400011__x1776_y0000,test,clean/116400011__x1776_y0000.bmp,1776,0,1024,1024,2800,1024,2,144,[]
116400013,116400013__x0000_y0000,test,clean/116400013__x0000_y0000.bmp,0,0,1024,1024,2800,1024,0,,[]
116400013,116400013__x0896_y0000,test,clean/116400013__x0896_y0000.bmp,896,0,1024,1024,2800,1024,1,128,[]
116400013,116400013__x1776_y0000,test,clean/116400013__x1776_y0000.bmp,1776,0,1024,1024,2800,1024,2,144,[]
116400017,116400017__x0000_y0000,test,clean/116400017__x0000_y0000.bmp,0,0,1024,1024,2800,1024,0,,[]
116400017,116400017__x0896_y0000,test,clean/116400017__x0896_y0000.bmp,896,0,1024,1024,2800,1024,1,128,[]
116400017,116400017__x1776_y0000,test,clean/116400017__x1776_y0000.bmp,1776,0,1024,1024,2800,1024,2,144,[]
116400064,116400064__x0000_y0000,test,clean/116400064__x0000_y0000.bmp,0,0,1024,1024,2800,1024,0,,[]
116400064,116400064__x0896_y0000,test,clean/116400064__x0896_y0000.bmp,896,0,1024,1024,2800,1024,1,128,[]
116400064,116400064__x1776_y0000,test,clean/116400064__x1776_y0000.bmp,1776,0,1024,1024,2800,1024,2,144,[]
116400067,116400067__x0000_y0000,test,clean/116400067__x0000_y0000.bmp,0,0,1024,1024,2800,1024,0,,[]
116400067,116400067__x0896_y0000,test,clean/116400067__x0896_y0000.bmp,896,0,1024,1024,2800,1024,1,128,[]
116400067,116400067__x1776_y0000,test,clean/116400067__x1776_y0000.bmp,1776,0,1024,1024,2800,1024,2,144,[]
116400069,116400069__x0000_y0000,test,clean/116400069__x0000_y0000.bmp,0,0,1024,1024,2800,1024,0,,[]
116400069,116400069__x0896_y0000,test,clean/116400069__x0896_y0000.bmp,896,0,1024,1024,2800,1024,1,128,[]
116400069,116400069__x1776_y0000,test,clean/116400069__x1776_y0000.bmp,1776,0,1024,1024,2800,1024,2,144,[]
116400082,116400082__x0000_y0000,test,clean/116400082__x0000_y0000.bmp,0,0,1024,1024,2800,1024,0,,[]
116400082,116400082__x0896_y0000,test,clean/116400082__x0896_y0000.bmp,896,0,1024,1024,2800,1024,1,128,[]
116400082,116400082__x1776_y0000,test,clean/116400082__x1776_y0000.bmp,1776,0,1024,1024,2800,1024,2,144,[]
116900003,116900003__x0000_y0000,test,clean/116900003__x0000_y0000.bmp,0,0,1024,1024,2800,1024,0,,[]
116900003,116900003__x0896_y0000,test,clean/116900003__x0896_y0000.bmp,896,0,1024,1024,2800,1024,1,128,[]
116900003,116900003__x1776_y0000,test,clean/116900003__x1776_y0000.bmp,1776,0,1024,1024,2800,1024,2,144,[]
116900006,116900006__x0000_y0000,test,clean/116900006__x0000_y0000.bmp,0,0,1024,1024,2800,1024,0,,[]
116900006,116900006__x0896_y0000,test,clean/116900006__x0896_y0000.bmp,896,0,1024,1024,2800,1024,1,128,[]
116900006,116900006__x1776_y0000,test,clean/116900006__x1776_y0000.bmp,1776,0,1024,1024,2800,1024,2,144,[]
116900017,116900017__x0000_y0000,test,clean/116900017__x0000_y0000.bmp,0,0,1024,1024,2800,1024,0,,[]
116900017,116900017__x0896_y0000,test,clean/116900017__x0896_y0000.bmp,896,0,1024,1024,2800,1024,1,128,[]
116900017,116900017__x1776_y0000,test,clean/116900017__x1776_y0000.bmp,1776,0,1024,1024,2800,1024,2,144,[]
116900040,116900040__x0000_y0000,test,clean/116900040__x0000_y0000.bmp,0,0,1024,1024,2800,1024,0,,[]
116900040,116900040__x0896_y0000,test,clean/116900040__x0896_y0000.bmp,896,0,1024,1024,2800,1024,1,128,[]
116900040,116900040__x1776_y0000,test,clean/116900040__x1776_y0000.bmp,1776,0,1024,1024,2800,1024,2,144,[]
116900063,116900063__x0000_y0000,test,clean/116900063__x0000_y0000.bmp,0,0,1024,1024,2800,1024,0,,[]
116900063,116900063__x0896_y0000,test,clean/116900063__x0896_y0000.bmp,896,0,1024,1024,2800,1024,1,128,[]
116900063,116900063__x1776_y0000,test,clean/116900063__x1776_y0000.bmp,1776,0,1024,1024,2800,1024,2,144,[]
117900008,117900008__x0000_y0000,test,clean/117900008__x0000_y0000.bmp,0,0,1024,1024,2800,1024,0,,[]
117900008,117900008__x0896_y0000,test,clean/117900008__x0896_y0000.bmp,896,0,1024,1024,2800,1024,1,128,[]
117900008,117900008__x1776_y0000,test,clean/117900008__x1776_y0000.bmp,1776,0,1024,1024,2800,1024,2,144,[]
117900028,117900028__x0000_y0000,test,clean/117900028__x0000_y0000.bmp,0,0,1024,1024,2800,1024,0,,[]
117900028,117900028__x0896_y0000,test,clean/117900028__x0896_y0000.bmp,896,0,1024,1024,2800,1024,1,128,[]
117900028,117900028__x1776_y0000,test,clean/117900028__x1776_y0000.bmp,1776,0,1024,1024,2800,1024,2,144,[]
117900035,117900035__x0000_y0000,test,clean/117900035__x0000_y0000.bmp,0,0,1024,1024,2800,1024,0,,[]
117900035,117900035__x0896_y0000,test,clean/117900035__x0896_y0000.bmp,896,0,1024,1024,2800,1024,1,128,[]
117900035,117900035__x1776_y0000,test,clean/117900035__x1776_y0000.bmp,1776,0,1024,1024,2800,1024,2,144,[]
117900052,117900052__x0000_y0000,test,clean/117900052__x0000_y0000.bmp,0,0,1024,1024,2800,1024,0,,[]
117900052,117900052__x0896_y0000,test,clean/117900052__x0896_y0000.bmp,896,0,1024,1024,2800,1024,1,128,[]
117900052,117900052__x1776_y0000,test,clean/117900052__x1776_y0000.bmp,1776,0,1024,1024,2800,1024,2,144,[]
117900065,117900065__x0000_y0000,test,clean/117900065__x0000_y0000.bmp,0,0,1024,1024,2800,1024,0,,[]
117900065,117900065__x0896_y0000,test,clean/117900065__x0896_y0000.bmp,896,0,1024,1024,2800,1024,1,128,[]
117900065,117900065__x1776_y0000,test,clean/117900065__x1776_y0000.bmp,1776,0,1024,1024,2800,1024,2,144,[]
117900066,117900066__x0000_y0000,test,clean/117900066__x0000_y0000.bmp,0,0,1024,1024,2800,1024,0,,[]
117900066,117900066__x0896_y0000,test,clean/117900066__x0896_y0000.bmp,896,0,1024,1024,2800,1024,1,128,[]
117900066,117900066__x1776_y0000,test,clean/117900066__x1776_y0000.bmp,1776,0,1024,1024,2800,1024,2,144,[]
117900070,117900070__x0000_y0000,test,clean/117900070__x0000_y0000.bmp,0,0,1024,1024,2800,1024,0,,[]
117900070,117900070__x0896_y0000,test,clean/117900070__x0896_y0000.bmp,896,0,1024,1024,2800,1024,1,128,[]
117900070,117900070__x1776_y0000,test,clean/117900070__x1776_y0000.bmp,1776,0,1024,1024,2800,1024,2,144,[]
117900074,117900074__x0000_y0000,test,clean/117900074__x0000_y0000.bmp,0,0,1024,1024,2800,1024,0,,[]
117900074,117900074__x0896_y0000,test,clean/117900074__x0896_y0000.bmp,896,0,1024,1024,2800,1024,1,128,[]
117900074,117900074__x1776_y0000,test,clean/117900074__x1776_y0000.bmp,1776,0,1024,1024,2800,1024,2,144,[]
118300012,118300012__x0000_y0000,test,clean/118300012__x0000_y0000.bmp,0,0,1024,1024,2800,1024,0,,[]
118300012,118300012__x0896_y0000,test,clean/118300012__x0896_y0000.bmp,896,0,1024,1024,2800,1024,1,128,[]
118300012,118300012__x1776_y0000,test,clean/118300012__x1776_y0000.bmp,1776,0,1024,1024,2800,1024,2,144,[]
118300021,118300021__x0000_y0000,test,clean/118300021__x0000_y0000.bmp,0,0,1024,1024,2800,1024,0,,[]
118300021,118300021__x0896_y0000,test,clean/118300021__x0896_y0000.bmp,896,0,1024,1024,2800,1024,1,128,[]
118300021,118300021__x1776_y0000,test,clean/118300021__x1776_y0000.bmp,1776,0,1024,1024,2800,1024,2,144,[]
118300035,118300035__x0000_y0000,test,clean/118300035__x0000_y0000.bmp,0,0,1024,1024,2800,1024,0,,[]
118300035,118300035__x0896_y0000,test,clean/118300035__x0896_y0000.bmp,896,0,1024,1024,2800,1024,1,128,[]
118300035,118300035__x1776_y0000,test,clean/118300035__x1776_y0000.bmp,1776,0,1024,1024,2800,1024,2,144,[]
118300054,118300054__x0000_y0000,test,clean/118300054__x0000_y0000.bmp,0,0,1024,1024,2800,1024,0,,[]
118300054,118300054__x0896_y0000,test,clean/118300054__x0896_y0000.bmp,896,0,1024,1024,2800,1024,1,128,[]
118300054,118300054__x1776_y0000,test,clean/118300054__x1776_y0000.bmp,1776,0,1024,1024,2800,1024,2,144,[]
118300073,118300073__x0000_y0000,test,clean/118300073__x0000_y0000.bmp,0,0,1024,1024,2800,1024,0,,[]
118300073,118300073__x0896_y0000,test,clean/118300073__x0896_y0000.bmp,896,0,1024,1024,2800,1024,1,128,[]
118300073,118300073__x1776_y0000,test,clean/118300073__x1776_y0000.bmp,1776,0,1024,1024,2800,1024,2,144,[]
118500002,118500002__x0000_y0000,test,clean/118500002__x0000_y0000.bmp,0,0,1024,1024,2800,1024,0,,[]
118500002,118500002__x0896_y0000,test,clean/118500002__x0896_y0000.bmp,896,0,1024,1024,2800,1024,1,128,[]
118500002,118500002__x1776_y0000,test,clean/118500002__x1776_y0000.bmp,1776,0,1024,1024,2800,1024,2,144,[]
118500022,118500022__x0000_y0000,test,clean/118500022__x0000_y0000.bmp,0,0,1024,1024,2800,1024,0,,[]
118500022,118500022__x0896_y0000,test,clean/118500022__x0896_y0000.bmp,896,0,1024,1024,2800,1024,1,128,[]
118500022,118500022__x1776_y0000,test,clean/118500022__x1776_y0000.bmp,1776,0,1024,1024,2800,1024,2,144,[]
118500026,118500026__x0000_y0000,test,clean/118500026__x0000_y0000.bmp,0,0,1024,1024,2800,1024,0,,[]
118500026,118500026__x0896_y0000,test,clean/118500026__x0896_y0000.bmp,896,0,1024,1024,2800,1024,1,128,[]
118500026,118500026__x1776_y0000,test,clean/118500026__x1776_y0000.bmp,1776,0,1024,1024,2800,1024,2,144,[]
118600014,118600014__x0000_y0000,test,clean/118600014__x0000_y0000.bmp,0,0,1024,1024,2800,1024,0,,[]
118600014,118600014__x0896_y0000,test,clean/118600014__x0896_y0000.bmp,896,0,1024,1024,2800,1024,1,128,[]
118600014,118600014__x1776_y0000,test,clean/118600014__x1776_y0000.bmp,1776,0,1024,1024,2800,1024,2,144,[]
118600030,118600030__x0000_y0000,test,clean/118600030__x0000_y0000.bmp,0,0,1024,1024,2800,1024,0,,[]
118600030,118600030__x0896_y0000,test,clean/118600030__x0896_y0000.bmp,896,0,1024,1024,2800,1024,1,128,[]
118600030,118600030__x1776_y0000,test,clean/118600030__x1776_y0000.bmp,1776,0,1024,1024,2800,1024,2,144,[]
118600057,118600057__x0000_y0000,test,clean/118600057__x0000_y0000.bmp,0,0,1024,1024,2800,1024,0,,[]
118600057,118600057__x0896_y0000,test,clean/118600057__x0896_y0000.bmp,896,0,1024,1024,2800,1024,1,128,[]
118600057,118600057__x1776_y0000,test,clean/118600057__x1776_y0000.bmp,1776,0,1024,1024,2800,1024,2,144,[]
118600073,118600073__x0000_y0000,test,clean/118600073__x0000_y0000.bmp,0,0,1024,1024,2800,1024,0,,[]
118600073,118600073__x0896_y0000,test,clean/118600073__x0896_y0000.bmp,896,0,1024,1024,2800,1024,1,128,[]
118600073,118600073__x1776_y0000,test,clean/118600073__x1776_y0000.bmp,1776,0,1024,1024,2800,1024,2,144,[]
118600082,118600082__x0000_y0000,test,clean/118600082__x0000_y0000.bmp,0,0,1024,1024,2800,1024,0,,[]
118600082,118600082__x0896_y0000,test,clean/118600082__x0896_y0000.bmp,896,0,1024,1024,2800,1024,1,128,[]
118600082,118600082__x1776_y0000,test,clean/118600082__x1776_y0000.bmp,1776,0,1024,1024,2800,1024,2,144,[]
118800001,118800001__x0000_y0000,test,clean/118800001__x0000_y0000.bmp,0,0,1024,1024,2800,1024,0,,[]
118800001,118800001__x0896_y0000,test,clean/118800001__x0896_y0000.bmp,896,0,1024,1024,2800,1024,1,128,[]
118800001,118800001__x1776_y0000,test,clean/118800001__x1776_y0000.bmp,1776,0,1024,1024,2800,1024,2,144,[]
118800020,118800020__x0000_y0000,test,clean/118800020__x0000_y0000.bmp,0,0,1024,1024,2800,1024,0,,[]
118800020,118800020__x0896_y0000,test,clean/118800020__x0896_y0000.bmp,896,0,1024,1024,2800,1024,1,128,[]
118800020,118800020__x1776_y0000,test,clean/118800020__x1776_y0000.bmp,1776,0,1024,1024,2800,1024,2,144,[]
118800022,118800022__x0000_y0000,test,clean/118800022__x0000_y0000.bmp,0,0,1024,1024,2800,1024,0,,[]
118800022,118800022__x0896_y0000,test,clean/118800022__x0896_y0000.bmp,896,0,1024,1024,2800,1024,1,128,[]
118800022,118800022__x1776_y0000,test,clean/118800022__x1776_y0000.bmp,1776,0,1024,1024,2800,1024,2,144,[]
118800034,118800034__x0000_y0000,test,clean/118800034__x0000_y0000.bmp,0,0,1024,1024,2800,1024,0,,[]
118800034,118800034__x0896_y0000,test,clean/118800034__x0896_y0000.bmp,896,0,1024,1024,2800,1024,1,128,[]
118800034,118800034__x1776_y0000,test,clean/118800034__x1776_y0000.bmp,1776,0,1024,1024,2800,1024,2,144,[]
118800037,118800037__x0000_y0000,test,clean/118800037__x0000_y0000.bmp,0,0,1024,1024,2800,1024,0,,[]
118800037,118800037__x0896_y0000,test,clean/118800037__x0896_y0000.bmp,896,0,1024,1024,2800,1024,1,128,[]
118800037,118800037__x1776_y0000,test,clean/118800037__x1776_y0000.bmp,1776,0,1024,1024,2800,1024,2,144,[]
118800065,118800065__x0000_y0000,test,clean/118800065__x0000_y0000.bmp,0,0,1024,1024,2800,1024,0,,[]
118800065,118800065__x0896_y0000,test,clean/118800065__x0896_y0000.bmp,896,0,1024,1024,2800,1024,1,128,[]
118800065,118800065__x1776_y0000,test,clean/118800065__x1776_y0000.bmp,1776,0,1024,1024,2800,1024,2,144,[]
118800081,118800081__x0000_y0000,test,clean/118800081__x0000_y0000.bmp,0,0,1024,1024,2800,1024,0,,[]
118800081,118800081__x0896_y0000,test,clean/118800081__x0896_y0000.bmp,896,0,1024,1024,2800,1024,1,128,[]
118800081,118800081__x1776_y0000,test,clean/118800081__x1776_y0000.bmp,1776,0,1024,1024,2800,1024,2,144,[]
118900039,118900039__x0000_y0000,test,clean/118900039__x0000_y0000.bmp,0,0,1024,1024,2800,1024,0,,[]
118900039,118900039__x0896_y0000,test,clean/118900039__x0896_y0000.bmp,896,0,1024,1024,2800,1024,1,128,[]
118900039,118900039__x1776_y0000,test,clean/118900039__x1776_y0000.bmp,1776,0,1024,1024,2800,1024,2,144,[]
118900046,118900046__x0000_y0000,test,clean/118900046__x0000_y0000.bmp,0,0,1024,1024,2800,1024,0,,[]
118900046,118900046__x0896_y0000,test,clean/118900046__x0896_y0000.bmp,896,0,1024,1024,2800,1024,1,128,[]
118900046,118900046__x1776_y0000,test,clean/118900046__x1776_y0000.bmp,1776,0,1024,1024,2800,1024,2,144,[]
119100000,119100000__x0000_y0000,test,clean/119100000__x0000_y0000.bmp,0,0,1024,1024,2800,1024,0,,[]
119100000,119100000__x0896_y0000,test,clean/119100000__x0896_y0000.bmp,896,0,1024,1024,2800,1024,1,128,[]
119100000,119100000__x1776_y0000,test,clean/119100000__x1776_y0000.bmp,1776,0,1024,1024,2800,1024,2,144,[]
119100022,119100022__x0000_y0000,test,clean/119100022__x0000_y0000.bmp,0,0,1024,1024,2800,1024,0,,[]
119100022,119100022__x0896_y0000,test,clean/119100022__x0896_y0000.bmp,896,0,1024,1024,2800,1024,1,128,[]
119100022,119100022__x1776_y0000,test,clean/119100022__x1776_y0000.bmp,1776,0,1024,1024,2800,1024,2,144,[]
119100030,119100030__x0000_y0000,test,clean/119100030__x0000_y0000.bmp,0,0,1024,1024,2800,1024,0,,[]
119100030,119100030__x0896_y0000,test,clean/119100030__x0896_y0000.bmp,896,0,1024,1024,2800,1024,1,128,[]
119100030,119100030__x1776_y0000,test,clean/119100030__x1776_y0000.bmp,1776,0,1024,1024,2800,1024,2,144,[]
119100037,119100037__x0000_y0000,test,clean/119100037__x0000_y0000.bmp,0,0,1024,1024,2800,1024,0,,[]
119100037,119100037__x0896_y0000,test,clean/119100037__x0896_y0000.bmp,896,0,1024,1024,2800,1024,1,128,[]
119100037,119100037__x1776_y0000,test,clean/119100037__x1776_y0000.bmp,1776,0,1024,1024,2800,1024,2,144,[]
119100042,119100042__x0000_y0000,test,clean/119100042__x0000_y0000.bmp,0,0,1024,1024,2800,1024,0,,[]
119100042,119100042__x0896_y0000,test,clean/119100042__x0896_y0000.bmp,896,0,1024,1024,2800,1024,1,128,[]
119100042,119100042__x1776_y0000,test,clean/119100042__x1776_y0000.bmp,1776,0,1024,1024,2800,1024,2,144,[]
119100044,119100044__x0000_y0000,test,clean/119100044__x0000_y0000.bmp,0,0,1024,1024,2800,1024,0,,[]
119100044,119100044__x0896_y0000,test,clean/119100044__x0896_y0000.bmp,896,0,1024,1024,2800,1024,1,128,[]
119100044,119100044__x1776_y0000,test,clean/119100044__x1776_y0000.bmp,1776,0,1024,1024,2800,1024,2,144,[]
119300076,119300076__x0000_y0000,test,clean/119300076__x0000_y0000.bmp,0,0,1024,1024,2800,1024,0,,[]
119300076,119300076__x0896_y0000,test,clean/119300076__x0896_y0000.bmp,896,0,1024,1024,2800,1024,1,128,[]
119300076,119300076__x1776_y0000,test,clean/119300076__x1776_y0000.bmp,1776,0,1024,1024,2800,1024,2,144,[]
119400014,119400014__x0000_y0000,test,clean/119400014__x0000_y0000.bmp,0,0,1024,1024,2800,1024,0,,[]
119400014,119400014__x0896_y0000,test,clean/119400014__x0896_y0000.bmp,896,0,1024,1024,2800,1024,1,128,[]
119400014,119400014__x1776_y0000,test,clean/119400014__x1776_y0000.bmp,1776,0,1024,1024,2800,1024,2,144,[]
119400048,119400048__x0000_y0000,test,clean/119400048__x0000_y0000.bmp,0,0,1024,1024,2800,1024,0,,[]
119400048,119400048__x0896_y0000,test,clean/119400048__x0896_y0000.bmp,896,0,1024,1024,2800,1024,1,128,[]
119400048,119400048__x1776_y0000,test,clean/119400048__x1776_y0000.bmp,1776,0,1024,1024,2800,1024,2,144,[]
119400054,119400054__x0000_y0000,test,clean/119400054__x0000_y0000.bmp,0,0,1024,1024,2800,1024,0,,[]
119400054,119400054__x0896_y0000,test,clean/119400054__x0896_y0000.bmp,896,0,1024,1024,2800,1024,1,128,[]
119400054,119400054__x1776_y0000,test,clean/119400054__x1776_y0000.bmp,1776,0,1024,1024,2800,1024,2,144,[]
119400056,119400056__x0000_y0000,test,clean/119400056__x0000_y0000.bmp,0,0,1024,1024,2800,1024,0,,[]
119400056,119400056__x0896_y0000,test,clean/119400056__x0896_y0000.bmp,896,0,1024,1024,2800,1024,1,128,[]
119400056,119400056__x1776_y0000,test,clean/119400056__x1776_y0000.bmp,1776,0,1024,1024,2800,1024,2,144,[]
119400057,119400057__x0000_y0000,test,clean/119400057__x0000_y0000.bmp,0,0,1024,1024,2800,1024,0,,[]
119400057,119400057__x0896_y0000,test,clean/119400057__x0896_y0000.bmp,896,0,1024,1024,2800,1024,1,128,[]
119400057,119400057__x1776_y0000,test,clean/119400057__x1776_y0000.bmp,1776,0,1024,1024,2800,1024,2,144,[]
119400059,119400059__x0000_y0000,test,clean/119400059__x0000_y0000.bmp,0,0,1024,1024,2800,1024,0,,[]
119400059,119400059__x0896_y0000,test,clean/119400059__x0896_y0000.bmp,896,0,1024,1024,2800,1024,1,128,[]
119400059,119400059__x1776_y0000,test,clean/119400059__x1776_y0000.bmp,1776,0,1024,1024,2800,1024,2,144,[]
119400075,119400075__x0000_y0000,test,clean/119400075__x0000_y0000.bmp,0,0,1024,1024,2800,1024,0,,[]
119400075,119400075__x0896_y0000,test,clean/119400075__x0896_y0000.bmp,896,0,1024,1024,2800,1024,1,128,[]
119400075,119400075__x1776_y0000,test,clean/119400075__x1776_y0000.bmp,1776,0,1024,1024,2800,1024,2,144,[]
119400076,119400076__x0000_y0000,test,clean/119400076__x0000_y0000.bmp,0,0,1024,1024,2800,1024,0,,[]
119400076,119400076__x0896_y0000,test,clean/119400076__x0896_y0000.bmp,896,0,1024,1024,2800,1024,1,128,[]
119400076,119400076__x1776_y0000,test,clean/119400076__x1776_y0000.bmp,1776,0,1024,1024,2800,1024,2,144,[]
119400082,119400082__x0000_y0000,test,clean/119400082__x0000_y0000.bmp,0,0,1024,1024,2800,1024,0,,[]
119400082,119400082__x0896_y0000,test,clean/119400082__x0896_y0000.bmp,896,0,1024,1024,2800,1024,1,128,[]
119400082,119400082__x1776_y0000,test,clean/119400082__x1776_y0000.bmp,1776,0,1024,1024,2800,1024,2,144,[]
119700031,119700031__x0000_y0000,test,clean/119700031__x0000_y0000.bmp,0,0,1024,1024,2800,1024,0,,[]
119700031,119700031__x0896_y0000,test,clean/119700031__x0896_y0000.bmp,896,0,1024,1024,2800,1024,1,128,[]
119700031,119700031__x1776_y0000,test,clean/119700031__x1776_y0000.bmp,1776,0,1024,1024,2800,1024,2,144,[]
120000029,120000029__x0000_y0000,test,clean/120000029__x0000_y0000.bmp,0,0,1024,1024,2800,1024,0,,[]
120000029,120000029__x0896_y0000,test,clean/120000029__x0896_y0000.bmp,896,0,1024,1024,2800,1024,1,128,[]
120000029,120000029__x1776_y0000,test,clean/120000029__x1776_y0000.bmp,1776,0,1024,1024,2800,1024,2,144,[]
120000033,120000033__x0000_y0000,test,clean/120000033__x0000_y0000.bmp,0,0,1024,1024,2800,1024,0,,[]
120000033,120000033__x0896_y0000,test,clean/120000033__x0896_y0000.bmp,896,0,1024,1024,2800,1024,1,128,[]
120000033,120000033__x1776_y0000,test,clean/120000033__x1776_y0000.bmp,1776,0,1024,1024,2800,1024,2,144,[]
120000035,120000035__x0000_y0000,test,clean/120000035__x0000_y0000.bmp,0,0,1024,1024,2800,1024,0,,[]
120000035,120000035__x0896_y0000,test,clean/120000035__x0896_y0000.bmp,896,0,1024,1024,2800,1024,1,128,[]
120000035,120000035__x1776_y0000,test,clean/120000035__x1776_y0000.bmp,1776,0,1024,1024,2800,1024,2,144,[]
120000054,120000054__x0000_y0000,test,clean/120000054__x0000_y0000.bmp,0,0,1024,1024,2800,1024,0,,[]
120000054,120000054__x0896_y0000,test,clean/120000054__x0896_y0000.bmp,896,0,1024,1024,2800,1024,1,128,[]
120000054,120000054__x1776_y0000,test,clean/120000054__x1776_y0000.bmp,1776,0,1024,1024,2800,1024,2,144,[]
120000061,120000061__x0000_y0000,test,clean/120000061__x0000_y0000.bmp,0,0,1024,1024,2800,1024,0,,[]
120000061,120000061__x0896_y0000,test,clean/120000061__x0896_y0000.bmp,896,0,1024,1024,2800,1024,1,128,[]
120000061,120000061__x1776_y0000,test,clean/120000061__x1776_y0000.bmp,1776,0,1024,1024,2800,1024,2,144,[]
120000062,120000062__x0000_y0000,test,clean/120000062__x0000_y0000.bmp,0,0,1024,1024,2800,1024,0,,[]
120000062,120000062__x0896_y0000,test,clean/120000062__x0896_y0000.bmp,896,0,1024,1024,2800,1024,1,128,[]
120000062,120000062__x1776_y0000,test,clean/120000062__x1776_y0000.bmp,1776,0,1024,1024,2800,1024,2,144,[]
120000063,120000063__x0000_y0000,test,clean/120000063__x0000_y0000.bmp,0,0,1024,1024,2800,1024,0,,[]
120000063,120000063__x0896_y0000,test,clean/120000063__x0896_y0000.bmp,896,0,1024,1024,2800,1024,1,128,[]
120000063,120000063__x1776_y0000,test,clean/120000063__x1776_y0000.bmp,1776,0,1024,1024,2800,1024,2,144,[]
120000065,120000065__x0000_y0000,test,clean/120000065__x0000_y0000.bmp,0,0,1024,1024,2800,1024,0,,[]
120000065,120000065__x0896_y0000,test,clean/120000065__x0896_y0000.bmp,896,0,1024,1024,2800,1024,1,128,[]
120000065,120000065__x1776_y0000,test,clean/120000065__x1776_y0000.bmp,1776,0,1024,1024,2800,1024,2,144,[]
120000070,120000070__x0000_y0000,test,clean/120000070__x0000_y0000.bmp,0,0,1024,1024,2800,1024,0,,[]
120000070,120000070__x0896_y0000,test,clean/120000070__x0896_y0000.bmp,896,0,1024,1024,2800,1024,1,128,[]
120000070,120000070__x1776_y0000,test,clean/120000070__x1776_y0000.bmp,1776,0,1024,1024,2800,1024,2,144,[]
120000073,120000073__x0000_y0000,test,clean/120000073__x0000_y0000.bmp,0,0,1024,1024,2800,1024,0,,[]
120000073,120000073__x0896_y0000,test,clean/120000073__x0896_y0000.bmp,896,0,1024,1024,2800,1024,1,128,[]
120000073,120000073__x1776_y0000,test,clean/120000073__x1776_y0000.bmp,1776,0,1024,1024,2800,1024,2,144,[]
120200032,120200032__x0000_y0000,test,clean/120200032__x0000_y0000.bmp,0,0,1024,1024,2800,1024,0,,[]
120200032,120200032__x0896_y0000,test,clean/120200032__x0896_y0000.bmp,896,0,1024,1024,2800,1024,1,128,[]
120200032,120200032__x1776_y0000,test,clean/120200032__x1776_y0000.bmp,1776,0,1024,1024,2800,1024,2,144,[]
120200043,120200043__x0000_y0000,test,clean/120200043__x0000_y0000.bmp,0,0,1024,1024,2800,1024,0,,[]
120200043,120200043__x0896_y0000,test,clean/120200043__x0896_y0000.bmp,896,0,1024,1024,2800,1024,1,128,[]
120200043,120200043__x1776_y0000,test,clean/120200043__x1776_y0000.bmp,1776,0,1024,1024,2800,1024,2,144,[]
120200055,120200055__x0000_y0000,test,clean/120200055__x0000_y0000.bmp,0,0,1024,1024,2800,1024,0,,[]
120200055,120200055__x0896_y0000,test,clean/120200055__x0896_y0000.bmp,896,0,1024,1024,2800,1024,1,128,[]
120200055,120200055__x1776_y0000,test,clean/120200055__x1776_y0000.bmp,1776,0,1024,1024,2800,1024,2,144,[]
120200058,120200058__x0000_y0000,test,clean/120200058__x0000_y0000.bmp,0,0,1024,1024,2800,1024,0,,[]
120200058,120200058__x0896_y0000,test,clean/120200058__x0896_y0000.bmp,896,0,1024,1024,2800,1024,1,128,[]
120200058,120200058__x1776_y0000,test,clean/120200058__x1776_y0000.bmp,1776,0,1024,1024,2800,1024,2,144,[]
120300058,120300058__x0000_y0000,test,clean/120300058__x0000_y0000.bmp,0,0,1024,1024,2800,1024,0,,[]
120300058,120300058__x0896_y0000,test,clean/120300058__x0896_y0000.bmp,896,0,1024,1024,2800,1024,1,128,[]
120300058,120300058__x1776_y0000,test,clean/120300058__x1776_y0000.bmp,1776,0,1024,1024,2800,1024,2,144,[]
121200002,121200002__x0000_y0000,test,clean/121200002__x0000_y0000.bmp,0,0,1024,1024,2800,1024,0,,[]
121200002,121200002__x0896_y0000,test,clean/121200002__x0896_y0000.bmp,896,0,1024,1024,2800,1024,1,128,[]
121200002,121200002__x1776_y0000,test,clean/121200002__x1776_y0000.bmp,1776,0,1024,1024,2800,1024,2,144,[]
121400002,121400002__x0000_y0000,test,clean/121400002__x0000_y0000.bmp,0,0,1024,1024,2800,1024,0,,[]
121400002,121400002__x0896_y0000,test,clean/121400002__x0896_y0000.bmp,896,0,1024,1024,2800,1024,1,128,[]
121400002,121400002__x1776_y0000,test,clean/121400002__x1776_y0000.bmp,1776,0,1024,1024,2800,1024,2,144,[]
121400014,121400014__x0000_y0000,test,clean/121400014__x0000_y0000.bmp,0,0,1024,1024,2800,1024,0,,[]
121400014,121400014__x0896_y0000,test,clean/121400014__x0896_y0000.bmp,896,0,1024,1024,2800,1024,1,128,[]
121400014,121400014__x1776_y0000,test,clean/121400014__x1776_y0000.bmp,1776,0,1024,1024,2800,1024,2,144,[]
121400027,121400027__x0000_y0000,test,clean/121400027__x0000_y0000.bmp,0,0,1024,1024,2800,1024,0,,[]
121400027,121400027__x0896_y0000,test,clean/121400027__x0896_y0000.bmp,896,0,1024,1024,2800,1024,1,128,[]
121400027,121400027__x1776_y0000,test,clean/121400027__x1776_y0000.bmp,1776,0,1024,1024,2800,1024,2,144,[]
121400029,121400029__x0000_y0000,test,clean/121400029__x0000_y0000.bmp,0,0,1024,1024,2800,1024,0,,[]
121400029,121400029__x0896_y0000,test,clean/121400029__x0896_y0000.bmp,896,0,1024,1024,2800,1024,1,128,[]
121400029,121400029__x1776_y0000,test,clean/121400029__x1776_y0000.bmp,1776,0,1024,1024,2800,1024,2,144,[]
121400064,121400064__x0000_y0000,test,clean/121400064__x0000_y0000.bmp,0,0,1024,1024,2800,1024,0,,[]
121400064,121400064__x0896_y0000,test,clean/121400064__x0896_y0000.bmp,896,0,1024,1024,2800,1024,1,128,[]
121400064,121400064__x1776_y0000,test,clean/121400064__x1776_y0000.bmp,1776,0,1024,1024,2800,1024,2,144,[]
121400073,121400073__x0000_y0000,test,clean/121400073__x0000_y0000.bmp,0,0,1024,1024,2800,1024,0,,[]
121400073,121400073__x0896_y0000,test,clean/121400073__x0896_y0000.bmp,896,0,1024,1024,2800,1024,1,128,[]
121400073,121400073__x1776_y0000,test,clean/121400073__x1776_y0000.bmp,1776,0,1024,1024,2800,1024,2,144,[]
121400080,121400080__x0000_y0000,test,clean/121400080__x0000_y0000.bmp,0,0,1024,1024,2800,1024,0,,[]
121400080,121400080__x0896_y0000,test,clean/121400080__x0896_y0000.bmp,896,0,1024,1024,2800,1024,1,128,[]
121400080,121400080__x1776_y0000,test,clean/121400080__x1776_y0000.bmp,1776,0,1024,1024,2800,1024,2,144,[]
121400082,121400082__x0000_y0000,test,clean/121400082__x0000_y0000.bmp,0,0,1024,1024,2800,1024,0,,[]
121400082,121400082__x0896_y0000,test,clean/121400082__x0896_y0000.bmp,896,0,1024,1024,2800,1024,1,128,[]
121400082,121400082__x1776_y0000,test,clean/121400082__x1776_y0000.bmp,1776,0,1024,1024,2800,1024,2,144,[]
121800073,121800073__x0000_y0000,test,clean/121800073__x0000_y0000.bmp,0,0,1024,1024,2800,1024,0,,[]
121800073,121800073__x0896_y0000,test,clean/121800073__x0896_y0000.bmp,896,0,1024,1024,2800,1024,1,128,[]
121800073,121800073__x1776_y0000,test,clean/121800073__x1776_y0000.bmp,1776,0,1024,1024,2800,1024,2,144,[]
121800084,121800084__x0000_y0000,test,clean/121800084__x0000_y0000.bmp,0,0,1024,1024,2800,1024,0,,[]
121800084,121800084__x0896_y0000,test,clean/121800084__x0896_y0000.bmp,896,0,1024,1024,2800,1024,1,128,[]
121800084,121800084__x1776_y0000,test,clean/121800084__x1776_y0000.bmp,1776,0,1024,1024,2800,1024,2,144,[]
122300066,122300066__x0000_y0000,test,clean/122300066__x0000_y0000.bmp,0,0,1024,1024,2800,1024,0,,[]
122300066,122300066__x0896_y0000,test,clean/122300066__x0896_y0000.bmp,896,0,1024,1024,2800,1024,1,128,[]
122300066,122300066__x1776_y0000,test,clean/122300066__x1776_y0000.bmp,1776,0,1024,1024,2800,1024,2,144,[]
122400008,122400008__x0000_y0000,test,clean/122400008__x0000_y0000.bmp,0,0,1024,1024,2800,1024,0,,[]
122400008,122400008__x0896_y0000,test,clean/122400008__x0896_y0000.bmp,896,0,1024,1024,2800,1024,1,128,[]
122400008,122400008__x1776_y0000,test,clean/122400008__x1776_y0000.bmp,1776,0,1024,1024,2800,1024,2,144,[]
122400012,122400012__x0000_y0000,test,clean/122400012__x0000_y0000.bmp,0,0,1024,1024,2800,1024,0,,[]
122400012,122400012__x0896_y0000,test,clean/122400012__x0896_y0000.bmp,896,0,1024,1024,2800,1024,1,128,[]
122400012,122400012__x1776_y0000,test,clean/122400012__x1776_y0000.bmp,1776,0,1024,1024,2800,1024,2,144,[]
122400059,122400059__x0000_y0000,test,clean/122400059__x0000_y0000.bmp,0,0,1024,1024,2800,1024,0,,[]
122400059,122400059__x0896_y0000,test,clean/122400059__x0896_y0000.bmp,896,0,1024,1024,2800,1024,1,128,[]
122400059,122400059__x1776_y0000,test,clean/122400059__x1776_y0000.bmp,1776,0,1024,1024,2800,1024,2,144,[]
122400062,122400062__x0000_y0000,test,clean/122400062__x0000_y0000.bmp,0,0,1024,1024,2800,1024,0,,[]
122400062,122400062__x0896_y0000,test,clean/122400062__x0896_y0000.bmp,896,0,1024,1024,2800,1024,1,128,[]
122400062,122400062__x1776_y0000,test,clean/122400062__x1776_y0000.bmp,1776,0,1024,1024,2800,1024,2,144,[]
122500015,122500015__x0000_y0000,test,clean/122500015__x0000_y0000.bmp,0,0,1024,1024,2800,1024,0,,[]
122500015,122500015__x0896_y0000,test,clean/122500015__x0896_y0000.bmp,896,0,1024,1024,2800,1024,1,128,[]
122500015,122500015__x1776_y0000,test,clean/122500015__x1776_y0000.bmp,1776,0,1024,1024,2800,1024,2,144,[]
122500037,122500037__x0000_y0000,test,clean/122500037__x0000_y0000.bmp,0,0,1024,1024,2800,1024,0,,[]
122500037,122500037__x0896_y0000,test,clean/122500037__x0896_y0000.bmp,896,0,1024,1024,2800,1024,1,128,[]
122500037,122500037__x1776_y0000,test,clean/122500037__x1776_y0000.bmp,1776,0,1024,1024,2800,1024,2,144,[]
122500046,122500046__x0000_y0000,test,clean/122500046__x0000_y0000.bmp,0,0,1024,1024,2800,1024,0,,[]
122500046,122500046__x0896_y0000,test,clean/122500046__x0896_y0000.bmp,896,0,1024,1024,2800,1024,1,128,[]
122500046,122500046__x1776_y0000,test,clean/122500046__x1776_y0000.bmp,1776,0,1024,1024,2800,1024,2,144,[]
122500048,122500048__x0000_y0000,test,clean/122500048__x0000_y0000.bmp,0,0,1024,1024,2800,1024,0,,[]
122500048,122500048__x0896_y0000,test,clean/122500048__x0896_y0000.bmp,896,0,1024,1024,2800,1024,1,128,[]
122500048,122500048__x1776_y0000,test,clean/122500048__x1776_y0000.bmp,1776,0,1024,1024,2800,1024,2,144,[]
122500055,122500055__x0000_y0000,test,clean/122500055__x0000_y0000.bmp,0,0,1024,1024,2800,1024,0,,[]
122500055,122500055__x0896_y0000,test,clean/122500055__x0896_y0000.bmp,896,0,1024,1024,2800,1024,1,128,[]
122500055,122500055__x1776_y0000,test,clean/122500055__x1776_y0000.bmp,1776,0,1024,1024,2800,1024,2,144,[]
122500056,122500056__x0000_y0000,test,clean/122500056__x0000_y0000.bmp,0,0,1024,1024,2800,1024,0,,[]
122500056,122500056__x0896_y0000,test,clean/122500056__x0896_y0000.bmp,896,0,1024,1024,2800,1024,1,128,[]
122500056,122500056__x1776_y0000,test,clean/122500056__x1776_y0000.bmp,1776,0,1024,1024,2800,1024,2,144,[]
122500058,122500058__x0000_y0000,test,clean/122500058__x0000_y0000.bmp,0,0,1024,1024,2800,1024,0,,[]
122500058,122500058__x0896_y0000,test,clean/122500058__x0896_y0000.bmp,896,0,1024,1024,2800,1024,1,128,[]
122500058,122500058__x1776_y0000,test,clean/122500058__x1776_y0000.bmp,1776,0,1024,1024,2800,1024,2,144,[]
122500064,122500064__x0000_y0000,test,clean/122500064__x0000_y0000.bmp,0,0,1024,1024,2800,1024,0,,[]
122500064,122500064__x0896_y0000,test,clean/122500064__x0896_y0000.bmp,896,0,1024,1024,2800,1024,1,128,[]
122500064,122500064__x1776_y0000,test,clean/122500064__x1776_y0000.bmp,1776,0,1024,1024,2800,1024,2,144,[]
122600050,122600050__x0000_y0000,test,clean/122600050__x0000_y0000.bmp,0,0,1024,1024,2800,1024,0,,[]
122600050,122600050__x0896_y0000,test,clean/122600050__x0896_y0000.bmp,896,0,1024,1024,2800,1024,1,128,[]
122600050,122600050__x1776_y0000,test,clean/122600050__x1776_y0000.bmp,1776,0,1024,1024,2800,1024,2,144,[]
122700039,122700039__x0000_y0000,test,clean/122700039__x0000_y0000.bmp,0,0,1024,1024,2800,1024,0,,[]
122700039,122700039__x0896_y0000,test,clean/122700039__x0896_y0000.bmp,896,0,1024,1024,2800,1024,1,128,[]
122700039,122700039__x1776_y0000,test,clean/122700039__x1776_y0000.bmp,1776,0,1024,1024,2800,1024,2,144,[]
122700057,122700057__x0000_y0000,test,clean/122700057__x0000_y0000.bmp,0,0,1024,1024,2800,1024,0,,[]
122700057,122700057__x0896_y0000,test,clean/122700057__x0896_y0000.bmp,896,0,1024,1024,2800,1024,1,128,[]
122700057,122700057__x1776_y0000,test,clean/122700057__x1776_y0000.bmp,1776,0,1024,1024,2800,1024,2,144,[]
122700076,122700076__x0000_y0000,test,clean/122700076__x0000_y0000.bmp,0,0,1024,1024,2800,1024,0,,[]
122700076,122700076__x0896_y0000,test,clean/122700076__x0896_y0000.bmp,896,0,1024,1024,2800,1024,1,128,[]
122700076,122700076__x1776_y0000,test,clean/122700076__x1776_y0000.bmp,1776,0,1024,1024,2800,1024,2,144,[]
122700081,122700081__x0000_y0000,test,clean/122700081__x0000_y0000.bmp,0,0,1024,1024,2800,1024,0,,[]
122700081,122700081__x0896_y0000,test,clean/122700081__x0896_y0000.bmp,896,0,1024,1024,2800,1024,1,128,[]
122700081,122700081__x1776_y0000,test,clean/122700081__x1776_y0000.bmp,1776,0,1024,1024,2800,1024,2,144,[]
122900057,122900057__x0000_y0000,test,clean/122900057__x0000_y0000.bmp,0,0,1024,1024,2800,1024,0,,[]
122900057,122900057__x0896_y0000,test,clean/122900057__x0896_y0000.bmp,896,0,1024,1024,2800,1024,1,128,[]
122900057,122900057__x1776_y0000,test,clean/122900057__x1776_y0000.bmp,1776,0,1024,1024,2800,1024,2,144,[]
122900059,122900059__x0000_y0000,test,clean/122900059__x0000_y0000.bmp,0,0,1024,1024,2800,1024,0,,[]
122900059,122900059__x0896_y0000,test,clean/122900059__x0896_y0000.bmp,896,0,1024,1024,2800,1024,1,128,[]
122900059,122900059__x1776_y0000,test,clean/122900059__x1776_y0000.bmp,1776,0,1024,1024,2800,1024,2,144,[]
122900062,122900062__x0000_y0000,test,clean/122900062__x0000_y0000.bmp,0,0,1024,1024,2800,1024,0,,[]
122900062,122900062__x0896_y0000,test,clean/122900062__x0896_y0000.bmp,896,0,1024,1024,2800,1024,1,128,[]
122900062,122900062__x1776_y0000,test,clean/122900062__x1776_y0000.bmp,1776,0,1024,1024,2800,1024,2,144,[]
122900063,122900063__x0000_y0000,test,clean/122900063__x0000_y0000.bmp,0,0,1024,1024,2800,1024,0,,[]
122900063,122900063__x0896_y0000,test,clean/122900063__x0896_y0000.bmp,896,0,1024,1024,2800,1024,1,128,[]
122900063,122900063__x1776_y0000,test,clean/122900063__x1776_y0000.bmp,1776,0,1024,1024,2800,1024,2,144,[]
122900070,122900070__x0000_y0000,test,clean/122900070__x0000_y0000.bmp,0,0,1024,1024,2800,1024,0,,[]
122900070,122900070__x0896_y0000,test,clean/122900070__x0896_y0000.bmp,896,0,1024,1024,2800,1024,1,128,[]
122900070,122900070__x1776_y0000,test,clean/122900070__x1776_y0000.bmp,1776,0,1024,1024,2800,1024,2,144,[]
122900071,122900071__x0000_y0000,test,clean/122900071__x0000_y0000.bmp,0,0,1024,1024,2800,1024,0,,[]
122900071,122900071__x0896_y0000,test,clean/122900071__x0896_y0000.bmp,896,0,1024,1024,2800,1024,1,128,[]
122900071,122900071__x1776_y0000,test,clean/122900071__x1776_y0000.bmp,1776,0,1024,1024,2800,1024,2,144,[]
122900072,122900072__x0000_y0000,test,clean/122900072__x0000_y0000.bmp,0,0,1024,1024,2800,1024,0,,[]
122900072,122900072__x0896_y0000,test,clean/122900072__x0896_y0000.bmp,896,0,1024,1024,2800,1024,1,128,[]
122900072,122900072__x1776_y0000,test,clean/122900072__x1776_y0000.bmp,1776,0,1024,1024,2800,1024,2,144,[]
122900074,122900074__x0000_y0000,test,clean/122900074__x0000_y0000.bmp,0,0,1024,1024,2800,1024,0,,[]
122900074,122900074__x0896_y0000,test,clean/122900074__x0896_y0000.bmp,896,0,1024,1024,2800,1024,1,128,[]
122900074,122900074__x1776_y0000,test,clean/122900074__x1776_y0000.bmp,1776,0,1024,1024,2800,1024,2,144,[]
122900078,122900078__x0000_y0000,test,clean/122900078__x0000_y0000.bmp,0,0,1024,1024,2800,1024,0,,[]
122900078,122900078__x0896_y0000,test,clean/122900078__x0896_y0000.bmp,896,0,1024,1024,2800,1024,1,128,[]
122900078,122900078__x1776_y0000,test,clean/122900078__x1776_y0000.bmp,1776,0,1024,1024,2800,1024,2,144,[]
122900084,122900084__x0000_y0000,test,clean/122900084__x0000_y0000.bmp,0,0,1024,1024,2800,1024,0,,[]
122900084,122900084__x0896_y0000,test,clean/122900084__x0896_y0000.bmp,896,0,1024,1024,2800,1024,1,128,[]
122900084,122900084__x1776_y0000,test,clean/122900084__x1776_y0000.bmp,1776,0,1024,1024,2800,1024,2,144,[]
123300003,123300003__x0000_y0000,test,clean/123300003__x0000_y0000.bmp,0,0,1024,1024,2800,1024,0,,[]
123300003,123300003__x0896_y0000,test,clean/123300003__x0896_y0000.bmp,896,0,1024,1024,2800,1024,1,128,[]
123300003,123300003__x1776_y0000,test,clean/123300003__x1776_y0000.bmp,1776,0,1024,1024,2800,1024,2,144,[]
123300004,123300004__x0000_y0000,test,clean/123300004__x0000_y0000.bmp,0,0,1024,1024,2800,1024,0,,[]
123300004,123300004__x0896_y0000,test,clean/123300004__x0896_y0000.bmp,896,0,1024,1024,2800,1024,1,128,[]
123300004,123300004__x1776_y0000,test,clean/123300004__x1776_y0000.bmp,1776,0,1024,1024,2800,1024,2,144,[]
123300053,123300053__x0000_y0000,test,clean/123300053__x0000_y0000.bmp,0,0,1024,1024,2800,1024,0,,[]
123300053,123300053__x0896_y0000,test,clean/123300053__x0896_y0000.bmp,896,0,1024,1024,2800,1024,1,128,[]
123300053,123300053__x1776_y0000,test,clean/123300053__x1776_y0000.bmp,1776,0,1024,1024,2800,1024,2,144,[]
123300071,123300071__x0000_y0000,test,clean/123300071__x0000_y0000.bmp,0,0,1024,1024,2800,1024,0,,[]
123300071,123300071__x0896_y0000,test,clean/123300071__x0896_y0000.bmp,896,0,1024,1024,2800,1024,1,128,[]
123300071,123300071__x1776_y0000,test,clean/123300071__x1776_y0000.bmp,1776,0,1024,1024,2800,1024,2,144,[]
123700014,123700014__x0000_y0000,test,clean/123700014__x0000_y0000.bmp,0,0,1024,1024,2800,1024,0,,[]
123700014,123700014__x0896_y0000,test,clean/123700014__x0896_y0000.bmp,896,0,1024,1024,2800,1024,1,128,[]
123700014,123700014__x1776_y0000,test,clean/123700014__x1776_y0000.bmp,1776,0,1024,1024,2800,1024,2,144,[]
123700017,123700017__x0000_y0000,test,clean/123700017__x0000_y0000.bmp,0,0,1024,1024,2800,1024,0,,[]
123700017,123700017__x0896_y0000,test,clean/123700017__x0896_y0000.bmp,896,0,1024,1024,2800,1024,1,128,[]
123700017,123700017__x1776_y0000,test,clean/123700017__x1776_y0000.bmp,1776,0,1024,1024,2800,1024,2,144,[]
123700046,123700046__x0000_y0000,test,clean/123700046__x0000_y0000.bmp,0,0,1024,1024,2800,1024,0,,[]
123700046,123700046__x0896_y0000,test,clean/123700046__x0896_y0000.bmp,896,0,1024,1024,2800,1024,1,128,[]
123700046,123700046__x1776_y0000,test,clean/123700046__x1776_y0000.bmp,1776,0,1024,1024,2800,1024,2,144,[]
123700048,123700048__x0000_y0000,test,clean/123700048__x0000_y0000.bmp,0,0,1024,1024,2800,1024,0,,[]
123700048,123700048__x0896_y0000,test,clean/123700048__x0896_y0000.bmp,896,0,1024,1024,2800,1024,1,128,[]
123700048,123700048__x1776_y0000,test,clean/123700048__x1776_y0000.bmp,1776,0,1024,1024,2800,1024,2,144,[]
123700050,123700050__x0000_y0000,test,clean/123700050__x0000_y0000.bmp,0,0,1024,1024,2800,1024,0,,[]
123700050,123700050__x0896_y0000,test,clean/123700050__x0896_y0000.bmp,896,0,1024,1024,2800,1024,1,128,[]
123700050,123700050__x1776_y0000,test,clean/123700050__x1776_y0000.bmp,1776,0,1024,1024,2800,1024,2,144,[]
123800003,123800003__x0000_y0000,test,clean/123800003__x0000_y0000.bmp,0,0,1024,1024,2800,1024,0,,[]
123800003,123800003__x0896_y0000,test,clean/123800003__x0896_y0000.bmp,896,0,1024,1024,2800,1024,1,128,[]
123800003,123800003__x1776_y0000,test,clean/123800003__x1776_y0000.bmp,1776,0,1024,1024,2800,1024,2,144,[]
123800046,123800046__x0000_y0000,test,clean/123800046__x0000_y0000.bmp,0,0,1024,1024,2800,1024,0,,[]
123800046,123800046__x0896_y0000,test,clean/123800046__x0896_y0000.bmp,896,0,1024,1024,2800,1024,1,128,[]
123800046,123800046__x1776_y0000,test,clean/123800046__x1776_y0000.bmp,1776,0,1024,1024,2800,1024,2,144,[]
124000019,124000019__x0000_y0000,test,clean/124000019__x0000_y0000.bmp,0,0,1024,1024,2800,1024,0,,[]
124000019,124000019__x0896_y0000,test,clean/124000019__x0896_y0000.bmp,896,0,1024,1024,2800,1024,1,128,[]
124000019,124000019__x1776_y0000,test,clean/124000019__x1776_y0000.bmp,1776,0,1024,1024,2800,1024,2,144,[]
124000022,124000022__x0000_y0000,test,clean/124000022__x0000_y0000.bmp,0,0,1024,1024,2800,1024,0,,[]
124000022,124000022__x0896_y0000,test,clean/124000022__x0896_y0000.bmp,896,0,1024,1024,2800,1024,1,128,[]
124000022,124000022__x1776_y0000,test,clean/124000022__x1776_y0000.bmp,1776,0,1024,1024,2800,1024,2,144,[]
124000027,124000027__x0000_y0000,test,clean/124000027__x0000_y0000.bmp,0,0,1024,1024,2800,1024,0,,[]
124000027,124000027__x0896_y0000,test,clean/124000027__x0896_y0000.bmp,896,0,1024,1024,2800,1024,1,128,[]
124000027,124000027__x1776_y0000,test,clean/124000027__x1776_y0000.bmp,1776,0,1024,1024,2800,1024,2,144,[]
124000029,124000029__x0000_y0000,test,clean/124000029__x0000_y0000.bmp,0,0,1024,1024,2800,1024,0,,[]
124000029,124000029__x0896_y0000,test,clean/124000029__x0896_y0000.bmp,896,0,1024,1024,2800,1024,1,128,[]
124000029,124000029__x1776_y0000,test,clean/124000029__x1776_y0000.bmp,1776,0,1024,1024,2800,1024,2,144,[]
124000030,124000030__x0000_y0000,test,clean/124000030__x0000_y0000.bmp,0,0,1024,1024,2800,1024,0,,[]
124000030,124000030__x0896_y0000,test,clean/124000030__x0896_y0000.bmp,896,0,1024,1024,2800,1024,1,128,[]
124000030,124000030__x1776_y0000,test,clean/124000030__x1776_y0000.bmp,1776,0,1024,1024,2800,1024,2,144,[]
124000036,124000036__x0000_y0000,test,clean/124000036__x0000_y0000.bmp,0,0,1024,1024,2800,1024,0,,[]
124000036,124000036__x0896_y0000,test,clean/124000036__x0896_y0000.bmp,896,0,1024,1024,2800,1024,1,128,[]
124000036,124000036__x1776_y0000,test,clean/124000036__x1776_y0000.bmp,1776,0,1024,1024,2800,1024,2,144,[]
124000041,124000041__x0000_y0000,test,clean/124000041__x0000_y0000.bmp,0,0,1024,1024,2800,1024,0,,[]
124000041,124000041__x0896_y0000,test,clean/124000041__x0896_y0000.bmp,896,0,1024,1024,2800,1024,1,128,[]
124000041,124000041__x1776_y0000,test,clean/124000041__x1776_y0000.bmp,1776,0,1024,1024,2800,1024,2,144,[]
124000071,124000071__x0000_y0000,test,clean/124000071__x0000_y0000.bmp,0,0,1024,1024,2800,1024,0,,[]
124000071,124000071__x0896_y0000,test,clean/124000071__x0896_y0000.bmp,896,0,1024,1024,2800,1024,1,128,[]
124000071,124000071__x1776_y0000,test,clean/124000071__x1776_y0000.bmp,1776,0,1024,1024,2800,1024,2,144,[]
124200007,124200007__x0000_y0000,test,clean/124200007__x0000_y0000.bmp,0,0,1024,1024,2800,1024,0,,[]
124200007,124200007__x0896_y0000,test,clean/124200007__x0896_y0000.bmp,896,0,1024,1024,2800,1024,1,128,[]
124200007,124200007__x1776_y0000,test,clean/124200007__x1776_y0000.bmp,1776,0,1024,1024,2800,1024,2,144,[]
124200013,124200013__x0000_y0000,test,clean/124200013__x0000_y0000.bmp,0,0,1024,1024,2800,1024,0,,[]
124200013,124200013__x0896_y0000,test,clean/124200013__x0896_y0000.bmp,896,0,1024,1024,2800,1024,1,128,[]
124200013,124200013__x1776_y0000,test,clean/124200013__x1776_y0000.bmp,1776,0,1024,1024,2800,1024,2,144,[]
124200015,124200015__x0000_y0000,test,clean/124200015__x0000_y0000.bmp,0,0,1024,1024,2800,1024,0,,[]
124200015,124200015__x0896_y0000,test,clean/124200015__x0896_y0000.bmp,896,0,1024,1024,2800,1024,1,128,[]
124200015,124200015__x1776_y0000,test,clean/124200015__x1776_y0000.bmp,1776,0,1024,1024,2800,1024,2,144,[]
124200022,124200022__x0000_y0000,test,clean/124200022__x0000_y0000.bmp,0,0,1024,1024,2800,1024,0,,[]
124200022,124200022__x0896_y0000,test,clean/124200022__x0896_y0000.bmp,896,0,1024,1024,2800,1024,1,128,[]
124200022,124200022__x1776_y0000,test,clean/124200022__x1776_y0000.bmp,1776,0,1024,1024,2800,1024,2,144,[]
124200077,124200077__x0000_y0000,test,clean/124200077__x0000_y0000.bmp,0,0,1024,1024,2800,1024,0,,[]
124200077,124200077__x0896_y0000,test,clean/124200077__x0896_y0000.bmp,896,0,1024,1024,2800,1024,1,128,[]
124200077,124200077__x1776_y0000,test,clean/124200077__x1776_y0000.bmp,1776,0,1024,1024,2800,1024,2,144,[]
124200080,124200080__x0000_y0000,test,clean/124200080__x0000_y0000.bmp,0,0,1024,1024,2800,1024,0,,[]
124200080,124200080__x0896_y0000,test,clean/124200080__x0896_y0000.bmp,896,0,1024,1024,2800,1024,1,128,[]
124200080,124200080__x1776_y0000,test,clean/124200080__x1776_y0000.bmp,1776,0,1024,1024,2800,1024,2,144,[]
124200082,124200082__x0000_y0000,test,clean/124200082__x0000_y0000.bmp,0,0,1024,1024,2800,1024,0,,[]
124200082,124200082__x0896_y0000,test,clean/124200082__x0896_y0000.bmp,896,0,1024,1024,2800,1024,1,128,[]
124200082,124200082__x1776_y0000,test,clean/124200082__x1776_y0000.bmp,1776,0,1024,1024,2800,1024,2,144,[]
124200083,124200083__x0000_y0000,test,clean/124200083__x0000_y0000.bmp,0,0,1024,1024,2800,1024,0,,[]
124200083,124200083__x0896_y0000,test,clean/124200083__x0896_y0000.bmp,896,0,1024,1024,2800,1024,1,128,[]
124200083,124200083__x1776_y0000,test,clean/124200083__x1776_y0000.bmp,1776,0,1024,1024,2800,1024,2,144,[]
124400002,124400002__x0000_y0000,test,clean/124400002__x0000_y0000.bmp,0,0,1024,1024,2800,1024,0,,[]
124400002,124400002__x0896_y0000,test,clean/124400002__x0896_y0000.bmp,896,0,1024,1024,2800,1024,1,128,[]
124400002,124400002__x1776_y0000,test,clean/124400002__x1776_y0000.bmp,1776,0,1024,1024,2800,1024,2,144,[]
124400004,124400004__x0000_y0000,test,clean/124400004__x0000_y0000.bmp,0,0,1024,1024,2800,1024,0,,[]
124400004,124400004__x0896_y0000,test,clean/124400004__x0896_y0000.bmp,896,0,1024,1024,2800,1024,1,128,[]
124400004,124400004__x1776_y0000,test,clean/124400004__x1776_y0000.bmp,1776,0,1024,1024,2800,1024,2,144,[]
124400025,124400025__x0000_y0000,test,clean/124400025__x0000_y0000.bmp,0,0,1024,1024,2800,1024,0,,[]
124400025,124400025__x0896_y0000,test,clean/124400025__x0896_y0000.bmp,896,0,1024,1024,2800,1024,1,128,[]
124400025,124400025__x1776_y0000,test,clean/124400025__x1776_y0000.bmp,1776,0,1024,1024,2800,1024,2,144,[]
124400065,124400065__x0000_y0000,test,clean/124400065__x0000_y0000.bmp,0,0,1024,1024,2800,1024,0,,[]
124400065,124400065__x0896_y0000,test,clean/124400065__x0896_y0000.bmp,896,0,1024,1024,2800,1024,1,128,[]
124400065,124400065__x1776_y0000,test,clean/124400065__x1776_y0000.bmp,1776,0,1024,1024,2800,1024,2,144,[]
124400083,124400083__x0000_y0000,test,clean/124400083__x0000_y0000.bmp,0,0,1024,1024,2800,1024,0,,[]
124400083,124400083__x0896_y0000,test,clean/124400083__x0896_y0000.bmp,896,0,1024,1024,2800,1024,1,128,[]
124400083,124400083__x1776_y0000,test,clean/124400083__x1776_y0000.bmp,1776,0,1024,1024,2800,1024,2,144,[]
124500040,124500040__x0000_y0000,test,clean/124500040__x0000_y0000.bmp,0,0,1024,1024,2800,1024,0,,[]
124500040,124500040__x0896_y0000,test,clean/124500040__x0896_y0000.bmp,896,0,1024,1024,2800,1024,1,128,[]
124500040,124500040__x1776_y0000,test,clean/124500040__x1776_y0000.bmp,1776,0,1024,1024,2800,1024,2,144,[]
124500041,124500041__x0000_y0000,test,clean/124500041__x0000_y0000.bmp,0,0,1024,1024,2800,1024,0,,[]
124500041,124500041__x0896_y0000,test,clean/124500041__x0896_y0000.bmp,896,0,1024,1024,2800,1024,1,128,[]
124500041,124500041__x1776_y0000,test,clean/124500041__x1776_y0000.bmp,1776,0,1024,1024,2800,1024,2,144,[]
124500045,124500045__x0000_y0000,test,clean/124500045__x0000_y0000.bmp,0,0,1024,1024,2800,1024,0,,[]
124500045,124500045__x0896_y0000,test,clean/124500045__x0896_y0000.bmp,896,0,1024,1024,2800,1024,1,128,[]
124500045,124500045__x1776_y0000,test,clean/124500045__x1776_y0000.bmp,1776,0,1024,1024,2800,1024,2,144,[]
124500053,124500053__x0000_y0000,test,clean/124500053__x0000_y0000.bmp,0,0,1024,1024,2800,1024,0,,[]
124500053,124500053__x0896_y0000,test,clean/124500053__x0896_y0000.bmp,896,0,1024,1024,2800,1024,1,128,[]
124500053,124500053__x1776_y0000,test,clean/124500053__x1776_y0000.bmp,1776,0,1024,1024,2800,1024,2,144,[]
124500056,124500056__x0000_y0000,test,clean/124500056__x0000_y0000.bmp,0,0,1024,1024,2800,1024,0,,[]
124500056,124500056__x0896_y0000,test,clean/124500056__x0896_y0000.bmp,896,0,1024,1024,2800,1024,1,128,[]
124500056,124500056__x1776_y0000,test,clean/124500056__x1776_y0000.bmp,1776,0,1024,1024,2800,1024,2,144,[]
124600008,124600008__x0000_y0000,test,clean/124600008__x0000_y0000.bmp,0,0,1024,1024,2800,1024,0,,[]
124600008,124600008__x0896_y0000,test,clean/124600008__x0896_y0000.bmp,896,0,1024,1024,2800,1024,1,128,[]
124600008,124600008__x1776_y0000,test,clean/124600008__x1776_y0000.bmp,1776,0,1024,1024,2800,1024,2,144,[]
124600041,124600041__x0000_y0000,test,clean/124600041__x0000_y0000.bmp,0,0,1024,1024,2800,1024,0,,[]
124600041,124600041__x0896_y0000,test,clean/124600041__x0896_y0000.bmp,896,0,1024,1024,2800,1024,1,128,[]
124600041,124600041__x1776_y0000,test,clean/124600041__x1776_y0000.bmp,1776,0,1024,1024,2800,1024,2,144,[]
124700007,124700007__x0000_y0000,test,clean/124700007__x0000_y0000.bmp,0,0,1024,1024,2800,1024,0,,[]
124700007,124700007__x0896_y0000,test,clean/124700007__x0896_y0000.bmp,896,0,1024,1024,2800,1024,1,128,[]
124700007,124700007__x1776_y0000,test,clean/124700007__x1776_y0000.bmp,1776,0,1024,1024,2800,1024,2,144,[]
124700020,124700020__x0000_y0000,test,clean/124700020__x0000_y0000.bmp,0,0,1024,1024,2800,1024,0,,[]
124700020,124700020__x0896_y0000,test,clean/124700020__x0896_y0000.bmp,896,0,1024,1024,2800,1024,1,128,[]
124700020,124700020__x1776_y0000,test,clean/124700020__x1776_y0000.bmp,1776,0,1024,1024,2800,1024,2,144,[]
124700027,124700027__x0000_y0000,test,clean/124700027__x0000_y0000.bmp,0,0,1024,1024,2800,1024,0,,[]
124700027,124700027__x0896_y0000,test,clean/124700027__x0896_y0000.bmp,896,0,1024,1024,2800,1024,1,128,[]
124700027,124700027__x1776_y0000,test,clean/124700027__x1776_y0000.bmp,1776,0,1024,1024,2800,1024,2,144,[]
124700028,124700028__x0000_y0000,test,clean/124700028__x0000_y0000.bmp,0,0,1024,1024,2800,1024,0,,[]
124700028,124700028__x0896_y0000,test,clean/124700028__x0896_y0000.bmp,896,0,1024,1024,2800,1024,1,128,[]
124700028,124700028__x1776_y0000,test,clean/124700028__x1776_y0000.bmp,1776,0,1024,1024,2800,1024,2,144,[]
124700064,124700064__x0000_y0000,test,clean/124700064__x0000_y0000.bmp,0,0,1024,1024,2800,1024,0,,[]
124700064,124700064__x0896_y0000,test,clean/124700064__x0896_y0000.bmp,896,0,1024,1024,2800,1024,1,128,[]
124700064,124700064__x1776_y0000,test,clean/124700064__x1776_y0000.bmp,1776,0,1024,1024,2800,1024,2,144,[]
124800007,124800007__x0000_y0000,test,clean/124800007__x0000_y0000.bmp,0,0,1024,1024,2800,1024,0,,[]
124800007,124800007__x0896_y0000,test,clean/124800007__x0896_y0000.bmp,896,0,1024,1024,2800,1024,1,128,[]
124800007,124800007__x1776_y0000,test,clean/124800007__x1776_y0000.bmp,1776,0,1024,1024,2800,1024,2,144,[]
124800008,124800008__x0000_y0000,test,clean/124800008__x0000_y0000.bmp,0,0,1024,1024,2800,1024,0,,[]
124800008,124800008__x0896_y0000,test,clean/124800008__x0896_y0000.bmp,896,0,1024,1024,2800,1024,1,128,[]
124800008,124800008__x1776_y0000,test,clean/124800008__x1776_y0000.bmp,1776,0,1024,1024,2800,1024,2,144,[]
124800009,124800009__x0000_y0000,test,clean/124800009__x0000_y0000.bmp,0,0,1024,1024,2800,1024,0,,[]
124800009,124800009__x0896_y0000,test,clean/124800009__x0896_y0000.bmp,896,0,1024,1024,2800,1024,1,128,[]
124800009,124800009__x1776_y0000,test,clean/124800009__x1776_y0000.bmp,1776,0,1024,1024,2800,1024,2,144,[]
124800010,124800010__x0000_y0000,test,clean/124800010__x0000_y0000.bmp,0,0,1024,1024,2800,1024,0,,[]
124800010,124800010__x0896_y0000,test,clean/124800010__x0896_y0000.bmp,896,0,1024,1024,2800,1024,1,128,[]
124800010,124800010__x1776_y0000,test,clean/124800010__x1776_y0000.bmp,1776,0,1024,1024,2800,1024,2,144,[]
124800011,124800011__x0000_y0000,test,clean/124800011__x0000_y0000.bmp,0,0,1024,1024,2800,1024,0,,[]
124800011,124800011__x0896_y0000,test,clean/124800011__x0896_y0000.bmp,896,0,1024,1024,2800,1024,1,128,[]
124800011,124800011__x1776_y0000,test,clean/124800011__x1776_y0000.bmp,1776,0,1024,1024,2800,1024,2,144,[]
124800013,124800013__x0000_y0000,test,clean/124800013__x0000_y0000.bmp,0,0,1024,1024,2800,1024,0,,[]
124800013,124800013__x0896_y0000,test,clean/124800013__x0896_y0000.bmp,896,0,1024,1024,2800,1024,1,128,[]
124800013,124800013__x1776_y0000,test,clean/124800013__x1776_y0000.bmp,1776,0,1024,1024,2800,1024,2,144,[]
124800015,124800015__x0000_y0000,test,clean/124800015__x0000_y0000.bmp,0,0,1024,1024,2800,1024,0,,[]
124800015,124800015__x0896_y0000,test,clean/124800015__x0896_y0000.bmp,896,0,1024,1024,2800,1024,1,128,[]
124800015,124800015__x1776_y0000,test,clean/124800015__x1776_y0000.bmp,1776,0,1024,1024,2800,1024,2,144,[]
124800016,124800016__x0000_y0000,test,clean/124800016__x0000_y0000.bmp,0,0,1024,1024,2800,1024,0,,[]
124800016,124800016__x0896_y0000,test,clean/124800016__x0896_y0000.bmp,896,0,1024,1024,2800,1024,1,128,[]
124800016,124800016__x1776_y0000,test,clean/124800016__x1776_y0000.bmp,1776,0,1024,1024,2800,1024,2,144,[]
124800022,124800022__x0000_y0000,test,clean/124800022__x0000_y0000.bmp,0,0,1024,1024,2800,1024,0,,[]
124800022,124800022__x0896_y0000,test,clean/124800022__x0896_y0000.bmp,896,0,1024,1024,2800,1024,1,128,[]
124800022,124800022__x1776_y0000,test,clean/124800022__x1776_y0000.bmp,1776,0,1024,1024,2800,1024,2,144,[]
124800025,124800025__x0000_y0000,test,clean/124800025__x0000_y0000.bmp,0,0,1024,1024,2800,1024,0,,[]
124800025,124800025__x0896_y0000,test,clean/124800025__x0896_y0000.bmp,896,0,1024,1024,2800,1024,1,128,[]
124800025,124800025__x1776_y0000,test,clean/124800025__x1776_y0000.bmp,1776,0,1024,1024,2800,1024,2,144,[]
124800026,124800026__x0000_y0000,test,clean/124800026__x0000_y0000.bmp,0,0,1024,1024,2800,1024,0,,[]
124800026,124800026__x0896_y0000,test,clean/124800026__x0896_y0000.bmp,896,0,1024,1024,2800,1024,1,128,[]
124800026,124800026__x1776_y0000,test,clean/124800026__x1776_y0000.bmp,1776,0,1024,1024,2800,1024,2,144,[]
124800027,124800027__x0000_y0000,test,clean/124800027__x0000_y0000.bmp,0,0,1024,1024,2800,1024,0,,[]
124800027,124800027__x0896_y0000,test,clean/124800027__x0896_y0000.bmp,896,0,1024,1024,2800,1024,1,128,[]
124800027,124800027__x1776_y0000,test,clean/124800027__x1776_y0000.bmp,1776,0,1024,1024,2800,1024,2,144,[]
124800031,124800031__x0000_y0000,test,clean/124800031__x0000_y0000.bmp,0,0,1024,1024,2800,1024,0,,[]
124800031,124800031__x0896_y0000,test,clean/124800031__x0896_y0000.bmp,896,0,1024,1024,2800,1024,1,128,[]
124800031,124800031__x1776_y0000,test,clean/124800031__x1776_y0000.bmp,1776,0,1024,1024,2800,1024,2,144,[]
124800037,124800037__x0000_y0000,test,clean/124800037__x0000_y0000.bmp,0,0,1024,1024,2800,1024,0,,[]
124800037,124800037__x0896_y0000,test,clean/124800037__x0896_y0000.bmp,896,0,1024,1024,2800,1024,1,128,[]
124800037,124800037__x1776_y0000,test,clean/124800037__x1776_y0000.bmp,1776,0,1024,1024,2800,1024,2,144,[]
124800045,124800045__x0000_y0000,test,clean/124800045__x0000_y0000.bmp,0,0,1024,1024,2800,1024,0,,[]
124800045,124800045__x0896_y0000,test,clean/124800045__x0896_y0000.bmp,896,0,1024,1024,2800,1024,1,128,[]
124800045,124800045__x1776_y0000,test,clean/124800045__x1776_y0000.bmp,1776,0,1024,1024,2800,1024,2,144,[]
124800046,124800046__x0000_y0000,test,clean/124800046__x0000_y0000.bmp,0,0,1024,1024,2800,1024,0,,[]
124800046,124800046__x0896_y0000,test,clean/124800046__x0896_y0000.bmp,896,0,1024,1024,2800,1024,1,128,[]
124800046,124800046__x1776_y0000,test,clean/124800046__x1776_y0000.bmp,1776,0,1024,1024,2800,1024,2,144,[]
124800048,124800048__x0000_y0000,test,clean/124800048__x0000_y0000.bmp,0,0,1024,1024,2800,1024,0,,[]
124800048,124800048__x0896_y0000,test,clean/124800048__x0896_y0000.bmp,896,0,1024,1024,2800,1024,1,128,[]
124800048,124800048__x1776_y0000,test,clean/124800048__x1776_y0000.bmp,1776,0,1024,1024,2800,1024,2,144,[]
124800052,124800052__x0000_y0000,test,clean/124800052__x0000_y0000.bmp,0,0,1024,1024,2800,1024,0,,[]
124800052,124800052__x0896_y0000,test,clean/124800052__x0896_y0000.bmp,896,0,1024,1024,2800,1024,1,128,[]
124800052,124800052__x1776_y0000,test,clean/124800052__x1776_y0000.bmp,1776,0,1024,1024,2800,1024,2,144,[]
124800059,124800059__x0000_y0000,test,clean/124800059__x0000_y0000.bmp,0,0,1024,1024,2800,1024,0,,[]
124800059,124800059__x0896_y0000,test,clean/124800059__x0896_y0000.bmp,896,0,1024,1024,2800,1024,1,128,[]
124800059,124800059__x1776_y0000,test,clean/124800059__x1776_y0000.bmp,1776,0,1024,1024,2800,1024,2,144,[]
124800075,124800075__x0000_y0000,test,clean/124800075__x0000_y0000.bmp,0,0,1024,1024,2800,1024,0,,[]
124800075,124800075__x0896_y0000,test,clean/124800075__x0896_y0000.bmp,896,0,1024,1024,2800,1024,1,128,[]
124800075,124800075__x1776_y0000,test,clean/124800075__x1776_y0000.bmp,1776,0,1024,1024,2800,1024,2,144,[]
125100013,125100013__x0000_y0000,test,clean/125100013__x0000_y0000.bmp,0,0,1024,1024,2800,1024,0,,[]
125100013,125100013__x0896_y0000,test,clean/125100013__x0896_y0000.bmp,896,0,1024,1024,2800,1024,1,128,[]
125100013,125100013__x1776_y0000,test,clean/125100013__x1776_y0000.bmp,1776,0,1024,1024,2800,1024,2,144,[]
125100016,125100016__x0000_y0000,test,clean/125100016__x0000_y0000.bmp,0,0,1024,1024,2800,1024,0,,[]
125100016,125100016__x0896_y0000,test,clean/125100016__x0896_y0000.bmp,896,0,1024,1024,2800,1024,1,128,[]
125100016,125100016__x1776_y0000,test,clean/125100016__x1776_y0000.bmp,1776,0,1024,1024,2800,1024,2,144,[]
125100019,125100019__x0000_y0000,test,clean/125100019__x0000_y0000.bmp,0,0,1024,1024,2800,1024,0,,[]
125100019,125100019__x0896_y0000,test,clean/125100019__x0896_y0000.bmp,896,0,1024,1024,2800,1024,1,128,[]
125100019,125100019__x1776_y0000,test,clean/125100019__x1776_y0000.bmp,1776,0,1024,1024,2800,1024,2,144,[]
125100025,125100025__x0000_y0000,test,clean/125100025__x0000_y0000.bmp,0,0,1024,1024,2800,1024,0,,[]
125100025,125100025__x0896_y0000,test,clean/125100025__x0896_y0000.bmp,896,0,1024,1024,2800,1024,1,128,[]
125100025,125100025__x1776_y0000,test,clean/125100025__x1776_y0000.bmp,1776,0,1024,1024,2800,1024,2,144,[]
125100026,125100026__x0000_y0000,test,clean/125100026__x0000_y0000.bmp,0,0,1024,1024,2800,1024,0,,[]
125100026,125100026__x0896_y0000,test,clean/125100026__x0896_y0000.bmp,896,0,1024,1024,2800,1024,1,128,[]
125100026,125100026__x1776_y0000,test,clean/125100026__x1776_y0000.bmp,1776,0,1024,1024,2800,1024,2,144,[]
125100029,125100029__x0000_y0000,test,clean/125100029__x0000_y0000.bmp,0,0,1024,1024,2800,1024,0,,[]
125100029,125100029__x0896_y0000,test,clean/125100029__x0896_y0000.bmp,896,0,1024,1024,2800,1024,1,128,[]
125100029,125100029__x1776_y0000,test,clean/125100029__x1776_y0000.bmp,1776,0,1024,1024,2800,1024,2,144,[]
125100048,125100048__x0000_y0000,test,clean/125100048__x0000_y0000.bmp,0,0,1024,1024,2800,1024,0,,[]
125100048,125100048__x0896_y0000,test,clean/125100048__x0896_y0000.bmp,896,0,1024,1024,2800,1024,1,128,[]
125100048,125100048__x1776_y0000,test,clean/125100048__x1776_y0000.bmp,1776,0,1024,1024,2800,1024,2,144,[]
125100055,125100055__x0000_y0000,test,clean/125100055__x0000_y0000.bmp,0,0,1024,1024,2800,1024,0,,[]
125100055,125100055__x0896_y0000,test,clean/125100055__x0896_y0000.bmp,896,0,1024,1024,2800,1024,1,128,[]
125100055,125100055__x1776_y0000,test,clean/125100055__x1776_y0000.bmp,1776,0,1024,1024,2800,1024,2,144,[]
125100057,125100057__x0000_y0000,test,clean/125100057__x0000_y0000.bmp,0,0,1024,1024,2800,1024,0,,[]
125100057,125100057__x0896_y0000,test,clean/125100057__x0896_y0000.bmp,896,0,1024,1024,2800,1024,1,128,[]
125100057,125100057__x1776_y0000,test,clean/125100057__x1776_y0000.bmp,1776,0,1024,1024,2800,1024,2,144,[]
125100063,125100063__x0000_y0000,test,clean/125100063__x0000_y0000.bmp,0,0,1024,1024,2800,1024,0,,[]
125100063,125100063__x0896_y0000,test,clean/125100063__x0896_y0000.bmp,896,0,1024,1024,2800,1024,1,128,[]
125100063,125100063__x1776_y0000,test,clean/125100063__x1776_y0000.bmp,1776,0,1024,1024,2800,1024,2,144,[]
125100064,125100064__x0000_y0000,test,clean/125100064__x0000_y0000.bmp,0,0,1024,1024,2800,1024,0,,[]
125100064,125100064__x0896_y0000,test,clean/125100064__x0896_y0000.bmp,896,0,1024,1024,2800,1024,1,128,[]
125100064,125100064__x1776_y0000,test,clean/125100064__x1776_y0000.bmp,1776,0,1024,1024,2800,1024,2,144,[]
125100076,125100076__x0000_y0000,test,clean/125100076__x0000_y0000.bmp,0,0,1024,1024,2800,1024,0,,[]
125100076,125100076__x0896_y0000,test,clean/125100076__x0896_y0000.bmp,896,0,1024,1024,2800,1024,1,128,[]
125100076,125100076__x1776_y0000,test,clean/125100076__x1776_y0000.bmp,1776,0,1024,1024,2800,1024,2,144,[]
125200019,125200019__x0000_y0000,test,clean/125200019__x0000_y0000.bmp,0,0,1024,1024,2800,1024,0,,[]
125200019,125200019__x0896_y0000,test,clean/125200019__x0896_y0000.bmp,896,0,1024,1024,2800,1024,1,128,[]
125200019,125200019__x1776_y0000,test,clean/125200019__x1776_y0000.bmp,1776,0,1024,1024,2800,1024,2,144,[]
125200028,125200028__x0000_y0000,test,clean/125200028__x0000_y0000.bmp,0,0,1024,1024,2800,1024,0,,[]
125200028,125200028__x0896_y0000,test,clean/125200028__x0896_y0000.bmp,896,0,1024,1024,2800,1024,1,128,[]
125200028,125200028__x1776_y0000,test,clean/125200028__x1776_y0000.bmp,1776,0,1024,1024,2800,1024,2,144,[]
125200038,125200038__x0000_y0000,test,clean/125200038__x0000_y0000.bmp,0,0,1024,1024,2800,1024,0,,[]
125200038,125200038__x0896_y0000,test,clean/125200038__x0896_y0000.bmp,896,0,1024,1024,2800,1024,1,128,[]
125200038,125200038__x1776_y0000,test,clean/125200038__x1776_y0000.bmp,1776,0,1024,1024,2800,1024,2,144,[]
125200039,125200039__x0000_y0000,test,clean/125200039__x0000_y0000.bmp,0,0,1024,1024,2800,1024,0,,[]
125200039,125200039__x0896_y0000,test,clean/125200039__x0896_y0000.bmp,896,0,1024,1024,2800,1024,1,128,[]
125200039,125200039__x1776_y0000,test,clean/125200039__x1776_y0000.bmp,1776,0,1024,1024,2800,1024,2,144,[]
125400017,125400017__x0000_y0000,test,clean/125400017__x0000_y0000.bmp,0,0,1024,1024,2800,1024,0,,[]
125400017,125400017__x0896_y0000,test,clean/125400017__x0896_y0000.bmp,896,0,1024,1024,2800,1024,1,128,[]
125400017,125400017__x1776_y0000,test,clean/125400017__x1776_y0000.bmp,1776,0,1024,1024,2800,1024,2,144,[]
125400019,125400019__x0000_y0000,test,clean/125400019__x0000_y0000.bmp,0,0,1024,1024,2800,1024,0,,[]
125400019,125400019__x0896_y0000,test,clean/125400019__x0896_y0000.bmp,896,0,1024,1024,2800,1024,1,128,[]
125400019,125400019__x1776_y0000,test,clean/125400019__x1776_y0000.bmp,1776,0,1024,1024,2800,1024,2,144,[]
125400028,125400028__x0000_y0000,test,clean/125400028__x0000_y0000.bmp,0,0,1024,1024,2800,1024,0,,[]
125400028,125400028__x0896_y0000,test,clean/125400028__x0896_y0000.bmp,896,0,1024,1024,2800,1024,1,128,[]
125400028,125400028__x1776_y0000,test,clean/125400028__x1776_y0000.bmp,1776,0,1024,1024,2800,1024,2,144,[]
125400065,125400065__x0000_y0000,test,clean/125400065__x0000_y0000.bmp,0,0,1024,1024,2800,1024,0,,[]
125400065,125400065__x0896_y0000,test,clean/125400065__x0896_y0000.bmp,896,0,1024,1024,2800,1024,1,128,[]
125400065,125400065__x1776_y0000,test,clean/125400065__x1776_y0000.bmp,1776,0,1024,1024,2800,1024,2,144,[]
125400066,125400066__x0000_y0000,test,clean/125400066__x0000_y0000.bmp,0,0,1024,1024,2800,1024,0,,[]
125400066,125400066__x0896_y0000,test,clean/125400066__x0896_y0000.bmp,896,0,1024,1024,2800,1024,1,128,[]
125400066,125400066__x1776_y0000,test,clean/125400066__x1776_y0000.bmp,1776,0,1024,1024,2800,1024,2,144,[]
125400067,125400067__x0000_y0000,test,clean/125400067__x0000_y0000.bmp,0,0,1024,1024,2800,1024,0,,[]
125400067,125400067__x0896_y0000,test,clean/125400067__x0896_y0000.bmp,896,0,1024,1024,2800,1024,1,128,[]
125400067,125400067__x1776_y0000,test,clean/125400067__x1776_y0000.bmp,1776,0,1024,1024,2800,1024,2,144,[]
125400068,125400068__x0000_y0000,test,clean/125400068__x0000_y0000.bmp,0,0,1024,1024,2800,1024,0,,[]
125400068,125400068__x0896_y0000,test,clean/125400068__x0896_y0000.bmp,896,0,1024,1024,2800,1024,1,128,[]
125400068,125400068__x1776_y0000,test,clean/125400068__x1776_y0000.bmp,1776,0,1024,1024,2800,1024,2,144,[]
125400070,125400070__x0000_y0000,test,clean/125400070__x0000_y0000.bmp,0,0,1024,1024,2800,1024,0,,[]
125400070,125400070__x0896_y0000,test,clean/125400070__x0896_y0000.bmp,896,0,1024,1024,2800,1024,1,128,[]
125400070,125400070__x1776_y0000,test,clean/125400070__x1776_y0000.bmp,1776,0,1024,1024,2800,1024,2,144,[]
125400075,125400075__x0000_y0000,test,clean/125400075__x0000_y0000.bmp,0,0,1024,1024,2800,1024,0,,[]
125400075,125400075__x0896_y0000,test,clean/125400075__x0896_y0000.bmp,896,0,1024,1024,2800,1024,1,128,[]
125400075,125400075__x1776_y0000,test,clean/125400075__x1776_y0000.bmp,1776,0,1024,1024,2800,1024,2,144,[]
125400078,125400078__x0000_y0000,test,clean/125400078__x0000_y0000.bmp,0,0,1024,1024,2800,1024,0,,[]
125400078,125400078__x0896_y0000,test,clean/125400078__x0896_y0000.bmp,896,0,1024,1024,2800,1024,1,128,[]
125400078,125400078__x1776_y0000,test,clean/125400078__x1776_y0000.bmp,1776,0,1024,1024,2800,1024,2,144,[]
125400081,125400081__x0000_y0000,test,clean/125400081__x0000_y0000.bmp,0,0,1024,1024,2800,1024,0,,[]
125400081,125400081__x0896_y0000,test,clean/125400081__x0896_y0000.bmp,896,0,1024,1024,2800,1024,1,128,[]
125400081,125400081__x1776_y0000,test,clean/125400081__x1776_y0000.bmp,1776,0,1024,1024,2800,1024,2,144,[]
125400082,125400082__x0000_y0000,test,clean/125400082__x0000_y0000.bmp,0,0,1024,1024,2800,1024,0,,[]
125400082,125400082__x0896_y0000,test,clean/125400082__x0896_y0000.bmp,896,0,1024,1024,2800,1024,1,128,[]
125400082,125400082__x1776_y0000,test,clean/125400082__x1776_y0000.bmp,1776,0,1024,1024,2800,1024,2,144,[]
125600028,125600028__x0000_y0000,test,clean/125600028__x0000_y0000.bmp,0,0,1024,1024,2800,1024,0,,[]
125600028,125600028__x0896_y0000,test,clean/125600028__x0896_y0000.bmp,896,0,1024,1024,2800,1024,1,128,[]
125600028,125600028__x1776_y0000,test,clean/125600028__x1776_y0000.bmp,1776,0,1024,1024,2800,1024,2,144,[]
125600044,125600044__x0000_y0000,test,clean/125600044__x0000_y0000.bmp,0,0,1024,1024,2800,1024,0,,[]
125600044,125600044__x0896_y0000,test,clean/125600044__x0896_y0000.bmp,896,0,1024,1024,2800,1024,1,128,[]
125600044,125600044__x1776_y0000,test,clean/125600044__x1776_y0000.bmp,1776,0,1024,1024,2800,1024,2,144,[]
125600050,125600050__x0000_y0000,test,clean/125600050__x0000_y0000.bmp,0,0,1024,1024,2800,1024,0,,[]
125600050,125600050__x0896_y0000,test,clean/125600050__x0896_y0000.bmp,896,0,1024,1024,2800,1024,1,128,[]
125600050,125600050__x1776_y0000,test,clean/125600050__x1776_y0000.bmp,1776,0,1024,1024,2800,1024,2,144,[]
125600068,125600068__x0000_y0000,test,clean/125600068__x0000_y0000.bmp,0,0,1024,1024,2800,1024,0,,[]
125600068,125600068__x0896_y0000,test,clean/125600068__x0896_y0000.bmp,896,0,1024,1024,2800,1024,1,128,[]
125600068,125600068__x1776_y0000,test,clean/125600068__x1776_y0000.bmp,1776,0,1024,1024,2800,1024,2,144,[]
125600081,125600081__x0000_y0000,test,clean/125600081__x0000_y0000.bmp,0,0,1024,1024,2800,1024,0,,[]
125600081,125600081__x0896_y0000,test,clean/125600081__x0896_y0000.bmp,896,0,1024,1024,2800,1024,1,128,[]
125600081,125600081__x1776_y0000,test,clean/125600081__x1776_y0000.bmp,1776,0,1024,1024,2800,1024,2,144,[]
125700026,125700026__x0000_y0000,test,clean/125700026__x0000_y0000.bmp,0,0,1024,1024,2800,1024,0,,[]
125700026,125700026__x0896_y0000,test,clean/125700026__x0896_y0000.bmp,896,0,1024,1024,2800,1024,1,128,[]
125700026,125700026__x1776_y0000,test,clean/125700026__x1776_y0000.bmp,1776,0,1024,1024,2800,1024,2,144,[]
125700028,125700028__x0000_y0000,test,clean/125700028__x0000_y0000.bmp,0,0,1024,1024,2800,1024,0,,[]
125700028,125700028__x0896_y0000,test,clean/125700028__x0896_y0000.bmp,896,0,1024,1024,2800,1024,1,128,[]
125700028,125700028__x1776_y0000,test,clean/125700028__x1776_y0000.bmp,1776,0,1024,1024,2800,1024,2,144,[]
125700077,125700077__x0000_y0000,test,clean/125700077__x0000_y0000.bmp,0,0,1024,1024,2800,1024,0,,[]
125700077,125700077__x0896_y0000,test,clean/125700077__x0896_y0000.bmp,896,0,1024,1024,2800,1024,1,128,[]
125700077,125700077__x1776_y0000,test,clean/125700077__x1776_y0000.bmp,1776,0,1024,1024,2800,1024,2,144,[]
125800004,125800004__x0000_y0000,test,clean/125800004__x0000_y0000.bmp,0,0,1024,1024,2800,1024,0,,[]
125800004,125800004__x0896_y0000,test,clean/125800004__x0896_y0000.bmp,896,0,1024,1024,2800,1024,1,128,[]
125800004,125800004__x1776_y0000,test,clean/125800004__x1776_y0000.bmp,1776,0,1024,1024,2800,1024,2,144,[]
125800007,125800007__x0000_y0000,test,clean/125800007__x0000_y0000.bmp,0,0,1024,1024,2800,1024,0,,[]
125800007,125800007__x0896_y0000,test,clean/125800007__x0896_y0000.bmp,896,0,1024,1024,2800,1024,1,128,[]
125800007,125800007__x1776_y0000,test,clean/125800007__x1776_y0000.bmp,1776,0,1024,1024,2800,1024,2,144,[]
125800014,125800014__x0000_y0000,test,clean/125800014__x0000_y0000.bmp,0,0,1024,1024,2800,1024,0,,[]
125800014,125800014__x0896_y0000,test,clean/125800014__x0896_y0000.bmp,896,0,1024,1024,2800,1024,1,128,[]
125800014,125800014__x1776_y0000,test,clean/125800014__x1776_y0000.bmp,1776,0,1024,1024,2800,1024,2,144,[]
125800072,125800072__x0000_y0000,test,clean/125800072__x0000_y0000.bmp,0,0,1024,1024,2800,1024,0,,[]
125800072,125800072__x0896_y0000,test,clean/125800072__x0896_y0000.bmp,896,0,1024,1024,2800,1024,1,128,[]
125800072,125800072__x1776_y0000,test,clean/125800072__x1776_y0000.bmp,1776,0,1024,1024,2800,1024,2,144,[]
125800077,125800077__x0000_y0000,test,clean/125800077__x0000_y0000.bmp,0,0,1024,1024,2800,1024,0,,[]
125800077,125800077__x0896_y0000,test,clean/125800077__x0896_y0000.bmp,896,0,1024,1024,2800,1024,1,128,[]
125800077,125800077__x1776_y0000,test,clean/125800077__x1776_y0000.bmp,1776,0,1024,1024,2800,1024,2,144,[]
126600042,126600042__x0000_y0000,test,clean/126600042__x0000_y0000.bmp,0,0,1024,1024,2800,1024,0,,[]
126600042,126600042__x0896_y0000,test,clean/126600042__x0896_y0000.bmp,896,0,1024,1024,2800,1024,1,128,[]
126600042,126600042__x1776_y0000,test,clean/126600042__x1776_y0000.bmp,1776,0,1024,1024,2800,1024,2,144,[]
126600050,126600050__x0000_y0000,test,clean/126600050__x0000_y0000.bmp,0,0,1024,1024,2800,1024,0,,[]
126600050,126600050__x0896_y0000,test,clean/126600050__x0896_y0000.bmp,896,0,1024,1024,2800,1024,1,128,[]
126600050,126600050__x1776_y0000,test,clean/126600050__x1776_y0000.bmp,1776,0,1024,1024,2800,1024,2,144,[]
126800030,126800030__x0000_y0000,test,clean/126800030__x0000_y0000.bmp,0,0,1024,1024,2800,1024,0,,[]
126800030,126800030__x0896_y0000,test,clean/126800030__x0896_y0000.bmp,896,0,1024,1024,2800,1024,1,128,[]
126800030,126800030__x1776_y0000,test,clean/126800030__x1776_y0000.bmp,1776,0,1024,1024,2800,1024,2,144,[]
126800045,126800045__x0000_y0000,test,clean/126800045__x0000_y0000.bmp,0,0,1024,1024,2800,1024,0,,[]
126800045,126800045__x0896_y0000,test,clean/126800045__x0896_y0000.bmp,896,0,1024,1024,2800,1024,1,128,[]
126800045,126800045__x1776_y0000,test,clean/126800045__x1776_y0000.bmp,1776,0,1024,1024,2800,1024,2,144,[]
126800046,126800046__x0000_y0000,test,clean/126800046__x0000_y0000.bmp,0,0,1024,1024,2800,1024,0,,[]
126800046,126800046__x0896_y0000,test,clean/126800046__x0896_y0000.bmp,896,0,1024,1024,2800,1024,1,128,[]
126800046,126800046__x1776_y0000,test,clean/126800046__x1776_y0000.bmp,1776,0,1024,1024,2800,1024,2,144,[]
126800048,126800048__x0000_y0000,test,clean/126800048__x0000_y0000.bmp,0,0,1024,1024,2800,1024,0,,[]
126800048,126800048__x0896_y0000,test,clean/126800048__x0896_y0000.bmp,896,0,1024,1024,2800,1024,1,128,[]
126800048,126800048__x1776_y0000,test,clean/126800048__x1776_y0000.bmp,1776,0,1024,1024,2800,1024,2,144,[]
126800064,126800064__x0000_y0000,test,clean/126800064__x0000_y0000.bmp,0,0,1024,1024,2800,1024,0,,[]
126800064,126800064__x0896_y0000,test,clean/126800064__x0896_y0000.bmp,896,0,1024,1024,2800,1024,1,128,[]
126800064,126800064__x1776_y0000,test,clean/126800064__x1776_y0000.bmp,1776,0,1024,1024,2800,1024,2,144,[]
126800070,126800070__x0000_y0000,test,clean/126800070__x0000_y0000.bmp,0,0,1024,1024,2800,1024,0,,[]
126800070,126800070__x0896_y0000,test,clean/126800070__x0896_y0000.bmp,896,0,1024,1024,2800,1024,1,128,[]
126800070,126800070__x1776_y0000,test,clean/126800070__x1776_y0000.bmp,1776,0,1024,1024,2800,1024,2,144,[]
126800071,126800071__x0000_y0000,test,clean/126800071__x0000_y0000.bmp,0,0,1024,1024,2800,1024,0,,[]
126800071,126800071__x0896_y0000,test,clean/126800071__x0896_y0000.bmp,896,0,1024,1024,2800,1024,1,128,[]
126800071,126800071__x1776_y0000,test,clean/126800071__x1776_y0000.bmp,1776,0,1024,1024,2800,1024,2,144,[]
126800072,126800072__x0000_y0000,test,clean/126800072__x0000_y0000.bmp,0,0,1024,1024,2800,1024,0,,[]
126800072,126800072__x0896_y0000,test,clean/126800072__x0896_y0000.bmp,896,0,1024,1024,2800,1024,1,128,[]
126800072,126800072__x1776_y0000,test,clean/126800072__x1776_y0000.bmp,1776,0,1024,1024,2800,1024,2,144,[]
126800078,126800078__x0000_y0000,test,clean/126800078__x0000_y0000.bmp,0,0,1024,1024,2800,1024,0,,[]
126800078,126800078__x0896_y0000,test,clean/126800078__x0896_y0000.bmp,896,0,1024,1024,2800,1024,1,128,[]
126800078,126800078__x1776_y0000,test,clean/126800078__x1776_y0000.bmp,1776,0,1024,1024,2800,1024,2,144,[]
126800082,126800082__x0000_y0000,test,clean/126800082__x0000_y0000.bmp,0,0,1024,1024,2800,1024,0,,[]
126800082,126800082__x0896_y0000,test,clean/126800082__x0896_y0000.bmp,896,0,1024,1024,2800,1024,1,128,[]
126800082,126800082__x1776_y0000,test,clean/126800082__x1776_y0000.bmp,1776,0,1024,1024,2800,1024,2,144,[]
127000022,127000022__x0000_y0000,test,clean/127000022__x0000_y0000.bmp,0,0,1024,1024,2800,1024,0,,[]
127000022,127000022__x0896_y0000,test,clean/127000022__x0896_y0000.bmp,896,0,1024,1024,2800,1024,1,128,[]
127000022,127000022__x1776_y0000,test,clean/127000022__x1776_y0000.bmp,1776,0,1024,1024,2800,1024,2,144,[]
127000045,127000045__x0000_y0000,test,clean/127000045__x0000_y0000.bmp,0,0,1024,1024,2800,1024,0,,[]
127000045,127000045__x0896_y0000,test,clean/127000045__x0896_y0000.bmp,896,0,1024,1024,2800,1024,1,128,[]
127000045,127000045__x1776_y0000,test,clean/127000045__x1776_y0000.bmp,1776,0,1024,1024,2800,1024,2,144,[]
127000050,127000050__x0000_y0000,test,clean/127000050__x0000_y0000.bmp,0,0,1024,1024,2800,1024,0,,[]
127000050,127000050__x0896_y0000,test,clean/127000050__x0896_y0000.bmp,896,0,1024,1024,2800,1024,1,128,[]
127000050,127000050__x1776_y0000,test,clean/127000050__x1776_y0000.bmp,1776,0,1024,1024,2800,1024,2,144,[]
127000067,127000067__x0000_y0000,test,clean/127000067__x0000_y0000.bmp,0,0,1024,1024,2800,1024,0,,[]
127000067,127000067__x0896_y0000,test,clean/127000067__x0896_y0000.bmp,896,0,1024,1024,2800,1024,1,128,[]
127000067,127000067__x1776_y0000,test,clean/127000067__x1776_y0000.bmp,1776,0,1024,1024,2800,1024,2,144,[]
127200005,127200005__x0000_y0000,test,clean/127200005__x0000_y0000.bmp,0,0,1024,1024,2800,1024,0,,[]
127200005,127200005__x0896_y0000,test,clean/127200005__x0896_y0000.bmp,896,0,1024,1024,2800,1024,1,128,[]
127200005,127200005__x1776_y0000,test,clean/127200005__x1776_y0000.bmp,1776,0,1024,1024,2800,1024,2,144,[]
127200025,127200025__x0000_y0000,test,clean/127200025__x0000_y0000.bmp,0,0,1024,1024,2800,1024,0,,[]
127200025,127200025__x0896_y0000,test,clean/127200025__x0896_y0000.bmp,896,0,1024,1024,2800,1024,1,128,[]
127200025,127200025__x1776_y0000,test,clean/127200025__x1776_y0000.bmp,1776,0,1024,1024,2800,1024,2,144,[]
127200032,127200032__x0000_y0000,test,clean/127200032__x0000_y0000.bmp,0,0,1024,1024,2800,1024,0,,[]
127200032,127200032__x0896_y0000,test,clean/127200032__x0896_y0000.bmp,896,0,1024,1024,2800,1024,1,128,[]
127200032,127200032__x1776_y0000,test,clean/127200032__x1776_y0000.bmp,1776,0,1024,1024,2800,1024,2,144,[]
127200078,127200078__x0000_y0000,test,clean/127200078__x0000_y0000.bmp,0,0,1024,1024,2800,1024,0,,[]
127200078,127200078__x0896_y0000,test,clean/127200078__x0896_y0000.bmp,896,0,1024,1024,2800,1024,1,128,[]
127200078,127200078__x1776_y0000,test,clean/127200078__x1776_y0000.bmp,1776,0,1024,1024,2800,1024,2,144,[]
127300001,127300001__x0000_y0000,test,clean/127300001__x0000_y0000.bmp,0,0,1024,1024,2800,1024,0,,[]
127300001,127300001__x0896_y0000,test,clean/127300001__x0896_y0000.bmp,896,0,1024,1024,2800,1024,1,128,[]
127300001,127300001__x1776_y0000,test,clean/127300001__x1776_y0000.bmp,1776,0,1024,1024,2800,1024,2,144,[]
127300005,127300005__x0000_y0000,test,clean/127300005__x0000_y0000.bmp,0,0,1024,1024,2800,1024,0,,[]
127300005,127300005__x0896_y0000,test,clean/127300005__x0896_y0000.bmp,896,0,1024,1024,2800,1024,1,128,[]
127300005,127300005__x1776_y0000,test,clean/127300005__x1776_y0000.bmp,1776,0,1024,1024,2800,1024,2,144,[]
127300049,127300049__x0000_y0000,test,clean/127300049__x0000_y0000.bmp,0,0,1024,1024,2800,1024,0,,[]
127300049,127300049__x0896_y0000,test,clean/127300049__x0896_y0000.bmp,896,0,1024,1024,2800,1024,1,128,[]
127300049,127300049__x1776_y0000,test,clean/127300049__x1776_y0000.bmp,1776,0,1024,1024,2800,1024,2,144,[]
127300055,127300055__x0000_y0000,test,clean/127300055__x0000_y0000.bmp,0,0,1024,1024,2800,1024,0,,[]
127300055,127300055__x0896_y0000,test,clean/127300055__x0896_y0000.bmp,896,0,1024,1024,2800,1024,1,128,[]
127300055,127300055__x1776_y0000,test,clean/127300055__x1776_y0000.bmp,1776,0,1024,1024,2800,1024,2,144,[]
127300060,127300060__x0000_y0000,test,clean/127300060__x0000_y0000.bmp,0,0,1024,1024,2800,1024,0,,[]
127300060,127300060__x0896_y0000,test,clean/127300060__x0896_y0000.bmp,896,0,1024,1024,2800,1024,1,128,[]
127300060,127300060__x1776_y0000,test,clean/127300060__x1776_y0000.bmp,1776,0,1024,1024,2800,1024,2,144,[]
127300062,127300062__x0000_y0000,test,clean/127300062__x0000_y0000.bmp,0,0,1024,1024,2800,1024,0,,[]
127300062,127300062__x0896_y0000,test,clean/127300062__x0896_y0000.bmp,896,0,1024,1024,2800,1024,1,128,[]
127300062,127300062__x1776_y0000,test,clean/127300062__x1776_y0000.bmp,1776,0,1024,1024,2800,1024,2,144,[]
127300066,127300066__x0000_y0000,test,clean/127300066__x0000_y0000.bmp,0,0,1024,1024,2800,1024,0,,[]
127300066,127300066__x0896_y0000,test,clean/127300066__x0896_y0000.bmp,896,0,1024,1024,2800,1024,1,128,[]
127300066,127300066__x1776_y0000,test,clean/127300066__x1776_y0000.bmp,1776,0,1024,1024,2800,1024,2,144,[]
127400003,127400003__x0000_y0000,test,clean/127400003__x0000_y0000.bmp,0,0,1024,1024,2800,1024,0,,[]
127400003,127400003__x0896_y0000,test,clean/127400003__x0896_y0000.bmp,896,0,1024,1024,2800,1024,1,128,[]
127400003,127400003__x1776_y0000,test,clean/127400003__x1776_y0000.bmp,1776,0,1024,1024,2800,1024,2,144,[]
127400005,127400005__x0000_y0000,test,clean/127400005__x0000_y0000.bmp,0,0,1024,1024,2800,1024,0,,[]
127400005,127400005__x0896_y0000,test,clean/127400005__x0896_y0000.bmp,896,0,1024,1024,2800,1024,1,128,[]
127400005,127400005__x1776_y0000,test,clean/127400005__x1776_y0000.bmp,1776,0,1024,1024,2800,1024,2,144,[]
127400007,127400007__x0000_y0000,test,clean/127400007__x0000_y0000.bmp,0,0,1024,1024,2800,1024,0,,[]
127400007,127400007__x0896_y0000,test,clean/127400007__x0896_y0000.bmp,896,0,1024,1024,2800,1024,1,128,[]
127400007,127400007__x1776_y0000,test,clean/127400007__x1776_y0000.bmp,1776,0,1024,1024,2800,1024,2,144,[]
127600007,127600007__x0000_y0000,test,clean/127600007__x0000_y0000.bmp,0,0,1024,1024,2800,1024,0,,[]
127600007,127600007__x0896_y0000,test,clean/127600007__x0896_y0000.bmp,896,0,1024,1024,2800,1024,1,128,[]
127600007,127600007__x1776_y0000,test,clean/127600007__x1776_y0000.bmp,1776,0,1024,1024,2800,1024,2,144,[]
127600025,127600025__x0000_y0000,test,clean/127600025__x0000_y0000.bmp,0,0,1024,1024,2800,1024,0,,[]
127600025,127600025__x0896_y0000,test,clean/127600025__x0896_y0000.bmp,896,0,1024,1024,2800,1024,1,128,[]
127600025,127600025__x1776_y0000,test,clean/127600025__x1776_y0000.bmp,1776,0,1024,1024,2800,1024,2,144,[]
127600055,127600055__x0000_y0000,test,clean/127600055__x0000_y0000.bmp,0,0,1024,1024,2800,1024,0,,[]
127600055,127600055__x0896_y0000,test,clean/127600055__x0896_y0000.bmp,896,0,1024,1024,2800,1024,1,128,[]
127600055,127600055__x1776_y0000,test,clean/127600055__x1776_y0000.bmp,1776,0,1024,1024,2800,1024,2,144,[]
127600082,127600082__x0000_y0000,test,clean/127600082__x0000_y0000.bmp,0,0,1024,1024,2800,1024,0,,[]
127600082,127600082__x0896_y0000,test,clean/127600082__x0896_y0000.bmp,896,0,1024,1024,2800,1024,1,128,[]
127600082,127600082__x1776_y0000,test,clean/127600082__x1776_y0000.bmp,1776,0,1024,1024,2800,1024,2,144,[]
127600083,127600083__x0000_y0000,test,clean/127600083__x0000_y0000.bmp,0,0,1024,1024,2800,1024,0,,[]
127600083,127600083__x0896_y0000,test,clean/127600083__x0896_y0000.bmp,896,0,1024,1024,2800,1024,1,128,[]
127600083,127600083__x1776_y0000,test,clean/127600083__x1776_y0000.bmp,1776,0,1024,1024,2800,1024,2,144,[]
127600084,127600084__x0000_y0000,test,clean/127600084__x0000_y0000.bmp,0,0,1024,1024,2800,1024,0,,[]
127600084,127600084__x0896_y0000,test,clean/127600084__x0896_y0000.bmp,896,0,1024,1024,2800,1024,1,128,[]
127600084,127600084__x1776_y0000,test,clean/127600084__x1776_y0000.bmp,1776,0,1024,1024,2800,1024,2,144,[]
127900073,127900073__x0000_y0000,test,clean/127900073__x0000_y0000.bmp,0,0,1024,1024,2800,1024,0,,[]
127900073,127900073__x0896_y0000,test,clean/127900073__x0896_y0000.bmp,896,0,1024,1024,2800,1024,1,128,[]
127900073,127900073__x1776_y0000,test,clean/127900073__x1776_y0000.bmp,1776,0,1024,1024,2800,1024,2,144,[]
127900077,127900077__x0000_y0000,test,clean/127900077__x0000_y0000.bmp,0,0,1024,1024,2800,1024,0,,[]
127900077,127900077__x0896_y0000,test,clean/127900077__x0896_y0000.bmp,896,0,1024,1024,2800,1024,1,128,[]
127900077,127900077__x1776_y0000,test,clean/127900077__x1776_y0000.bmp,1776,0,1024,1024,2800,1024,2,144,[]
128200005,128200005__x0000_y0000,test,clean/128200005__x0000_y0000.bmp,0,0,1024,1024,2800,1024,0,,[]
128200005,128200005__x0896_y0000,test,clean/128200005__x0896_y0000.bmp,896,0,1024,1024,2800,1024,1,128,[]
128200005,128200005__x1776_y0000,test,clean/128200005__x1776_y0000.bmp,1776,0,1024,1024,2800,1024,2,144,[]
128200026,128200026__x0000_y0000,test,clean/128200026__x0000_y0000.bmp,0,0,1024,1024,2800,1024,0,,[]
128200026,128200026__x0896_y0000,test,clean/128200026__x0896_y0000.bmp,896,0,1024,1024,2800,1024,1,128,[]
128200026,128200026__x1776_y0000,test,clean/128200026__x1776_y0000.bmp,1776,0,1024,1024,2800,1024,2,144,[]
128200028,128200028__x0000_y0000,test,clean/128200028__x0000_y0000.bmp,0,0,1024,1024,2800,1024,0,,[]
128200028,128200028__x0896_y0000,test,clean/128200028__x0896_y0000.bmp,896,0,1024,1024,2800,1024,1,128,[]
128200028,128200028__x1776_y0000,test,clean/128200028__x1776_y0000.bmp,1776,0,1024,1024,2800,1024,2,144,[]
128200032,128200032__x0000_y0000,test,clean/128200032__x0000_y0000.bmp,0,0,1024,1024,2800,1024,0,,[]
128200032,128200032__x0896_y0000,test,clean/128200032__x0896_y0000.bmp,896,0,1024,1024,2800,1024,1,128,[]
128200032,128200032__x1776_y0000,test,clean/128200032__x1776_y0000.bmp,1776,0,1024,1024,2800,1024,2,144,[]
128200039,128200039__x0000_y0000,test,clean/128200039__x0000_y0000.bmp,0,0,1024,1024,2800,1024,0,,[]
128200039,128200039__x0896_y0000,test,clean/128200039__x0896_y0000.bmp,896,0,1024,1024,2800,1024,1,128,[]
128200039,128200039__x1776_y0000,test,clean/128200039__x1776_y0000.bmp,1776,0,1024,1024,2800,1024,2,144,[]
128200043,128200043__x0000_y0000,test,clean/128200043__x0000_y0000.bmp,0,0,1024,1024,2800,1024,0,,[]
128200043,128200043__x0896_y0000,test,clean/128200043__x0896_y0000.bmp,896,0,1024,1024,2800,1024,1,128,[]
128200043,128200043__x1776_y0000,test,clean/128200043__x1776_y0000.bmp,1776,0,1024,1024,2800,1024,2,144,[]
128200049,128200049__x0000_y0000,test,clean/128200049__x0000_y0000.bmp,0,0,1024,1024,2800,1024,0,,[]
128200049,128200049__x0896_y0000,test,clean/128200049__x0896_y0000.bmp,896,0,1024,1024,2800,1024,1,128,[]
128200049,128200049__x1776_y0000,test,clean/128200049__x1776_y0000.bmp,1776,0,1024,1024,2800,1024,2,144,[]
128300020,128300020__x0000_y0000,test,clean/128300020__x0000_y0000.bmp,0,0,1024,1024,2800,1024,0,,[]
128300020,128300020__x0896_y0000,test,clean/128300020__x0896_y0000.bmp,896,0,1024,1024,2800,1024,1,128,[]
128300020,128300020__x1776_y0000,test,clean/128300020__x1776_y0000.bmp,1776,0,1024,1024,2800,1024,2,144,[]
128300021,128300021__x0000_y0000,test,clean/128300021__x0000_y0000.bmp,0,0,1024,1024,2800,1024,0,,[]
128300021,128300021__x0896_y0000,test,clean/128300021__x0896_y0000.bmp,896,0,1024,1024,2800,1024,1,128,[]
128300021,128300021__x1776_y0000,test,clean/128300021__x1776_y0000.bmp,1776,0,1024,1024,2800,1024,2,144,[]
128300028,128300028__x0000_y0000,test,clean/128300028__x0000_y0000.bmp,0,0,1024,1024,2800,1024,0,,[]
128300028,128300028__x0896_y0000,test,clean/128300028__x0896_y0000.bmp,896,0,1024,1024,2800,1024,1,128,[]
128300028,128300028__x1776_y0000,test,clean/128300028__x1776_y0000.bmp,1776,0,1024,1024,2800,1024,2,144,[]
128300050,128300050__x0000_y0000,test,clean/128300050__x0000_y0000.bmp,0,0,1024,1024,2800,1024,0,,[]
128300050,128300050__x0896_y0000,test,clean/128300050__x0896_y0000.bmp,896,0,1024,1024,2800,1024,1,128,[]
128300050,128300050__x1776_y0000,test,clean/128300050__x1776_y0000.bmp,1776,0,1024,1024,2800,1024,2,144,[]
128300062,128300062__x0000_y0000,test,clean/128300062__x0000_y0000.bmp,0,0,1024,1024,2800,1024,0,,[]
128300062,128300062__x0896_y0000,test,clean/128300062__x0896_y0000.bmp,896,0,1024,1024,2800,1024,1,128,[]
128300062,128300062__x1776_y0000,test,clean/128300062__x1776_y0000.bmp,1776,0,1024,1024,2800,1024,2,144,[]
128500034,128500034__x0000_y0000,test,clean/128500034__x0000_y0000.bmp,0,0,1024,1024,2800,1024,0,,[]
128500034,128500034__x0896_y0000,test,clean/128500034__x0896_y0000.bmp,896,0,1024,1024,2800,1024,1,128,[]
128500034,128500034__x1776_y0000,test,clean/128500034__x1776_y0000.bmp,1776,0,1024,1024,2800,1024,2,144,[]
128500036,128500036__x0000_y0000,test,clean/128500036__x0000_y0000.bmp,0,0,1024,1024,2800,1024,0,,[]
128500036,128500036__x0896_y0000,test,clean/128500036__x0896_y0000.bmp,896,0,1024,1024,2800,1024,1,128,[]
128500036,128500036__x1776_y0000,test,clean/128500036__x1776_y0000.bmp,1776,0,1024,1024,2800,1024,2,144,[]
128500042,128500042__x0000_y0000,test,clean/128500042__x0000_y0000.bmp,0,0,1024,1024,2800,1024,0,,[]
128500042,128500042__x0896_y0000,test,clean/128500042__x0896_y0000.bmp,896,0,1024,1024,2800,1024,1,128,[]
128500042,128500042__x1776_y0000,test,clean/128500042__x1776_y0000.bmp,1776,0,1024,1024,2800,1024,2,144,[]
128500059,128500059__x0000_y0000,test,clean/128500059__x0000_y0000.bmp,0,0,1024,1024,2800,1024,0,,[]
128500059,128500059__x0896_y0000,test,clean/128500059__x0896_y0000.bmp,896,0,1024,1024,2800,1024,1,128,[]
128500059,128500059__x1776_y0000,test,clean/128500059__x1776_y0000.bmp,1776,0,1024,1024,2800,1024,2,144,[]
128500060,128500060__x0000_y0000,test,clean/128500060__x0000_y0000.bmp,0,0,1024,1024,2800,1024,0,,[]
128500060,128500060__x0896_y0000,test,clean/128500060__x0896_y0000.bmp,896,0,1024,1024,2800,1024,1,128,[]
128500060,128500060__x1776_y0000,test,clean/128500060__x1776_y0000.bmp,1776,0,1024,1024,2800,1024,2,144,[]
128700046,128700046__x0000_y0000,test,clean/128700046__x0000_y0000.bmp,0,0,1024,1024,2800,1024,0,,[]
128700046,128700046__x0896_y0000,test,clean/128700046__x0896_y0000.bmp,896,0,1024,1024,2800,1024,1,128,[]
128700046,128700046__x1776_y0000,test,clean/128700046__x1776_y0000.bmp,1776,0,1024,1024,2800,1024,2,144,[]
128700063,128700063__x0000_y0000,test,clean/128700063__x0000_y0000.bmp,0,0,1024,1024,2800,1024,0,,[]
128700063,128700063__x0896_y0000,test,clean/128700063__x0896_y0000.bmp,896,0,1024,1024,2800,1024,1,128,[]
128700063,128700063__x1776_y0000,test,clean/128700063__x1776_y0000.bmp,1776,0,1024,1024,2800,1024,2,144,[]
128700066,128700066__x0000_y0000,test,clean/128700066__x0000_y0000.bmp,0,0,1024,1024,2800,1024,0,,[]
128700066,128700066__x0896_y0000,test,clean/128700066__x0896_y0000.bmp,896,0,1024,1024,2800,1024,1,128,[]
128700066,128700066__x1776_y0000,test,clean/128700066__x1776_y0000.bmp,1776,0,1024,1024,2800,1024,2,144,[]
129100001,129100001__x0000_y0000,test,clean/129100001__x0000_y0000.bmp,0,0,1024,1024,2800,1024,0,,[]
129100001,129100001__x0896_y0000,test,clean/129100001__x0896_y0000.bmp,896,0,1024,1024,2800,1024,1,128,[]
129100001,129100001__x1776_y0000,test,clean/129100001__x1776_y0000.bmp,1776,0,1024,1024,2800,1024,2,144,[]
129100042,129100042__x0000_y0000,test,clean/129100042__x0000_y0000.bmp,0,0,1024,1024,2800,1024,0,,[]
129100042,129100042__x0896_y0000,test,clean/129100042__x0896_y0000.bmp,896,0,1024,1024,2800,1024,1,128,[]
129100042,129100042__x1776_y0000,test,clean/129100042__x1776_y0000.bmp,1776,0,1024,1024,2800,1024,2,144,[]
129100073,129100073__x0000_y0000,test,clean/129100073__x0000_y0000.bmp,0,0,1024,1024,2800,1024,0,,[]
129100073,129100073__x0896_y0000,test,clean/129100073__x0896_y0000.bmp,896,0,1024,1024,2800,1024,1,128,[]
129100073,129100073__x1776_y0000,test,clean/129100073__x1776_y0000.bmp,1776,0,1024,1024,2800,1024,2,144,[]
129100077,129100077__x0000_y0000,test,clean/129100077__x0000_y0000.bmp,0,0,1024,1024,2800,1024,0,,[]
129100077,129100077__x0896_y0000,test,clean/129100077__x0896_y0000.bmp,896,0,1024,1024,2800,1024,1,128,[]
129100077,129100077__x1776_y0000,test,clean/129100077__x1776_y0000.bmp,1776,0,1024,1024,2800,1024,2,144,[]
129300002,129300002__x0000_y0000,test,clean/129300002__x0000_y0000.bmp,0,0,1024,1024,2800,1024,0,,[]
129300002,129300002__x0896_y0000,test,clean/129300002__x0896_y0000.bmp,896,0,1024,1024,2800,1024,1,128,[]
129300002,129300002__x1776_y0000,test,clean/129300002__x1776_y0000.bmp,1776,0,1024,1024,2800,1024,2,144,[]
129300006,129300006__x0000_y0000,test,clean/129300006__x0000_y0000.bmp,0,0,1024,1024,2800,1024,0,,[]
129300006,129300006__x0896_y0000,test,clean/129300006__x0896_y0000.bmp,896,0,1024,1024,2800,1024,1,128,[]
129300006,129300006__x1776_y0000,test,clean/129300006__x1776_y0000.bmp,1776,0,1024,1024,2800,1024,2,144,[]
129300018,129300018__x0000_y0000,test,clean/129300018__x0000_y0000.bmp,0,0,1024,1024,2800,1024,0,,[]
129300018,129300018__x0896_y0000,test,clean/129300018__x0896_y0000.bmp,896,0,1024,1024,2800,1024,1,128,[]
129300018,129300018__x1776_y0000,test,clean/129300018__x1776_y0000.bmp,1776,0,1024,1024,2800,1024,2,144,[]
129300033,129300033__x0000_y0000,test,clean/129300033__x0000_y0000.bmp,0,0,1024,1024,2800,1024,0,,[]
129300033,129300033__x0896_y0000,test,clean/129300033__x0896_y0000.bmp,896,0,1024,1024,2800,1024,1,128,[]
129300033,129300033__x1776_y0000,test,clean/129300033__x1776_y0000.bmp,1776,0,1024,1024,2800,1024,2,144,[]
129300052,129300052__x0000_y0000,test,clean/129300052__x0000_y0000.bmp,0,0,1024,1024,2800,1024,0,,[]
129300052,129300052__x0896_y0000,test,clean/129300052__x0896_y0000.bmp,896,0,1024,1024,2800,1024,1,128,[]
129300052,129300052__x1776_y0000,test,clean/129300052__x1776_y0000.bmp,1776,0,1024,1024,2800,1024,2,144,[]
129300078,129300078__x0000_y0000,test,clean/129300078__x0000_y0000.bmp,0,0,1024,1024,2800,1024,0,,[]
129300078,129300078__x0896_y0000,test,clean/129300078__x0896_y0000.bmp,896,0,1024,1024,2800,1024,1,128,[]
129300078,129300078__x1776_y0000,test,clean/129300078__x1776_y0000.bmp,1776,0,1024,1024,2800,1024,2,144,[]
129400010,129400010__x0000_y0000,test,clean/129400010__x0000_y0000.bmp,0,0,1024,1024,2800,1024,0,,[]
129400010,129400010__x0896_y0000,test,clean/129400010__x0896_y0000.bmp,896,0,1024,1024,2800,1024,1,128,[]
129400010,129400010__x1776_y0000,test,clean/129400010__x1776_y0000.bmp,1776,0,1024,1024,2800,1024,2,144,[]
129400019,129400019__x0000_y0000,test,clean/129400019__x0000_y0000.bmp,0,0,1024,1024,2800,1024,0,,[]
129400019,129400019__x0896_y0000,test,clean/129400019__x0896_y0000.bmp,896,0,1024,1024,2800,1024,1,128,[]
129400019,129400019__x1776_y0000,test,clean/129400019__x1776_y0000.bmp,1776,0,1024,1024,2800,1024,2,144,[]
129400024,129400024__x0000_y0000,test,clean/129400024__x0000_y0000.bmp,0,0,1024,1024,2800,1024,0,,[]
129400024,129400024__x0896_y0000,test,clean/129400024__x0896_y0000.bmp,896,0,1024,1024,2800,1024,1,128,[]
129400024,129400024__x1776_y0000,test,clean/129400024__x1776_y0000.bmp,1776,0,1024,1024,2800,1024,2,144,[]
129400039,129400039__x0000_y0000,test,clean/129400039__x0000_y0000.bmp,0,0,1024,1024,2800,1024,0,,[]
129400039,129400039__x0896_y0000,test,clean/129400039__x0896_y0000.bmp,896,0,1024,1024,2800,1024,1,128,[]
129400039,129400039__x1776_y0000,test,clean/129400039__x1776_y0000.bmp,1776,0,1024,1024,2800,1024,2,144,[]
129400081,129400081__x0000_y0000,test,clean/129400081__x0000_y0000.bmp,0,0,1024,1024,2800,1024,0,,[]
129400081,129400081__x0896_y0000,test,clean/129400081__x0896_y0000.bmp,896,0,1024,1024,2800,1024,1,128,[]
129400081,129400081__x1776_y0000,test,clean/129400081__x1776_y0000.bmp,1776,0,1024,1024,2800,1024,2,144,[]
129500021,129500021__x0000_y0000,test,clean/129500021__x0000_y0000.bmp,0,0,1024,1024,2800,1024,0,,[]
129500021,129500021__x0896_y0000,test,clean/129500021__x0896_y0000.bmp,896,0,1024,1024,2800,1024,1,128,[]
129500021,129500021__x1776_y0000,test,clean/129500021__x1776_y0000.bmp,1776,0,1024,1024,2800,1024,2,144,[]
129500024,129500024__x0000_y0000,test,clean/129500024__x0000_y0000.bmp,0,0,1024,1024,2800,1024,0,,[]
129500024,129500024__x0896_y0000,test,clean/129500024__x0896_y0000.bmp,896,0,1024,1024,2800,1024,1,128,[]
129500024,129500024__x1776_y0000,test,clean/129500024__x1776_y0000.bmp,1776,0,1024,1024,2800,1024,2,144,[]
129500064,129500064__x0000_y0000,test,clean/129500064__x0000_y0000.bmp,0,0,1024,1024,2800,1024,0,,[]
129500064,129500064__x0896_y0000,test,clean/129500064__x0896_y0000.bmp,896,0,1024,1024,2800,1024,1,128,[]
129500064,129500064__x1776_y0000,test,clean/129500064__x1776_y0000.bmp,1776,0,1024,1024,2800,1024,2,144,[]
129500065,129500065__x0000_y0000,test,clean/129500065__x0000_y0000.bmp,0,0,1024,1024,2800,1024,0,,[]
129500065,129500065__x0896_y0000,test,clean/129500065__x0896_y0000.bmp,896,0,1024,1024,2800,1024,1,128,[]
129500065,129500065__x1776_y0000,test,clean/129500065__x1776_y0000.bmp,1776,0,1024,1024,2800,1024,2,144,[]
129700067,129700067__x0000_y0000,test,clean/129700067__x0000_y0000.bmp,0,0,1024,1024,2800,1024,0,,[]
129700067,129700067__x0896_y0000,test,clean/129700067__x0896_y0000.bmp,896,0,1024,1024,2800,1024,1,128,[]
129700067,129700067__x1776_y0000,test,clean/129700067__x1776_y0000.bmp,1776,0,1024,1024,2800,1024,2,144,[]
129700071,129700071__x0000_y0000,test,clean/129700071__x0000_y0000.bmp,0,0,1024,1024,2800,1024,0,,[]
129700071,129700071__x0896_y0000,test,clean/129700071__x0896_y0000.bmp,896,0,1024,1024,2800,1024,1,128,[]
129700071,129700071__x1776_y0000,test,clean/129700071__x1776_y0000.bmp,1776,0,1024,1024,2800,1024,2,144,[]
129700083,129700083__x0000_y0000,test,clean/129700083__x0000_y0000.bmp,0,0,1024,1024,2800,1024,0,,[]
129700083,129700083__x0896_y0000,test,clean/129700083__x0896_y0000.bmp,896,0,1024,1024,2800,1024,1,128,[]
129700083,129700083__x1776_y0000,test,clean/129700083__x1776_y0000.bmp,1776,0,1024,1024,2800,1024,2,144,[]
129800035,129800035__x0000_y0000,test,clean/129800035__x0000_y0000.bmp,0,0,1024,1024,2800,1024,0,,[]
129800035,129800035__x0896_y0000,test,clean/129800035__x0896_y0000.bmp,896,0,1024,1024,2800,1024,1,128,[]
129800035,129800035__x1776_y0000,test,clean/129800035__x1776_y0000.bmp,1776,0,1024,1024,2800,1024,2,144,[]
129800048,129800048__x0000_y0000,test,clean/129800048__x0000_y0000.bmp,0,0,1024,1024,2800,1024,0,,[]
129800048,129800048__x0896_y0000,test,clean/129800048__x0896_y0000.bmp,896,0,1024,1024,2800,1024,1,128,[]
129800048,129800048__x1776_y0000,test,clean/129800048__x1776_y0000.bmp,1776,0,1024,1024,2800,1024,2,144,[]
129800052,129800052__x0000_y0000,test,clean/129800052__x0000_y0000.bmp,0,0,1024,1024,2800,1024,0,,[]
129800052,129800052__x0896_y0000,test,clean/129800052__x0896_y0000.bmp,896,0,1024,1024,2800,1024,1,128,[]
129800052,129800052__x1776_y0000,test,clean/129800052__x1776_y0000.bmp,1776,0,1024,1024,2800,1024,2,144,[]
129800053,129800053__x0000_y0000,test,clean/129800053__x0000_y0000.bmp,0,0,1024,1024,2800,1024,0,,[]
129800053,129800053__x0896_y0000,test,clean/129800053__x0896_y0000.bmp,896,0,1024,1024,2800,1024,1,128,[]
129800053,129800053__x1776_y0000,test,clean/129800053__x1776_y0000.bmp,1776,0,1024,1024,2800,1024,2,144,[]
129800059,129800059__x0000_y0000,test,clean/129800059__x0000_y0000.bmp,0,0,1024,1024,2800,1024,0,,[]
129800059,129800059__x0896_y0000,test,clean/129800059__x0896_y0000.bmp,896,0,1024,1024,2800,1024,1,128,[]
129800059,129800059__x1776_y0000,test,clean/129800059__x1776_y0000.bmp,1776,0,1024,1024,2800,1024,2,144,[]
129900004,129900004__x0000_y0000,test,clean/129900004__x0000_y0000.bmp,0,0,1024,1024,2800,1024,0,,[]
129900004,129900004__x0896_y0000,test,clean/129900004__x0896_y0000.bmp,896,0,1024,1024,2800,1024,1,128,[]
129900004,129900004__x1776_y0000,test,clean/129900004__x1776_y0000.bmp,1776,0,1024,1024,2800,1024,2,144,[]
129900043,129900043__x0000_y0000,test,clean/129900043__x0000_y0000.bmp,0,0,1024,1024,2800,1024,0,,[]
129900043,129900043__x0896_y0000,test,clean/129900043__x0896_y0000.bmp,896,0,1024,1024,2800,1024,1,128,[]
129900043,129900043__x1776_y0000,test,clean/129900043__x1776_y0000.bmp,1776,0,1024,1024,2800,1024,2,144,[]
130200003,130200003__x0000_y0000,test,clean/130200003__x0000_y0000.bmp,0,0,1024,1024,2800,1024,0,,[]
130200003,130200003__x0896_y0000,test,clean/130200003__x0896_y0000.bmp,896,0,1024,1024,2800,1024,1,128,[]
130200003,130200003__x1776_y0000,test,clean/130200003__x1776_y0000.bmp,1776,0,1024,1024,2800,1024,2,144,[]
130200004,130200004__x0000_y0000,test,clean/130200004__x0000_y0000.bmp,0,0,1024,1024,2800,1024,0,,[]
130200004,130200004__x0896_y0000,test,clean/130200004__x0896_y0000.bmp,896,0,1024,1024,2800,1024,1,128,[]
130200004,130200004__x1776_y0000,test,clean/130200004__x1776_y0000.bmp,1776,0,1024,1024,2800,1024,2,144,[]
130200007,130200007__x0000_y0000,test,clean/130200007__x0000_y0000.bmp,0,0,1024,1024,2800,1024,0,,[]
130200007,130200007__x0896_y0000,test,clean/130200007__x0896_y0000.bmp,896,0,1024,1024,2800,1024,1,128,[]
130200007,130200007__x1776_y0000,test,clean/130200007__x1776_y0000.bmp,1776,0,1024,1024,2800,1024,2,144,[]
130300017,130300017__x0000_y0000,test,clean/130300017__x0000_y0000.bmp,0,0,1024,1024,2800,1024,0,,[]
130300017,130300017__x0896_y0000,test,clean/130300017__x0896_y0000.bmp,896,0,1024,1024,2800,1024,1,128,[]
130300017,130300017__x1776_y0000,test,clean/130300017__x1776_y0000.bmp,1776,0,1024,1024,2800,1024,2,144,[]
130300019,130300019__x0000_y0000,test,clean/130300019__x0000_y0000.bmp,0,0,1024,1024,2800,1024,0,,[]
130300019,130300019__x0896_y0000,test,clean/130300019__x0896_y0000.bmp,896,0,1024,1024,2800,1024,1,128,[]
130300019,130300019__x1776_y0000,test,clean/130300019__x1776_y0000.bmp,1776,0,1024,1024,2800,1024,2,144,[]
130300020,130300020__x0000_y0000,test,clean/130300020__x0000_y0000.bmp,0,0,1024,1024,2800,1024,0,,[]
130300020,130300020__x0896_y0000,test,clean/130300020__x0896_y0000.bmp,896,0,1024,1024,2800,1024,1,128,[]
130300020,130300020__x1776_y0000,test,clean/130300020__x1776_y0000.bmp,1776,0,1024,1024,2800,1024,2,144,[]
130300026,130300026__x0000_y0000,test,clean/130300026__x0000_y0000.bmp,0,0,1024,1024,2800,1024,0,,[]
130300026,130300026__x0896_y0000,test,clean/130300026__x0896_y0000.bmp,896,0,1024,1024,2800,1024,1,128,[]
130300026,130300026__x1776_y0000,test,clean/130300026__x1776_y0000.bmp,1776,0,1024,1024,2800,1024,2,144,[]
130300057,130300057__x0000_y0000,test,clean/130300057__x0000_y0000.bmp,0,0,1024,1024,2800,1024,0,,[]
130300057,130300057__x0896_y0000,test,clean/130300057__x0896_y0000.bmp,896,0,1024,1024,2800,1024,1,128,[]
130300057,130300057__x1776_y0000,test,clean/130300057__x1776_y0000.bmp,1776,0,1024,1024,2800,1024,2,144,[]
130300065,130300065__x0000_y0000,test,clean/130300065__x0000_y0000.bmp,0,0,1024,1024,2800,1024,0,,[]
130300065,130300065__x0896_y0000,test,clean/130300065__x0896_y0000.bmp,896,0,1024,1024,2800,1024,1,128,[]
130300065,130300065__x1776_y0000,test,clean/130300065__x1776_y0000.bmp,1776,0,1024,1024,2800,1024,2,144,[]
130300068,130300068__x0000_y0000,test,clean/130300068__x0000_y0000.bmp,0,0,1024,1024,2800,1024,0,,[]
130300068,130300068__x0896_y0000,test,clean/130300068__x0896_y0000.bmp,896,0,1024,1024,2800,1024,1,128,[]
130300068,130300068__x1776_y0000,test,clean/130300068__x1776_y0000.bmp,1776,0,1024,1024,2800,1024,2,144,[]
130400037,130400037__x0000_y0000,test,clean/130400037__x0000_y0000.bmp,0,0,1024,1024,2800,1024,0,,[]
130400037,130400037__x0896_y0000,test,clean/130400037__x0896_y0000.bmp,896,0,1024,1024,2800,1024,1,128,[]
130400037,130400037__x1776_y0000,test,clean/130400037__x1776_y0000.bmp,1776,0,1024,1024,2800,1024,2,144,[]
130400039,130400039__x0000_y0000,test,clean/130400039__x0000_y0000.bmp,0,0,1024,1024,2800,1024,0,,[]
130400039,130400039__x0896_y0000,test,clean/130400039__x0896_y0000.bmp,896,0,1024,1024,2800,1024,1,128,[]
130400039,130400039__x1776_y0000,test,clean/130400039__x1776_y0000.bmp,1776,0,1024,1024,2800,1024,2,144,[]
130400047,130400047__x0000_y0000,test,clean/130400047__x0000_y0000.bmp,0,0,1024,1024,2800,1024,0,,[]
130400047,130400047__x0896_y0000,test,clean/130400047__x0896_y0000.bmp,896,0,1024,1024,2800,1024,1,128,[]
130400047,130400047__x1776_y0000,test,clean/130400047__x1776_y0000.bmp,1776,0,1024,1024,2800,1024,2,144,[]
130400063,130400063__x0000_y0000,test,clean/130400063__x0000_y0000.bmp,0,0,1024,1024,2800,1024,0,,[]
130400063,130400063__x0896_y0000,test,clean/130400063__x0896_y0000.bmp,896,0,1024,1024,2800,1024,1,128,[]
130400063,130400063__x1776_y0000,test,clean/130400063__x1776_y0000.bmp,1776,0,1024,1024,2800,1024,2,144,[]
130400079,130400079__x0000_y0000,test,clean/130400079__x0000_y0000.bmp,0,0,1024,1024,2800,1024,0,,[]
130400079,130400079__x0896_y0000,test,clean/130400079__x0896_y0000.bmp,896,0,1024,1024,2800,1024,1,128,[]
130400079,130400079__x1776_y0000,test,clean/130400079__x1776_y0000.bmp,1776,0,1024,1024,2800,1024,2,144,[]
130500026,130500026__x0000_y0000,test,clean/130500026__x0000_y0000.bmp,0,0,1024,1024,2800,1024,0,,[]
130500026,130500026__x0896_y0000,test,clean/130500026__x0896_y0000.bmp,896,0,1024,1024,2800,1024,1,128,[]
130500026,130500026__x1776_y0000,test,clean/130500026__x1776_y0000.bmp,1776,0,1024,1024,2800,1024,2,144,[]
130500029,130500029__x0000_y0000,test,clean/130500029__x0000_y0000.bmp,0,0,1024,1024,2800,1024,0,,[]
130500029,130500029__x0896_y0000,test,clean/130500029__x0896_y0000.bmp,896,0,1024,1024,2800,1024,1,128,[]
130500029,130500029__x1776_y0000,test,clean/130500029__x1776_y0000.bmp,1776,0,1024,1024,2800,1024,2,144,[]
130500030,130500030__x0000_y0000,test,clean/130500030__x0000_y0000.bmp,0,0,1024,1024,2800,1024,0,,[]
130500030,130500030__x0896_y0000,test,clean/130500030__x0896_y0000.bmp,896,0,1024,1024,2800,1024,1,128,[]
130500030,130500030__x1776_y0000,test,clean/130500030__x1776_y0000.bmp,1776,0,1024,1024,2800,1024,2,144,[]
130500034,130500034__x0000_y0000,test,clean/130500034__x0000_y0000.bmp,0,0,1024,1024,2800,1024,0,,[]
130500034,130500034__x0896_y0000,test,clean/130500034__x0896_y0000.bmp,896,0,1024,1024,2800,1024,1,128,[]
130500034,130500034__x1776_y0000,test,clean/130500034__x1776_y0000.bmp,1776,0,1024,1024,2800,1024,2,144,[]
130500042,130500042__x0000_y0000,test,clean/130500042__x0000_y0000.bmp,0,0,1024,1024,2800,1024,0,,[]
130500042,130500042__x0896_y0000,test,clean/130500042__x0896_y0000.bmp,896,0,1024,1024,2800,1024,1,128,[]
130500042,130500042__x1776_y0000,test,clean/130500042__x1776_y0000.bmp,1776,0,1024,1024,2800,1024,2,144,[]
130500043,130500043__x0000_y0000,test,clean/130500043__x0000_y0000.bmp,0,0,1024,1024,2800,1024,0,,[]
130500043,130500043__x0896_y0000,test,clean/130500043__x0896_y0000.bmp,896,0,1024,1024,2800,1024,1,128,[]
130500043,130500043__x1776_y0000,test,clean/130500043__x1776_y0000.bmp,1776,0,1024,1024,2800,1024,2,144,[]
130500047,130500047__x0000_y0000,test,clean/130500047__x0000_y0000.bmp,0,0,1024,1024,2800,1024,0,,[]
130500047,130500047__x0896_y0000,test,clean/130500047__x0896_y0000.bmp,896,0,1024,1024,2800,1024,1,128,[]
130500047,130500047__x1776_y0000,test,clean/130500047__x1776_y0000.bmp,1776,0,1024,1024,2800,1024,2,144,[]
130500057,130500057__x0000_y0000,test,clean/130500057__x0000_y0000.bmp,0,0,1024,1024,2800,1024,0,,[]
130500057,130500057__x0896_y0000,test,clean/130500057__x0896_y0000.bmp,896,0,1024,1024,2800,1024,1,128,[]
130500057,130500057__x1776_y0000,test,clean/130500057__x1776_y0000.bmp,1776,0,1024,1024,2800,1024,2,144,[]
130500080,130500080__x0000_y0000,test,clean/130500080__x0000_y0000.bmp,0,0,1024,1024,2800,1024,0,,[]
130500080,130500080__x0896_y0000,test,clean/130500080__x0896_y0000.bmp,896,0,1024,1024,2800,1024,1,128,[]
130500080,130500080__x1776_y0000,test,clean/130500080__x1776_y0000.bmp,1776,0,1024,1024,2800,1024,2,144,[]
130800009,130800009__x0000_y0000,test,clean/130800009__x0000_y0000.bmp,0,0,1024,1024,2800,1024,0,,[]
130800009,130800009__x0896_y0000,test,clean/130800009__x0896_y0000.bmp,896,0,1024,1024,2800,1024,1,128,[]
130800009,130800009__x1776_y0000,test,clean/130800009__x1776_y0000.bmp,1776,0,1024,1024,2800,1024,2,144,[]
130800012,130800012__x0000_y0000,test,clean/130800012__x0000_y0000.bmp,0,0,1024,1024,2800,1024,0,,[]
130800012,130800012__x0896_y0000,test,clean/130800012__x0896_y0000.bmp,896,0,1024,1024,2800,1024,1,128,[]
130800012,130800012__x1776_y0000,test,clean/130800012__x1776_y0000.bmp,1776,0,1024,1024,2800,1024,2,144,[]
130800017,130800017__x0000_y0000,test,clean/130800017__x0000_y0000.bmp,0,0,1024,1024,2800,1024,0,,[]
130800017,130800017__x0896_y0000,test,clean/130800017__x0896_y0000.bmp,896,0,1024,1024,2800,1024,1,128,[]
130800017,130800017__x1776_y0000,test,clean/130800017__x1776_y0000.bmp,1776,0,1024,1024,2800,1024,2,144,[]
130800020,130800020__x0000_y0000,test,clean/130800020__x0000_y0000.bmp,0,0,1024,1024,2800,1024,0,,[]
130800020,130800020__x0896_y0000,test,clean/130800020__x0896_y0000.bmp,896,0,1024,1024,2800,1024,1,128,[]
130800020,130800020__x1776_y0000,test,clean/130800020__x1776_y0000.bmp,1776,0,1024,1024,2800,1024,2,144,[]
130800027,130800027__x0000_y0000,test,clean/130800027__x0000_y0000.bmp,0,0,1024,1024,2800,1024,0,,[]
130800027,130800027__x0896_y0000,test,clean/130800027__x0896_y0000.bmp,896,0,1024,1024,2800,1024,1,128,[]
130800027,130800027__x1776_y0000,test,clean/130800027__x1776_y0000.bmp,1776,0,1024,1024,2800,1024,2,144,[]
130800030,130800030__x0000_y0000,test,clean/130800030__x0000_y0000.bmp,0,0,1024,1024,2800,1024,0,,[]
130800030,130800030__x0896_y0000,test,clean/130800030__x0896_y0000.bmp,896,0,1024,1024,2800,1024,1,128,[]
130800030,130800030__x1776_y0000,test,clean/130800030__x1776_y0000.bmp,1776,0,1024,1024,2800,1024,2,144,[]
130800059,130800059__x0000_y0000,test,clean/130800059__x0000_y0000.bmp,0,0,1024,1024,2800,1024,0,,[]
130800059,130800059__x0896_y0000,test,clean/130800059__x0896_y0000.bmp,896,0,1024,1024,2800,1024,1,128,[]
130800059,130800059__x1776_y0000,test,clean/130800059__x1776_y0000.bmp,1776,0,1024,1024,2800,1024,2,144,[]
131000041,131000041__x0000_y0000,test,clean/131000041__x0000_y0000.bmp,0,0,1024,1024,2800,1024,0,,[]
131000041,131000041__x0896_y0000,test,clean/131000041__x0896_y0000.bmp,896,0,1024,1024,2800,1024,1,128,[]
131000041,131000041__x1776_y0000,test,clean/131000041__x1776_y0000.bmp,1776,0,1024,1024,2800,1024,2,144,[]
131000060,131000060__x0000_y0000,test,clean/131000060__x0000_y0000.bmp,0,0,1024,1024,2800,1024,0,,[]
131000060,131000060__x0896_y0000,test,clean/131000060__x0896_y0000.bmp,896,0,1024,1024,2800,1024,1,128,[]
131000060,131000060__x1776_y0000,test,clean/131000060__x1776_y0000.bmp,1776,0,1024,1024,2800,1024,2,144,[]
131000062,131000062__x0000_y0000,test,clean/131000062__x0000_y0000.bmp,0,0,1024,1024,2800,1024,0,,[]
131000062,131000062__x0896_y0000,test,clean/131000062__x0896_y0000.bmp,896,0,1024,1024,2800,1024,1,128,[]
131000062,131000062__x1776_y0000,test,clean/131000062__x1776_y0000.bmp,1776,0,1024,1024,2800,1024,2,144,[]
131000070,131000070__x0000_y0000,test,clean/131000070__x0000_y0000.bmp,0,0,1024,1024,2800,1024,0,,[]
131000070,131000070__x0896_y0000,test,clean/131000070__x0896_y0000.bmp,896,0,1024,1024,2800,1024,1,128,[]
131000070,131000070__x1776_y0000,test,clean/131000070__x1776_y0000.bmp,1776,0,1024,1024,2800,1024,2,144,[]
131000071,131000071__x0000_y0000,test,clean/131000071__x0000_y0000.bmp,0,0,1024,1024,2800,1024,0,,[]
131000071,131000071__x0896_y0000,test,clean/131000071__x0896_y0000.bmp,896,0,1024,1024,2800,1024,1,128,[]
131000071,131000071__x1776_y0000,test,clean/131000071__x1776_y0000.bmp,1776,0,1024,1024,2800,1024,2,144,[]
131000072,131000072__x0000_y0000,test,clean/131000072__x0000_y0000.bmp,0,0,1024,1024,2800,1024,0,,[]
131000072,131000072__x0896_y0000,test,clean/131000072__x0896_y0000.bmp,896,0,1024,1024,2800,1024,1,128,[]
131000072,131000072__x1776_y0000,test,clean/131000072__x1776_y0000.bmp,1776,0,1024,1024,2800,1024,2,144,[]
131000073,131000073__x0000_y0000,test,clean/131000073__x0000_y0000.bmp,0,0,1024,1024,2800,1024,0,,[]
131000073,131000073__x0896_y0000,test,clean/131000073__x0896_y0000.bmp,896,0,1024,1024,2800,1024,1,128,[]
131000073,131000073__x1776_y0000,test,clean/131000073__x1776_y0000.bmp,1776,0,1024,1024,2800,1024,2,144,[]
131000079,131000079__x0000_y0000,test,clean/131000079__x0000_y0000.bmp,0,0,1024,1024,2800,1024,0,,[]
131000079,131000079__x0896_y0000,test,clean/131000079__x0896_y0000.bmp,896,0,1024,1024,2800,1024,1,128,[]
131000079,131000079__x1776_y0000,test,clean/131000079__x1776_y0000.bmp,1776,0,1024,1024,2800,1024,2,144,[]
131100072,131100072__x0000_y0000,test,clean/131100072__x0000_y0000.bmp,0,0,1024,1024,2800,1024,0,,[]
131100072,131100072__x0896_y0000,test,clean/131100072__x0896_y0000.bmp,896,0,1024,1024,2800,1024,1,128,[]
131100072,131100072__x1776_y0000,test,clean/131100072__x1776_y0000.bmp,1776,0,1024,1024,2800,1024,2,144,[]
131600004,131600004__x0000_y0000,test,clean/131600004__x0000_y0000.bmp,0,0,1024,1024,2800,1024,0,,[]
131600004,131600004__x0896_y0000,test,clean/131600004__x0896_y0000.bmp,896,0,1024,1024,2800,1024,1,128,[]
131600004,131600004__x1776_y0000,test,clean/131600004__x1776_y0000.bmp,1776,0,1024,1024,2800,1024,2,144,[]
131600006,131600006__x0000_y0000,test,clean/131600006__x0000_y0000.bmp,0,0,1024,1024,2800,1024,0,,[]
131600006,131600006__x0896_y0000,test,clean/131600006__x0896_y0000.bmp,896,0,1024,1024,2800,1024,1,128,[]
131600006,131600006__x1776_y0000,test,clean/131600006__x1776_y0000.bmp,1776,0,1024,1024,2800,1024,2,144,[]
131600010,131600010__x0000_y0000,test,clean/131600010__x0000_y0000.bmp,0,0,1024,1024,2800,1024,0,,[]
131600010,131600010__x0896_y0000,test,clean/131600010__x0896_y0000.bmp,896,0,1024,1024,2800,1024,1,128,[]
131600010,131600010__x1776_y0000,test,clean/131600010__x1776_y0000.bmp,1776,0,1024,1024,2800,1024,2,144,[]
131600026,131600026__x0000_y0000,test,clean/131600026__x0000_y0000.bmp,0,0,1024,1024,2800,1024,0,,[]
131600026,131600026__x0896_y0000,test,clean/131600026__x0896_y0000.bmp,896,0,1024,1024,2800,1024,1,128,[]
131600026,131600026__x1776_y0000,test,clean/131600026__x1776_y0000.bmp,1776,0,1024,1024,2800,1024,2,144,[]
131600038,131600038__x0000_y0000,test,clean/131600038__x0000_y0000.bmp,0,0,1024,1024,2800,1024,0,,[]
131600038,131600038__x0896_y0000,test,clean/131600038__x0896_y0000.bmp,896,0,1024,1024,2800,1024,1,128,[]
131600038,131600038__x1776_y0000,test,clean/131600038__x1776_y0000.bmp,1776,0,1024,1024,2800,1024,2,144,[]
131600043,131600043__x0000_y0000,test,clean/131600043__x0000_y0000.bmp,0,0,1024,1024,2800,1024,0,,[]
131600043,131600043__x0896_y0000,test,clean/131600043__x0896_y0000.bmp,896,0,1024,1024,2800,1024,1,128,[]
131600043,131600043__x1776_y0000,test,clean/131600043__x1776_y0000.bmp,1776,0,1024,1024,2800,1024,2,144,[]
131600050,131600050__x0000_y0000,test,clean/131600050__x0000_y0000.bmp,0,0,1024,1024,2800,1024,0,,[]
131600050,131600050__x0896_y0000,test,clean/131600050__x0896_y0000.bmp,896,0,1024,1024,2800,1024,1,128,[]
131600050,131600050__x1776_y0000,test,clean/131600050__x1776_y0000.bmp,1776,0,1024,1024,2800,1024,2,144,[]
131600054,131600054__x0000_y0000,test,clean/131600054__x0000_y0000.bmp,0,0,1024,1024,2800,1024,0,,[]
131600054,131600054__x0896_y0000,test,clean/131600054__x0896_y0000.bmp,896,0,1024,1024,2800,1024,1,128,[]
131600054,131600054__x1776_y0000,test,clean/131600054__x1776_y0000.bmp,1776,0,1024,1024,2800,1024,2,144,[]
131600057,131600057__x0000_y0000,test,clean/131600057__x0000_y0000.bmp,0,0,1024,1024,2800,1024,0,,[]
131600057,131600057__x0896_y0000,test,clean/131600057__x0896_y0000.bmp,896,0,1024,1024,2800,1024,1,128,[]
131600057,131600057__x1776_y0000,test,clean/131600057__x1776_y0000.bmp,1776,0,1024,1024,2800,1024,2,144,[]
131600064,131600064__x0000_y0000,test,clean/131600064__x0000_y0000.bmp,0,0,1024,1024,2800,1024,0,,[]
131600064,131600064__x0896_y0000,test,clean/131600064__x0896_y0000.bmp,896,0,1024,1024,2800,1024,1,128,[]
131600064,131600064__x1776_y0000,test,clean/131600064__x1776_y0000.bmp,1776,0,1024,1024,2800,1024,2,144,[]
131900000,131900000__x0000_y0000,test,clean/131900000__x0000_y0000.bmp,0,0,1024,1024,2800,1024,0,,[]
131900000,131900000__x0896_y0000,test,clean/131900000__x0896_y0000.bmp,896,0,1024,1024,2800,1024,1,128,[]
131900000,131900000__x1776_y0000,test,clean/131900000__x1776_y0000.bmp,1776,0,1024,1024,2800,1024,2,144,[]
131900031,131900031__x0000_y0000,test,clean/131900031__x0000_y0000.bmp,0,0,1024,1024,2800,1024,0,,[]
131900031,131900031__x0896_y0000,test,clean/131900031__x0896_y0000.bmp,896,0,1024,1024,2800,1024,1,128,[]
131900031,131900031__x1776_y0000,test,clean/131900031__x1776_y0000.bmp,1776,0,1024,1024,2800,1024,2,144,[]
131900041,131900041__x0000_y0000,test,clean/131900041__x0000_y0000.bmp,0,0,1024,1024,2800,1024,0,,[]
131900041,131900041__x0896_y0000,test,clean/131900041__x0896_y0000.bmp,896,0,1024,1024,2800,1024,1,128,[]
131900041,131900041__x1776_y0000,test,clean/131900041__x1776_y0000.bmp,1776,0,1024,1024,2800,1024,2,144,[]
131900050,131900050__x0000_y0000,test,clean/131900050__x0000_y0000.bmp,0,0,1024,1024,2800,1024,0,,[]
131900050,131900050__x0896_y0000,test,clean/131900050__x0896_y0000.bmp,896,0,1024,1024,2800,1024,1,128,[]
131900050,131900050__x1776_y0000,test,clean/131900050__x1776_y0000.bmp,1776,0,1024,1024,2800,1024,2,144,[]
131900052,131900052__x0000_y0000,test,clean/131900052__x0000_y0000.bmp,0,0,1024,1024,2800,1024,0,,[]
131900052,131900052__x0896_y0000,test,clean/131900052__x0896_y0000.bmp,896,0,1024,1024,2800,1024,1,128,[]
131900052,131900052__x1776_y0000,test,clean/131900052__x1776_y0000.bmp,1776,0,1024,1024,2800,1024,2,144,[]
131900053,131900053__x0000_y0000,test,clean/131900053__x0000_y0000.bmp,0,0,1024,1024,2800,1024,0,,[]
131900053,131900053__x0896_y0000,test,clean/131900053__x0896_y0000.bmp,896,0,1024,1024,2800,1024,1,128,[]
131900053,131900053__x1776_y0000,test,clean/131900053__x1776_y0000.bmp,1776,0,1024,1024,2800,1024,2,144,[]
132200067,132200067__x0000_y0000,test,clean/132200067__x0000_y0000.bmp,0,0,1024,1024,2800,1024,0,,[]
132200067,132200067__x0896_y0000,test,clean/132200067__x0896_y0000.bmp,896,0,1024,1024,2800,1024,1,128,[]
132200067,132200067__x1776_y0000,test,clean/132200067__x1776_y0000.bmp,1776,0,1024,1024,2800,1024,2,144,[]
132200072,132200072__x0000_y0000,test,clean/132200072__x0000_y0000.bmp,0,0,1024,1024,2800,1024,0,,[]
132200072,132200072__x0896_y0000,test,clean/132200072__x0896_y0000.bmp,896,0,1024,1024,2800,1024,1,128,[]
132200072,132200072__x1776_y0000,test,clean/132200072__x1776_y0000.bmp,1776,0,1024,1024,2800,1024,2,144,[]
132200076,132200076__x0000_y0000,test,clean/132200076__x0000_y0000.bmp,0,0,1024,1024,2800,1024,0,,[]
132200076,132200076__x0896_y0000,test,clean/132200076__x0896_y0000.bmp,896,0,1024,1024,2800,1024,1,128,[]
132200076,132200076__x1776_y0000,test,clean/132200076__x1776_y0000.bmp,1776,0,1024,1024,2800,1024,2,144,[]
132300001,132300001__x0000_y0000,test,clean/132300001__x0000_y0000.bmp,0,0,1024,1024,2800,1024,0,,[]
132300001,132300001__x0896_y0000,test,clean/132300001__x0896_y0000.bmp,896,0,1024,1024,2800,1024,1,128,[]
132300001,132300001__x1776_y0000,test,clean/132300001__x1776_y0000.bmp,1776,0,1024,1024,2800,1024,2,144,[]
132300003,132300003__x0000_y0000,test,clean/132300003__x0000_y0000.bmp,0,0,1024,1024,2800,1024,0,,[]
132300003,132300003__x0896_y0000,test,clean/132300003__x0896_y0000.bmp,896,0,1024,1024,2800,1024,1,128,[]
132300003,132300003__x1776_y0000,test,clean/132300003__x1776_y0000.bmp,1776,0,1024,1024,2800,1024,2,144,[]
132300004,132300004__x0000_y0000,test,clean/132300004__x0000_y0000.bmp,0,0,1024,1024,2800,1024,0,,[]
132300004,132300004__x0896_y0000,test,clean/132300004__x0896_y0000.bmp,896,0,1024,1024,2800,1024,1,128,[]
132300004,132300004__x1776_y0000,test,clean/132300004__x1776_y0000.bmp,1776,0,1024,1024,2800,1024,2,144,[]
132300005,132300005__x0000_y0000,test,clean/132300005__x0000_y0000.bmp,0,0,1024,1024,2800,1024,0,,[]
132300005,132300005__x0896_y0000,test,clean/132300005__x0896_y0000.bmp,896,0,1024,1024,2800,1024,1,128,[]
132300005,132300005__x1776_y0000,test,clean/132300005__x1776_y0000.bmp,1776,0,1024,1024,2800,1024,2,144,[]
132300006,132300006__x0000_y0000,test,clean/132300006__x0000_y0000.bmp,0,0,1024,1024,2800,1024,0,,[]
132300006,132300006__x0896_y0000,test,clean/132300006__x0896_y0000.bmp,896,0,1024,1024,2800,1024,1,128,[]
132300006,132300006__x1776_y0000,test,clean/132300006__x1776_y0000.bmp,1776,0,1024,1024,2800,1024,2,144,[]
132300011,132300011__x0000_y0000,test,clean/132300011__x0000_y0000.bmp,0,0,1024,1024,2800,1024,0,,[]
132300011,132300011__x0896_y0000,test,clean/132300011__x0896_y0000.bmp,896,0,1024,1024,2800,1024,1,128,[]
132300011,132300011__x1776_y0000,test,clean/132300011__x1776_y0000.bmp,1776,0,1024,1024,2800,1024,2,144,[]
132300013,132300013__x0000_y0000,test,clean/132300013__x0000_y0000.bmp,0,0,1024,1024,2800,1024,0,,[]
132300013,132300013__x0896_y0000,test,clean/132300013__x0896_y0000.bmp,896,0,1024,1024,2800,1024,1,128,[]
132300013,132300013__x1776_y0000,test,clean/132300013__x1776_y0000.bmp,1776,0,1024,1024,2800,1024,2,144,[]
132300015,132300015__x0000_y0000,test,clean/132300015__x0000_y0000.bmp,0,0,1024,1024,2800,1024,0,,[]
132300015,132300015__x0896_y0000,test,clean/132300015__x0896_y0000.bmp,896,0,1024,1024,2800,1024,1,128,[]
132300015,132300015__x1776_y0000,test,clean/132300015__x1776_y0000.bmp,1776,0,1024,1024,2800,1024,2,144,[]
132300017,132300017__x0000_y0000,test,clean/132300017__x0000_y0000.bmp,0,0,1024,1024,2800,1024,0,,[]
132300017,132300017__x0896_y0000,test,clean/132300017__x0896_y0000.bmp,896,0,1024,1024,2800,1024,1,128,[]
132300017,132300017__x1776_y0000,test,clean/132300017__x1776_y0000.bmp,1776,0,1024,1024,2800,1024,2,144,[]
132300018,132300018__x0000_y0000,test,clean/132300018__x0000_y0000.bmp,0,0,1024,1024,2800,1024,0,,[]
132300018,132300018__x0896_y0000,test,clean/132300018__x0896_y0000.bmp,896,0,1024,1024,2800,1024,1,128,[]
132300018,132300018__x1776_y0000,test,clean/132300018__x1776_y0000.bmp,1776,0,1024,1024,2800,1024,2,144,[]
132300019,132300019__x0000_y0000,test,clean/132300019__x0000_y0000.bmp,0,0,1024,1024,2800,1024,0,,[]
132300019,132300019__x0896_y0000,test,clean/132300019__x0896_y0000.bmp,896,0,1024,1024,2800,1024,1,128,[]
132300019,132300019__x1776_y0000,test,clean/132300019__x1776_y0000.bmp,1776,0,1024,1024,2800,1024,2,144,[]
132300021,132300021__x0000_y0000,test,clean/132300021__x0000_y0000.bmp,0,0,1024,1024,2800,1024,0,,[]
132300021,132300021__x0896_y0000,test,clean/132300021__x0896_y0000.bmp,896,0,1024,1024,2800,1024,1,128,[]
132300021,132300021__x1776_y0000,test,clean/132300021__x1776_y0000.bmp,1776,0,1024,1024,2800,1024,2,144,[]
132300024,132300024__x0000_y0000,test,clean/132300024__x0000_y0000.bmp,0,0,1024,1024,2800,1024,0,,[]
132300024,132300024__x0896_y0000,test,clean/132300024__x0896_y0000.bmp,896,0,1024,1024,2800,1024,1,128,[]
132300024,132300024__x1776_y0000,test,clean/132300024__x1776_y0000.bmp,1776,0,1024,1024,2800,1024,2,144,[]
132300025,132300025__x0000_y0000,test,clean/132300025__x0000_y0000.bmp,0,0,1024,1024,2800,1024,0,,[]
132300025,132300025__x0896_y0000,test,clean/132300025__x0896_y0000.bmp,896,0,1024,1024,2800,1024,1,128,[]
132300025,132300025__x1776_y0000,test,clean/132300025__x1776_y0000.bmp,1776,0,1024,1024,2800,1024,2,144,[]
132300027,132300027__x0000_y0000,test,clean/132300027__x0000_y0000.bmp,0,0,1024,1024,2800,1024,0,,[]
132300027,132300027__x0896_y0000,test,clean/132300027__x0896_y0000.bmp,896,0,1024,1024,2800,1024,1,128,[]
132300027,132300027__x1776_y0000,test,clean/132300027__x1776_y0000.bmp,1776,0,1024,1024,2800,1024,2,144,[]
132300028,132300028__x0000_y0000,test,clean/132300028__x0000_y0000.bmp,0,0,1024,1024,2800,1024,0,,[]
132300028,132300028__x0896_y0000,test,clean/132300028__x0896_y0000.bmp,896,0,1024,1024,2800,1024,1,128,[]
132300028,132300028__x1776_y0000,test,clean/132300028__x1776_y0000.bmp,1776,0,1024,1024,2800,1024,2,144,[]
132500005,132500005__x0000_y0000,test,clean/132500005__x0000_y0000.bmp,0,0,1024,1024,2800,1024,0,,[]
132500005,132500005__x0896_y0000,test,clean/132500005__x0896_y0000.bmp,896,0,1024,1024,2800,1024,1,128,[]
132500005,132500005__x1776_y0000,test,clean/132500005__x1776_y0000.bmp,1776,0,1024,1024,2800,1024,2,144,[]
132500008,132500008__x0000_y0000,test,clean/132500008__x0000_y0000.bmp,0,0,1024,1024,2800,1024,0,,[]
132500008,132500008__x0896_y0000,test,clean/132500008__x0896_y0000.bmp,896,0,1024,1024,2800,1024,1,128,[]
132500008,132500008__x1776_y0000,test,clean/132500008__x1776_y0000.bmp,1776,0,1024,1024,2800,1024,2,144,[]
132500048,132500048__x0000_y0000,test,clean/132500048__x0000_y0000.bmp,0,0,1024,1024,2800,1024,0,,[]
132500048,132500048__x0896_y0000,test,clean/132500048__x0896_y0000.bmp,896,0,1024,1024,2800,1024,1,128,[]
132500048,132500048__x1776_y0000,test,clean/132500048__x1776_y0000.bmp,1776,0,1024,1024,2800,1024,2,144,[]
132500071,132500071__x0000_y0000,test,clean/132500071__x0000_y0000.bmp,0,0,1024,1024,2800,1024,0,,[]
132500071,132500071__x0896_y0000,test,clean/132500071__x0896_y0000.bmp,896,0,1024,1024,2800,1024,1,128,[]
132500071,132500071__x1776_y0000,test,clean/132500071__x1776_y0000.bmp,1776,0,1024,1024,2800,1024,2,144,[]
132500082,132500082__x0000_y0000,test,clean/132500082__x0000_y0000.bmp,0,0,1024,1024,2800,1024,0,,[]
132500082,132500082__x0896_y0000,test,clean/132500082__x0896_y0000.bmp,896,0,1024,1024,2800,1024,1,128,[]
132500082,132500082__x1776_y0000,test,clean/132500082__x1776_y0000.bmp,1776,0,1024,1024,2800,1024,2,144,[]
133200001,133200001__x0000_y0000,test,clean/133200001__x0000_y0000.bmp,0,0,1024,1024,2800,1024,0,,[]
133200001,133200001__x0896_y0000,test,clean/133200001__x0896_y0000.bmp,896,0,1024,1024,2800,1024,1,128,[]
133200001,133200001__x1776_y0000,test,clean/133200001__x1776_y0000.bmp,1776,0,1024,1024,2800,1024,2,144,[]
133200002,133200002__x0000_y0000,test,clean/133200002__x0000_y0000.bmp,0,0,1024,1024,2800,1024,0,,[]
133200002,133200002__x0896_y0000,test,clean/133200002__x0896_y0000.bmp,896,0,1024,1024,2800,1024,1,128,[]
133200002,133200002__x1776_y0000,test,clean/133200002__x1776_y0000.bmp,1776,0,1024,1024,2800,1024,2,144,[]
133200022,133200022__x0000_y0000,test,clean/133200022__x0000_y0000.bmp,0,0,1024,1024,2800,1024,0,,[]
133200022,133200022__x0896_y0000,test,clean/133200022__x0896_y0000.bmp,896,0,1024,1024,2800,1024,1,128,[]
133200022,133200022__x1776_y0000,test,clean/133200022__x1776_y0000.bmp,1776,0,1024,1024,2800,1024,2,144,[]
133200028,133200028__x0000_y0000,test,clean/133200028__x0000_y0000.bmp,0,0,1024,1024,2800,1024,0,,[]
133200028,133200028__x0896_y0000,test,clean/133200028__x0896_y0000.bmp,896,0,1024,1024,2800,1024,1,128,[]
133200028,133200028__x1776_y0000,test,clean/133200028__x1776_y0000.bmp,1776,0,1024,1024,2800,1024,2,144,[]
133200032,133200032__x0000_y0000,test,clean/133200032__x0000_y0000.bmp,0,0,1024,1024,2800,1024,0,,[]
133200032,133200032__x0896_y0000,test,clean/133200032__x0896_y0000.bmp,896,0,1024,1024,2800,1024,1,128,[]
133200032,133200032__x1776_y0000,test,clean/133200032__x1776_y0000.bmp,1776,0,1024,1024,2800,1024,2,144,[]
133200039,133200039__x0000_y0000,test,clean/133200039__x0000_y0000.bmp,0,0,1024,1024,2800,1024,0,,[]
133200039,133200039__x0896_y0000,test,clean/133200039__x0896_y0000.bmp,896,0,1024,1024,2800,1024,1,128,[]
133200039,133200039__x1776_y0000,test,clean/133200039__x1776_y0000.bmp,1776,0,1024,1024,2800,1024,2,144,[]
133200042,133200042__x0000_y0000,test,clean/133200042__x0000_y0000.bmp,0,0,1024,1024,2800,1024,0,,[]
133200042,133200042__x0896_y0000,test,clean/133200042__x0896_y0000.bmp,896,0,1024,1024,2800,1024,1,128,[]
133200042,133200042__x1776_y0000,test,clean/133200042__x1776_y0000.bmp,1776,0,1024,1024,2800,1024,2,144,[]
133200075,133200075__x0000_y0000,test,clean/133200075__x0000_y0000.bmp,0,0,1024,1024,2800,1024,0,,[]
133200075,133200075__x0896_y0000,test,clean/133200075__x0896_y0000.bmp,896,0,1024,1024,2800,1024,1,128,[]
133200075,133200075__x1776_y0000,test,clean/133200075__x1776_y0000.bmp,1776,0,1024,1024,2800,1024,2,144,[]
133200077,133200077__x0000_y0000,test,clean/133200077__x0000_y0000.bmp,0,0,1024,1024,2800,1024,0,,[]
133200077,133200077__x0896_y0000,test,clean/133200077__x0896_y0000.bmp,896,0,1024,1024,2800,1024,1,128,[]
133200077,133200077__x1776_y0000,test,clean/133200077__x1776_y0000.bmp,1776,0,1024,1024,2800,1024,2,144,[]
133600049,133600049__x0000_y0000,test,clean/133600049__x0000_y0000.bmp,0,0,1024,1024,2800,1024,0,,[]
133600049,133600049__x0896_y0000,test,clean/133600049__x0896_y0000.bmp,896,0,1024,1024,2800,1024,1,128,[]
133600049,133600049__x1776_y0000,test,clean/133600049__x1776_y0000.bmp,1776,0,1024,1024,2800,1024,2,144,[]
133600060,133600060__x0000_y0000,test,clean/133600060__x0000_y0000.bmp,0,0,1024,1024,2800,1024,0,,[]
133600060,133600060__x0896_y0000,test,clean/133600060__x0896_y0000.bmp,896,0,1024,1024,2800,1024,1,128,[]
133600060,133600060__x1776_y0000,test,clean/133600060__x1776_y0000.bmp,1776,0,1024,1024,2800,1024,2,144,[]
133600076,133600076__x0000_y0000,test,clean/133600076__x0000_y0000.bmp,0,0,1024,1024,2800,1024,0,,[]
133600076,133600076__x0896_y0000,test,clean/133600076__x0896_y0000.bmp,896,0,1024,1024,2800,1024,1,128,[]
133600076,133600076__x1776_y0000,test,clean/133600076__x1776_y0000.bmp,1776,0,1024,1024,2800,1024,2,144,[]
133600078,133600078__x0000_y0000,test,clean/133600078__x0000_y0000.bmp,0,0,1024,1024,2800,1024,0,,[]
133600078,133600078__x0896_y0000,test,clean/133600078__x0896_y0000.bmp,896,0,1024,1024,2800,1024,1,128,[]
133600078,133600078__x1776_y0000,test,clean/133600078__x1776_y0000.bmp,1776,0,1024,1024,2800,1024,2,144,[]
133600079,133600079__x0000_y0000,test,clean/133600079__x0000_y0000.bmp,0,0,1024,1024,2800,1024,0,,[]
133600079,133600079__x0896_y0000,test,clean/133600079__x0896_y0000.bmp,896,0,1024,1024,2800,1024,1,128,[]
133600079,133600079__x1776_y0000,test,clean/133600079__x1776_y0000.bmp,1776,0,1024,1024,2800,1024,2,144,[]
133600083,133600083__x0000_y0000,test,clean/133600083__x0000_y0000.bmp,0,0,1024,1024,2800,1024,0,,[]
133600083,133600083__x0896_y0000,test,clean/133600083__x0896_y0000.bmp,896,0,1024,1024,2800,1024,1,128,[]
133600083,133600083__x1776_y0000,test,clean/133600083__x1776_y0000.bmp,1776,0,1024,1024,2800,1024,2,144,[]
133600084,133600084__x0000_y0000,test,clean/133600084__x0000_y0000.bmp,0,0,1024,1024,2800,1024,0,,[]
133600084,133600084__x0896_y0000,test,clean/133600084__x0896_y0000.bmp,896,0,1024,1024,2800,1024,1,128,[]
133600084,133600084__x1776_y0000,test,clean/133600084__x1776_y0000.bmp,1776,0,1024,1024,2800,1024,2,144,[]
133700006,133700006__x0000_y0000,test,clean/133700006__x0000_y0000.bmp,0,0,1024,1024,2800,1024,0,,[]
133700006,133700006__x0896_y0000,test,clean/133700006__x0896_y0000.bmp,896,0,1024,1024,2800,1024,1,128,[]
133700006,133700006__x1776_y0000,test,clean/133700006__x1776_y0000.bmp,1776,0,1024,1024,2800,1024,2,144,[]
133700018,133700018__x0000_y0000,test,clean/133700018__x0000_y0000.bmp,0,0,1024,1024,2800,1024,0,,[]
133700018,133700018__x0896_y0000,test,clean/133700018__x0896_y0000.bmp,896,0,1024,1024,2800,1024,1,128,[]
133700018,133700018__x1776_y0000,test,clean/133700018__x1776_y0000.bmp,1776,0,1024,1024,2800,1024,2,144,[]
133700020,133700020__x0000_y0000,test,clean/133700020__x0000_y0000.bmp,0,0,1024,1024,2800,1024,0,,[]
133700020,133700020__x0896_y0000,test,clean/133700020__x0896_y0000.bmp,896,0,1024,1024,2800,1024,1,128,[]
133700020,133700020__x1776_y0000,test,clean/133700020__x1776_y0000.bmp,1776,0,1024,1024,2800,1024,2,144,[]
133700026,133700026__x0000_y0000,test,clean/133700026__x0000_y0000.bmp,0,0,1024,1024,2800,1024,0,,[]
133700026,133700026__x0896_y0000,test,clean/133700026__x0896_y0000.bmp,896,0,1024,1024,2800,1024,1,128,[]
133700026,133700026__x1776_y0000,test,clean/133700026__x1776_y0000.bmp,1776,0,1024,1024,2800,1024,2,144,[]
133700029,133700029__x0000_y0000,test,clean/133700029__x0000_y0000.bmp,0,0,1024,1024,2800,1024,0,,[]
133700029,133700029__x0896_y0000,test,clean/133700029__x0896_y0000.bmp,896,0,1024,1024,2800,1024,1,128,[]
133700029,133700029__x1776_y0000,test,clean/133700029__x1776_y0000.bmp,1776,0,1024,1024,2800,1024,2,144,[]
134000023,134000023__x0000_y0000,test,clean/134000023__x0000_y0000.bmp,0,0,1024,1024,2800,1024,0,,[]
134000023,134000023__x0896_y0000,test,clean/134000023__x0896_y0000.bmp,896,0,1024,1024,2800,1024,1,128,[]
134000023,134000023__x1776_y0000,test,clean/134000023__x1776_y0000.bmp,1776,0,1024,1024,2800,1024,2,144,[]
134000026,134000026__x0000_y0000,test,clean/134000026__x0000_y0000.bmp,0,0,1024,1024,2800,1024,0,,[]
134000026,134000026__x0896_y0000,test,clean/134000026__x0896_y0000.bmp,896,0,1024,1024,2800,1024,1,128,[]
134000026,134000026__x1776_y0000,test,clean/134000026__x1776_y0000.bmp,1776,0,1024,1024,2800,1024,2,144,[]
134100003,134100003__x0000_y0000,test,clean/134100003__x0000_y0000.bmp,0,0,1024,1024,2800,1024,0,,[]
134100003,134100003__x0896_y0000,test,clean/134100003__x0896_y0000.bmp,896,0,1024,1024,2800,1024,1,128,[]
134100003,134100003__x1776_y0000,test,clean/134100003__x1776_y0000.bmp,1776,0,1024,1024,2800,1024,2,144,[]
134200000,134200000__x0000_y0000,test,clean/134200000__x0000_y0000.bmp,0,0,1024,1024,2800,1024,0,,[]
134200000,134200000__x0896_y0000,test,clean/134200000__x0896_y0000.bmp,896,0,1024,1024,2800,1024,1,128,[]
134200000,134200000__x1776_y0000,test,clean/134200000__x1776_y0000.bmp,1776,0,1024,1024,2800,1024,2,144,[]
134200004,134200004__x0000_y0000,test,clean/134200004__x0000_y0000.bmp,0,0,1024,1024,2800,1024,0,,[]
134200004,134200004__x0896_y0000,test,clean/134200004__x0896_y0000.bmp,896,0,1024,1024,2800,1024,1,128,[]
134200004,134200004__x1776_y0000,test,clean/134200004__x1776_y0000.bmp,1776,0,1024,1024,2800,1024,2,144,[]
134200016,134200016__x0000_y0000,test,clean/134200016__x0000_y0000.bmp,0,0,1024,1024,2800,1024,0,,[]
134200016,134200016__x0896_y0000,test,clean/134200016__x0896_y0000.bmp,896,0,1024,1024,2800,1024,1,128,[]
134200016,134200016__x1776_y0000,test,clean/134200016__x1776_y0000.bmp,1776,0,1024,1024,2800,1024,2,144,[]
134400002,134400002__x0000_y0000,test,clean/134400002__x0000_y0000.bmp,0,0,1024,1024,2800,1024,0,,[]
134400002,134400002__x0896_y0000,test,clean/134400002__x0896_y0000.bmp,896,0,1024,1024,2800,1024,1,128,[]
134400002,134400002__x1776_y0000,test,clean/134400002__x1776_y0000.bmp,1776,0,1024,1024,2800,1024,2,144,[]
134600017,134600017__x0000_y0000,test,clean/134600017__x0000_y0000.bmp,0,0,1024,1024,2800,1024,0,,[]
134600017,134600017__x0896_y0000,test,clean/134600017__x0896_y0000.bmp,896,0,1024,1024,2800,1024,1,128,[]
134600017,134600017__x1776_y0000,test,clean/134600017__x1776_y0000.bmp,1776,0,1024,1024,2800,1024,2,144,[]
134600019,134600019__x0000_y0000,test,clean/134600019__x0000_y0000.bmp,0,0,1024,1024,2800,1024,0,,[]
134600019,134600019__x0896_y0000,test,clean/134600019__x0896_y0000.bmp,896,0,1024,1024,2800,1024,1,128,[]
134600019,134600019__x1776_y0000,test,clean/134600019__x1776_y0000.bmp,1776,0,1024,1024,2800,1024,2,144,[]
134600021,134600021__x0000_y0000,test,clean/134600021__x0000_y0000.bmp,0,0,1024,1024,2800,1024,0,,[]
134600021,134600021__x0896_y0000,test,clean/134600021__x0896_y0000.bmp,896,0,1024,1024,2800,1024,1,128,[]
134600021,134600021__x1776_y0000,test,clean/134600021__x1776_y0000.bmp,1776,0,1024,1024,2800,1024,2,144,[]
134600024,134600024__x0000_y0000,test,clean/134600024__x0000_y0000.bmp,0,0,1024,1024,2800,1024,0,,[]
134600024,134600024__x0896_y0000,test,clean/134600024__x0896_y0000.bmp,896,0,1024,1024,2800,1024,1,128,[]
134600024,134600024__x1776_y0000,test,clean/134600024__x1776_y0000.bmp,1776,0,1024,1024,2800,1024,2,144,[]
134600030,134600030__x0000_y0000,test,clean/134600030__x0000_y0000.bmp,0,0,1024,1024,2800,1024,0,,[]
134600030,134600030__x0896_y0000,test,clean/134600030__x0896_y0000.bmp,896,0,1024,1024,2800,1024,1,128,[]
134600030,134600030__x1776_y0000,test,clean/134600030__x1776_y0000.bmp,1776,0,1024,1024,2800,1024,2,144,[]
134600034,134600034__x0000_y0000,test,clean/134600034__x0000_y0000.bmp,0,0,1024,1024,2800,1024,0,,[]
134600034,134600034__x0896_y0000,test,clean/134600034__x0896_y0000.bmp,896,0,1024,1024,2800,1024,1,128,[]
134600034,134600034__x1776_y0000,test,clean/134600034__x1776_y0000.bmp,1776,0,1024,1024,2800,1024,2,144,[]
134600053,134600053__x0000_y0000,test,clean/134600053__x0000_y0000.bmp,0,0,1024,1024,2800,1024,0,,[]
134600053,134600053__x0896_y0000,test,clean/134600053__x0896_y0000.bmp,896,0,1024,1024,2800,1024,1,128,[]
134600053,134600053__x1776_y0000,test,clean/134600053__x1776_y0000.bmp,1776,0,1024,1024,2800,1024,2,144,[]
134600057,134600057__x0000_y0000,test,clean/134600057__x0000_y0000.bmp,0,0,1024,1024,2800,1024,0,,[]
134600057,134600057__x0896_y0000,test,clean/134600057__x0896_y0000.bmp,896,0,1024,1024,2800,1024,1,128,[]
134600057,134600057__x1776_y0000,test,clean/134600057__x1776_y0000.bmp,1776,0,1024,1024,2800,1024,2,144,[]
134600065,134600065__x0000_y0000,test,clean/134600065__x0000_y0000.bmp,0,0,1024,1024,2800,1024,0,,[]
134600065,134600065__x0896_y0000,test,clean/134600065__x0896_y0000.bmp,896,0,1024,1024,2800,1024,1,128,[]
134600065,134600065__x1776_y0000,test,clean/134600065__x1776_y0000.bmp,1776,0,1024,1024,2800,1024,2,144,[]
134600071,134600071__x0000_y0000,test,clean/134600071__x0000_y0000.bmp,0,0,1024,1024,2800,1024,0,,[]
134600071,134600071__x0896_y0000,test,clean/134600071__x0896_y0000.bmp,896,0,1024,1024,2800,1024,1,128,[]
134600071,134600071__x1776_y0000,test,clean/134600071__x1776_y0000.bmp,1776,0,1024,1024,2800,1024,2,144,[]
134600075,134600075__x0000_y0000,test,clean/134600075__x0000_y0000.bmp,0,0,1024,1024,2800,1024,0,,[]
134600075,134600075__x0896_y0000,test,clean/134600075__x0896_y0000.bmp,896,0,1024,1024,2800,1024,1,128,[]
134600075,134600075__x1776_y0000,test,clean/134600075__x1776_y0000.bmp,1776,0,1024,1024,2800,1024,2,144,[]
134700031,134700031__x0000_y0000,test,clean/134700031__x0000_y0000.bmp,0,0,1024,1024,2800,1024,0,,[]
134700031,134700031__x0896_y0000,test,clean/134700031__x0896_y0000.bmp,896,0,1024,1024,2800,1024,1,128,[]
134700031,134700031__x1776_y0000,test,clean/134700031__x1776_y0000.bmp,1776,0,1024,1024,2800,1024,2,144,[]
134700033,134700033__x0000_y0000,test,clean/134700033__x0000_y0000.bmp,0,0,1024,1024,2800,1024,0,,[]
134700033,134700033__x0896_y0000,test,clean/134700033__x0896_y0000.bmp,896,0,1024,1024,2800,1024,1,128,[]
134700033,134700033__x1776_y0000,test,clean/134700033__x1776_y0000.bmp,1776,0,1024,1024,2800,1024,2,144,[]
134700048,134700048__x0000_y0000,test,clean/134700048__x0000_y0000.bmp,0,0,1024,1024,2800,1024,0,,[]
134700048,134700048__x0896_y0000,test,clean/134700048__x0896_y0000.bmp,896,0,1024,1024,2800,1024,1,128,[]
134700048,134700048__x1776_y0000,test,clean/134700048__x1776_y0000.bmp,1776,0,1024,1024,2800,1024,2,144,[]
134700076,134700076__x0000_y0000,test,clean/134700076__x0000_y0000.bmp,0,0,1024,1024,2800,1024,0,,[]
134700076,134700076__x0896_y0000,test,clean/134700076__x0896_y0000.bmp,896,0,1024,1024,2800,1024,1,128,[]
134700076,134700076__x1776_y0000,test,clean/134700076__x1776_y0000.bmp,1776,0,1024,1024,2800,1024,2,144,[]
134700081,134700081__x0000_y0000,test,clean/134700081__x0000_y0000.bmp,0,0,1024,1024,2800,1024,0,,[]
134700081,134700081__x0896_y0000,test,clean/134700081__x0896_y0000.bmp,896,0,1024,1024,2800,1024,1,128,[]
134700081,134700081__x1776_y0000,test,clean/134700081__x1776_y0000.bmp,1776,0,1024,1024,2800,1024,2,144,[]
134900060,134900060__x0000_y0000,test,clean/134900060__x0000_y0000.bmp,0,0,1024,1024,2800,1024,0,,[]
134900060,134900060__x0896_y0000,test,clean/134900060__x0896_y0000.bmp,896,0,1024,1024,2800,1024,1,128,[]
134900060,134900060__x1776_y0000,test,clean/134900060__x1776_y0000.bmp,1776,0,1024,1024,2800,1024,2,144,[]
134900081,134900081__x0000_y0000,test,clean/134900081__x0000_y0000.bmp,0,0,1024,1024,2800,1024,0,,[]
134900081,134900081__x0896_y0000,test,clean/134900081__x0896_y0000.bmp,896,0,1024,1024,2800,1024,1,128,[]
134900081,134900081__x1776_y0000,test,clean/134900081__x1776_y0000.bmp,1776,0,1024,1024,2800,1024,2,144,[]
134900083,134900083__x0000_y0000,test,clean/134900083__x0000_y0000.bmp,0,0,1024,1024,2800,1024,0,,[]
134900083,134900083__x0896_y0000,test,clean/134900083__x0896_y0000.bmp,896,0,1024,1024,2800,1024,1,128,[]
134900083,134900083__x1776_y0000,test,clean/134900083__x1776_y0000.bmp,1776,0,1024,1024,2800,1024,2,144,[]
134900084,134900084__x0000_y0000,test,clean/134900084__x0000_y0000.bmp,0,0,1024,1024,2800,1024,0,,[]
134900084,134900084__x0896_y0000,test,clean/134900084__x0896_y0000.bmp,896,0,1024,1024,2800,1024,1,128,[]
134900084,134900084__x1776_y0000,test,clean/134900084__x1776_y0000.bmp,1776,0,1024,1024,2800,1024,2,144,[]
135300076,135300076__x0000_y0000,test,clean/135300076__x0000_y0000.bmp,0,0,1024,1024,2800,1024,0,,[]
135300076,135300076__x0896_y0000,test,clean/135300076__x0896_y0000.bmp,896,0,1024,1024,2800,1024,1,128,[]
135300076,135300076__x1776_y0000,test,clean/135300076__x1776_y0000.bmp,1776,0,1024,1024,2800,1024,2,144,[]
135300083,135300083__x0000_y0000,test,clean/135300083__x0000_y0000.bmp,0,0,1024,1024,2800,1024,0,,[]
135300083,135300083__x0896_y0000,test,clean/135300083__x0896_y0000.bmp,896,0,1024,1024,2800,1024,1,128,[]
135300083,135300083__x1776_y0000,test,clean/135300083__x1776_y0000.bmp,1776,0,1024,1024,2800,1024,2,144,[]
135400060,135400060__x0000_y0000,test,clean/135400060__x0000_y0000.bmp,0,0,1024,1024,2800,1024,0,,[]
135400060,135400060__x0896_y0000,test,clean/135400060__x0896_y0000.bmp,896,0,1024,1024,2800,1024,1,128,[]
135400060,135400060__x1776_y0000,test,clean/135400060__x1776_y0000.bmp,1776,0,1024,1024,2800,1024,2,144,[]
135400066,135400066__x0000_y0000,test,clean/135400066__x0000_y0000.bmp,0,0,1024,1024,2800,1024,0,,[]
135400066,135400066__x0896_y0000,test,clean/135400066__x0896_y0000.bmp,896,0,1024,1024,2800,1024,1,128,[]
135400066,135400066__x1776_y0000,test,clean/135400066__x1776_y0000.bmp,1776,0,1024,1024,2800,1024,2,144,[]
135400073,135400073__x0000_y0000,test,clean/135400073__x0000_y0000.bmp,0,0,1024,1024,2800,1024,0,,[]
135400073,135400073__x0896_y0000,test,clean/135400073__x0896_y0000.bmp,896,0,1024,1024,2800,1024,1,128,[]
135400073,135400073__x1776_y0000,test,clean/135400073__x1776_y0000.bmp,1776,0,1024,1024,2800,1024,2,144,[]
135500023,135500023__x0000_y0000,test,clean/135500023__x0000_y0000.bmp,0,0,1024,1024,2800,1024,0,,[]
135500023,135500023__x0896_y0000,test,clean/135500023__x0896_y0000.bmp,896,0,1024,1024,2800,1024,1,128,[]
135500023,135500023__x1776_y0000,test,clean/135500023__x1776_y0000.bmp,1776,0,1024,1024,2800,1024,2,144,[]
135500025,135500025__x0000_y0000,test,clean/135500025__x0000_y0000.bmp,0,0,1024,1024,2800,1024,0,,[]
135500025,135500025__x0896_y0000,test,clean/135500025__x0896_y0000.bmp,896,0,1024,1024,2800,1024,1,128,[]
135500025,135500025__x1776_y0000,test,clean/135500025__x1776_y0000.bmp,1776,0,1024,1024,2800,1024,2,144,[]
135500026,135500026__x0000_y0000,test,clean/135500026__x0000_y0000.bmp,0,0,1024,1024,2800,1024,0,,[]
135500026,135500026__x0896_y0000,test,clean/135500026__x0896_y0000.bmp,896,0,1024,1024,2800,1024,1,128,[]
135500026,135500026__x1776_y0000,test,clean/135500026__x1776_y0000.bmp,1776,0,1024,1024,2800,1024,2,144,[]
135500031,135500031__x0000_y0000,test,clean/135500031__x0000_y0000.bmp,0,0,1024,1024,2800,1024,0,,[]
135500031,135500031__x0896_y0000,test,clean/135500031__x0896_y0000.bmp,896,0,1024,1024,2800,1024,1,128,[]
135500031,135500031__x1776_y0000,test,clean/135500031__x1776_y0000.bmp,1776,0,1024,1024,2800,1024,2,144,[]
135500066,135500066__x0000_y0000,test,clean/135500066__x0000_y0000.bmp,0,0,1024,1024,2800,1024,0,,[]
135500066,135500066__x0896_y0000,test,clean/135500066__x0896_y0000.bmp,896,0,1024,1024,2800,1024,1,128,[]
135500066,135500066__x1776_y0000,test,clean/135500066__x1776_y0000.bmp,1776,0,1024,1024,2800,1024,2,144,[]
135700002,135700002__x0000_y0000,test,clean/135700002__x0000_y0000.bmp,0,0,1024,1024,2800,1024,0,,[]
135700002,135700002__x0896_y0000,test,clean/135700002__x0896_y0000.bmp,896,0,1024,1024,2800,1024,1,128,[]
135700002,135700002__x1776_y0000,test,clean/135700002__x1776_y0000.bmp,1776,0,1024,1024,2800,1024,2,144,[]
135700017,135700017__x0000_y0000,test,clean/135700017__x0000_y0000.bmp,0,0,1024,1024,2800,1024,0,,[]
135700017,135700017__x0896_y0000,test,clean/135700017__x0896_y0000.bmp,896,0,1024,1024,2800,1024,1,128,[]
135700017,135700017__x1776_y0000,test,clean/135700017__x1776_y0000.bmp,1776,0,1024,1024,2800,1024,2,144,[]
135700022,135700022__x0000_y0000,test,clean/135700022__x0000_y0000.bmp,0,0,1024,1024,2800,1024,0,,[]
135700022,135700022__x0896_y0000,test,clean/135700022__x0896_y0000.bmp,896,0,1024,1024,2800,1024,1,128,[]
135700022,135700022__x1776_y0000,test,clean/135700022__x1776_y0000.bmp,1776,0,1024,1024,2800,1024,2,144,[]
135700033,135700033__x0000_y0000,test,clean/135700033__x0000_y0000.bmp,0,0,1024,1024,2800,1024,0,,[]
135700033,135700033__x0896_y0000,test,clean/135700033__x0896_y0000.bmp,896,0,1024,1024,2800,1024,1,128,[]
135700033,135700033__x1776_y0000,test,clean/135700033__x1776_y0000.bmp,1776,0,1024,1024,2800,1024,2,144,[]
135700034,135700034__x0000_y0000,test,clean/135700034__x0000_y0000.bmp,0,0,1024,1024,2800,1024,0,,[]
135700034,135700034__x0896_y0000,test,clean/135700034__x0896_y0000.bmp,896,0,1024,1024,2800,1024,1,128,[]
135700034,135700034__x1776_y0000,test,clean/135700034__x1776_y0000.bmp,1776,0,1024,1024,2800,1024,2,144,[]
135700037,135700037__x0000_y0000,test,clean/135700037__x0000_y0000.bmp,0,0,1024,1024,2800,1024,0,,[]
135700037,135700037__x0896_y0000,test,clean/135700037__x0896_y0000.bmp,896,0,1024,1024,2800,1024,1,128,[]
135700037,135700037__x1776_y0000,test,clean/135700037__x1776_y0000.bmp,1776,0,1024,1024,2800,1024,2,144,[]
135700039,135700039__x0000_y0000,test,clean/135700039__x0000_y0000.bmp,0,0,1024,1024,2800,1024,0,,[]
135700039,135700039__x0896_y0000,test,clean/135700039__x0896_y0000.bmp,896,0,1024,1024,2800,1024,1,128,[]
135700039,135700039__x1776_y0000,test,clean/135700039__x1776_y0000.bmp,1776,0,1024,1024,2800,1024,2,144,[]
135700042,135700042__x0000_y0000,test,clean/135700042__x0000_y0000.bmp,0,0,1024,1024,2800,1024,0,,[]
135700042,135700042__x0896_y0000,test,clean/135700042__x0896_y0000.bmp,896,0,1024,1024,2800,1024,1,128,[]
135700042,135700042__x1776_y0000,test,clean/135700042__x1776_y0000.bmp,1776,0,1024,1024,2800,1024,2,144,[]
135700066,135700066__x0000_y0000,test,clean/135700066__x0000_y0000.bmp,0,0,1024,1024,2800,1024,0,,[]
135700066,135700066__x0896_y0000,test,clean/135700066__x0896_y0000.bmp,896,0,1024,1024,2800,1024,1,128,[]
135700066,135700066__x1776_y0000,test,clean/135700066__x1776_y0000.bmp,1776,0,1024,1024,2800,1024,2,144,[]
135900067,135900067__x0000_y0000,test,clean/135900067__x0000_y0000.bmp,0,0,1024,1024,2800,1024,0,,[]
135900067,135900067__x0896_y0000,test,clean/135900067__x0896_y0000.bmp,896,0,1024,1024,2800,1024,1,128,[]
135900067,135900067__x1776_y0000,test,clean/135900067__x1776_y0000.bmp,1776,0,1024,1024,2800,1024,2,144,[]
135900069,135900069__x0000_y0000,test,clean/135900069__x0000_y0000.bmp,0,0,1024,1024,2800,1024,0,,[]
135900069,135900069__x0896_y0000,test,clean/135900069__x0896_y0000.bmp,896,0,1024,1024,2800,1024,1,128,[]
135900069,135900069__x1776_y0000,test,clean/135900069__x1776_y0000.bmp,1776,0,1024,1024,2800,1024,2,144,[]
135900071,135900071__x0000_y0000,test,clean/135900071__x0000_y0000.bmp,0,0,1024,1024,2800,1024,0,,[]
135900071,135900071__x0896_y0000,test,clean/135900071__x0896_y0000.bmp,896,0,1024,1024,2800,1024,1,128,[]
135900071,135900071__x1776_y0000,test,clean/135900071__x1776_y0000.bmp,1776,0,1024,1024,2800,1024,2,144,[]
136200007,136200007__x0000_y0000,test,clean/136200007__x0000_y0000.bmp,0,0,1024,1024,2800,1024,0,,[]
136200007,136200007__x0896_y0000,test,clean/136200007__x0896_y0000.bmp,896,0,1024,1024,2800,1024,1,128,[]
136200007,136200007__x1776_y0000,test,clean/136200007__x1776_y0000.bmp,1776,0,1024,1024,2800,1024,2,144,[]
136200010,136200010__x0000_y0000,test,clean/136200010__x0000_y0000.bmp,0,0,1024,1024,2800,1024,0,,[]
136200010,136200010__x0896_y0000,test,clean/136200010__x0896_y0000.bmp,896,0,1024,1024,2800,1024,1,128,[]
136200010,136200010__x1776_y0000,test,clean/136200010__x1776_y0000.bmp,1776,0,1024,1024,2800,1024,2,144,[]
136200016,136200016__x0000_y0000,test,clean/136200016__x0000_y0000.bmp,0,0,1024,1024,2800,1024,0,,[]
136200016,136200016__x0896_y0000,test,clean/136200016__x0896_y0000.bmp,896,0,1024,1024,2800,1024,1,128,[]
136200016,136200016__x1776_y0000,test,clean/136200016__x1776_y0000.bmp,1776,0,1024,1024,2800,1024,2,144,[]
136200018,136200018__x0000_y0000,test,clean/136200018__x0000_y0000.bmp,0,0,1024,1024,2800,1024,0,,[]
136200018,136200018__x0896_y0000,test,clean/136200018__x0896_y0000.bmp,896,0,1024,1024,2800,1024,1,128,[]
136200018,136200018__x1776_y0000,test,clean/136200018__x1776_y0000.bmp,1776,0,1024,1024,2800,1024,2,144,[]
136200023,136200023__x0000_y0000,test,clean/136200023__x0000_y0000.bmp,0,0,1024,1024,2800,1024,0,,[]
136200023,136200023__x0896_y0000,test,clean/136200023__x0896_y0000.bmp,896,0,1024,1024,2800,1024,1,128,[]
136200023,136200023__x1776_y0000,test,clean/136200023__x1776_y0000.bmp,1776,0,1024,1024,2800,1024,2,144,[]
136200080,136200080__x0000_y0000,test,clean/136200080__x0000_y0000.bmp,0,0,1024,1024,2800,1024,0,,[]
136200080,136200080__x0896_y0000,test,clean/136200080__x0896_y0000.bmp,896,0,1024,1024,2800,1024,1,128,[]
136200080,136200080__x1776_y0000,test,clean/136200080__x1776_y0000.bmp,1776,0,1024,1024,2800,1024,2,144,[]
136500026,136500026__x0000_y0000,test,clean/136500026__x0000_y0000.bmp,0,0,1024,1024,2800,1024,0,,[]
136500026,136500026__x0896_y0000,test,clean/136500026__x0896_y0000.bmp,896,0,1024,1024,2800,1024,1,128,[]
136500026,136500026__x1776_y0000,test,clean/136500026__x1776_y0000.bmp,1776,0,1024,1024,2800,1024,2,144,[]
136500038,136500038__x0000_y0000,test,clean/136500038__x0000_y0000.bmp,0,0,1024,1024,2800,1024,0,,[]
136500038,136500038__x0896_y0000,test,clean/136500038__x0896_y0000.bmp,896,0,1024,1024,2800,1024,1,128,[]
136500038,136500038__x1776_y0000,test,clean/136500038__x1776_y0000.bmp,1776,0,1024,1024,2800,1024,2,144,[]
136700046,136700046__x0000_y0000,test,clean/136700046__x0000_y0000.bmp,0,0,1024,1024,2800,1024,0,,[]
136700046,136700046__x0896_y0000,test,clean/136700046__x0896_y0000.bmp,896,0,1024,1024,2800,1024,1,128,[]
136700046,136700046__x1776_y0000,test,clean/136700046__x1776_y0000.bmp,1776,0,1024,1024,2800,1024,2,144,[]
137000060,137000060__x0000_y0000,test,clean/137000060__x0000_y0000.bmp,0,0,1024,1024,2800,1024,0,,[]
137000060,137000060__x0896_y0000,test,clean/137000060__x0896_y0000.bmp,896,0,1024,1024,2800,1024,1,128,[]
137000060,137000060__x1776_y0000,test,clean/137000060__x1776_y0000.bmp,1776,0,1024,1024,2800,1024,2,144,[]
137000067,137000067__x0000_y0000,test,clean/137000067__x0000_y0000.bmp,0,0,1024,1024,2800,1024,0,,[]
137000067,137000067__x0896_y0000,test,clean/137000067__x0896_y0000.bmp,896,0,1024,1024,2800,1024,1,128,[]
137000067,137000067__x1776_y0000,test,clean/137000067__x1776_y0000.bmp,1776,0,1024,1024,2800,1024,2,144,[]
137000080,137000080__x0000_y0000,test,clean/137000080__x0000_y0000.bmp,0,0,1024,1024,2800,1024,0,,[]
137000080,137000080__x0896_y0000,test,clean/137000080__x0896_y0000.bmp,896,0,1024,1024,2800,1024,1,128,[]
137000080,137000080__x1776_y0000,test,clean/137000080__x1776_y0000.bmp,1776,0,1024,1024,2800,1024,2,144,[]
137000083,137000083__x0000_y0000,test,clean/137000083__x0000_y0000.bmp,0,0,1024,1024,2800,1024,0,,[]
137000083,137000083__x0896_y0000,test,clean/137000083__x0896_y0000.bmp,896,0,1024,1024,2800,1024,1,128,[]
137000083,137000083__x1776_y0000,test,clean/137000083__x1776_y0000.bmp,1776,0,1024,1024,2800,1024,2,144,[]
137100044,137100044__x0000_y0000,test,clean/137100044__x0000_y0000.bmp,0,0,1024,1024,2800,1024,0,,[]
137100044,137100044__x0896_y0000,test,clean/137100044__x0896_y0000.bmp,896,0,1024,1024,2800,1024,1,128,[]
137100044,137100044__x1776_y0000,test,clean/137100044__x1776_y0000.bmp,1776,0,1024,1024,2800,1024,2,144,[]
137100055,137100055__x0000_y0000,test,clean/137100055__x0000_y0000.bmp,0,0,1024,1024,2800,1024,0,,[]
137100055,137100055__x0896_y0000,test,clean/137100055__x0896_y0000.bmp,896,0,1024,1024,2800,1024,1,128,[]
137100055,137100055__x1776_y0000,test,clean/137100055__x1776_y0000.bmp,1776,0,1024,1024,2800,1024,2,144,[]
137100081,137100081__x0000_y0000,test,clean/137100081__x0000_y0000.bmp,0,0,1024,1024,2800,1024,0,,[]
137100081,137100081__x0896_y0000,test,clean/137100081__x0896_y0000.bmp,896,0,1024,1024,2800,1024,1,128,[]
137100081,137100081__x1776_y0000,test,clean/137100081__x1776_y0000.bmp,1776,0,1024,1024,2800,1024,2,144,[]
137400016,137400016__x0000_y0000,test,clean/137400016__x0000_y0000.bmp,0,0,1024,1024,2800,1024,0,,[]
137400016,137400016__x0896_y0000,test,clean/137400016__x0896_y0000.bmp,896,0,1024,1024,2800,1024,1,128,[]
137400016,137400016__x1776_y0000,test,clean/137400016__x1776_y0000.bmp,1776,0,1024,1024,2800,1024,2,144,[]
137400025,137400025__x0000_y0000,test,clean/137400025__x0000_y0000.bmp,0,0,1024,1024,2800,1024,0,,[]
137400025,137400025__x0896_y0000,test,clean/137400025__x0896_y0000.bmp,896,0,1024,1024,2800,1024,1,128,[]
137400025,137400025__x1776_y0000,test,clean/137400025__x1776_y0000.bmp,1776,0,1024,1024,2800,1024,2,144,[]
137400029,137400029__x0000_y0000,test,clean/137400029__x0000_y0000.bmp,0,0,1024,1024,2800,1024,0,,[]
137400029,137400029__x0896_y0000,test,clean/137400029__x0896_y0000.bmp,896,0,1024,1024,2800,1024,1,128,[]
137400029,137400029__x1776_y0000,test,clean/137400029__x1776_y0000.bmp,1776,0,1024,1024,2800,1024,2,144,[]
137400082,137400082__x0000_y0000,test,clean/137400082__x0000_y0000.bmp,0,0,1024,1024,2800,1024,0,,[]
137400082,137400082__x0896_y0000,test,clean/137400082__x0896_y0000.bmp,896,0,1024,1024,2800,1024,1,128,[]
137400082,137400082__x1776_y0000,test,clean/137400082__x1776_y0000.bmp,1776,0,1024,1024,2800,1024,2,144,[]
137600051,137600051__x0000_y0000,test,clean/137600051__x0000_y0000.bmp,0,0,1024,1024,2800,1024,0,,[]
137600051,137600051__x0896_y0000,test,clean/137600051__x0896_y0000.bmp,896,0,1024,1024,2800,1024,1,128,[]
137600051,137600051__x1776_y0000,test,clean/137600051__x1776_y0000.bmp,1776,0,1024,1024,2800,1024,2,144,[]
137600053,137600053__x0000_y0000,test,clean/137600053__x0000_y0000.bmp,0,0,1024,1024,2800,1024,0,,[]
137600053,137600053__x0896_y0000,test,clean/137600053__x0896_y0000.bmp,896,0,1024,1024,2800,1024,1,128,[]
137600053,137600053__x1776_y0000,test,clean/137600053__x1776_y0000.bmp,1776,0,1024,1024,2800,1024,2,144,[]
137900028,137900028__x0000_y0000,test,clean/137900028__x0000_y0000.bmp,0,0,1024,1024,2800,1024,0,,[]
137900028,137900028__x0896_y0000,test,clean/137900028__x0896_y0000.bmp,896,0,1024,1024,2800,1024,1,128,[]
137900028,137900028__x1776_y0000,test,clean/137900028__x1776_y0000.bmp,1776,0,1024,1024,2800,1024,2,144,[]
137900038,137900038__x0000_y0000,test,clean/137900038__x0000_y0000.bmp,0,0,1024,1024,2800,1024,0,,[]
137900038,137900038__x0896_y0000,test,clean/137900038__x0896_y0000.bmp,896,0,1024,1024,2800,1024,1,128,[]
137900038,137900038__x1776_y0000,test,clean/137900038__x1776_y0000.bmp,1776,0,1024,1024,2800,1024,2,144,[]
137900074,137900074__x0000_y0000,test,clean/137900074__x0000_y0000.bmp,0,0,1024,1024,2800,1024,0,,[]
137900074,137900074__x0896_y0000,test,clean/137900074__x0896_y0000.bmp,896,0,1024,1024,2800,1024,1,128,[]
137900074,137900074__x1776_y0000,test,clean/137900074__x1776_y0000.bmp,1776,0,1024,1024,2800,1024,2,144,[]
138000001,138000001__x0000_y0000,test,clean/138000001__x0000_y0000.bmp,0,0,1024,1024,2800,1024,0,,[]
138000001,138000001__x0896_y0000,test,clean/138000001__x0896_y0000.bmp,896,0,1024,1024,2800,1024,1,128,[]
138000001,138000001__x1776_y0000,test,clean/138000001__x1776_y0000.bmp,1776,0,1024,1024,2800,1024,2,144,[]
138000002,138000002__x0000_y0000,test,clean/138000002__x0000_y0000.bmp,0,0,1024,1024,2800,1024,0,,[]
138000002,138000002__x0896_y0000,test,clean/138000002__x0896_y0000.bmp,896,0,1024,1024,2800,1024,1,128,[]
138000002,138000002__x1776_y0000,test,clean/138000002__x1776_y0000.bmp,1776,0,1024,1024,2800,1024,2,144,[]
138000076,138000076__x0000_y0000,test,clean/138000076__x0000_y0000.bmp,0,0,1024,1024,2800,1024,0,,[]
138000076,138000076__x0896_y0000,test,clean/138000076__x0896_y0000.bmp,896,0,1024,1024,2800,1024,1,128,[]
138000076,138000076__x1776_y0000,test,clean/138000076__x1776_y0000.bmp,1776,0,1024,1024,2800,1024,2,144,[]
138000078,138000078__x0000_y0000,test,clean/138000078__x0000_y0000.bmp,0,0,1024,1024,2800,1024,0,,[]
138000078,138000078__x0896_y0000,test,clean/138000078__x0896_y0000.bmp,896,0,1024,1024,2800,1024,1,128,[]
138000078,138000078__x1776_y0000,test,clean/138000078__x1776_y0000.bmp,1776,0,1024,1024,2800,1024,2,144,[]
138000084,138000084__x0000_y0000,test,clean/138000084__x0000_y0000.bmp,0,0,1024,1024,2800,1024,0,,[]
138000084,138000084__x0896_y0000,test,clean/138000084__x0896_y0000.bmp,896,0,1024,1024,2800,1024,1,128,[]
138000084,138000084__x1776_y0000,test,clean/138000084__x1776_y0000.bmp,1776,0,1024,1024,2800,1024,2,144,[]
138200017,138200017__x0000_y0000,test,clean/138200017__x0000_y0000.bmp,0,0,1024,1024,2800,1024,0,,[]
138200017,138200017__x0896_y0000,test,clean/138200017__x0896_y0000.bmp,896,0,1024,1024,2800,1024,1,128,[]
138200017,138200017__x1776_y0000,test,clean/138200017__x1776_y0000.bmp,1776,0,1024,1024,2800,1024,2,144,[]
138200019,138200019__x0000_y0000,test,clean/138200019__x0000_y0000.bmp,0,0,1024,1024,2800,1024,0,,[]
138200019,138200019__x0896_y0000,test,clean/138200019__x0896_y0000.bmp,896,0,1024,1024,2800,1024,1,128,[]
138200019,138200019__x1776_y0000,test,clean/138200019__x1776_y0000.bmp,1776,0,1024,1024,2800,1024,2,144,[]
138200023,138200023__x0000_y0000,test,clean/138200023__x0000_y0000.bmp,0,0,1024,1024,2800,1024,0,,[]
138200023,138200023__x0896_y0000,test,clean/138200023__x0896_y0000.bmp,896,0,1024,1024,2800,1024,1,128,[]
138200023,138200023__x1776_y0000,test,clean/138200023__x1776_y0000.bmp,1776,0,1024,1024,2800,1024,2,144,[]
138200025,138200025__x0000_y0000,test,clean/138200025__x0000_y0000.bmp,0,0,1024,1024,2800,1024,0,,[]
138200025,138200025__x0896_y0000,test,clean/138200025__x0896_y0000.bmp,896,0,1024,1024,2800,1024,1,128,[]
138200025,138200025__x1776_y0000,test,clean/138200025__x1776_y0000.bmp,1776,0,1024,1024,2800,1024,2,144,[]
138200028,138200028__x0000_y0000,test,clean/138200028__x0000_y0000.bmp,0,0,1024,1024,2800,1024,0,,[]
138200028,138200028__x0896_y0000,test,clean/138200028__x0896_y0000.bmp,896,0,1024,1024,2800,1024,1,128,[]
138200028,138200028__x1776_y0000,test,clean/138200028__x1776_y0000.bmp,1776,0,1024,1024,2800,1024,2,144,[]
138200034,138200034__x0000_y0000,test,clean/138200034__x0000_y0000.bmp,0,0,1024,1024,2800,1024,0,,[]
138200034,138200034__x0896_y0000,test,clean/138200034__x0896_y0000.bmp,896,0,1024,1024,2800,1024,1,128,[]
138200034,138200034__x1776_y0000,test,clean/138200034__x1776_y0000.bmp,1776,0,1024,1024,2800,1024,2,144,[]
138400027,138400027__x0000_y0000,test,clean/138400027__x0000_y0000.bmp,0,0,1024,1024,2800,1024,0,,[]
138400027,138400027__x0896_y0000,test,clean/138400027__x0896_y0000.bmp,896,0,1024,1024,2800,1024,1,128,[]
138400027,138400027__x1776_y0000,test,clean/138400027__x1776_y0000.bmp,1776,0,1024,1024,2800,1024,2,144,[]
138400060,138400060__x0000_y0000,test,clean/138400060__x0000_y0000.bmp,0,0,1024,1024,2800,1024,0,,[]
138400060,138400060__x0896_y0000,test,clean/138400060__x0896_y0000.bmp,896,0,1024,1024,2800,1024,1,128,[]
138400060,138400060__x1776_y0000,test,clean/138400060__x1776_y0000.bmp,1776,0,1024,1024,2800,1024,2,144,[]
138400069,138400069__x0000_y0000,test,clean/138400069__x0000_y0000.bmp,0,0,1024,1024,2800,1024,0,,[]
138400069,138400069__x0896_y0000,test,clean/138400069__x0896_y0000.bmp,896,0,1024,1024,2800,1024,1,128,[]
138400069,138400069__x1776_y0000,test,clean/138400069__x1776_y0000.bmp,1776,0,1024,1024,2800,1024,2,144,[]
138400072,138400072__x0000_y0000,test,clean/138400072__x0000_y0000.bmp,0,0,1024,1024,2800,1024,0,,[]
138400072,138400072__x0896_y0000,test,clean/138400072__x0896_y0000.bmp,896,0,1024,1024,2800,1024,1,128,[]
138400072,138400072__x1776_y0000,test,clean/138400072__x1776_y0000.bmp,1776,0,1024,1024,2800,1024,2,144,[]
138400075,138400075__x0000_y0000,test,clean/138400075__x0000_y0000.bmp,0,0,1024,1024,2800,1024,0,,[]
138400075,138400075__x0896_y0000,test,clean/138400075__x0896_y0000.bmp,896,0,1024,1024,2800,1024,1,128,[]
138400075,138400075__x1776_y0000,test,clean/138400075__x1776_y0000.bmp,1776,0,1024,1024,2800,1024,2,144,[]
138500001,138500001__x0000_y0000,test,clean/138500001__x0000_y0000.bmp,0,0,1024,1024,2800,1024,0,,[]
138500001,138500001__x0896_y0000,test,clean/138500001__x0896_y0000.bmp,896,0,1024,1024,2800,1024,1,128,[]
138500001,138500001__x1776_y0000,test,clean/138500001__x1776_y0000.bmp,1776,0,1024,1024,2800,1024,2,144,[]
138500006,138500006__x0000_y0000,test,clean/138500006__x0000_y0000.bmp,0,0,1024,1024,2800,1024,0,,[]
138500006,138500006__x0896_y0000,test,clean/138500006__x0896_y0000.bmp,896,0,1024,1024,2800,1024,1,128,[]
138500006,138500006__x1776_y0000,test,clean/138500006__x1776_y0000.bmp,1776,0,1024,1024,2800,1024,2,144,[]
138500048,138500048__x0000_y0000,test,clean/138500048__x0000_y0000.bmp,0,0,1024,1024,2800,1024,0,,[]
138500048,138500048__x0896_y0000,test,clean/138500048__x0896_y0000.bmp,896,0,1024,1024,2800,1024,1,128,[]
138500048,138500048__x1776_y0000,test,clean/138500048__x1776_y0000.bmp,1776,0,1024,1024,2800,1024,2,144,[]
138700011,138700011__x0000_y0000,test,clean/138700011__x0000_y0000.bmp,0,0,1024,1024,2800,1024,0,,[]
138700011,138700011__x0896_y0000,test,clean/138700011__x0896_y0000.bmp,896,0,1024,1024,2800,1024,1,128,[]
138700011,138700011__x1776_y0000,test,clean/138700011__x1776_y0000.bmp,1776,0,1024,1024,2800,1024,2,144,[]
138700027,138700027__x0000_y0000,test,clean/138700027__x0000_y0000.bmp,0,0,1024,1024,2800,1024,0,,[]
138700027,138700027__x0896_y0000,test,clean/138700027__x0896_y0000.bmp,896,0,1024,1024,2800,1024,1,128,[]
138700027,138700027__x1776_y0000,test,clean/138700027__x1776_y0000.bmp,1776,0,1024,1024,2800,1024,2,144,[]
138700038,138700038__x0000_y0000,test,clean/138700038__x0000_y0000.bmp,0,0,1024,1024,2800,1024,0,,[]
138700038,138700038__x0896_y0000,test,clean/138700038__x0896_y0000.bmp,896,0,1024,1024,2800,1024,1,128,[]
138700038,138700038__x1776_y0000,test,clean/138700038__x1776_y0000.bmp,1776,0,1024,1024,2800,1024,2,144,[]
138700047,138700047__x0000_y0000,test,clean/138700047__x0000_y0000.bmp,0,0,1024,1024,2800,1024,0,,[]
138700047,138700047__x0896_y0000,test,clean/138700047__x0896_y0000.bmp,896,0,1024,1024,2800,1024,1,128,[]
138700047,138700047__x1776_y0000,test,clean/138700047__x1776_y0000.bmp,1776,0,1024,1024,2800,1024,2,144,[]
138700066,138700066__x0000_y0000,test,clean/138700066__x0000_y0000.bmp,0,0,1024,1024,2800,1024,0,,[]
138700066,138700066__x0896_y0000,test,clean/138700066__x0896_y0000.bmp,896,0,1024,1024,2800,1024,1,128,[]
138700066,138700066__x1776_y0000,test,clean/138700066__x1776_y0000.bmp,1776,0,1024,1024,2800,1024,2,144,[]
138700067,138700067__x0000_y0000,test,clean/138700067__x0000_y0000.bmp,0,0,1024,1024,2800,1024,0,,[]
138700067,138700067__x0896_y0000,test,clean/138700067__x0896_y0000.bmp,896,0,1024,1024,2800,1024,1,128,[]
138700067,138700067__x1776_y0000,test,clean/138700067__x1776_y0000.bmp,1776,0,1024,1024,2800,1024,2,144,[]
138700068,138700068__x0000_y0000,test,clean/138700068__x0000_y0000.bmp,0,0,1024,1024,2800,1024,0,,[]
138700068,138700068__x0896_y0000,test,clean/138700068__x0896_y0000.bmp,896,0,1024,1024,2800,1024,1,128,[]
138700068,138700068__x1776_y0000,test,clean/138700068__x1776_y0000.bmp,1776,0,1024,1024,2800,1024,2,144,[]
138700070,138700070__x0000_y0000,test,clean/138700070__x0000_y0000.bmp,0,0,1024,1024,2800,1024,0,,[]
138700070,138700070__x0896_y0000,test,clean/138700070__x0896_y0000.bmp,896,0,1024,1024,2800,1024,1,128,[]
138700070,138700070__x1776_y0000,test,clean/138700070__x1776_y0000.bmp,1776,0,1024,1024,2800,1024,2,144,[]
138700077,138700077__x0000_y0000,test,clean/138700077__x0000_y0000.bmp,0,0,1024,1024,2800,1024,0,,[]
138700077,138700077__x0896_y0000,test,clean/138700077__x0896_y0000.bmp,896,0,1024,1024,2800,1024,1,128,[]
138700077,138700077__x1776_y0000,test,clean/138700077__x1776_y0000.bmp,1776,0,1024,1024,2800,1024,2,144,[]
138700079,138700079__x0000_y0000,test,clean/138700079__x0000_y0000.bmp,0,0,1024,1024,2800,1024,0,,[]
138700079,138700079__x0896_y0000,test,clean/138700079__x0896_y0000.bmp,896,0,1024,1024,2800,1024,1,128,[]
138700079,138700079__x1776_y0000,test,clean/138700079__x1776_y0000.bmp,1776,0,1024,1024,2800,1024,2,144,[]
138900007,138900007__x0000_y0000,test,clean/138900007__x0000_y0000.bmp,0,0,1024,1024,2800,1024,0,,[]
138900007,138900007__x0896_y0000,test,clean/138900007__x0896_y0000.bmp,896,0,1024,1024,2800,1024,1,128,[]
138900007,138900007__x1776_y0000,test,clean/138900007__x1776_y0000.bmp,1776,0,1024,1024,2800,1024,2,144,[]
138900023,138900023__x0000_y0000,test,clean/138900023__x0000_y0000.bmp,0,0,1024,1024,2800,1024,0,,[]
138900023,138900023__x0896_y0000,test,clean/138900023__x0896_y0000.bmp,896,0,1024,1024,2800,1024,1,128,[]
138900023,138900023__x1776_y0000,test,clean/138900023__x1776_y0000.bmp,1776,0,1024,1024,2800,1024,2,144,[]
138900047,138900047__x0000_y0000,test,clean/138900047__x0000_y0000.bmp,0,0,1024,1024,2800,1024,0,,[]
138900047,138900047__x0896_y0000,test,clean/138900047__x0896_y0000.bmp,896,0,1024,1024,2800,1024,1,128,[]
138900047,138900047__x1776_y0000,test,clean/138900047__x1776_y0000.bmp,1776,0,1024,1024,2800,1024,2,144,[]
138900055,138900055__x0000_y0000,test,clean/138900055__x0000_y0000.bmp,0,0,1024,1024,2800,1024,0,,[]
138900055,138900055__x0896_y0000,test,clean/138900055__x0896_y0000.bmp,896,0,1024,1024,2800,1024,1,128,[]
138900055,138900055__x1776_y0000,test,clean/138900055__x1776_y0000.bmp,1776,0,1024,1024,2800,1024,2,144,[]
138900067,138900067__x0000_y0000,test,clean/138900067__x0000_y0000.bmp,0,0,1024,1024,2800,1024,0,,[]
138900067,138900067__x0896_y0000,test,clean/138900067__x0896_y0000.bmp,896,0,1024,1024,2800,1024,1,128,[]
138900067,138900067__x1776_y0000,test,clean/138900067__x1776_y0000.bmp,1776,0,1024,1024,2800,1024,2,144,[]
139100000,139100000__x0000_y0000,test,clean/139100000__x0000_y0000.bmp,0,0,1024,1024,2800,1024,0,,[]
139100000,139100000__x0896_y0000,test,clean/139100000__x0896_y0000.bmp,896,0,1024,1024,2800,1024,1,128,[]
139100000,139100000__x1776_y0000,test,clean/139100000__x1776_y0000.bmp,1776,0,1024,1024,2800,1024,2,144,[]
139100004,139100004__x0000_y0000,test,clean/139100004__x0000_y0000.bmp,0,0,1024,1024,2800,1024,0,,[]
139100004,139100004__x0896_y0000,test,clean/139100004__x0896_y0000.bmp,896,0,1024,1024,2800,1024,1,128,[]
139100004,139100004__x1776_y0000,test,clean/139100004__x1776_y0000.bmp,1776,0,1024,1024,2800,1024,2,144,[]
139100008,139100008__x0000_y0000,test,clean/139100008__x0000_y0000.bmp,0,0,1024,1024,2800,1024,0,,[]
139100008,139100008__x0896_y0000,test,clean/139100008__x0896_y0000.bmp,896,0,1024,1024,2800,1024,1,128,[]
139100008,139100008__x1776_y0000,test,clean/139100008__x1776_y0000.bmp,1776,0,1024,1024,2800,1024,2,144,[]
139100027,139100027__x0000_y0000,test,clean/139100027__x0000_y0000.bmp,0,0,1024,1024,2800,1024,0,,[]
139100027,139100027__x0896_y0000,test,clean/139100027__x0896_y0000.bmp,896,0,1024,1024,2800,1024,1,128,[]
139100027,139100027__x1776_y0000,test,clean/139100027__x1776_y0000.bmp,1776,0,1024,1024,2800,1024,2,144,[]
139100030,139100030__x0000_y0000,test,clean/139100030__x0000_y0000.bmp,0,0,1024,1024,2800,1024,0,,[]
139100030,139100030__x0896_y0000,test,clean/139100030__x0896_y0000.bmp,896,0,1024,1024,2800,1024,1,128,[]
139100030,139100030__x1776_y0000,test,clean/139100030__x1776_y0000.bmp,1776,0,1024,1024,2800,1024,2,144,[]
139100033,139100033__x0000_y0000,test,clean/139100033__x0000_y0000.bmp,0,0,1024,1024,2800,1024,0,,[]
139100033,139100033__x0896_y0000,test,clean/139100033__x0896_y0000.bmp,896,0,1024,1024,2800,1024,1,128,[]
139100033,139100033__x1776_y0000,test,clean/139100033__x1776_y0000.bmp,1776,0,1024,1024,2800,1024,2,144,[]
139100038,139100038__x0000_y0000,test,clean/139100038__x0000_y0000.bmp,0,0,1024,1024,2800,1024,0,,[]
139100038,139100038__x0896_y0000,test,clean/139100038__x0896_y0000.bmp,896,0,1024,1024,2800,1024,1,128,[]
139100038,139100038__x1776_y0000,test,clean/139100038__x1776_y0000.bmp,1776,0,1024,1024,2800,1024,2,144,[]
139100048,139100048__x0000_y0000,test,clean/139100048__x0000_y0000.bmp,0,0,1024,1024,2800,1024,0,,[]
139100048,139100048__x0896_y0000,test,clean/139100048__x0896_y0000.bmp,896,0,1024,1024,2800,1024,1,128,[]
139100048,139100048__x1776_y0000,test,clean/139100048__x1776_y0000.bmp,1776,0,1024,1024,2800,1024,2,144,[]
139100081,139100081__x0000_y0000,test,clean/139100081__x0000_y0000.bmp,0,0,1024,1024,2800,1024,0,,[]
139100081,139100081__x0896_y0000,test,clean/139100081__x0896_y0000.bmp,896,0,1024,1024,2800,1024,1,128,[]
139100081,139100081__x1776_y0000,test,clean/139100081__x1776_y0000.bmp,1776,0,1024,1024,2800,1024,2,144,[]
139200003,139200003__x0000_y0000,test,clean/139200003__x0000_y0000.bmp,0,0,1024,1024,2800,1024,0,,[]
139200003,139200003__x0896_y0000,test,clean/139200003__x0896_y0000.bmp,896,0,1024,1024,2800,1024,1,128,[]
139200003,139200003__x1776_y0000,test,clean/139200003__x1776_y0000.bmp,1776,0,1024,1024,2800,1024,2,144,[]
139200005,139200005__x0000_y0000,test,clean/139200005__x0000_y0000.bmp,0,0,1024,1024,2800,1024,0,,[]
139200005,139200005__x0896_y0000,test,clean/139200005__x0896_y0000.bmp,896,0,1024,1024,2800,1024,1,128,[]
139200005,139200005__x1776_y0000,test,clean/139200005__x1776_y0000.bmp,1776,0,1024,1024,2800,1024,2,144,[]
139200041,139200041__x0000_y0000,test,clean/139200041__x0000_y0000.bmp,0,0,1024,1024,2800,1024,0,,[]
139200041,139200041__x0896_y0000,test,clean/139200041__x0896_y0000.bmp,896,0,1024,1024,2800,1024,1,128,[]
139200041,139200041__x1776_y0000,test,clean/139200041__x1776_y0000.bmp,1776,0,1024,1024,2800,1024,2,144,[]
139200068,139200068__x0000_y0000,test,clean/139200068__x0000_y0000.bmp,0,0,1024,1024,2800,1024,0,,[]
139200068,139200068__x0896_y0000,test,clean/139200068__x0896_y0000.bmp,896,0,1024,1024,2800,1024,1,128,[]
139200068,139200068__x1776_y0000,test,clean/139200068__x1776_y0000.bmp,1776,0,1024,1024,2800,1024,2,144,[]
139200073,139200073__x0000_y0000,test,clean/139200073__x0000_y0000.bmp,0,0,1024,1024,2800,1024,0,,[]
139200073,139200073__x0896_y0000,test,clean/139200073__x0896_y0000.bmp,896,0,1024,1024,2800,1024,1,128,[]
139200073,139200073__x1776_y0000,test,clean/139200073__x1776_y0000.bmp,1776,0,1024,1024,2800,1024,2,144,[]
139200077,139200077__x0000_y0000,test,clean/139200077__x0000_y0000.bmp,0,0,1024,1024,2800,1024,0,,[]
139200077,139200077__x0896_y0000,test,clean/139200077__x0896_y0000.bmp,896,0,1024,1024,2800,1024,1,128,[]
139200077,139200077__x1776_y0000,test,clean/139200077__x1776_y0000.bmp,1776,0,1024,1024,2800,1024,2,144,[]
139200082,139200082__x0000_y0000,test,clean/139200082__x0000_y0000.bmp,0,0,1024,1024,2800,1024,0,,[]
139200082,139200082__x0896_y0000,test,clean/139200082__x0896_y0000.bmp,896,0,1024,1024,2800,1024,1,128,[]
139200082,139200082__x1776_y0000,test,clean/139200082__x1776_y0000.bmp,1776,0,1024,1024,2800,1024,2,144,[]
140200022,140200022__x0000_y0000,test,clean/140200022__x0000_y0000.bmp,0,0,1024,1024,2800,1024,0,,[]
140200022,140200022__x0896_y0000,test,clean/140200022__x0896_y0000.bmp,896,0,1024,1024,2800,1024,1,128,[]
140200022,140200022__x1776_y0000,test,clean/140200022__x1776_y0000.bmp,1776,0,1024,1024,2800,1024,2,144,[]
140200027,140200027__x0000_y0000,test,clean/140200027__x0000_y0000.bmp,0,0,1024,1024,2800,1024,0,,[]
140200027,140200027__x0896_y0000,test,clean/140200027__x0896_y0000.bmp,896,0,1024,1024,2800,1024,1,128,[]
140200027,140200027__x1776_y0000,test,clean/140200027__x1776_y0000.bmp,1776,0,1024,1024,2800,1024,2,144,[]
140300063,140300063__x0000_y0000,test,clean/140300063__x0000_y0000.bmp,0,0,1024,1024,2800,1024,0,,[]
140300063,140300063__x0896_y0000,test,clean/140300063__x0896_y0000.bmp,896,0,1024,1024,2800,1024,1,128,[]
140300063,140300063__x1776_y0000,test,clean/140300063__x1776_y0000.bmp,1776,0,1024,1024,2800,1024,2,144,[]
140500015,140500015__x0000_y0000,test,clean/140500015__x0000_y0000.bmp,0,0,1024,1024,2800,1024,0,,[]
140500015,140500015__x0896_y0000,test,clean/140500015__x0896_y0000.bmp,896,0,1024,1024,2800,1024,1,128,[]
140500015,140500015__x1776_y0000,test,clean/140500015__x1776_y0000.bmp,1776,0,1024,1024,2800,1024,2,144,[]
140500025,140500025__x0000_y0000,test,clean/140500025__x0000_y0000.bmp,0,0,1024,1024,2800,1024,0,,[]
140500025,140500025__x0896_y0000,test,clean/140500025__x0896_y0000.bmp,896,0,1024,1024,2800,1024,1,128,[]
140500025,140500025__x1776_y0000,test,clean/140500025__x1776_y0000.bmp,1776,0,1024,1024,2800,1024,2,144,[]
140500026,140500026__x0000_y0000,test,clean/140500026__x0000_y0000.bmp,0,0,1024,1024,2800,1024,0,,[]
140500026,140500026__x0896_y0000,test,clean/140500026__x0896_y0000.bmp,896,0,1024,1024,2800,1024,1,128,[]
140500026,140500026__x1776_y0000,test,clean/140500026__x1776_y0000.bmp,1776,0,1024,1024,2800,1024,2,144,[]
140500040,140500040__x0000_y0000,test,clean/140500040__x0000_y0000.bmp,0,0,1024,1024,2800,1024,0,,[]
140500040,140500040__x0896_y0000,test,clean/140500040__x0896_y0000.bmp,896,0,1024,1024,2800,1024,1,128,[]
140500040,140500040__x1776_y0000,test,clean/140500040__x1776_y0000.bmp,1776,0,1024,1024,2800,1024,2,144,[]
140500044,140500044__x0000_y0000,test,clean/140500044__x0000_y0000.bmp,0,0,1024,1024,2800,1024,0,,[]
140500044,140500044__x0896_y0000,test,clean/140500044__x0896_y0000.bmp,896,0,1024,1024,2800,1024,1,128,[]
140500044,140500044__x1776_y0000,test,clean/140500044__x1776_y0000.bmp,1776,0,1024,1024,2800,1024,2,144,[]
140500059,140500059__x0000_y0000,test,clean/140500059__x0000_y0000.bmp,0,0,1024,1024,2800,1024,0,,[]
140500059,140500059__x0896_y0000,test,clean/140500059__x0896_y0000.bmp,896,0,1024,1024,2800,1024,1,128,[]
140500059,140500059__x1776_y0000,test,clean/140500059__x1776_y0000.bmp,1776,0,1024,1024,2800,1024,2,144,[]
140500061,140500061__x0000_y0000,test,clean/140500061__x0000_y0000.bmp,0,0,1024,1024,2800,1024,0,,[]
140500061,140500061__x0896_y0000,test,clean/140500061__x0896_y0000.bmp,896,0,1024,1024,2800,1024,1,128,[]
140500061,140500061__x1776_y0000,test,clean/140500061__x1776_y0000.bmp,1776,0,1024,1024,2800,1024,2,144,[]
140500064,140500064__x0000_y0000,test,clean/140500064__x0000_y0000.bmp,0,0,1024,1024,2800,1024,0,,[]
140500064,140500064__x0896_y0000,test,clean/140500064__x0896_y0000.bmp,896,0,1024,1024,2800,1024,1,128,[]
140500064,140500064__x1776_y0000,test,clean/140500064__x1776_y0000.bmp,1776,0,1024,1024,2800,1024,2,144,[]
140700060,140700060__x0000_y0000,test,clean/140700060__x0000_y0000.bmp,0,0,1024,1024,2800,1024,0,,[]
140700060,140700060__x0896_y0000,test,clean/140700060__x0896_y0000.bmp,896,0,1024,1024,2800,1024,1,128,[]
140700060,140700060__x1776_y0000,test,clean/140700060__x1776_y0000.bmp,1776,0,1024,1024,2800,1024,2,144,[]
140800039,140800039__x0000_y0000,test,clean/140800039__x0000_y0000.bmp,0,0,1024,1024,2800,1024,0,,[]
140800039,140800039__x0896_y0000,test,clean/140800039__x0896_y0000.bmp,896,0,1024,1024,2800,1024,1,128,[]
140800039,140800039__x1776_y0000,test,clean/140800039__x1776_y0000.bmp,1776,0,1024,1024,2800,1024,2,144,[]
140900002,140900002__x0000_y0000,test,clean/140900002__x0000_y0000.bmp,0,0,1024,1024,2800,1024,0,,[]
140900002,140900002__x0896_y0000,test,clean/140900002__x0896_y0000.bmp,896,0,1024,1024,2800,1024,1,128,[]
140900002,140900002__x1776_y0000,test,clean/140900002__x1776_y0000.bmp,1776,0,1024,1024,2800,1024,2,144,[]
140900005,140900005__x0000_y0000,test,clean/140900005__x0000_y0000.bmp,0,0,1024,1024,2800,1024,0,,[]
140900005,140900005__x0896_y0000,test,clean/140900005__x0896_y0000.bmp,896,0,1024,1024,2800,1024,1,128,[]
140900005,140900005__x1776_y0000,test,clean/140900005__x1776_y0000.bmp,1776,0,1024,1024,2800,1024,2,144,[]
140900059,140900059__x0000_y0000,test,clean/140900059__x0000_y0000.bmp,0,0,1024,1024,2800,1024,0,,[]
140900059,140900059__x0896_y0000,test,clean/140900059__x0896_y0000.bmp,896,0,1024,1024,2800,1024,1,128,[]
140900059,140900059__x1776_y0000,test,clean/140900059__x1776_y0000.bmp,1776,0,1024,1024,2800,1024,2,144,[]
140900084,140900084__x0000_y0000,test,clean/140900084__x0000_y0000.bmp,0,0,1024,1024,2800,1024,0,,[]
140900084,140900084__x0896_y0000,test,clean/140900084__x0896_y0000.bmp,896,0,1024,1024,2800,1024,1,128,[]
140900084,140900084__x1776_y0000,test,clean/140900084__x1776_y0000.bmp,1776,0,1024,1024,2800,1024,2,144,[]
141100010,141100010__x0000_y0000,test,clean/141100010__x0000_y0000.bmp,0,0,1024,1024,2800,1024,0,,[]
141100010,141100010__x0896_y0000,test,clean/141100010__x0896_y0000.bmp,896,0,1024,1024,2800,1024,1,128,[]
141100010,141100010__x1776_y0000,test,clean/141100010__x1776_y0000.bmp,1776,0,1024,1024,2800,1024,2,144,[]
141100013,141100013__x0000_y0000,test,clean/141100013__x0000_y0000.bmp,0,0,1024,1024,2800,1024,0,,[]
141100013,141100013__x0896_y0000,test,clean/141100013__x0896_y0000.bmp,896,0,1024,1024,2800,1024,1,128,[]
141100013,141100013__x1776_y0000,test,clean/141100013__x1776_y0000.bmp,1776,0,1024,1024,2800,1024,2,144,[]
141100017,141100017__x0000_y0000,test,clean/141100017__x0000_y0000.bmp,0,0,1024,1024,2800,1024,0,,[]
141100017,141100017__x0896_y0000,test,clean/141100017__x0896_y0000.bmp,896,0,1024,1024,2800,1024,1,128,[]
141100017,141100017__x1776_y0000,test,clean/141100017__x1776_y0000.bmp,1776,0,1024,1024,2800,1024,2,144,[]
141100041,141100041__x0000_y0000,test,clean/141100041__x0000_y0000.bmp,0,0,1024,1024,2800,1024,0,,[]
141100041,141100041__x0896_y0000,test,clean/141100041__x0896_y0000.bmp,896,0,1024,1024,2800,1024,1,128,[]
141100041,141100041__x1776_y0000,test,clean/141100041__x1776_y0000.bmp,1776,0,1024,1024,2800,1024,2,144,[]
141100053,141100053__x0000_y0000,test,clean/141100053__x0000_y0000.bmp,0,0,1024,1024,2800,1024,0,,[]
141100053,141100053__x0896_y0000,test,clean/141100053__x0896_y0000.bmp,896,0,1024,1024,2800,1024,1,128,[]
141100053,141100053__x1776_y0000,test,clean/141100053__x1776_y0000.bmp,1776,0,1024,1024,2800,1024,2,144,[]
141100058,141100058__x0000_y0000,test,clean/141100058__x0000_y0000.bmp,0,0,1024,1024,2800,1024,0,,[]
141100058,141100058__x0896_y0000,test,clean/141100058__x0896_y0000.bmp,896,0,1024,1024,2800,1024,1,128,[]
141100058,141100058__x1776_y0000,test,clean/141100058__x1776_y0000.bmp,1776,0,1024,1024,2800,1024,2,144,[]
141200031,141200031__x0000_y0000,test,clean/141200031__x0000_y0000.bmp,0,0,1024,1024,2800,1024,0,,[]
141200031,141200031__x0896_y0000,test,clean/141200031__x0896_y0000.bmp,896,0,1024,1024,2800,1024,1,128,[]
141200031,141200031__x1776_y0000,test,clean/141200031__x1776_y0000.bmp,1776,0,1024,1024,2800,1024,2,144,[]
141200060,141200060__x0000_y0000,test,clean/141200060__x0000_y0000.bmp,0,0,1024,1024,2800,1024,0,,[]
141200060,141200060__x0896_y0000,test,clean/141200060__x0896_y0000.bmp,896,0,1024,1024,2800,1024,1,128,[]
141200060,141200060__x1776_y0000,test,clean/141200060__x1776_y0000.bmp,1776,0,1024,1024,2800,1024,2,144,[]
141400005,141400005__x0000_y0000,test,clean/141400005__x0000_y0000.bmp,0,0,1024,1024,2800,1024,0,,[]
141400005,141400005__x0896_y0000,test,clean/141400005__x0896_y0000.bmp,896,0,1024,1024,2800,1024,1,128,[]
141400005,141400005__x1776_y0000,test,clean/141400005__x1776_y0000.bmp,1776,0,1024,1024,2800,1024,2,144,[]
141400023,141400023__x0000_y0000,test,clean/141400023__x0000_y0000.bmp,0,0,1024,1024,2800,1024,0,,[]
141400023,141400023__x0896_y0000,test,clean/141400023__x0896_y0000.bmp,896,0,1024,1024,2800,1024,1,128,[]
141400023,141400023__x1776_y0000,test,clean/141400023__x1776_y0000.bmp,1776,0,1024,1024,2800,1024,2,144,[]
141400027,141400027__x0000_y0000,test,clean/141400027__x0000_y0000.bmp,0,0,1024,1024,2800,1024,0,,[]
141400027,141400027__x0896_y0000,test,clean/141400027__x0896_y0000.bmp,896,0,1024,1024,2800,1024,1,128,[]
141400027,141400027__x1776_y0000,test,clean/141400027__x1776_y0000.bmp,1776,0,1024,1024,2800,1024,2,144,[]
141500014,141500014__x0000_y0000,test,clean/141500014__x0000_y0000.bmp,0,0,1024,1024,2800,1024,0,,[]
141500014,141500014__x0896_y0000,test,clean/141500014__x0896_y0000.bmp,896,0,1024,1024,2800,1024,1,128,[]
141500014,141500014__x1776_y0000,test,clean/141500014__x1776_y0000.bmp,1776,0,1024,1024,2800,1024,2,144,[]
141500015,141500015__x0000_y0000,test,clean/141500015__x0000_y0000.bmp,0,0,1024,1024,2800,1024,0,,[]
141500015,141500015__x0896_y0000,test,clean/141500015__x0896_y0000.bmp,896,0,1024,1024,2800,1024,1,128,[]
141500015,141500015__x1776_y0000,test,clean/141500015__x1776_y0000.bmp,1776,0,1024,1024,2800,1024,2,144,[]
141500016,141500016__x0000_y0000,test,clean/141500016__x0000_y0000.bmp,0,0,1024,1024,2800,1024,0,,[]
141500016,141500016__x0896_y0000,test,clean/141500016__x0896_y0000.bmp,896,0,1024,1024,2800,1024,1,128,[]
141500016,141500016__x1776_y0000,test,clean/141500016__x1776_y0000.bmp,1776,0,1024,1024,2800,1024,2,144,[]
141500017,141500017__x0000_y0000,test,clean/141500017__x0000_y0000.bmp,0,0,1024,1024,2800,1024,0,,[]
141500017,141500017__x0896_y0000,test,clean/141500017__x0896_y0000.bmp,896,0,1024,1024,2800,1024,1,128,[]
141500017,141500017__x1776_y0000,test,clean/141500017__x1776_y0000.bmp,1776,0,1024,1024,2800,1024,2,144,[]
141500029,141500029__x0000_y0000,test,clean/141500029__x0000_y0000.bmp,0,0,1024,1024,2800,1024,0,,[]
141500029,141500029__x0896_y0000,test,clean/141500029__x0896_y0000.bmp,896,0,1024,1024,2800,1024,1,128,[]
141500029,141500029__x1776_y0000,test,clean/141500029__x1776_y0000.bmp,1776,0,1024,1024,2800,1024,2,144,[]
141500030,141500030__x0000_y0000,test,clean/141500030__x0000_y0000.bmp,0,0,1024,1024,2800,1024,0,,[]
141500030,141500030__x0896_y0000,test,clean/141500030__x0896_y0000.bmp,896,0,1024,1024,2800,1024,1,128,[]
141500030,141500030__x1776_y0000,test,clean/141500030__x1776_y0000.bmp,1776,0,1024,1024,2800,1024,2,144,[]
141500031,141500031__x0000_y0000,test,clean/141500031__x0000_y0000.bmp,0,0,1024,1024,2800,1024,0,,[]
141500031,141500031__x0896_y0000,test,clean/141500031__x0896_y0000.bmp,896,0,1024,1024,2800,1024,1,128,[]
141500031,141500031__x1776_y0000,test,clean/141500031__x1776_y0000.bmp,1776,0,1024,1024,2800,1024,2,144,[]
142000002,142000002__x0000_y0000,test,clean/142000002__x0000_y0000.bmp,0,0,1024,1024,2800,1024,0,,[]
142000002,142000002__x0896_y0000,test,clean/142000002__x0896_y0000.bmp,896,0,1024,1024,2800,1024,1,128,[]
142000002,142000002__x1776_y0000,test,clean/142000002__x1776_y0000.bmp,1776,0,1024,1024,2800,1024,2,144,[]
142000006,142000006__x0000_y0000,test,clean/142000006__x0000_y0000.bmp,0,0,1024,1024,2800,1024,0,,[]
142000006,142000006__x0896_y0000,test,clean/142000006__x0896_y0000.bmp,896,0,1024,1024,2800,1024,1,128,[]
142000006,142000006__x1776_y0000,test,clean/142000006__x1776_y0000.bmp,1776,0,1024,1024,2800,1024,2,144,[]
142100048,142100048__x0000_y0000,test,clean/142100048__x0000_y0000.bmp,0,0,1024,1024,2800,1024,0,,[]
142100048,142100048__x0896_y0000,test,clean/142100048__x0896_y0000.bmp,896,0,1024,1024,2800,1024,1,128,[]
142100048,142100048__x1776_y0000,test,clean/142100048__x1776_y0000.bmp,1776,0,1024,1024,2800,1024,2,144,[]
142200033,142200033__x0000_y0000,test,clean/142200033__x0000_y0000.bmp,0,0,1024,1024,2800,1024,0,,[]
142200033,142200033__x0896_y0000,test,clean/142200033__x0896_y0000.bmp,896,0,1024,1024,2800,1024,1,128,[]
142200033,142200033__x1776_y0000,test,clean/142200033__x1776_y0000.bmp,1776,0,1024,1024,2800,1024,2,144,[]
142200074,142200074__x0000_y0000,test,clean/142200074__x0000_y0000.bmp,0,0,1024,1024,2800,1024,0,,[]
142200074,142200074__x0896_y0000,test,clean/142200074__x0896_y0000.bmp,896,0,1024,1024,2800,1024,1,128,[]
142200074,142200074__x1776_y0000,test,clean/142200074__x1776_y0000.bmp,1776,0,1024,1024,2800,1024,2,144,[]
142200082,142200082__x0000_y0000,test,clean/142200082__x0000_y0000.bmp,0,0,1024,1024,2800,1024,0,,[]
142200082,142200082__x0896_y0000,test,clean/142200082__x0896_y0000.bmp,896,0,1024,1024,2800,1024,1,128,[]
142200082,142200082__x1776_y0000,test,clean/142200082__x1776_y0000.bmp,1776,0,1024,1024,2800,1024,2,144,[]
142800002,142800002__x0000_y0000,test,clean/142800002__x0000_y0000.bmp,0,0,1024,1024,2800,1024,0,,[]
142800002,142800002__x0896_y0000,test,clean/142800002__x0896_y0000.bmp,896,0,1024,1024,2800,1024,1,128,[]
142800002,142800002__x1776_y0000,test,clean/142800002__x1776_y0000.bmp,1776,0,1024,1024,2800,1024,2,144,[]
142800008,142800008__x0000_y0000,test,clean/142800008__x0000_y0000.bmp,0,0,1024,1024,2800,1024,0,,[]
142800008,142800008__x0896_y0000,test,clean/142800008__x0896_y0000.bmp,896,0,1024,1024,2800,1024,1,128,[]
142800008,142800008__x1776_y0000,test,clean/142800008__x1776_y0000.bmp,1776,0,1024,1024,2800,1024,2,144,[]
142800016,142800016__x0000_y0000,test,clean/142800016__x0000_y0000.bmp,0,0,1024,1024,2800,1024,0,,[]
142800016,142800016__x0896_y0000,test,clean/142800016__x0896_y0000.bmp,896,0,1024,1024,2800,1024,1,128,[]
142800016,142800016__x1776_y0000,test,clean/142800016__x1776_y0000.bmp,1776,0,1024,1024,2800,1024,2,144,[]
142800023,142800023__x0000_y0000,test,clean/142800023__x0000_y0000.bmp,0,0,1024,1024,2800,1024,0,,[]
142800023,142800023__x0896_y0000,test,clean/142800023__x0896_y0000.bmp,896,0,1024,1024,2800,1024,1,128,[]
142800023,142800023__x1776_y0000,test,clean/142800023__x1776_y0000.bmp,1776,0,1024,1024,2800,1024,2,144,[]
142800028,142800028__x0000_y0000,test,clean/142800028__x0000_y0000.bmp,0,0,1024,1024,2800,1024,0,,[]
142800028,142800028__x0896_y0000,test,clean/142800028__x0896_y0000.bmp,896,0,1024,1024,2800,1024,1,128,[]
142800028,142800028__x1776_y0000,test,clean/142800028__x1776_y0000.bmp,1776,0,1024,1024,2800,1024,2,144,[]
142800044,142800044__x0000_y0000,test,clean/142800044__x0000_y0000.bmp,0,0,1024,1024,2800,1024,0,,[]
142800044,142800044__x0896_y0000,test,clean/142800044__x0896_y0000.bmp,896,0,1024,1024,2800,1024,1,128,[]
142800044,142800044__x1776_y0000,test,clean/142800044__x1776_y0000.bmp,1776,0,1024,1024,2800,1024,2,144,[]
142800060,142800060__x0000_y0000,test,clean/142800060__x0000_y0000.bmp,0,0,1024,1024,2800,1024,0,,[]
142800060,142800060__x0896_y0000,test,clean/142800060__x0896_y0000.bmp,896,0,1024,1024,2800,1024,1,128,[]
142800060,142800060__x1776_y0000,test,clean/142800060__x1776_y0000.bmp,1776,0,1024,1024,2800,1024,2,144,[]
142800061,142800061__x0000_y0000,test,clean/142800061__x0000_y0000.bmp,0,0,1024,1024,2800,1024,0,,[]
142800061,142800061__x0896_y0000,test,clean/142800061__x0896_y0000.bmp,896,0,1024,1024,2800,1024,1,128,[]
142800061,142800061__x1776_y0000,test,clean/142800061__x1776_y0000.bmp,1776,0,1024,1024,2800,1024,2,144,[]
142800063,142800063__x0000_y0000,test,clean/142800063__x0000_y0000.bmp,0,0,1024,1024,2800,1024,0,,[]
142800063,142800063__x0896_y0000,test,clean/142800063__x0896_y0000.bmp,896,0,1024,1024,2800,1024,1,128,[]
142800063,142800063__x1776_y0000,test,clean/142800063__x1776_y0000.bmp,1776,0,1024,1024,2800,1024,2,144,[]
142800065,142800065__x0000_y0000,test,clean/142800065__x0000_y0000.bmp,0,0,1024,1024,2800,1024,0,,[]
142800065,142800065__x0896_y0000,test,clean/142800065__x0896_y0000.bmp,896,0,1024,1024,2800,1024,1,128,[]
142800065,142800065__x1776_y0000,test,clean/142800065__x1776_y0000.bmp,1776,0,1024,1024,2800,1024,2,144,[]
142800066,142800066__x0000_y0000,test,clean/142800066__x0000_y0000.bmp,0,0,1024,1024,2800,1024,0,,[]
142800066,142800066__x0896_y0000,test,clean/142800066__x0896_y0000.bmp,896,0,1024,1024,2800,1024,1,128,[]
142800066,142800066__x1776_y0000,test,clean/142800066__x1776_y0000.bmp,1776,0,1024,1024,2800,1024,2,144,[]
142800070,142800070__x0000_y0000,test,clean/142800070__x0000_y0000.bmp,0,0,1024,1024,2800,1024,0,,[]
142800070,142800070__x0896_y0000,test,clean/142800070__x0896_y0000.bmp,896,0,1024,1024,2800,1024,1,128,[]
142800070,142800070__x1776_y0000,test,clean/142800070__x1776_y0000.bmp,1776,0,1024,1024,2800,1024,2,144,[]
143400019,143400019__x0000_y0000,test,clean/143400019__x0000_y0000.bmp,0,0,1024,1024,2800,1024,0,,[]
143400019,143400019__x0896_y0000,test,clean/143400019__x0896_y0000.bmp,896,0,1024,1024,2800,1024,1,128,[]
143400019,143400019__x1776_y0000,test,clean/143400019__x1776_y0000.bmp,1776,0,1024,1024,2800,1024,2,144,[]
143400022,143400022__x0000_y0000,test,clean/143400022__x0000_y0000.bmp,0,0,1024,1024,2800,1024,0,,[]
143400022,143400022__x0896_y0000,test,clean/143400022__x0896_y0000.bmp,896,0,1024,1024,2800,1024,1,128,[]
143400022,143400022__x1776_y0000,test,clean/143400022__x1776_y0000.bmp,1776,0,1024,1024,2800,1024,2,144,[]
143400027,143400027__x0000_y0000,test,clean/143400027__x0000_y0000.bmp,0,0,1024,1024,2800,1024,0,,[]
143400027,143400027__x0896_y0000,test,clean/143400027__x0896_y0000.bmp,896,0,1024,1024,2800,1024,1,128,[]
143400027,143400027__x1776_y0000,test,clean/143400027__x1776_y0000.bmp,1776,0,1024,1024,2800,1024,2,144,[]
143400042,143400042__x0000_y0000,test,clean/143400042__x0000_y0000.bmp,0,0,1024,1024,2800,1024,0,,[]
143400042,143400042__x0896_y0000,test,clean/143400042__x0896_y0000.bmp,896,0,1024,1024,2800,1024,1,128,[]
143400042,143400042__x1776_y0000,test,clean/143400042__x1776_y0000.bmp,1776,0,1024,1024,2800,1024,2,144,[]
143400044,143400044__x0000_y0000,test,clean/143400044__x0000_y0000.bmp,0,0,1024,1024,2800,1024,0,,[]
143400044,143400044__x0896_y0000,test,clean/143400044__x0896_y0000.bmp,896,0,1024,1024,2800,1024,1,128,[]
143400044,143400044__x1776_y0000,test,clean/143400044__x1776_y0000.bmp,1776,0,1024,1024,2800,1024,2,144,[]
143400054,143400054__x0000_y0000,test,clean/143400054__x0000_y0000.bmp,0,0,1024,1024,2800,1024,0,,[]
143400054,143400054__x0896_y0000,test,clean/143400054__x0896_y0000.bmp,896,0,1024,1024,2800,1024,1,128,[]
143400054,143400054__x1776_y0000,test,clean/143400054__x1776_y0000.bmp,1776,0,1024,1024,2800,1024,2,144,[]
143400057,143400057__x0000_y0000,test,clean/143400057__x0000_y0000.bmp,0,0,1024,1024,2800,1024,0,,[]
143400057,143400057__x0896_y0000,test,clean/143400057__x0896_y0000.bmp,896,0,1024,1024,2800,1024,1,128,[]
143400057,143400057__x1776_y0000,test,clean/143400057__x1776_y0000.bmp,1776,0,1024,1024,2800,1024,2,144,[]
143400064,143400064__x0000_y0000,test,clean/143400064__x0000_y0000.bmp,0,0,1024,1024,2800,1024,0,,[]
143400064,143400064__x0896_y0000,test,clean/143400064__x0896_y0000.bmp,896,0,1024,1024,2800,1024,1,128,[]
143400064,143400064__x1776_y0000,test,clean/143400064__x1776_y0000.bmp,1776,0,1024,1024,2800,1024,2,144,[]
143400069,143400069__x0000_y0000,test,clean/143400069__x0000_y0000.bmp,0,0,1024,1024,2800,1024,0,,[]
143400069,143400069__x0896_y0000,test,clean/143400069__x0896_y0000.bmp,896,0,1024,1024,2800,1024,1,128,[]
143400069,143400069__x1776_y0000,test,clean/143400069__x1776_y0000.bmp,1776,0,1024,1024,2800,1024,2,144,[]
143400079,143400079__x0000_y0000,test,clean/143400079__x0000_y0000.bmp,0,0,1024,1024,2800,1024,0,,[]
143400079,143400079__x0896_y0000,test,clean/143400079__x0896_y0000.bmp,896,0,1024,1024,2800,1024,1,128,[]
143400079,143400079__x1776_y0000,test,clean/143400079__x1776_y0000.bmp,1776,0,1024,1024,2800,1024,2,144,[]
143400081,143400081__x0000_y0000,test,clean/143400081__x0000_y0000.bmp,0,0,1024,1024,2800,1024,0,,[]
143400081,143400081__x0896_y0000,test,clean/143400081__x0896_y0000.bmp,896,0,1024,1024,2800,1024,1,128,[]
143400081,143400081__x1776_y0000,test,clean/143400081__x1776_y0000.bmp,1776,0,1024,1024,2800,1024,2,144,[]
143600012,143600012__x0000_y0000,test,clean/143600012__x0000_y0000.bmp,0,0,1024,1024,2800,1024,0,,[]
143600012,143600012__x0896_y0000,test,clean/143600012__x0896_y0000.bmp,896,0,1024,1024,2800,1024,1,128,[]
143600012,143600012__x1776_y0000,test,clean/143600012__x1776_y0000.bmp,1776,0,1024,1024,2800,1024,2,144,[]
143600032,143600032__x0000_y0000,test,clean/143600032__x0000_y0000.bmp,0,0,1024,1024,2800,1024,0,,[]
143600032,143600032__x0896_y0000,test,clean/143600032__x0896_y0000.bmp,896,0,1024,1024,2800,1024,1,128,[]
143600032,143600032__x1776_y0000,test,clean/143600032__x1776_y0000.bmp,1776,0,1024,1024,2800,1024,2,144,[]
143600040,143600040__x0000_y0000,test,clean/143600040__x0000_y0000.bmp,0,0,1024,1024,2800,1024,0,,[]
143600040,143600040__x0896_y0000,test,clean/143600040__x0896_y0000.bmp,896,0,1024,1024,2800,1024,1,128,[]
143600040,143600040__x1776_y0000,test,clean/143600040__x1776_y0000.bmp,1776,0,1024,1024,2800,1024,2,144,[]
143600041,143600041__x0000_y0000,test,clean/143600041__x0000_y0000.bmp,0,0,1024,1024,2800,1024,0,,[]
143600041,143600041__x0896_y0000,test,clean/143600041__x0896_y0000.bmp,896,0,1024,1024,2800,1024,1,128,[]
143600041,143600041__x1776_y0000,test,clean/143600041__x1776_y0000.bmp,1776,0,1024,1024,2800,1024,2,144,[]
143600043,143600043__x0000_y0000,test,clean/143600043__x0000_y0000.bmp,0,0,1024,1024,2800,1024,0,,[]
143600043,143600043__x0896_y0000,test,clean/143600043__x0896_y0000.bmp,896,0,1024,1024,2800,1024,1,128,[]
143600043,143600043__x1776_y0000,test,clean/143600043__x1776_y0000.bmp,1776,0,1024,1024,2800,1024,2,144,[]
143600045,143600045__x0000_y0000,test,clean/143600045__x0000_y0000.bmp,0,0,1024,1024,2800,1024,0,,[]
143600045,143600045__x0896_y0000,test,clean/143600045__x0896_y0000.bmp,896,0,1024,1024,2800,1024,1,128,[]
143600045,143600045__x1776_y0000,test,clean/143600045__x1776_y0000.bmp,1776,0,1024,1024,2800,1024,2,144,[]
143600048,143600048__x0000_y0000,test,clean/143600048__x0000_y0000.bmp,0,0,1024,1024,2800,1024,0,,[]
143600048,143600048__x0896_y0000,test,clean/143600048__x0896_y0000.bmp,896,0,1024,1024,2800,1024,1,128,[]
143600048,143600048__x1776_y0000,test,clean/143600048__x1776_y0000.bmp,1776,0,1024,1024,2800,1024,2,144,[]
143600049,143600049__x0000_y0000,test,clean/143600049__x0000_y0000.bmp,0,0,1024,1024,2800,1024,0,,[]
143600049,143600049__x0896_y0000,test,clean/143600049__x0896_y0000.bmp,896,0,1024,1024,2800,1024,1,128,[]
143600049,143600049__x1776_y0000,test,clean/143600049__x1776_y0000.bmp,1776,0,1024,1024,2800,1024,2,144,[]
143600054,143600054__x0000_y0000,test,clean/143600054__x0000_y0000.bmp,0,0,1024,1024,2800,1024,0,,[]
143600054,143600054__x0896_y0000,test,clean/143600054__x0896_y0000.bmp,896,0,1024,1024,2800,1024,1,128,[]
143600054,143600054__x1776_y0000,test,clean/143600054__x1776_y0000.bmp,1776,0,1024,1024,2800,1024,2,144,[]
143600055,143600055__x0000_y0000,test,clean/143600055__x0000_y0000.bmp,0,0,1024,1024,2800,1024,0,,[]
143600055,143600055__x0896_y0000,test,clean/143600055__x0896_y0000.bmp,896,0,1024,1024,2800,1024,1,128,[]
143600055,143600055__x1776_y0000,test,clean/143600055__x1776_y0000.bmp,1776,0,1024,1024,2800,1024,2,144,[]
143600058,143600058__x0000_y0000,test,clean/143600058__x0000_y0000.bmp,0,0,1024,1024,2790,1024,0,,[]
143600058,143600058__x0896_y0000,test,clean/143600058__x0896_y0000.bmp,896,0,1024,1024,2790,1024,1,128,[]
143600058,143600058__x1766_y0000,test,clean/143600058__x1766_y0000.bmp,1766,0,1024,1024,2790,1024,2,154,[]
143600076,143600076__x0000_y0000,test,clean/143600076__x0000_y0000.bmp,0,0,1024,1024,2800,1024,0,,[]
143600076,143600076__x0896_y0000,test,clean/143600076__x0896_y0000.bmp,896,0,1024,1024,2800,1024,1,128,[]
143600076,143600076__x1776_y0000,test,clean/143600076__x1776_y0000.bmp,1776,0,1024,1024,2800,1024,2,144,[]
143600079,143600079__x0000_y0000,test,clean/143600079__x0000_y0000.bmp,0,0,1024,1024,2800,1024,0,,[]
143600079,143600079__x0896_y0000,test,clean/143600079__x0896_y0000.bmp,896,0,1024,1024,2800,1024,1,128,[]
143600079,143600079__x1776_y0000,test,clean/143600079__x1776_y0000.bmp,1776,0,1024,1024,2800,1024,2,144,[]
143600084,143600084__x0000_y0000,test,clean/143600084__x0000_y0000.bmp,0,0,1024,1024,2800,1024,0,,[]
143600084,143600084__x0896_y0000,test,clean/143600084__x0896_y0000.bmp,896,0,1024,1024,2800,1024,1,128,[]
143600084,143600084__x1776_y0000,test,clean/143600084__x1776_y0000.bmp,1776,0,1024,1024,2800,1024,2,144,[]
143900011,143900011__x0000_y0000,test,clean/143900011__x0000_y0000.bmp,0,0,1024,1024,2800,1024,0,,[]
143900011,143900011__x0896_y0000,test,clean/143900011__x0896_y0000.bmp,896,0,1024,1024,2800,1024,1,128,[]
143900011,143900011__x1776_y0000,test,clean/143900011__x1776_y0000.bmp,1776,0,1024,1024,2800,1024,2,144,[]
143900040,143900040__x0000_y0000,test,clean/143900040__x0000_y0000.bmp,0,0,1024,1024,2800,1024,0,,[]
143900040,143900040__x0896_y0000,test,clean/143900040__x0896_y0000.bmp,896,0,1024,1024,2800,1024,1,128,[]
143900040,143900040__x1776_y0000,test,clean/143900040__x1776_y0000.bmp,1776,0,1024,1024,2800,1024,2,144,[]
143900042,143900042__x0000_y0000,test,clean/143900042__x0000_y0000.bmp,0,0,1024,1024,2800,1024,0,,[]
143900042,143900042__x0896_y0000,test,clean/143900042__x0896_y0000.bmp,896,0,1024,1024,2800,1024,1,128,[]
143900042,143900042__x1776_y0000,test,clean/143900042__x1776_y0000.bmp,1776,0,1024,1024,2800,1024,2,144,[]
143900043,143900043__x0000_y0000,test,clean/143900043__x0000_y0000.bmp,0,0,1024,1024,2800,1024,0,,[]
143900043,143900043__x0896_y0000,test,clean/143900043__x0896_y0000.bmp,896,0,1024,1024,2800,1024,1,128,[]
143900043,143900043__x1776_y0000,test,clean/143900043__x1776_y0000.bmp,1776,0,1024,1024,2800,1024,2,144,[]
143900045,143900045__x0000_y0000,test,clean/143900045__x0000_y0000.bmp,0,0,1024,1024,2800,1024,0,,[]
143900045,143900045__x0896_y0000,test,clean/143900045__x0896_y0000.bmp,896,0,1024,1024,2800,1024,1,128,[]
143900045,143900045__x1776_y0000,test,clean/143900045__x1776_y0000.bmp,1776,0,1024,1024,2800,1024,2,144,[]
143900056,143900056__x0000_y0000,test,clean/143900056__x0000_y0000.bmp,0,0,1024,1024,2800,1024,0,,[]
143900056,143900056__x0896_y0000,test,clean/143900056__x0896_y0000.bmp,896,0,1024,1024,2800,1024,1,128,[]
143900056,143900056__x1776_y0000,test,clean/143900056__x1776_y0000.bmp,1776,0,1024,1024,2800,1024,2,144,[]
143900080,143900080__x0000_y0000,test,clean/143900080__x0000_y0000.bmp,0,0,1024,1024,2800,1024,0,,[]
143900080,143900080__x0896_y0000,test,clean/143900080__x0896_y0000.bmp,896,0,1024,1024,2800,1024,1,128,[]
143900080,143900080__x1776_y0000,test,clean/143900080__x1776_y0000.bmp,1776,0,1024,1024,2800,1024,2,144,[]
143900082,143900082__x0000_y0000,test,clean/143900082__x0000_y0000.bmp,0,0,1024,1024,2800,1024,0,,[]
143900082,143900082__x0896_y0000,test,clean/143900082__x0896_y0000.bmp,896,0,1024,1024,2800,1024,1,128,[]
143900082,143900082__x1776_y0000,test,clean/143900082__x1776_y0000.bmp,1776,0,1024,1024,2800,1024,2,144,[]
144000035,144000035__x0000_y0000,test,clean/144000035__x0000_y0000.bmp,0,0,1024,1024,2800,1024,0,,[]
144000035,144000035__x0896_y0000,test,clean/144000035__x0896_y0000.bmp,896,0,1024,1024,2800,1024,1,128,[]
144000035,144000035__x1776_y0000,test,clean/144000035__x1776_y0000.bmp,1776,0,1024,1024,2800,1024,2,144,[]
144000047,144000047__x0000_y0000,test,clean/144000047__x0000_y0000.bmp,0,0,1024,1024,2800,1024,0,,[]
144000047,144000047__x0896_y0000,test,clean/144000047__x0896_y0000.bmp,896,0,1024,1024,2800,1024,1,128,[]
144000047,144000047__x1776_y0000,test,clean/144000047__x1776_y0000.bmp,1776,0,1024,1024,2800,1024,2,144,[]
144000050,144000050__x0000_y0000,test,clean/144000050__x0000_y0000.bmp,0,0,1024,1024,2800,1024,0,,[]
144000050,144000050__x0896_y0000,test,clean/144000050__x0896_y0000.bmp,896,0,1024,1024,2800,1024,1,128,[]
144000050,144000050__x1776_y0000,test,clean/144000050__x1776_y0000.bmp,1776,0,1024,1024,2800,1024,2,144,[]
144000075,144000075__x0000_y0000,test,clean/144000075__x0000_y0000.bmp,0,0,1024,1024,2800,1024,0,,[]
144000075,144000075__x0896_y0000,test,clean/144000075__x0896_y0000.bmp,896,0,1024,1024,2800,1024,1,128,[]
144000075,144000075__x1776_y0000,test,clean/144000075__x1776_y0000.bmp,1776,0,1024,1024,2800,1024,2,144,[]
144100006,144100006__x0000_y0000,test,clean/144100006__x0000_y0000.bmp,0,0,1024,1024,2800,1024,0,,[]
144100006,144100006__x0896_y0000,test,clean/144100006__x0896_y0000.bmp,896,0,1024,1024,2800,1024,1,128,[]
144100006,144100006__x1776_y0000,test,clean/144100006__x1776_y0000.bmp,1776,0,1024,1024,2800,1024,2,144,[]
144100008,144100008__x0000_y0000,test,clean/144100008__x0000_y0000.bmp,0,0,1024,1024,2800,1024,0,,[]
144100008,144100008__x0896_y0000,test,clean/144100008__x0896_y0000.bmp,896,0,1024,1024,2800,1024,1,128,[]
144100008,144100008__x1776_y0000,test,clean/144100008__x1776_y0000.bmp,1776,0,1024,1024,2800,1024,2,144,[]
144100035,144100035__x0000_y0000,test,clean/144100035__x0000_y0000.bmp,0,0,1024,1024,2800,1024,0,,[]
144100035,144100035__x0896_y0000,test,clean/144100035__x0896_y0000.bmp,896,0,1024,1024,2800,1024,1,128,[]
144100035,144100035__x1776_y0000,test,clean/144100035__x1776_y0000.bmp,1776,0,1024,1024,2800,1024,2,144,[]
144100064,144100064__x0000_y0000,test,clean/144100064__x0000_y0000.bmp,0,0,1024,1024,2754,1024,0,,[]
144100064,144100064__x0896_y0000,test,clean/144100064__x0896_y0000.bmp,896,0,1024,1024,2754,1024,1,128,[]
144100064,144100064__x1730_y0000,test,clean/144100064__x1730_y0000.bmp,1730,0,1024,1024,2754,1024,2,190,[]
144100078,144100078__x0000_y0000,test,clean/144100078__x0000_y0000.bmp,0,0,1024,1024,2800,1024,0,,[]
144100078,144100078__x0896_y0000,test,clean/144100078__x0896_y0000.bmp,896,0,1024,1024,2800,1024,1,128,[]
144100078,144100078__x1776_y0000,test,clean/144100078__x1776_y0000.bmp,1776,0,1024,1024,2800,1024,2,144,[]
144100079,144100079__x0000_y0000,test,clean/144100079__x0000_y0000.bmp,0,0,1024,1024,2800,1024,0,,[]
144100079,144100079__x0896_y0000,test,clean/144100079__x0896_y0000.bmp,896,0,1024,1024,2800,1024,1,128,[]
144100079,144100079__x1776_y0000,test,clean/144100079__x1776_y0000.bmp,1776,0,1024,1024,2800,1024,2,144,[]
144100081,144100081__x0000_y0000,test,clean/144100081__x0000_y0000.bmp,0,0,1024,1024,2800,1024,0,,[]
144100081,144100081__x0896_y0000,test,clean/144100081__x0896_y0000.bmp,896,0,1024,1024,2800,1024,1,128,[]
144100081,144100081__x1776_y0000,test,clean/144100081__x1776_y0000.bmp,1776,0,1024,1024,2800,1024,2,144,[]
144200003,144200003__x0000_y0000,test,clean/144200003__x0000_y0000.bmp,0,0,1024,1024,2800,1024,0,,[]
144200003,144200003__x0896_y0000,test,clean/144200003__x0896_y0000.bmp,896,0,1024,1024,2800,1024,1,128,[]
144200003,144200003__x1776_y0000,test,clean/144200003__x1776_y0000.bmp,1776,0,1024,1024,2800,1024,2,144,[]
144200054,144200054__x0000_y0000,test,clean/144200054__x0000_y0000.bmp,0,0,1024,1024,2800,1024,0,,[]
144200054,144200054__x0896_y0000,test,clean/144200054__x0896_y0000.bmp,896,0,1024,1024,2800,1024,1,128,[]
144200054,144200054__x1776_y0000,test,clean/144200054__x1776_y0000.bmp,1776,0,1024,1024,2800,1024,2,144,[]
144500004,144500004__x0000_y0000,test,clean/144500004__x0000_y0000.bmp,0,0,1024,1024,2800,1024,0,,[]
144500004,144500004__x0896_y0000,test,clean/144500004__x0896_y0000.bmp,896,0,1024,1024,2800,1024,1,128,[]
144500004,144500004__x1776_y0000,test,clean/144500004__x1776_y0000.bmp,1776,0,1024,1024,2800,1024,2,144,[]
144500005,144500005__x0000_y0000,test,clean/144500005__x0000_y0000.bmp,0,0,1024,1024,2800,1024,0,,[]
144500005,144500005__x0896_y0000,test,clean/144500005__x0896_y0000.bmp,896,0,1024,1024,2800,1024,1,128,[]
144500005,144500005__x1776_y0000,test,clean/144500005__x1776_y0000.bmp,1776,0,1024,1024,2800,1024,2,144,[]
144500011,144500011__x0000_y0000,test,clean/144500011__x0000_y0000.bmp,0,0,1024,1024,2800,1024,0,,[]
144500011,144500011__x0896_y0000,test,clean/144500011__x0896_y0000.bmp,896,0,1024,1024,2800,1024,1,128,[]
144500011,144500011__x1776_y0000,test,clean/144500011__x1776_y0000.bmp,1776,0,1024,1024,2800,1024,2,144,[]
144500015,144500015__x0000_y0000,test,clean/144500015__x0000_y0000.bmp,0,0,1024,1024,2800,1024,0,,[]
144500015,144500015__x0896_y0000,test,clean/144500015__x0896_y0000.bmp,896,0,1024,1024,2800,1024,1,128,[]
144500015,144500015__x1776_y0000,test,clean/144500015__x1776_y0000.bmp,1776,0,1024,1024,2800,1024,2,144,[]
144500055,144500055__x0000_y0000,test,clean/144500055__x0000_y0000.bmp,0,0,1024,1024,2800,1024,0,,[]
144500055,144500055__x0896_y0000,test,clean/144500055__x0896_y0000.bmp,896,0,1024,1024,2800,1024,1,128,[]
144500055,144500055__x1776_y0000,test,clean/144500055__x1776_y0000.bmp,1776,0,1024,1024,2800,1024,2,144,[]
144500060,144500060__x0000_y0000,test,clean/144500060__x0000_y0000.bmp,0,0,1024,1024,2800,1024,0,,[]
144500060,144500060__x0896_y0000,test,clean/144500060__x0896_y0000.bmp,896,0,1024,1024,2800,1024,1,128,[]
144500060,144500060__x1776_y0000,test,clean/144500060__x1776_y0000.bmp,1776,0,1024,1024,2800,1024,2,144,[]
144500062,144500062__x0000_y0000,test,clean/144500062__x0000_y0000.bmp,0,0,1024,1024,2800,1024,0,,[]
144500062,144500062__x0896_y0000,test,clean/144500062__x0896_y0000.bmp,896,0,1024,1024,2800,1024,1,128,[]
144500062,144500062__x1776_y0000,test,clean/144500062__x1776_y0000.bmp,1776,0,1024,1024,2800,1024,2,144,[]
144900046,144900046__x0000_y0000,test,clean/144900046__x0000_y0000.bmp,0,0,1024,1024,2800,1024,0,,[]
144900046,144900046__x0896_y0000,test,clean/144900046__x0896_y0000.bmp,896,0,1024,1024,2800,1024,1,128,[]
144900046,144900046__x1776_y0000,test,clean/144900046__x1776_y0000.bmp,1776,0,1024,1024,2800,1024,2,144,[]
144900056,144900056__x0000_y0000,test,clean/144900056__x0000_y0000.bmp,0,0,1024,1024,2800,1024,0,,[]
144900056,144900056__x0896_y0000,test,clean/144900056__x0896_y0000.bmp,896,0,1024,1024,2800,1024,1,128,[]
144900056,144900056__x1776_y0000,test,clean/144900056__x1776_y0000.bmp,1776,0,1024,1024,2800,1024,2,144,[]
145000015,145000015__x0000_y0000,test,clean/145000015__x0000_y0000.bmp,0,0,1024,1024,2800,1024,0,,[]
145000015,145000015__x0896_y0000,test,clean/145000015__x0896_y0000.bmp,896,0,1024,1024,2800,1024,1,128,[]
145000015,145000015__x1776_y0000,test,clean/145000015__x1776_y0000.bmp,1776,0,1024,1024,2800,1024,2,144,[]
145000024,145000024__x0000_y0000,test,clean/145000024__x0000_y0000.bmp,0,0,1024,1024,2800,1024,0,,[]
145000024,145000024__x0896_y0000,test,clean/145000024__x0896_y0000.bmp,896,0,1024,1024,2800,1024,1,128,[]
145000024,145000024__x1776_y0000,test,clean/145000024__x1776_y0000.bmp,1776,0,1024,1024,2800,1024,2,144,[]
145000033,145000033__x0000_y0000,test,clean/145000033__x0000_y0000.bmp,0,0,1024,1024,2800,1024,0,,[]
145000033,145000033__x0896_y0000,test,clean/145000033__x0896_y0000.bmp,896,0,1024,1024,2800,1024,1,128,[]
145000033,145000033__x1776_y0000,test,clean/145000033__x1776_y0000.bmp,1776,0,1024,1024,2800,1024,2,144,[]
145000035,145000035__x0000_y0000,test,clean/145000035__x0000_y0000.bmp,0,0,1024,1024,2800,1024,0,,[]
145000035,145000035__x0896_y0000,test,clean/145000035__x0896_y0000.bmp,896,0,1024,1024,2800,1024,1,128,[]
145000035,145000035__x1776_y0000,test,clean/145000035__x1776_y0000.bmp,1776,0,1024,1024,2800,1024,2,144,[]
145000040,145000040__x0000_y0000,test,clean/145000040__x0000_y0000.bmp,0,0,1024,1024,2794,1024,0,,[]
145000040,145000040__x0896_y0000,test,clean/145000040__x0896_y0000.bmp,896,0,1024,1024,2794,1024,1,128,[]
145000040,145000040__x1770_y0000,test,clean/145000040__x1770_y0000.bmp,1770,0,1024,1024,2794,1024,2,150,[]
145000051,145000051__x0000_y0000,test,clean/145000051__x0000_y0000.bmp,0,0,1024,1024,2800,1024,0,,[]
145000051,145000051__x0896_y0000,test,clean/145000051__x0896_y0000.bmp,896,0,1024,1024,2800,1024,1,128,[]
145000051,145000051__x1776_y0000,test,clean/145000051__x1776_y0000.bmp,1776,0,1024,1024,2800,1024,2,144,[]
145000066,145000066__x0000_y0000,test,clean/145000066__x0000_y0000.bmp,0,0,1024,1024,2800,1024,0,,[]
145000066,145000066__x0896_y0000,test,clean/145000066__x0896_y0000.bmp,896,0,1024,1024,2800,1024,1,128,[]
145000066,145000066__x1776_y0000,test,clean/145000066__x1776_y0000.bmp,1776,0,1024,1024,2800,1024,2,144,[]
145000067,145000067__x0000_y0000,test,clean/145000067__x0000_y0000.bmp,0,0,1024,1024,2800,1024,0,,[]
145000067,145000067__x0896_y0000,test,clean/145000067__x0896_y0000.bmp,896,0,1024,1024,2800,1024,1,128,[]
145000067,145000067__x1776_y0000,test,clean/145000067__x1776_y0000.bmp,1776,0,1024,1024,2800,1024,2,144,[]
145000075,145000075__x0000_y0000,test,clean/145000075__x0000_y0000.bmp,0,0,1024,1024,2800,1024,0,,[]
145000075,145000075__x0896_y0000,test,clean/145000075__x0896_y0000.bmp,896,0,1024,1024,2800,1024,1,128,[]
145000075,145000075__x1776_y0000,test,clean/145000075__x1776_y0000.bmp,1776,0,1024,1024,2800,1024,2,144,[]
145000079,145000079__x0000_y0000,test,clean/145000079__x0000_y0000.bmp,0,0,1024,1024,2800,1024,0,,[]
145000079,145000079__x0896_y0000,test,clean/145000079__x0896_y0000.bmp,896,0,1024,1024,2800,1024,1,128,[]
145000079,145000079__x1776_y0000,test,clean/145000079__x1776_y0000.bmp,1776,0,1024,1024,2800,1024,2,144,[]
145100000,145100000__x0000_y0000,test,clean/145100000__x0000_y0000.bmp,0,0,1024,1024,2800,1024,0,,[]
145100000,145100000__x0896_y0000,test,clean/145100000__x0896_y0000.bmp,896,0,1024,1024,2800,1024,1,128,[]
145100000,145100000__x1776_y0000,test,clean/145100000__x1776_y0000.bmp,1776,0,1024,1024,2800,1024,2,144,[]
145100002,145100002__x0000_y0000,test,clean/145100002__x0000_y0000.bmp,0,0,1024,1024,2800,1024,0,,[]
145100002,145100002__x0896_y0000,test,clean/145100002__x0896_y0000.bmp,896,0,1024,1024,2800,1024,1,128,[]
145100002,145100002__x1776_y0000,test,clean/145100002__x1776_y0000.bmp,1776,0,1024,1024,2800,1024,2,144,[]
145100004,145100004__x0000_y0000,test,clean/145100004__x0000_y0000.bmp,0,0,1024,1024,2800,1024,0,,[]
145100004,145100004__x0896_y0000,test,clean/145100004__x0896_y0000.bmp,896,0,1024,1024,2800,1024,1,128,[]
145100004,145100004__x1776_y0000,test,clean/145100004__x1776_y0000.bmp,1776,0,1024,1024,2800,1024,2,144,[]
145100005,145100005__x0000_y0000,test,clean/145100005__x0000_y0000.bmp,0,0,1024,1024,2800,1024,0,,[]
145100005,145100005__x0896_y0000,test,clean/145100005__x0896_y0000.bmp,896,0,1024,1024,2800,1024,1,128,[]
145100005,145100005__x1776_y0000,test,clean/145100005__x1776_y0000.bmp,1776,0,1024,1024,2800,1024,2,144,[]
145100010,145100010__x0000_y0000,test,clean/145100010__x0000_y0000.bmp,0,0,1024,1024,2800,1024,0,,[]
145100010,145100010__x0896_y0000,test,clean/145100010__x0896_y0000.bmp,896,0,1024,1024,2800,1024,1,128,[]
145100010,145100010__x1776_y0000,test,clean/145100010__x1776_y0000.bmp,1776,0,1024,1024,2800,1024,2,144,[]
145100016,145100016__x0000_y0000,test,clean/145100016__x0000_y0000.bmp,0,0,1024,1024,2800,1024,0,,[]
145100016,145100016__x0896_y0000,test,clean/145100016__x0896_y0000.bmp,896,0,1024,1024,2800,1024,1,128,[]
145100016,145100016__x1776_y0000,test,clean/145100016__x1776_y0000.bmp,1776,0,1024,1024,2800,1024,2,144,[]
145100017,145100017__x0000_y0000,test,clean/145100017__x0000_y0000.bmp,0,0,1024,1024,2800,1024,0,,[]
145100017,145100017__x0896_y0000,test,clean/145100017__x0896_y0000.bmp,896,0,1024,1024,2800,1024,1,128,[]
145100017,145100017__x1776_y0000,test,clean/145100017__x1776_y0000.bmp,1776,0,1024,1024,2800,1024,2,144,[]
145100019,145100019__x0000_y0000,test,clean/145100019__x0000_y0000.bmp,0,0,1024,1024,2800,1024,0,,[]
145100019,145100019__x0896_y0000,test,clean/145100019__x0896_y0000.bmp,896,0,1024,1024,2800,1024,1,128,[]
145100019,145100019__x1776_y0000,test,clean/145100019__x1776_y0000.bmp,1776,0,1024,1024,2800,1024,2,144,[]
145100041,145100041__x0000_y0000,test,clean/145100041__x0000_y0000.bmp,0,0,1024,1024,2800,1024,0,,[]
145100041,145100041__x0896_y0000,test,clean/145100041__x0896_y0000.bmp,896,0,1024,1024,2800,1024,1,128,[]
145100041,145100041__x1776_y0000,test,clean/145100041__x1776_y0000.bmp,1776,0,1024,1024,2800,1024,2,144,[]
145100049,145100049__x0000_y0000,test,clean/145100049__x0000_y0000.bmp,0,0,1024,1024,2800,1024,0,,[]
145100049,145100049__x0896_y0000,test,clean/145100049__x0896_y0000.bmp,896,0,1024,1024,2800,1024,1,128,[]
145100049,145100049__x1776_y0000,test,clean/145100049__x1776_y0000.bmp,1776,0,1024,1024,2800,1024,2,144,[]
145100051,145100051__x0000_y0000,test,clean/145100051__x0000_y0000.bmp,0,0,1024,1024,2800,1024,0,,[]
145100051,145100051__x0896_y0000,test,clean/145100051__x0896_y0000.bmp,896,0,1024,1024,2800,1024,1,128,[]
145100051,145100051__x1776_y0000,test,clean/145100051__x1776_y0000.bmp,1776,0,1024,1024,2800,1024,2,144,[]
145100062,145100062__x0000_y0000,test,clean/145100062__x0000_y0000.bmp,0,0,1024,1024,2800,1024,0,,[]
145100062,145100062__x0896_y0000,test,clean/145100062__x0896_y0000.bmp,896,0,1024,1024,2800,1024,1,128,[]
145100062,145100062__x1776_y0000,test,clean/145100062__x1776_y0000.bmp,1776,0,1024,1024,2800,1024,2,144,[]
145100064,145100064__x0000_y0000,test,clean/145100064__x0000_y0000.bmp,0,0,1024,1024,2800,1024,0,,[]
145100064,145100064__x0896_y0000,test,clean/145100064__x0896_y0000.bmp,896,0,1024,1024,2800,1024,1,128,[]
145100064,145100064__x1776_y0000,test,clean/145100064__x1776_y0000.bmp,1776,0,1024,1024,2800,1024,2,144,[]
145100069,145100069__x0000_y0000,test,clean/145100069__x0000_y0000.bmp,0,0,1024,1024,2800,1024,0,,[]
145100069,145100069__x0896_y0000,test,clean/145100069__x0896_y0000.bmp,896,0,1024,1024,2800,1024,1,128,[]
145100069,145100069__x1776_y0000,test,clean/145100069__x1776_y0000.bmp,1776,0,1024,1024,2800,1024,2,144,[]
145200003,145200003__x0000_y0000,test,clean/145200003__x0000_y0000.bmp,0,0,1024,1024,2800,1024,0,,[]
145200003,145200003__x0896_y0000,test,clean/145200003__x0896_y0000.bmp,896,0,1024,1024,2800,1024,1,128,[]
145200003,145200003__x1776_y0000,test,clean/145200003__x1776_y0000.bmp,1776,0,1024,1024,2800,1024,2,144,[]
145200008,145200008__x0000_y0000,test,clean/145200008__x0000_y0000.bmp,0,0,1024,1024,2800,1024,0,,[]
145200008,145200008__x0896_y0000,test,clean/145200008__x0896_y0000.bmp,896,0,1024,1024,2800,1024,1,128,[]
145200008,145200008__x1776_y0000,test,clean/145200008__x1776_y0000.bmp,1776,0,1024,1024,2800,1024,2,144,[]
145200016,145200016__x0000_y0000,test,clean/145200016__x0000_y0000.bmp,0,0,1024,1024,2800,1024,0,,[]
145200016,145200016__x0896_y0000,test,clean/145200016__x0896_y0000.bmp,896,0,1024,1024,2800,1024,1,128,[]
145200016,145200016__x1776_y0000,test,clean/145200016__x1776_y0000.bmp,1776,0,1024,1024,2800,1024,2,144,[]
145200028,145200028__x0000_y0000,test,clean/145200028__x0000_y0000.bmp,0,0,1024,1024,2800,1024,0,,[]
145200028,145200028__x0896_y0000,test,clean/145200028__x0896_y0000.bmp,896,0,1024,1024,2800,1024,1,128,[]
145200028,145200028__x1776_y0000,test,clean/145200028__x1776_y0000.bmp,1776,0,1024,1024,2800,1024,2,144,[]
145200048,145200048__x0000_y0000,test,clean/145200048__x0000_y0000.bmp,0,0,1024,1024,2800,1024,0,,[]
145200048,145200048__x0896_y0000,test,clean/145200048__x0896_y0000.bmp,896,0,1024,1024,2800,1024,1,128,[]
145200048,145200048__x1776_y0000,test,clean/145200048__x1776_y0000.bmp,1776,0,1024,1024,2800,1024,2,144,[]
145200057,145200057__x0000_y0000,test,clean/145200057__x0000_y0000.bmp,0,0,1024,1024,2800,1024,0,,[]
145200057,145200057__x0896_y0000,test,clean/145200057__x0896_y0000.bmp,896,0,1024,1024,2800,1024,1,128,[]
145200057,145200057__x1776_y0000,test,clean/145200057__x1776_y0000.bmp,1776,0,1024,1024,2800,1024,2,144,[]
145200067,145200067__x0000_y0000,test,clean/145200067__x0000_y0000.bmp,0,0,1024,1024,2800,1024,0,,[]
145200067,145200067__x0896_y0000,test,clean/145200067__x0896_y0000.bmp,896,0,1024,1024,2800,1024,1,128,[]
145200067,145200067__x1776_y0000,test,clean/145200067__x1776_y0000.bmp,1776,0,1024,1024,2800,1024,2,144,[]
145200082,145200082__x0000_y0000,test,clean/145200082__x0000_y0000.bmp,0,0,1024,1024,2800,1024,0,,[]
145200082,145200082__x0896_y0000,test,clean/145200082__x0896_y0000.bmp,896,0,1024,1024,2800,1024,1,128,[]
145200082,145200082__x1776_y0000,test,clean/145200082__x1776_y0000.bmp,1776,0,1024,1024,2800,1024,2,144,[]
145300021,145300021__x0000_y0000,test,clean/145300021__x0000_y0000.bmp,0,0,1024,1024,2800,1024,0,,[]
145300021,145300021__x0896_y0000,test,clean/145300021__x0896_y0000.bmp,896,0,1024,1024,2800,1024,1,128,[]
145300021,145300021__x1776_y0000,test,clean/145300021__x1776_y0000.bmp,1776,0,1024,1024,2800,1024,2,144,[]
145300033,145300033__x0000_y0000,test,clean/145300033__x0000_y0000.bmp,0,0,1024,1024,2800,1024,0,,[]
145300033,145300033__x0896_y0000,test,clean/145300033__x0896_y0000.bmp,896,0,1024,1024,2800,1024,1,128,[]
145300033,145300033__x1776_y0000,test,clean/145300033__x1776_y0000.bmp,1776,0,1024,1024,2800,1024,2,144,[]
145300041,145300041__x0000_y0000,test,clean/145300041__x0000_y0000.bmp,0,0,1024,1024,2800,1024,0,,[]
145300041,145300041__x0896_y0000,test,clean/145300041__x0896_y0000.bmp,896,0,1024,1024,2800,1024,1,128,[]
145300041,145300041__x1776_y0000,test,clean/145300041__x1776_y0000.bmp,1776,0,1024,1024,2800,1024,2,144,[]
146300000,146300000__x0000_y0000,test,clean/146300000__x0000_y0000.bmp,0,0,1024,1024,2800,1024,0,,[]
146300000,146300000__x0896_y0000,test,clean/146300000__x0896_y0000.bmp,896,0,1024,1024,2800,1024,1,128,[]
146300000,146300000__x1776_y0000,test,clean/146300000__x1776_y0000.bmp,1776,0,1024,1024,2800,1024,2,144,[]
146300045,146300045__x0000_y0000,test,clean/146300045__x0000_y0000.bmp,0,0,1024,1024,2800,1024,0,,[]
146300045,146300045__x0896_y0000,test,clean/146300045__x0896_y0000.bmp,896,0,1024,1024,2800,1024,1,128,[]
146300045,146300045__x1776_y0000,test,clean/146300045__x1776_y0000.bmp,1776,0,1024,1024,2800,1024,2,144,[]
146300050,146300050__x0000_y0000,test,clean/146300050__x0000_y0000.bmp,0,0,1024,1024,2800,1024,0,,[]
146300050,146300050__x0896_y0000,test,clean/146300050__x0896_y0000.bmp,896,0,1024,1024,2800,1024,1,128,[]
146300050,146300050__x1776_y0000,test,clean/146300050__x1776_y0000.bmp,1776,0,1024,1024,2800,1024,2,144,[]
146300065,146300065__x0000_y0000,test,clean/146300065__x0000_y0000.bmp,0,0,1024,1024,2800,1024,0,,[]
146300065,146300065__x0896_y0000,test,clean/146300065__x0896_y0000.bmp,896,0,1024,1024,2800,1024,1,128,[]
146300065,146300065__x1776_y0000,test,clean/146300065__x1776_y0000.bmp,1776,0,1024,1024,2800,1024,2,144,[]
146300068,146300068__x0000_y0000,test,clean/146300068__x0000_y0000.bmp,0,0,1024,1024,2800,1024,0,,[]
146300068,146300068__x0896_y0000,test,clean/146300068__x0896_y0000.bmp,896,0,1024,1024,2800,1024,1,128,[]
146300068,146300068__x1776_y0000,test,clean/146300068__x1776_y0000.bmp,1776,0,1024,1024,2800,1024,2,144,[]
146300070,146300070__x0000_y0000,test,clean/146300070__x0000_y0000.bmp,0,0,1024,1024,2800,1024,0,,[]
146300070,146300070__x0896_y0000,test,clean/146300070__x0896_y0000.bmp,896,0,1024,1024,2800,1024,1,128,[]
146300070,146300070__x1776_y0000,test,clean/146300070__x1776_y0000.bmp,1776,0,1024,1024,2800,1024,2,144,[]
147200053,147200053__x0000_y0000,test,clean/147200053__x0000_y0000.bmp,0,0,1024,1024,2800,1024,0,,[]
147200053,147200053__x0896_y0000,test,clean/147200053__x0896_y0000.bmp,896,0,1024,1024,2800,1024,1,128,[]
147200053,147200053__x1776_y0000,test,clean/147200053__x1776_y0000.bmp,1776,0,1024,1024,2800,1024,2,144,[]
147200055,147200055__x0000_y0000,test,clean/147200055__x0000_y0000.bmp,0,0,1024,1024,2800,1024,0,,[]
147200055,147200055__x0896_y0000,test,clean/147200055__x0896_y0000.bmp,896,0,1024,1024,2800,1024,1,128,[]
147200055,147200055__x1776_y0000,test,clean/147200055__x1776_y0000.bmp,1776,0,1024,1024,2800,1024,2,144,[]
147200056,147200056__x0000_y0000,test,clean/147200056__x0000_y0000.bmp,0,0,1024,1024,2800,1024,0,,[]
147200056,147200056__x0896_y0000,test,clean/147200056__x0896_y0000.bmp,896,0,1024,1024,2800,1024,1,128,[]
147200056,147200056__x1776_y0000,test,clean/147200056__x1776_y0000.bmp,1776,0,1024,1024,2800,1024,2,144,[]
147200057,147200057__x0000_y0000,test,clean/147200057__x0000_y0000.bmp,0,0,1024,1024,2800,1024,0,,[]
147200057,147200057__x0896_y0000,test,clean/147200057__x0896_y0000.bmp,896,0,1024,1024,2800,1024,1,128,[]
147200057,147200057__x1776_y0000,test,clean/147200057__x1776_y0000.bmp,1776,0,1024,1024,2800,1024,2,144,[]
147200061,147200061__x0000_y0000,test,clean/147200061__x0000_y0000.bmp,0,0,1024,1024,2800,1024,0,,[]
147200061,147200061__x0896_y0000,test,clean/147200061__x0896_y0000.bmp,896,0,1024,1024,2800,1024,1,128,[]
147200061,147200061__x1776_y0000,test,clean/147200061__x1776_y0000.bmp,1776,0,1024,1024,2800,1024,2,144,[]
147200067,147200067__x0000_y0000,test,clean/147200067__x0000_y0000.bmp,0,0,1024,1024,2800,1024,0,,[]
147200067,147200067__x0896_y0000,test,clean/147200067__x0896_y0000.bmp,896,0,1024,1024,2800,1024,1,128,[]
147200067,147200067__x1776_y0000,test,clean/147200067__x1776_y0000.bmp,1776,0,1024,1024,2800,1024,2,144,[]
147200072,147200072__x0000_y0000,test,clean/147200072__x0000_y0000.bmp,0,0,1024,1024,2800,1024,0,,[]
147200072,147200072__x0896_y0000,test,clean/147200072__x0896_y0000.bmp,896,0,1024,1024,2800,1024,1,128,[]
147200072,147200072__x1776_y0000,test,clean/147200072__x1776_y0000.bmp,1776,0,1024,1024,2800,1024,2,144,[]
147200078,147200078__x0000_y0000,test,clean/147200078__x0000_y0000.bmp,0,0,1024,1024,2800,1024,0,,[]
147200078,147200078__x0896_y0000,test,clean/147200078__x0896_y0000.bmp,896,0,1024,1024,2800,1024,1,128,[]
147200078,147200078__x1776_y0000,test,clean/147200078__x1776_y0000.bmp,1776,0,1024,1024,2800,1024,2,144,[]
147300005,147300005__x0000_y0000,test,clean/147300005__x0000_y0000.bmp,0,0,1024,1024,2800,1024,0,,[]
147300005,147300005__x0896_y0000,test,clean/147300005__x0896_y0000.bmp,896,0,1024,1024,2800,1024,1,128,[]
147300005,147300005__x1776_y0000,test,clean/147300005__x1776_y0000.bmp,1776,0,1024,1024,2800,1024,2,144,[]
147300010,147300010__x0000_y0000,test,clean/147300010__x0000_y0000.bmp,0,0,1024,1024,2800,1024,0,,[]
147300010,147300010__x0896_y0000,test,clean/147300010__x0896_y0000.bmp,896,0,1024,1024,2800,1024,1,128,[]
147300010,147300010__x1776_y0000,test,clean/147300010__x1776_y0000.bmp,1776,0,1024,1024,2800,1024,2,144,[]
147600007,147600007__x0000_y0000,test,clean/147600007__x0000_y0000.bmp,0,0,1024,1024,2800,1024,0,,[]
147600007,147600007__x0896_y0000,test,clean/147600007__x0896_y0000.bmp,896,0,1024,1024,2800,1024,1,128,[]
147600007,147600007__x1776_y0000,test,clean/147600007__x1776_y0000.bmp,1776,0,1024,1024,2800,1024,2,144,[]
147900011,147900011__x0000_y0000,test,clean/147900011__x0000_y0000.bmp,0,0,1024,1024,2800,1024,0,,[]
147900011,147900011__x0896_y0000,test,clean/147900011__x0896_y0000.bmp,896,0,1024,1024,2800,1024,1,128,[]
147900011,147900011__x1776_y0000,test,clean/147900011__x1776_y0000.bmp,1776,0,1024,1024,2800,1024,2,144,[]
147900077,147900077__x0000_y0000,test,clean/147900077__x0000_y0000.bmp,0,0,1024,1024,2800,1024,0,,[]
147900077,147900077__x0896_y0000,test,clean/147900077__x0896_y0000.bmp,896,0,1024,1024,2800,1024,1,128,[]
147900077,147900077__x1776_y0000,test,clean/147900077__x1776_y0000.bmp,1776,0,1024,1024,2800,1024,2,144,[]
148300000,148300000__x0000_y0000,test,clean/148300000__x0000_y0000.bmp,0,0,1024,1024,2800,1024,0,,[]
148300000,148300000__x0896_y0000,test,clean/148300000__x0896_y0000.bmp,896,0,1024,1024,2800,1024,1,128,[]
148300000,148300000__x1776_y0000,test,clean/148300000__x1776_y0000.bmp,1776,0,1024,1024,2800,1024,2,144,[]
148300017,148300017__x0000_y0000,test,clean/148300017__x0000_y0000.bmp,0,0,1024,1024,2800,1024,0,,[]
148300017,148300017__x0896_y0000,test,clean/148300017__x0896_y0000.bmp,896,0,1024,1024,2800,1024,1,128,[]
148300017,148300017__x1776_y0000,test,clean/148300017__x1776_y0000.bmp,1776,0,1024,1024,2800,1024,2,144,[]
148300023,148300023__x0000_y0000,test,clean/148300023__x0000_y0000.bmp,0,0,1024,1024,2800,1024,0,,[]
148300023,148300023__x0896_y0000,test,clean/148300023__x0896_y0000.bmp,896,0,1024,1024,2800,1024,1,128,[]
148300023,148300023__x1776_y0000,test,clean/148300023__x1776_y0000.bmp,1776,0,1024,1024,2800,1024,2,144,[]
148300024,148300024__x0000_y0000,test,clean/148300024__x0000_y0000.bmp,0,0,1024,1024,2800,1024,0,,[]
148300024,148300024__x0896_y0000,test,clean/148300024__x0896_y0000.bmp,896,0,1024,1024,2800,1024,1,128,[]
148300024,148300024__x1776_y0000,test,clean/148300024__x1776_y0000.bmp,1776,0,1024,1024,2800,1024,2,144,[]
148300026,148300026__x0000_y0000,test,clean/148300026__x0000_y0000.bmp,0,0,1024,1024,2800,1024,0,,[]
148300026,148300026__x0896_y0000,test,clean/148300026__x0896_y0000.bmp,896,0,1024,1024,2800,1024,1,128,[]
148300026,148300026__x1776_y0000,test,clean/148300026__x1776_y0000.bmp,1776,0,1024,1024,2800,1024,2,144,[]
148300029,148300029__x0000_y0000,test,clean/148300029__x0000_y0000.bmp,0,0,1024,1024,2800,1024,0,,[]
148300029,148300029__x0896_y0000,test,clean/148300029__x0896_y0000.bmp,896,0,1024,1024,2800,1024,1,128,[]
148300029,148300029__x1776_y0000,test,clean/148300029__x1776_y0000.bmp,1776,0,1024,1024,2800,1024,2,144,[]
148300030,148300030__x0000_y0000,test,clean/148300030__x0000_y0000.bmp,0,0,1024,1024,2800,1024,0,,[]
148300030,148300030__x0896_y0000,test,clean/148300030__x0896_y0000.bmp,896,0,1024,1024,2800,1024,1,128,[]
148300030,148300030__x1776_y0000,test,clean/148300030__x1776_y0000.bmp,1776,0,1024,1024,2800,1024,2,144,[]
148300068,148300068__x0000_y0000,test,clean/148300068__x0000_y0000.bmp,0,0,1024,1024,2800,1024,0,,[]
148300068,148300068__x0896_y0000,test,clean/148300068__x0896_y0000.bmp,896,0,1024,1024,2800,1024,1,128,[]
148300068,148300068__x1776_y0000,test,clean/148300068__x1776_y0000.bmp,1776,0,1024,1024,2800,1024,2,144,[]
148400016,148400016__x0000_y0000,test,clean/148400016__x0000_y0000.bmp,0,0,1024,1024,2800,1024,0,,[]
148400016,148400016__x0896_y0000,test,clean/148400016__x0896_y0000.bmp,896,0,1024,1024,2800,1024,1,128,[]
148400016,148400016__x1776_y0000,test,clean/148400016__x1776_y0000.bmp,1776,0,1024,1024,2800,1024,2,144,[]
148400018,148400018__x0000_y0000,test,clean/148400018__x0000_y0000.bmp,0,0,1024,1024,2800,1024,0,,[]
148400018,148400018__x0896_y0000,test,clean/148400018__x0896_y0000.bmp,896,0,1024,1024,2800,1024,1,128,[]
148400018,148400018__x1776_y0000,test,clean/148400018__x1776_y0000.bmp,1776,0,1024,1024,2800,1024,2,144,[]
148400019,148400019__x0000_y0000,test,clean/148400019__x0000_y0000.bmp,0,0,1024,1024,2800,1024,0,,[]
148400019,148400019__x0896_y0000,test,clean/148400019__x0896_y0000.bmp,896,0,1024,1024,2800,1024,1,128,[]
148400019,148400019__x1776_y0000,test,clean/148400019__x1776_y0000.bmp,1776,0,1024,1024,2800,1024,2,144,[]
148400064,148400064__x0000_y0000,test,clean/148400064__x0000_y0000.bmp,0,0,1024,1024,2800,1024,0,,[]
148400064,148400064__x0896_y0000,test,clean/148400064__x0896_y0000.bmp,896,0,1024,1024,2800,1024,1,128,[]
148400064,148400064__x1776_y0000,test,clean/148400064__x1776_y0000.bmp,1776,0,1024,1024,2800,1024,2,144,[]
148400074,148400074__x0000_y0000,test,clean/148400074__x0000_y0000.bmp,0,0,1024,1024,2800,1024,0,,[]
148400074,148400074__x0896_y0000,test,clean/148400074__x0896_y0000.bmp,896,0,1024,1024,2800,1024,1,128,[]
148400074,148400074__x1776_y0000,test,clean/148400074__x1776_y0000.bmp,1776,0,1024,1024,2800,1024,2,144,[]
148500036,148500036__x0000_y0000,test,clean/148500036__x0000_y0000.bmp,0,0,1024,1024,2800,1024,0,,[]
148500036,148500036__x0896_y0000,test,clean/148500036__x0896_y0000.bmp,896,0,1024,1024,2800,1024,1,128,[]
148500036,148500036__x1776_y0000,test,clean/148500036__x1776_y0000.bmp,1776,0,1024,1024,2800,1024,2,144,[]
148600053,148600053__x0000_y0000,test,clean/148600053__x0000_y0000.bmp,0,0,1024,1024,2800,1024,0,,[]
148600053,148600053__x0896_y0000,test,clean/148600053__x0896_y0000.bmp,896,0,1024,1024,2800,1024,1,128,[]
148600053,148600053__x1776_y0000,test,clean/148600053__x1776_y0000.bmp,1776,0,1024,1024,2800,1024,2,144,[]
148800006,148800006__x0000_y0000,test,clean/148800006__x0000_y0000.bmp,0,0,1024,1024,2800,1024,0,,[]
148800006,148800006__x0896_y0000,test,clean/148800006__x0896_y0000.bmp,896,0,1024,1024,2800,1024,1,128,[]
148800006,148800006__x1776_y0000,test,clean/148800006__x1776_y0000.bmp,1776,0,1024,1024,2800,1024,2,144,[]
148800007,148800007__x0000_y0000,test,clean/148800007__x0000_y0000.bmp,0,0,1024,1024,2800,1024,0,,[]
148800007,148800007__x0896_y0000,test,clean/148800007__x0896_y0000.bmp,896,0,1024,1024,2800,1024,1,128,[]
148800007,148800007__x1776_y0000,test,clean/148800007__x1776_y0000.bmp,1776,0,1024,1024,2800,1024,2,144,[]
148800012,148800012__x0000_y0000,test,clean/148800012__x0000_y0000.bmp,0,0,1024,1024,2800,1024,0,,[]
148800012,148800012__x0896_y0000,test,clean/148800012__x0896_y0000.bmp,896,0,1024,1024,2800,1024,1,128,[]
148800012,148800012__x1776_y0000,test,clean/148800012__x1776_y0000.bmp,1776,0,1024,1024,2800,1024,2,144,[]
148800025,148800025__x0000_y0000,test,clean/148800025__x0000_y0000.bmp,0,0,1024,1024,2800,1024,0,,[]
148800025,148800025__x0896_y0000,test,clean/148800025__x0896_y0000.bmp,896,0,1024,1024,2800,1024,1,128,[]
148800025,148800025__x1776_y0000,test,clean/148800025__x1776_y0000.bmp,1776,0,1024,1024,2800,1024,2,144,[]
148800033,148800033__x0000_y0000,test,clean/148800033__x0000_y0000.bmp,0,0,1024,1024,2800,1024,0,,[]
148800033,148800033__x0896_y0000,test,clean/148800033__x0896_y0000.bmp,896,0,1024,1024,2800,1024,1,128,[]
148800033,148800033__x1776_y0000,test,clean/148800033__x1776_y0000.bmp,1776,0,1024,1024,2800,1024,2,144,[]
148800040,148800040__x0000_y0000,test,clean/148800040__x0000_y0000.bmp,0,0,1024,1024,2800,1024,0,,[]
148800040,148800040__x0896_y0000,test,clean/148800040__x0896_y0000.bmp,896,0,1024,1024,2800,1024,1,128,[]
148800040,148800040__x1776_y0000,test,clean/148800040__x1776_y0000.bmp,1776,0,1024,1024,2800,1024,2,144,[]
148800045,148800045__x0000_y0000,test,clean/148800045__x0000_y0000.bmp,0,0,1024,1024,2800,1024,0,,[]
148800045,148800045__x0896_y0000,test,clean/148800045__x0896_y0000.bmp,896,0,1024,1024,2800,1024,1,128,[]
148800045,148800045__x1776_y0000,test,clean/148800045__x1776_y0000.bmp,1776,0,1024,1024,2800,1024,2,144,[]
148800054,148800054__x0000_y0000,test,clean/148800054__x0000_y0000.bmp,0,0,1024,1024,2800,1024,0,,[]
148800054,148800054__x0896_y0000,test,clean/148800054__x0896_y0000.bmp,896,0,1024,1024,2800,1024,1,128,[]
148800054,148800054__x1776_y0000,test,clean/148800054__x1776_y0000.bmp,1776,0,1024,1024,2800,1024,2,144,[]
148800071,148800071__x0000_y0000,test,clean/148800071__x0000_y0000.bmp,0,0,1024,1024,2800,1024,0,,[]
148800071,148800071__x0896_y0000,test,clean/148800071__x0896_y0000.bmp,896,0,1024,1024,2800,1024,1,128,[]
148800071,148800071__x1776_y0000,test,clean/148800071__x1776_y0000.bmp,1776,0,1024,1024,2800,1024,2,144,[]
148800072,148800072__x0000_y0000,test,clean/148800072__x0000_y0000.bmp,0,0,1024,1024,2800,1024,0,,[]
148800072,148800072__x0896_y0000,test,clean/148800072__x0896_y0000.bmp,896,0,1024,1024,2800,1024,1,128,[]
148800072,148800072__x1776_y0000,test,clean/148800072__x1776_y0000.bmp,1776,0,1024,1024,2800,1024,2,144,[]
148800073,148800073__x0000_y0000,test,clean/148800073__x0000_y0000.bmp,0,0,1024,1024,2800,1024,0,,[]
148800073,148800073__x0896_y0000,test,clean/148800073__x0896_y0000.bmp,896,0,1024,1024,2800,1024,1,128,[]
148800073,148800073__x1776_y0000,test,clean/148800073__x1776_y0000.bmp,1776,0,1024,1024,2800,1024,2,144,[]
148800079,148800079__x0000_y0000,test,clean/148800079__x0000_y0000.bmp,0,0,1024,1024,2800,1024,0,,[]
148800079,148800079__x0896_y0000,test,clean/148800079__x0896_y0000.bmp,896,0,1024,1024,2800,1024,1,128,[]
148800079,148800079__x1776_y0000,test,clean/148800079__x1776_y0000.bmp,1776,0,1024,1024,2800,1024,2,144,[]
148800084,148800084__x0000_y0000,test,clean/148800084__x0000_y0000.bmp,0,0,1024,1024,2800,1024,0,,[]
148800084,148800084__x0896_y0000,test,clean/148800084__x0896_y0000.bmp,896,0,1024,1024,2800,1024,1,128,[]
148800084,148800084__x1776_y0000,test,clean/148800084__x1776_y0000.bmp,1776,0,1024,1024,2800,1024,2,144,[]
148900029,148900029__x0000_y0000,test,clean/148900029__x0000_y0000.bmp,0,0,1024,1024,2800,1024,0,,[]
148900029,148900029__x0896_y0000,test,clean/148900029__x0896_y0000.bmp,896,0,1024,1024,2800,1024,1,128,[]
148900029,148900029__x1776_y0000,test,clean/148900029__x1776_y0000.bmp,1776,0,1024,1024,2800,1024,2,144,[]
148900034,148900034__x0000_y0000,test,clean/148900034__x0000_y0000.bmp,0,0,1024,1024,2800,1024,0,,[]
148900034,148900034__x0896_y0000,test,clean/148900034__x0896_y0000.bmp,896,0,1024,1024,2800,1024,1,128,[]
148900034,148900034__x1776_y0000,test,clean/148900034__x1776_y0000.bmp,1776,0,1024,1024,2800,1024,2,144,[]
148900046,148900046__x0000_y0000,test,clean/148900046__x0000_y0000.bmp,0,0,1024,1024,2800,1024,0,,[]
148900046,148900046__x0896_y0000,test,clean/148900046__x0896_y0000.bmp,896,0,1024,1024,2800,1024,1,128,[]
148900046,148900046__x1776_y0000,test,clean/148900046__x1776_y0000.bmp,1776,0,1024,1024,2800,1024,2,144,[]
148900056,148900056__x0000_y0000,test,clean/148900056__x0000_y0000.bmp,0,0,1024,1024,2800,1024,0,,[]
148900056,148900056__x0896_y0000,test,clean/148900056__x0896_y0000.bmp,896,0,1024,1024,2800,1024,1,128,[]
148900056,148900056__x1776_y0000,test,clean/148900056__x1776_y0000.bmp,1776,0,1024,1024,2800,1024,2,144,[]
149000004,149000004__x0000_y0000,test,clean/149000004__x0000_y0000.bmp,0,0,1024,1024,2800,1024,0,,[]
149000004,149000004__x0896_y0000,test,clean/149000004__x0896_y0000.bmp,896,0,1024,1024,2800,1024,1,128,[]
149000004,149000004__x1776_y0000,test,clean/149000004__x1776_y0000.bmp,1776,0,1024,1024,2800,1024,2,144,[]
149000008,149000008__x0000_y0000,test,clean/149000008__x0000_y0000.bmp,0,0,1024,1024,2800,1024,0,,[]
149000008,149000008__x0896_y0000,test,clean/149000008__x0896_y0000.bmp,896,0,1024,1024,2800,1024,1,128,[]
149000008,149000008__x1776_y0000,test,clean/149000008__x1776_y0000.bmp,1776,0,1024,1024,2800,1024,2,144,[]
149000027,149000027__x0000_y0000,test,clean/149000027__x0000_y0000.bmp,0,0,1024,1024,2800,1024,0,,[]
149000027,149000027__x0896_y0000,test,clean/149000027__x0896_y0000.bmp,896,0,1024,1024,2800,1024,1,128,[]
149000027,149000027__x1776_y0000,test,clean/149000027__x1776_y0000.bmp,1776,0,1024,1024,2800,1024,2,144,[]
149000028,149000028__x0000_y0000,test,clean/149000028__x0000_y0000.bmp,0,0,1024,1024,2800,1024,0,,[]
149000028,149000028__x0896_y0000,test,clean/149000028__x0896_y0000.bmp,896,0,1024,1024,2800,1024,1,128,[]
149000028,149000028__x1776_y0000,test,clean/149000028__x1776_y0000.bmp,1776,0,1024,1024,2800,1024,2,144,[]
149000052,149000052__x0000_y0000,test,clean/149000052__x0000_y0000.bmp,0,0,1024,1024,2800,1024,0,,[]
149000052,149000052__x0896_y0000,test,clean/149000052__x0896_y0000.bmp,896,0,1024,1024,2800,1024,1,128,[]
149000052,149000052__x1776_y0000,test,clean/149000052__x1776_y0000.bmp,1776,0,1024,1024,2800,1024,2,144,[]
149000054,149000054__x0000_y0000,test,clean/149000054__x0000_y0000.bmp,0,0,1024,1024,2800,1024,0,,[]
149000054,149000054__x0896_y0000,test,clean/149000054__x0896_y0000.bmp,896,0,1024,1024,2800,1024,1,128,[]
149000054,149000054__x1776_y0000,test,clean/149000054__x1776_y0000.bmp,1776,0,1024,1024,2800,1024,2,144,[]
149000077,149000077__x0000_y0000,test,clean/149000077__x0000_y0000.bmp,0,0,1024,1024,2800,1024,0,,[]
149000077,149000077__x0896_y0000,test,clean/149000077__x0896_y0000.bmp,896,0,1024,1024,2800,1024,1,128,[]
149000077,149000077__x1776_y0000,test,clean/149000077__x1776_y0000.bmp,1776,0,1024,1024,2800,1024,2,144,[]
149200008,149200008__x0000_y0000,test,clean/149200008__x0000_y0000.bmp,0,0,1024,1024,2800,1024,0,,[]
149200008,149200008__x0896_y0000,test,clean/149200008__x0896_y0000.bmp,896,0,1024,1024,2800,1024,1,128,[]
149200008,149200008__x1776_y0000,test,clean/149200008__x1776_y0000.bmp,1776,0,1024,1024,2800,1024,2,144,[]
149400003,149400003__x0000_y0000,test,clean/149400003__x0000_y0000.bmp,0,0,1024,1024,2800,1024,0,,[]
149400003,149400003__x0896_y0000,test,clean/149400003__x0896_y0000.bmp,896,0,1024,1024,2800,1024,1,128,[]
149400003,149400003__x1776_y0000,test,clean/149400003__x1776_y0000.bmp,1776,0,1024,1024,2800,1024,2,144,[]
149400007,149400007__x0000_y0000,test,clean/149400007__x0000_y0000.bmp,0,0,1024,1024,2800,1024,0,,[]
149400007,149400007__x0896_y0000,test,clean/149400007__x0896_y0000.bmp,896,0,1024,1024,2800,1024,1,128,[]
149400007,149400007__x1776_y0000,test,clean/149400007__x1776_y0000.bmp,1776,0,1024,1024,2800,1024,2,144,[]
149400012,149400012__x0000_y0000,test,clean/149400012__x0000_y0000.bmp,0,0,1024,1024,2800,1024,0,,[]
149400012,149400012__x0896_y0000,test,clean/149400012__x0896_y0000.bmp,896,0,1024,1024,2800,1024,1,128,[]
149400012,149400012__x1776_y0000,test,clean/149400012__x1776_y0000.bmp,1776,0,1024,1024,2800,1024,2,144,[]
149400047,149400047__x0000_y0000,test,clean/149400047__x0000_y0000.bmp,0,0,1024,1024,2800,1024,0,,[]
149400047,149400047__x0896_y0000,test,clean/149400047__x0896_y0000.bmp,896,0,1024,1024,2800,1024,1,128,[]
149400047,149400047__x1776_y0000,test,clean/149400047__x1776_y0000.bmp,1776,0,1024,1024,2800,1024,2,144,[]
149500001,149500001__x0000_y0000,test,clean/149500001__x0000_y0000.bmp,0,0,1024,1024,2800,1024,0,,[]
149500001,149500001__x0896_y0000,test,clean/149500001__x0896_y0000.bmp,896,0,1024,1024,2800,1024,1,128,[]
149500001,149500001__x1776_y0000,test,clean/149500001__x1776_y0000.bmp,1776,0,1024,1024,2800,1024,2,144,[]
149500019,149500019__x0000_y0000,test,clean/149500019__x0000_y0000.bmp,0,0,1024,1024,2800,1024,0,,[]
149500019,149500019__x0896_y0000,test,clean/149500019__x0896_y0000.bmp,896,0,1024,1024,2800,1024,1,128,[]
149500019,149500019__x1776_y0000,test,clean/149500019__x1776_y0000.bmp,1776,0,1024,1024,2800,1024,2,144,[]
149500029,149500029__x0000_y0000,test,clean/149500029__x0000_y0000.bmp,0,0,1024,1024,2800,1024,0,,[]
149500029,149500029__x0896_y0000,test,clean/149500029__x0896_y0000.bmp,896,0,1024,1024,2800,1024,1,128,[]
149500029,149500029__x1776_y0000,test,clean/149500029__x1776_y0000.bmp,1776,0,1024,1024,2800,1024,2,144,[]
149500065,149500065__x0000_y0000,test,clean/149500065__x0000_y0000.bmp,0,0,1024,1024,2800,1024,0,,[]
149500065,149500065__x0896_y0000,test,clean/149500065__x0896_y0000.bmp,896,0,1024,1024,2800,1024,1,128,[]
149500065,149500065__x1776_y0000,test,clean/149500065__x1776_y0000.bmp,1776,0,1024,1024,2800,1024,2,144,[]
149500073,149500073__x0000_y0000,test,clean/149500073__x0000_y0000.bmp,0,0,1024,1024,2800,1024,0,,[]
149500073,149500073__x0896_y0000,test,clean/149500073__x0896_y0000.bmp,896,0,1024,1024,2800,1024,1,128,[]
149500073,149500073__x1776_y0000,test,clean/149500073__x1776_y0000.bmp,1776,0,1024,1024,2800,1024,2,144,[]
149600063,149600063__x0000_y0000,test,clean/149600063__x0000_y0000.bmp,0,0,1024,1024,2800,1024,0,,[]
149600063,149600063__x0896_y0000,test,clean/149600063__x0896_y0000.bmp,896,0,1024,1024,2800,1024,1,128,[]
149600063,149600063__x1776_y0000,test,clean/149600063__x1776_y0000.bmp,1776,0,1024,1024,2800,1024,2,144,[]
149600064,149600064__x0000_y0000,test,clean/149600064__x0000_y0000.bmp,0,0,1024,1024,2800,1024,0,,[]
149600064,149600064__x0896_y0000,test,clean/149600064__x0896_y0000.bmp,896,0,1024,1024,2800,1024,1,128,[]
149600064,149600064__x1776_y0000,test,clean/149600064__x1776_y0000.bmp,1776,0,1024,1024,2800,1024,2,144,[]
149600075,149600075__x0000_y0000,test,clean/149600075__x0000_y0000.bmp,0,0,1024,1024,2800,1024,0,,[]
149600075,149600075__x0896_y0000,test,clean/149600075__x0896_y0000.bmp,896,0,1024,1024,2800,1024,1,128,[]
149600075,149600075__x1776_y0000,test,clean/149600075__x1776_y0000.bmp,1776,0,1024,1024,2800,1024,2,144,[]
149700002,149700002__x0000_y0000,test,clean/149700002__x0000_y0000.bmp,0,0,1024,1024,2800,1024,0,,[]
149700002,149700002__x0896_y0000,test,clean/149700002__x0896_y0000.bmp,896,0,1024,1024,2800,1024,1,128,[]
149700002,149700002__x1776_y0000,test,clean/149700002__x1776_y0000.bmp,1776,0,1024,1024,2800,1024,2,144,[]
149700015,149700015__x0000_y0000,test,clean/149700015__x0000_y0000.bmp,0,0,1024,1024,2800,1024,0,,[]
149700015,149700015__x0896_y0000,test,clean/149700015__x0896_y0000.bmp,896,0,1024,1024,2800,1024,1,128,[]
149700015,149700015__x1776_y0000,test,clean/149700015__x1776_y0000.bmp,1776,0,1024,1024,2800,1024,2,144,[]
149700016,149700016__x0000_y0000,test,clean/149700016__x0000_y0000.bmp,0,0,1024,1024,2800,1024,0,,[]
149700016,149700016__x0896_y0000,test,clean/149700016__x0896_y0000.bmp,896,0,1024,1024,2800,1024,1,128,[]
149700016,149700016__x1776_y0000,test,clean/149700016__x1776_y0000.bmp,1776,0,1024,1024,2800,1024,2,144,[]
149700019,149700019__x0000_y0000,test,clean/149700019__x0000_y0000.bmp,0,0,1024,1024,2800,1024,0,,[]
149700019,149700019__x0896_y0000,test,clean/149700019__x0896_y0000.bmp,896,0,1024,1024,2800,1024,1,128,[]
149700019,149700019__x1776_y0000,test,clean/149700019__x1776_y0000.bmp,1776,0,1024,1024,2800,1024,2,144,[]
149700027,149700027__x0000_y0000,test,clean/149700027__x0000_y0000.bmp,0,0,1024,1024,2800,1024,0,,[]
149700027,149700027__x0896_y0000,test,clean/149700027__x0896_y0000.bmp,896,0,1024,1024,2800,1024,1,128,[]
149700027,149700027__x1776_y0000,test,clean/149700027__x1776_y0000.bmp,1776,0,1024,1024,2800,1024,2,144,[]
149800035,149800035__x0000_y0000,test,clean/149800035__x0000_y0000.bmp,0,0,1024,1024,2800,1024,0,,[]
149800035,149800035__x0896_y0000,test,clean/149800035__x0896_y0000.bmp,896,0,1024,1024,2800,1024,1,128,[]
149800035,149800035__x1776_y0000,test,clean/149800035__x1776_y0000.bmp,1776,0,1024,1024,2800,1024,2,144,[]
149800037,149800037__x0000_y0000,test,clean/149800037__x0000_y0000.bmp,0,0,1024,1024,2800,1024,0,,[]
149800037,149800037__x0896_y0000,test,clean/149800037__x0896_y0000.bmp,896,0,1024,1024,2800,1024,1,128,[]
149800037,149800037__x1776_y0000,test,clean/149800037__x1776_y0000.bmp,1776,0,1024,1024,2800,1024,2,144,[]
149800050,149800050__x0000_y0000,test,clean/149800050__x0000_y0000.bmp,0,0,1024,1024,2800,1024,0,,[]
149800050,149800050__x0896_y0000,test,clean/149800050__x0896_y0000.bmp,896,0,1024,1024,2800,1024,1,128,[]
149800050,149800050__x1776_y0000,test,clean/149800050__x1776_y0000.bmp,1776,0,1024,1024,2800,1024,2,144,[]
149900006,149900006__x0000_y0000,test,clean/149900006__x0000_y0000.bmp,0,0,1024,1024,2800,1024,0,,[]
149900006,149900006__x0896_y0000,test,clean/149900006__x0896_y0000.bmp,896,0,1024,1024,2800,1024,1,128,[]
149900006,149900006__x1776_y0000,test,clean/149900006__x1776_y0000.bmp,1776,0,1024,1024,2800,1024,2,144,[]
149900083,149900083__x0000_y0000,test,clean/149900083__x0000_y0000.bmp,0,0,1024,1024,2800,1024,0,,[]
149900083,149900083__x0896_y0000,test,clean/149900083__x0896_y0000.bmp,896,0,1024,1024,2800,1024,1,128,[]
149900083,149900083__x1776_y0000,test,clean/149900083__x1776_y0000.bmp,1776,0,1024,1024,2800,1024,2,144,[]
150000011,150000011__x0000_y0000,test,clean/150000011__x0000_y0000.bmp,0,0,1024,1024,2800,1024,0,,[]
150000011,150000011__x0896_y0000,test,clean/150000011__x0896_y0000.bmp,896,0,1024,1024,2800,1024,1,128,[]
150000011,150000011__x1776_y0000,test,clean/150000011__x1776_y0000.bmp,1776,0,1024,1024,2800,1024,2,144,[]
150000026,150000026__x0000_y0000,test,clean/150000026__x0000_y0000.bmp,0,0,1024,1024,2800,1024,0,,[]
150000026,150000026__x0896_y0000,test,clean/150000026__x0896_y0000.bmp,896,0,1024,1024,2800,1024,1,128,[]
150000026,150000026__x1776_y0000,test,clean/150000026__x1776_y0000.bmp,1776,0,1024,1024,2800,1024,2,144,[]
150000068,150000068__x0000_y0000,test,clean/150000068__x0000_y0000.bmp,0,0,1024,1024,2800,1024,0,,[]
150000068,150000068__x0896_y0000,test,clean/150000068__x0896_y0000.bmp,896,0,1024,1024,2800,1024,1,128,[]
150000068,150000068__x1776_y0000,test,clean/150000068__x1776_y0000.bmp,1776,0,1024,1024,2800,1024,2,144,[]
150100050,150100050__x0000_y0000,test,clean/150100050__x0000_y0000.bmp,0,0,1024,1024,2800,1024,0,,[]
150100050,150100050__x0896_y0000,test,clean/150100050__x0896_y0000.bmp,896,0,1024,1024,2800,1024,1,128,[]
150100050,150100050__x1776_y0000,test,clean/150100050__x1776_y0000.bmp,1776,0,1024,1024,2800,1024,2,144,[]
150200071,150200071__x0000_y0000,test,clean/150200071__x0000_y0000.bmp,0,0,1024,1024,2800,1024,0,,[]
150200071,150200071__x0896_y0000,test,clean/150200071__x0896_y0000.bmp,896,0,1024,1024,2800,1024,1,128,[]
150200071,150200071__x1776_y0000,test,clean/150200071__x1776_y0000.bmp,1776,0,1024,1024,2800,1024,2,144,[]
150400002,150400002__x0000_y0000,test,clean/150400002__x0000_y0000.bmp,0,0,1024,1024,2800,1024,0,,[]
150400002,150400002__x0896_y0000,test,clean/150400002__x0896_y0000.bmp,896,0,1024,1024,2800,1024,1,128,[]
150400002,150400002__x1776_y0000,test,clean/150400002__x1776_y0000.bmp,1776,0,1024,1024,2800,1024,2,144,[]
150400007,150400007__x0000_y0000,test,clean/150400007__x0000_y0000.bmp,0,0,1024,1024,2800,1024,0,,[]
150400007,150400007__x0896_y0000,test,clean/150400007__x0896_y0000.bmp,896,0,1024,1024,2800,1024,1,128,[]
150400007,150400007__x1776_y0000,test,clean/150400007__x1776_y0000.bmp,1776,0,1024,1024,2800,1024,2,144,[]
150400010,150400010__x0000_y0000,test,clean/150400010__x0000_y0000.bmp,0,0,1024,1024,2800,1024,0,,[]
150400010,150400010__x0896_y0000,test,clean/150400010__x0896_y0000.bmp,896,0,1024,1024,2800,1024,1,128,[]
150400010,150400010__x1776_y0000,test,clean/150400010__x1776_y0000.bmp,1776,0,1024,1024,2800,1024,2,144,[]
150400013,150400013__x0000_y0000,test,clean/150400013__x0000_y0000.bmp,0,0,1024,1024,2800,1024,0,,[]
150400013,150400013__x0896_y0000,test,clean/150400013__x0896_y0000.bmp,896,0,1024,1024,2800,1024,1,128,[]
150400013,150400013__x1776_y0000,test,clean/150400013__x1776_y0000.bmp,1776,0,1024,1024,2800,1024,2,144,[]
150400018,150400018__x0000_y0000,test,clean/150400018__x0000_y0000.bmp,0,0,1024,1024,2800,1024,0,,[]
150400018,150400018__x0896_y0000,test,clean/150400018__x0896_y0000.bmp,896,0,1024,1024,2800,1024,1,128,[]
150400018,150400018__x1776_y0000,test,clean/150400018__x1776_y0000.bmp,1776,0,1024,1024,2800,1024,2,144,[]
150400019,150400019__x0000_y0000,test,clean/150400019__x0000_y0000.bmp,0,0,1024,1024,2800,1024,0,,[]
150400019,150400019__x0896_y0000,test,clean/150400019__x0896_y0000.bmp,896,0,1024,1024,2800,1024,1,128,[]
150400019,150400019__x1776_y0000,test,clean/150400019__x1776_y0000.bmp,1776,0,1024,1024,2800,1024,2,144,[]
150400021,150400021__x0000_y0000,test,clean/150400021__x0000_y0000.bmp,0,0,1024,1024,2800,1024,0,,[]
150400021,150400021__x0896_y0000,test,clean/150400021__x0896_y0000.bmp,896,0,1024,1024,2800,1024,1,128,[]
150400021,150400021__x1776_y0000,test,clean/150400021__x1776_y0000.bmp,1776,0,1024,1024,2800,1024,2,144,[]
150400023,150400023__x0000_y0000,test,clean/150400023__x0000_y0000.bmp,0,0,1024,1024,2800,1024,0,,[]
150400023,150400023__x0896_y0000,test,clean/150400023__x0896_y0000.bmp,896,0,1024,1024,2800,1024,1,128,[]
150400023,150400023__x1776_y0000,test,clean/150400023__x1776_y0000.bmp,1776,0,1024,1024,2800,1024,2,144,[]
150400038,150400038__x0000_y0000,test,clean/150400038__x0000_y0000.bmp,0,0,1024,1024,2800,1024,0,,[]
150400038,150400038__x0896_y0000,test,clean/150400038__x0896_y0000.bmp,896,0,1024,1024,2800,1024,1,128,[]
150400038,150400038__x1776_y0000,test,clean/150400038__x1776_y0000.bmp,1776,0,1024,1024,2800,1024,2,144,[]
150400044,150400044__x0000_y0000,test,clean/150400044__x0000_y0000.bmp,0,0,1024,1024,2800,1024,0,,[]
150400044,150400044__x0896_y0000,test,clean/150400044__x0896_y0000.bmp,896,0,1024,1024,2800,1024,1,128,[]
150400044,150400044__x1776_y0000,test,clean/150400044__x1776_y0000.bmp,1776,0,1024,1024,2800,1024,2,144,[]
150400077,150400077__x0000_y0000,test,clean/150400077__x0000_y0000.bmp,0,0,1024,1024,2800,1024,0,,[]
150400077,150400077__x0896_y0000,test,clean/150400077__x0896_y0000.bmp,896,0,1024,1024,2800,1024,1,128,[]
150400077,150400077__x1776_y0000,test,clean/150400077__x1776_y0000.bmp,1776,0,1024,1024,2800,1024,2,144,[]
150600006,150600006__x0000_y0000,test,clean/150600006__x0000_y0000.bmp,0,0,1024,1024,2800,1024,0,,[]
150600006,150600006__x0896_y0000,test,clean/150600006__x0896_y0000.bmp,896,0,1024,1024,2800,1024,1,128,[]
150600006,150600006__x1776_y0000,test,clean/150600006__x1776_y0000.bmp,1776,0,1024,1024,2800,1024,2,144,[]
150600024,150600024__x0000_y0000,test,clean/150600024__x0000_y0000.bmp,0,0,1024,1024,2800,1024,0,,[]
150600024,150600024__x0896_y0000,test,clean/150600024__x0896_y0000.bmp,896,0,1024,1024,2800,1024,1,128,[]
150600024,150600024__x1776_y0000,test,clean/150600024__x1776_y0000.bmp,1776,0,1024,1024,2800,1024,2,144,[]
150600056,150600056__x0000_y0000,test,clean/150600056__x0000_y0000.bmp,0,0,1024,1024,2800,1024,0,,[]
150600056,150600056__x0896_y0000,test,clean/150600056__x0896_y0000.bmp,896,0,1024,1024,2800,1024,1,128,[]
150600056,150600056__x1776_y0000,test,clean/150600056__x1776_y0000.bmp,1776,0,1024,1024,2800,1024,2,144,[]
150700014,150700014__x0000_y0000,test,clean/150700014__x0000_y0000.bmp,0,0,1024,1024,2800,1024,0,,[]
150700014,150700014__x0896_y0000,test,clean/150700014__x0896_y0000.bmp,896,0,1024,1024,2800,1024,1,128,[]
150700014,150700014__x1776_y0000,test,clean/150700014__x1776_y0000.bmp,1776,0,1024,1024,2800,1024,2,144,[]
150700019,150700019__x0000_y0000,test,clean/150700019__x0000_y0000.bmp,0,0,1024,1024,2800,1024,0,,[]
150700019,150700019__x0896_y0000,test,clean/150700019__x0896_y0000.bmp,896,0,1024,1024,2800,1024,1,128,[]
150700019,150700019__x1776_y0000,test,clean/150700019__x1776_y0000.bmp,1776,0,1024,1024,2800,1024,2,144,[]
150700020,150700020__x0000_y0000,test,clean/150700020__x0000_y0000.bmp,0,0,1024,1024,2800,1024,0,,[]
150700020,150700020__x0896_y0000,test,clean/150700020__x0896_y0000.bmp,896,0,1024,1024,2800,1024,1,128,[]
150700020,150700020__x1776_y0000,test,clean/150700020__x1776_y0000.bmp,1776,0,1024,1024,2800,1024,2,144,[]
150700032,150700032__x0000_y0000,test,clean/150700032__x0000_y0000.bmp,0,0,1024,1024,2800,1024,0,,[]
150700032,150700032__x0896_y0000,test,clean/150700032__x0896_y0000.bmp,896,0,1024,1024,2800,1024,1,128,[]
150700032,150700032__x1776_y0000,test,clean/150700032__x1776_y0000.bmp,1776,0,1024,1024,2800,1024,2,144,[]
150700037,150700037__x0000_y0000,test,clean/150700037__x0000_y0000.bmp,0,0,1024,1024,2800,1024,0,,[]
150700037,150700037__x0896_y0000,test,clean/150700037__x0896_y0000.bmp,896,0,1024,1024,2800,1024,1,128,[]
150700037,150700037__x1776_y0000,test,clean/150700037__x1776_y0000.bmp,1776,0,1024,1024,2800,1024,2,144,[]
150700040,150700040__x0000_y0000,test,clean/150700040__x0000_y0000.bmp,0,0,1024,1024,2800,1024,0,,[]
150700040,150700040__x0896_y0000,test,clean/150700040__x0896_y0000.bmp,896,0,1024,1024,2800,1024,1,128,[]
150700040,150700040__x1776_y0000,test,clean/150700040__x1776_y0000.bmp,1776,0,1024,1024,2800,1024,2,144,[]
150800027,150800027__x0000_y0000,test,clean/150800027__x0000_y0000.bmp,0,0,1024,1024,2800,1024,0,,[]
150800027,150800027__x0896_y0000,test,clean/150800027__x0896_y0000.bmp,896,0,1024,1024,2800,1024,1,128,[]
150800027,150800027__x1776_y0000,test,clean/150800027__x1776_y0000.bmp,1776,0,1024,1024,2800,1024,2,144,[]
150800054,150800054__x0000_y0000,test,clean/150800054__x0000_y0000.bmp,0,0,1024,1024,2800,1024,0,,[]
150800054,150800054__x0896_y0000,test,clean/150800054__x0896_y0000.bmp,896,0,1024,1024,2800,1024,1,128,[]
150800054,150800054__x1776_y0000,test,clean/150800054__x1776_y0000.bmp,1776,0,1024,1024,2800,1024,2,144,[]
150800060,150800060__x0000_y0000,test,clean/150800060__x0000_y0000.bmp,0,0,1024,1024,2800,1024,0,,[]
150800060,150800060__x0896_y0000,test,clean/150800060__x0896_y0000.bmp,896,0,1024,1024,2800,1024,1,128,[]
150800060,150800060__x1776_y0000,test,clean/150800060__x1776_y0000.bmp,1776,0,1024,1024,2800,1024,2,144,[]
150800062,150800062__x0000_y0000,test,clean/150800062__x0000_y0000.bmp,0,0,1024,1024,2800,1024,0,,[]
150800062,150800062__x0896_y0000,test,clean/150800062__x0896_y0000.bmp,896,0,1024,1024,2800,1024,1,128,[]
150800062,150800062__x1776_y0000,test,clean/150800062__x1776_y0000.bmp,1776,0,1024,1024,2800,1024,2,144,[]
150800063,150800063__x0000_y0000,test,clean/150800063__x0000_y0000.bmp,0,0,1024,1024,2800,1024,0,,[]
150800063,150800063__x0896_y0000,test,clean/150800063__x0896_y0000.bmp,896,0,1024,1024,2800,1024,1,128,[]
150800063,150800063__x1776_y0000,test,clean/150800063__x1776_y0000.bmp,1776,0,1024,1024,2800,1024,2,144,[]
150800064,150800064__x0000_y0000,test,clean/150800064__x0000_y0000.bmp,0,0,1024,1024,2800,1024,0,,[]
150800064,150800064__x0896_y0000,test,clean/150800064__x0896_y0000.bmp,896,0,1024,1024,2800,1024,1,128,[]
150800064,150800064__x1776_y0000,test,clean/150800064__x1776_y0000.bmp,1776,0,1024,1024,2800,1024,2,144,[]
150800067,150800067__x0000_y0000,test,clean/150800067__x0000_y0000.bmp,0,0,1024,1024,2800,1024,0,,[]
150800067,150800067__x0896_y0000,test,clean/150800067__x0896_y0000.bmp,896,0,1024,1024,2800,1024,1,128,[]
150800067,150800067__x1776_y0000,test,clean/150800067__x1776_y0000.bmp,1776,0,1024,1024,2800,1024,2,144,[]
150800079,150800079__x0000_y0000,test,clean/150800079__x0000_y0000.bmp,0,0,1024,1024,2800,1024,0,,[]
150800079,150800079__x0896_y0000,test,clean/150800079__x0896_y0000.bmp,896,0,1024,1024,2800,1024,1,128,[]
150800079,150800079__x1776_y0000,test,clean/150800079__x1776_y0000.bmp,1776,0,1024,1024,2800,1024,2,144,[]
150900008,150900008__x0000_y0000,test,clean/150900008__x0000_y0000.bmp,0,0,1024,1024,2800,1024,0,,[]
150900008,150900008__x0896_y0000,test,clean/150900008__x0896_y0000.bmp,896,0,1024,1024,2800,1024,1,128,[]
150900008,150900008__x1776_y0000,test,clean/150900008__x1776_y0000.bmp,1776,0,1024,1024,2800,1024,2,144,[]
150900013,150900013__x0000_y0000,test,clean/150900013__x0000_y0000.bmp,0,0,1024,1024,2800,1024,0,,[]
150900013,150900013__x0896_y0000,test,clean/150900013__x0896_y0000.bmp,896,0,1024,1024,2800,1024,1,128,[]
150900013,150900013__x1776_y0000,test,clean/150900013__x1776_y0000.bmp,1776,0,1024,1024,2800,1024,2,144,[]
150900018,150900018__x0000_y0000,test,clean/150900018__x0000_y0000.bmp,0,0,1024,1024,2800,1024,0,,[]
150900018,150900018__x0896_y0000,test,clean/150900018__x0896_y0000.bmp,896,0,1024,1024,2800,1024,1,128,[]
150900018,150900018__x1776_y0000,test,clean/150900018__x1776_y0000.bmp,1776,0,1024,1024,2800,1024,2,144,[]
150900019,150900019__x0000_y0000,test,clean/150900019__x0000_y0000.bmp,0,0,1024,1024,2800,1024,0,,[]
150900019,150900019__x0896_y0000,test,clean/150900019__x0896_y0000.bmp,896,0,1024,1024,2800,1024,1,128,[]
150900019,150900019__x1776_y0000,test,clean/150900019__x1776_y0000.bmp,1776,0,1024,1024,2800,1024,2,144,[]
150900026,150900026__x0000_y0000,test,clean/150900026__x0000_y0000.bmp,0,0,1024,1024,2800,1024,0,,[]
150900026,150900026__x0896_y0000,test,clean/150900026__x0896_y0000.bmp,896,0,1024,1024,2800,1024,1,128,[]
150900026,150900026__x1776_y0000,test,clean/150900026__x1776_y0000.bmp,1776,0,1024,1024,2800,1024,2,144,[]
150900028,150900028__x0000_y0000,test,clean/150900028__x0000_y0000.bmp,0,0,1024,1024,2800,1024,0,,[]
150900028,150900028__x0896_y0000,test,clean/150900028__x0896_y0000.bmp,896,0,1024,1024,2800,1024,1,128,[]
150900028,150900028__x1776_y0000,test,clean/150900028__x1776_y0000.bmp,1776,0,1024,1024,2800,1024,2,144,[]
150900038,150900038__x0000_y0000,test,clean/150900038__x0000_y0000.bmp,0,0,1024,1024,2800,1024,0,,[]
150900038,150900038__x0896_y0000,test,clean/150900038__x0896_y0000.bmp,896,0,1024,1024,2800,1024,1,128,[]
150900038,150900038__x1776_y0000,test,clean/150900038__x1776_y0000.bmp,1776,0,1024,1024,2800,1024,2,144,[]
150900059,150900059__x0000_y0000,test,clean/150900059__x0000_y0000.bmp,0,0,1024,1024,2800,1024,0,,[]
150900059,150900059__x0896_y0000,test,clean/150900059__x0896_y0000.bmp,896,0,1024,1024,2800,1024,1,128,[]
150900059,150900059__x1776_y0000,test,clean/150900059__x1776_y0000.bmp,1776,0,1024,1024,2800,1024,2,144,[]
151000042,151000042__x0000_y0000,test,clean/151000042__x0000_y0000.bmp,0,0,1024,1024,2800,1024,0,,[]
151000042,151000042__x0896_y0000,test,clean/151000042__x0896_y0000.bmp,896,0,1024,1024,2800,1024,1,128,[]
151000042,151000042__x1776_y0000,test,clean/151000042__x1776_y0000.bmp,1776,0,1024,1024,2800,1024,2,144,[]
151000051,151000051__x0000_y0000,test,clean/151000051__x0000_y0000.bmp,0,0,1024,1024,2800,1024,0,,[]
151000051,151000051__x0896_y0000,test,clean/151000051__x0896_y0000.bmp,896,0,1024,1024,2800,1024,1,128,[]
151000051,151000051__x1776_y0000,test,clean/151000051__x1776_y0000.bmp,1776,0,1024,1024,2800,1024,2,144,[]
151000057,151000057__x0000_y0000,test,clean/151000057__x0000_y0000.bmp,0,0,1024,1024,2800,1024,0,,[]
151000057,151000057__x0896_y0000,test,clean/151000057__x0896_y0000.bmp,896,0,1024,1024,2800,1024,1,128,[]
151000057,151000057__x1776_y0000,test,clean/151000057__x1776_y0000.bmp,1776,0,1024,1024,2800,1024,2,144,[]
151000067,151000067__x0000_y0000,test,clean/151000067__x0000_y0000.bmp,0,0,1024,1024,2800,1024,0,,[]
151000067,151000067__x0896_y0000,test,clean/151000067__x0896_y0000.bmp,896,0,1024,1024,2800,1024,1,128,[]
151000067,151000067__x1776_y0000,test,clean/151000067__x1776_y0000.bmp,1776,0,1024,1024,2800,1024,2,144,[]
151100002,151100002__x0000_y0000,test,clean/151100002__x0000_y0000.bmp,0,0,1024,1024,2800,1024,0,,[]
151100002,151100002__x0896_y0000,test,clean/151100002__x0896_y0000.bmp,896,0,1024,1024,2800,1024,1,128,[]
151100002,151100002__x1776_y0000,test,clean/151100002__x1776_y0000.bmp,1776,0,1024,1024,2800,1024,2,144,[]
151100003,151100003__x0000_y0000,test,clean/151100003__x0000_y0000.bmp,0,0,1024,1024,2800,1024,0,,[]
151100003,151100003__x0896_y0000,test,clean/151100003__x0896_y0000.bmp,896,0,1024,1024,2800,1024,1,128,[]
151100003,151100003__x1776_y0000,test,clean/151100003__x1776_y0000.bmp,1776,0,1024,1024,2800,1024,2,144,[]
151100005,151100005__x0000_y0000,test,clean/151100005__x0000_y0000.bmp,0,0,1024,1024,2800,1024,0,,[]
151100005,151100005__x0896_y0000,test,clean/151100005__x0896_y0000.bmp,896,0,1024,1024,2800,1024,1,128,[]
151100005,151100005__x1776_y0000,test,clean/151100005__x1776_y0000.bmp,1776,0,1024,1024,2800,1024,2,144,[]
151100006,151100006__x0000_y0000,test,clean/151100006__x0000_y0000.bmp,0,0,1024,1024,2800,1024,0,,[]
151100006,151100006__x0896_y0000,test,clean/151100006__x0896_y0000.bmp,896,0,1024,1024,2800,1024,1,128,[]
151100006,151100006__x1776_y0000,test,clean/151100006__x1776_y0000.bmp,1776,0,1024,1024,2800,1024,2,144,[]
151100007,151100007__x0000_y0000,test,clean/151100007__x0000_y0000.bmp,0,0,1024,1024,2800,1024,0,,[]
151100007,151100007__x0896_y0000,test,clean/151100007__x0896_y0000.bmp,896,0,1024,1024,2800,1024,1,128,[]
151100007,151100007__x1776_y0000,test,clean/151100007__x1776_y0000.bmp,1776,0,1024,1024,2800,1024,2,144,[]
151100013,151100013__x0000_y0000,test,clean/151100013__x0000_y0000.bmp,0,0,1024,1024,2800,1024,0,,[]
151100013,151100013__x0896_y0000,test,clean/151100013__x0896_y0000.bmp,896,0,1024,1024,2800,1024,1,128,[]
151100013,151100013__x1776_y0000,test,clean/151100013__x1776_y0000.bmp,1776,0,1024,1024,2800,1024,2,144,[]
151100019,151100019__x0000_y0000,test,clean/151100019__x0000_y0000.bmp,0,0,1024,1024,2800,1024,0,,[]
151100019,151100019__x0896_y0000,test,clean/151100019__x0896_y0000.bmp,896,0,1024,1024,2800,1024,1,128,[]
151100019,151100019__x1776_y0000,test,clean/151100019__x1776_y0000.bmp,1776,0,1024,1024,2800,1024,2,144,[]
151100020,151100020__x0000_y0000,test,clean/151100020__x0000_y0000.bmp,0,0,1024,1024,2800,1024,0,,[]
151100020,151100020__x0896_y0000,test,clean/151100020__x0896_y0000.bmp,896,0,1024,1024,2800,1024,1,128,[]
151100020,151100020__x1776_y0000,test,clean/151100020__x1776_y0000.bmp,1776,0,1024,1024,2800,1024,2,144,[]
151900020,151900020__x0000_y0000,test,clean/151900020__x0000_y0000.bmp,0,0,1024,1024,2800,1024,0,,[]
151900020,151900020__x0896_y0000,test,clean/151900020__x0896_y0000.bmp,896,0,1024,1024,2800,1024,1,128,[]
151900020,151900020__x1776_y0000,test,clean/151900020__x1776_y0000.bmp,1776,0,1024,1024,2800,1024,2,144,[]
151900022,151900022__x0000_y0000,test,clean/151900022__x0000_y0000.bmp,0,0,1024,1024,2800,1024,0,,[]
151900022,151900022__x0896_y0000,test,clean/151900022__x0896_y0000.bmp,896,0,1024,1024,2800,1024,1,128,[]
151900022,151900022__x1776_y0000,test,clean/151900022__x1776_y0000.bmp,1776,0,1024,1024,2800,1024,2,144,[]
151900055,151900055__x0000_y0000,test,clean/151900055__x0000_y0000.bmp,0,0,1024,1024,2800,1024,0,,[]
151900055,151900055__x0896_y0000,test,clean/151900055__x0896_y0000.bmp,896,0,1024,1024,2800,1024,1,128,[]
151900055,151900055__x1776_y0000,test,clean/151900055__x1776_y0000.bmp,1776,0,1024,1024,2800,1024,2,144,[]
151900063,151900063__x0000_y0000,test,clean/151900063__x0000_y0000.bmp,0,0,1024,1024,2800,1024,0,,[]
151900063,151900063__x0896_y0000,test,clean/151900063__x0896_y0000.bmp,896,0,1024,1024,2800,1024,1,128,[]
151900063,151900063__x1776_y0000,test,clean/151900063__x1776_y0000.bmp,1776,0,1024,1024,2800,1024,2,144,[]
151900082,151900082__x0000_y0000,test,clean/151900082__x0000_y0000.bmp,0,0,1024,1024,2800,1024,0,,[]
151900082,151900082__x0896_y0000,test,clean/151900082__x0896_y0000.bmp,896,0,1024,1024,2800,1024,1,128,[]
151900082,151900082__x1776_y0000,test,clean/151900082__x1776_y0000.bmp,1776,0,1024,1024,2800,1024,2,144,[]
152000001,152000001__x0000_y0000,test,clean/152000001__x0000_y0000.bmp,0,0,1024,1024,2800,1024,0,,[]
152000001,152000001__x0896_y0000,test,clean/152000001__x0896_y0000.bmp,896,0,1024,1024,2800,1024,1,128,[]
152000001,152000001__x1776_y0000,test,clean/152000001__x1776_y0000.bmp,1776,0,1024,1024,2800,1024,2,144,[]
152000002,152000002__x0000_y0000,test,clean/152000002__x0000_y0000.bmp,0,0,1024,1024,2800,1024,0,,[]
152000002,152000002__x0896_y0000,test,clean/152000002__x0896_y0000.bmp,896,0,1024,1024,2800,1024,1,128,[]
152000002,152000002__x1776_y0000,test,clean/152000002__x1776_y0000.bmp,1776,0,1024,1024,2800,1024,2,144,[]
152000010,152000010__x0000_y0000,test,clean/152000010__x0000_y0000.bmp,0,0,1024,1024,2800,1024,0,,[]
152000010,152000010__x0896_y0000,test,clean/152000010__x0896_y0000.bmp,896,0,1024,1024,2800,1024,1,128,[]
152000010,152000010__x1776_y0000,test,clean/152000010__x1776_y0000.bmp,1776,0,1024,1024,2800,1024,2,144,[]
152000052,152000052__x0000_y0000,test,clean/152000052__x0000_y0000.bmp,0,0,1024,1024,2800,1024,0,,[]
152000052,152000052__x0896_y0000,test,clean/152000052__x0896_y0000.bmp,896,0,1024,1024,2800,1024,1,128,[]
152000052,152000052__x1776_y0000,test,clean/152000052__x1776_y0000.bmp,1776,0,1024,1024,2800,1024,2,144,[]
152100004,152100004__x0000_y0000,test,clean/152100004__x0000_y0000.bmp,0,0,1024,1024,2800,1024,0,,[]
152100004,152100004__x0896_y0000,test,clean/152100004__x0896_y0000.bmp,896,0,1024,1024,2800,1024,1,128,[]
152100004,152100004__x1776_y0000,test,clean/152100004__x1776_y0000.bmp,1776,0,1024,1024,2800,1024,2,144,[]
152100037,152100037__x0000_y0000,test,clean/152100037__x0000_y0000.bmp,0,0,1024,1024,2800,1024,0,,[]
152100037,152100037__x0896_y0000,test,clean/152100037__x0896_y0000.bmp,896,0,1024,1024,2800,1024,1,128,[]
152100037,152100037__x1776_y0000,test,clean/152100037__x1776_y0000.bmp,1776,0,1024,1024,2800,1024,2,144,[]
152100039,152100039__x0000_y0000,test,clean/152100039__x0000_y0000.bmp,0,0,1024,1024,2800,1024,0,,[]
152100039,152100039__x0896_y0000,test,clean/152100039__x0896_y0000.bmp,896,0,1024,1024,2800,1024,1,128,[]
152100039,152100039__x1776_y0000,test,clean/152100039__x1776_y0000.bmp,1776,0,1024,1024,2800,1024,2,144,[]
152100056,152100056__x0000_y0000,test,clean/152100056__x0000_y0000.bmp,0,0,1024,1024,2800,1024,0,,[]
152100056,152100056__x0896_y0000,test,clean/152100056__x0896_y0000.bmp,896,0,1024,1024,2800,1024,1,128,[]
152100056,152100056__x1776_y0000,test,clean/152100056__x1776_y0000.bmp,1776,0,1024,1024,2800,1024,2,144,[]
152300040,152300040__x0000_y0000,test,clean/152300040__x0000_y0000.bmp,0,0,1024,1024,2800,1024,0,,[]
152300040,152300040__x0896_y0000,test,clean/152300040__x0896_y0000.bmp,896,0,1024,1024,2800,1024,1,128,[]
152300040,152300040__x1776_y0000,test,clean/152300040__x1776_y0000.bmp,1776,0,1024,1024,2800,1024,2,144,[]
152300044,152300044__x0000_y0000,test,clean/152300044__x0000_y0000.bmp,0,0,1024,1024,2800,1024,0,,[]
152300044,152300044__x0896_y0000,test,clean/152300044__x0896_y0000.bmp,896,0,1024,1024,2800,1024,1,128,[]
152300044,152300044__x1776_y0000,test,clean/152300044__x1776_y0000.bmp,1776,0,1024,1024,2800,1024,2,144,[]
152300052,152300052__x0000_y0000,test,clean/152300052__x0000_y0000.bmp,0,0,1024,1024,2800,1024,0,,[]
152300052,152300052__x0896_y0000,test,clean/152300052__x0896_y0000.bmp,896,0,1024,1024,2800,1024,1,128,[]
152300052,152300052__x1776_y0000,test,clean/152300052__x1776_y0000.bmp,1776,0,1024,1024,2800,1024,2,144,[]
152300059,152300059__x0000_y0000,test,clean/152300059__x0000_y0000.bmp,0,0,1024,1024,2800,1024,0,,[]
152300059,152300059__x0896_y0000,test,clean/152300059__x0896_y0000.bmp,896,0,1024,1024,2800,1024,1,128,[]
152300059,152300059__x1776_y0000,test,clean/152300059__x1776_y0000.bmp,1776,0,1024,1024,2800,1024,2,144,[]
152300063,152300063__x0000_y0000,test,clean/152300063__x0000_y0000.bmp,0,0,1024,1024,2800,1024,0,,[]
152300063,152300063__x0896_y0000,test,clean/152300063__x0896_y0000.bmp,896,0,1024,1024,2800,1024,1,128,[]
152300063,152300063__x1776_y0000,test,clean/152300063__x1776_y0000.bmp,1776,0,1024,1024,2800,1024,2,144,[]
152300067,152300067__x0000_y0000,test,clean/152300067__x0000_y0000.bmp,0,0,1024,1024,2800,1024,0,,[]
152300067,152300067__x0896_y0000,test,clean/152300067__x0896_y0000.bmp,896,0,1024,1024,2800,1024,1,128,[]
152300067,152300067__x1776_y0000,test,clean/152300067__x1776_y0000.bmp,1776,0,1024,1024,2800,1024,2,144,[]
152300083,152300083__x0000_y0000,test,clean/152300083__x0000_y0000.bmp,0,0,1024,1024,2800,1024,0,,[]
152300083,152300083__x0896_y0000,test,clean/152300083__x0896_y0000.bmp,896,0,1024,1024,2800,1024,1,128,[]
152300083,152300083__x1776_y0000,test,clean/152300083__x1776_y0000.bmp,1776,0,1024,1024,2800,1024,2,144,[]
152400015,152400015__x0000_y0000,test,clean/152400015__x0000_y0000.bmp,0,0,1024,1024,2800,1024,0,,[]
152400015,152400015__x0896_y0000,test,clean/152400015__x0896_y0000.bmp,896,0,1024,1024,2800,1024,1,128,[]
152400015,152400015__x1776_y0000,test,clean/152400015__x1776_y0000.bmp,1776,0,1024,1024,2800,1024,2,144,[]
152400023,152400023__x0000_y0000,test,clean/152400023__x0000_y0000.bmp,0,0,1024,1024,2800,1024,0,,[]
152400023,152400023__x0896_y0000,test,clean/152400023__x0896_y0000.bmp,896,0,1024,1024,2800,1024,1,128,[]
152400023,152400023__x1776_y0000,test,clean/152400023__x1776_y0000.bmp,1776,0,1024,1024,2800,1024,2,144,[]
152400066,152400066__x0000_y0000,test,clean/152400066__x0000_y0000.bmp,0,0,1024,1024,2800,1024,0,,[]
152400066,152400066__x0896_y0000,test,clean/152400066__x0896_y0000.bmp,896,0,1024,1024,2800,1024,1,128,[]
152400066,152400066__x1776_y0000,test,clean/152400066__x1776_y0000.bmp,1776,0,1024,1024,2800,1024,2,144,[]
152400068,152400068__x0000_y0000,test,clean/152400068__x0000_y0000.bmp,0,0,1024,1024,2800,1024,0,,[]
152400068,152400068__x0896_y0000,test,clean/152400068__x0896_y0000.bmp,896,0,1024,1024,2800,1024,1,128,[]
152400068,152400068__x1776_y0000,test,clean/152400068__x1776_y0000.bmp,1776,0,1024,1024,2800,1024,2,144,[]
152400070,152400070__x0000_y0000,test,clean/152400070__x0000_y0000.bmp,0,0,1024,1024,2800,1024,0,,[]
152400070,152400070__x0896_y0000,test,clean/152400070__x0896_y0000.bmp,896,0,1024,1024,2800,1024,1,128,[]
152400070,152400070__x1776_y0000,test,clean/152400070__x1776_y0000.bmp,1776,0,1024,1024,2800,1024,2,144,[]
152400076,152400076__x0000_y0000,test,clean/152400076__x0000_y0000.bmp,0,0,1024,1024,2800,1024,0,,[]
152400076,152400076__x0896_y0000,test,clean/152400076__x0896_y0000.bmp,896,0,1024,1024,2800,1024,1,128,[]
152400076,152400076__x1776_y0000,test,clean/152400076__x1776_y0000.bmp,1776,0,1024,1024,2800,1024,2,144,[]
152400077,152400077__x0000_y0000,test,clean/152400077__x0000_y0000.bmp,0,0,1024,1024,2800,1024,0,,[]
152400077,152400077__x0896_y0000,test,clean/152400077__x0896_y0000.bmp,896,0,1024,1024,2800,1024,1,128,[]
152400077,152400077__x1776_y0000,test,clean/152400077__x1776_y0000.bmp,1776,0,1024,1024,2800,1024,2,144,[]
152400078,152400078__x0000_y0000,test,clean/152400078__x0000_y0000.bmp,0,0,1024,1024,2800,1024,0,,[]
152400078,152400078__x0896_y0000,test,clean/152400078__x0896_y0000.bmp,896,0,1024,1024,2800,1024,1,128,[]
152400078,152400078__x1776_y0000,test,clean/152400078__x1776_y0000.bmp,1776,0,1024,1024,2800,1024,2,144,[]
152400083,152400083__x0000_y0000,test,clean/152400083__x0000_y0000.bmp,0,0,1024,1024,2800,1024,0,,[]
152400083,152400083__x0896_y0000,test,clean/152400083__x0896_y0000.bmp,896,0,1024,1024,2800,1024,1,128,[]
152400083,152400083__x1776_y0000,test,clean/152400083__x1776_y0000.bmp,1776,0,1024,1024,2800,1024,2,144,[]
152600048,152600048__x0000_y0000,test,clean/152600048__x0000_y0000.bmp,0,0,1024,1024,2800,1024,0,,[]
152600048,152600048__x0896_y0000,test,clean/152600048__x0896_y0000.bmp,896,0,1024,1024,2800,1024,1,128,[]
152600048,152600048__x1776_y0000,test,clean/152600048__x1776_y0000.bmp,1776,0,1024,1024,2800,1024,2,144,[]
152700004,152700004__x0000_y0000,test,clean/152700004__x0000_y0000.bmp,0,0,1024,1024,2725,1024,0,,[]
152700004,152700004__x0896_y0000,test,clean/152700004__x0896_y0000.bmp,896,0,1024,1024,2725,1024,1,128,[]
152700004,152700004__x1701_y0000,test,clean/152700004__x1701_y0000.bmp,1701,0,1024,1024,2725,1024,2,219,[]
152700012,152700012__x0000_y0000,test,clean/152700012__x0000_y0000.bmp,0,0,1024,1024,2800,1024,0,,[]
152700012,152700012__x0896_y0000,test,clean/152700012__x0896_y0000.bmp,896,0,1024,1024,2800,1024,1,128,[]
152700012,152700012__x1776_y0000,test,clean/152700012__x1776_y0000.bmp,1776,0,1024,1024,2800,1024,2,144,[]
152700023,152700023__x0000_y0000,test,clean/152700023__x0000_y0000.bmp,0,0,1024,1024,2800,1024,0,,[]
152700023,152700023__x0896_y0000,test,clean/152700023__x0896_y0000.bmp,896,0,1024,1024,2800,1024,1,128,[]
152700023,152700023__x1776_y0000,test,clean/152700023__x1776_y0000.bmp,1776,0,1024,1024,2800,1024,2,144,[]
152700026,152700026__x0000_y0000,test,clean/152700026__x0000_y0000.bmp,0,0,1024,1024,2800,1024,0,,[]
152700026,152700026__x0896_y0000,test,clean/152700026__x0896_y0000.bmp,896,0,1024,1024,2800,1024,1,128,[]
152700026,152700026__x1776_y0000,test,clean/152700026__x1776_y0000.bmp,1776,0,1024,1024,2800,1024,2,144,[]
152700063,152700063__x0000_y0000,test,clean/152700063__x0000_y0000.bmp,0,0,1024,1024,2800,1024,0,,[]
152700063,152700063__x0896_y0000,test,clean/152700063__x0896_y0000.bmp,896,0,1024,1024,2800,1024,1,128,[]
152700063,152700063__x1776_y0000,test,clean/152700063__x1776_y0000.bmp,1776,0,1024,1024,2800,1024,2,144,[]
152800054,152800054__x0000_y0000,test,clean/152800054__x0000_y0000.bmp,0,0,1024,1024,2800,1024,0,,[]
152800054,152800054__x0896_y0000,test,clean/152800054__x0896_y0000.bmp,896,0,1024,1024,2800,1024,1,128,[]
152800054,152800054__x1776_y0000,test,clean/152800054__x1776_y0000.bmp,1776,0,1024,1024,2800,1024,2,144,[]
152800055,152800055__x0000_y0000,test,clean/152800055__x0000_y0000.bmp,0,0,1024,1024,2800,1024,0,,[]
152800055,152800055__x0896_y0000,test,clean/152800055__x0896_y0000.bmp,896,0,1024,1024,2800,1024,1,128,[]
152800055,152800055__x1776_y0000,test,clean/152800055__x1776_y0000.bmp,1776,0,1024,1024,2800,1024,2,144,[]
152900004,152900004__x0000_y0000,test,clean/152900004__x0000_y0000.bmp,0,0,1024,1024,2800,1024,0,,[]
152900004,152900004__x0896_y0000,test,clean/152900004__x0896_y0000.bmp,896,0,1024,1024,2800,1024,1,128,[]
152900004,152900004__x1776_y0000,test,clean/152900004__x1776_y0000.bmp,1776,0,1024,1024,2800,1024,2,144,[]
152900066,152900066__x0000_y0000,test,clean/152900066__x0000_y0000.bmp,0,0,1024,1024,2800,1024,0,,[]
152900066,152900066__x0896_y0000,test,clean/152900066__x0896_y0000.bmp,896,0,1024,1024,2800,1024,1,128,[]
152900066,152900066__x1776_y0000,test,clean/152900066__x1776_y0000.bmp,1776,0,1024,1024,2800,1024,2,144,[]
152900069,152900069__x0000_y0000,test,clean/152900069__x0000_y0000.bmp,0,0,1024,1024,2800,1024,0,,[]
152900069,152900069__x0896_y0000,test,clean/152900069__x0896_y0000.bmp,896,0,1024,1024,2800,1024,1,128,[]
152900069,152900069__x1776_y0000,test,clean/152900069__x1776_y0000.bmp,1776,0,1024,1024,2800,1024,2,144,[]
152900074,152900074__x0000_y0000,test,clean/152900074__x0000_y0000.bmp,0,0,1024,1024,2800,1024,0,,[]
152900074,152900074__x0896_y0000,test,clean/152900074__x0896_y0000.bmp,896,0,1024,1024,2800,1024,1,128,[]
152900074,152900074__x1776_y0000,test,clean/152900074__x1776_y0000.bmp,1776,0,1024,1024,2800,1024,2,144,[]
152900075,152900075__x0000_y0000,test,clean/152900075__x0000_y0000.bmp,0,0,1024,1024,2800,1024,0,,[]
152900075,152900075__x0896_y0000,test,clean/152900075__x0896_y0000.bmp,896,0,1024,1024,2800,1024,1,128,[]
152900075,152900075__x1776_y0000,test,clean/152900075__x1776_y0000.bmp,1776,0,1024,1024,2800,1024,2,144,[]
152900079,152900079__x0000_y0000,test,clean/152900079__x0000_y0000.bmp,0,0,1024,1024,2800,1024,0,,[]
152900079,152900079__x0896_y0000,test,clean/152900079__x0896_y0000.bmp,896,0,1024,1024,2800,1024,1,128,[]
152900079,152900079__x1776_y0000,test,clean/152900079__x1776_y0000.bmp,1776,0,1024,1024,2800,1024,2,144,[]
152900083,152900083__x0000_y0000,test,clean/152900083__x0000_y0000.bmp,0,0,1024,1024,2800,1024,0,,[]
152900083,152900083__x0896_y0000,test,clean/152900083__x0896_y0000.bmp,896,0,1024,1024,2800,1024,1,128,[]
152900083,152900083__x1776_y0000,test,clean/152900083__x1776_y0000.bmp,1776,0,1024,1024,2800,1024,2,144,[]
152900084,152900084__x0000_y0000,test,clean/152900084__x0000_y0000.bmp,0,0,1024,1024,2800,1024,0,,[]
152900084,152900084__x0896_y0000,test,clean/152900084__x0896_y0000.bmp,896,0,1024,1024,2800,1024,1,128,[]
152900084,152900084__x1776_y0000,test,clean/152900084__x1776_y0000.bmp,1776,0,1024,1024,2800,1024,2,144,[]
153000018,153000018__x0000_y0000,test,clean/153000018__x0000_y0000.bmp,0,0,1024,1024,2800,1024,0,,[]
153000018,153000018__x0896_y0000,test,clean/153000018__x0896_y0000.bmp,896,0,1024,1024,2800,1024,1,128,[]
153000018,153000018__x1776_y0000,test,clean/153000018__x1776_y0000.bmp,1776,0,1024,1024,2800,1024,2,144,[]
153000028,153000028__x0000_y0000,test,clean/153000028__x0000_y0000.bmp,0,0,1024,1024,2800,1024,0,,[]
153000028,153000028__x0896_y0000,test,clean/153000028__x0896_y0000.bmp,896,0,1024,1024,2800,1024,1,128,[]
153000028,153000028__x1776_y0000,test,clean/153000028__x1776_y0000.bmp,1776,0,1024,1024,2800,1024,2,144,[]
153000030,153000030__x0000_y0000,test,clean/153000030__x0000_y0000.bmp,0,0,1024,1024,2800,1024,0,,[]
153000030,153000030__x0896_y0000,test,clean/153000030__x0896_y0000.bmp,896,0,1024,1024,2800,1024,1,128,[]
153000030,153000030__x1776_y0000,test,clean/153000030__x1776_y0000.bmp,1776,0,1024,1024,2800,1024,2,144,[]
153000034,153000034__x0000_y0000,test,clean/153000034__x0000_y0000.bmp,0,0,1024,1024,2800,1024,0,,[]
153000034,153000034__x0896_y0000,test,clean/153000034__x0896_y0000.bmp,896,0,1024,1024,2800,1024,1,128,[]
153000034,153000034__x1776_y0000,test,clean/153000034__x1776_y0000.bmp,1776,0,1024,1024,2800,1024,2,144,[]
153000039,153000039__x0000_y0000,test,clean/153000039__x0000_y0000.bmp,0,0,1024,1024,2800,1024,0,,[]
153000039,153000039__x0896_y0000,test,clean/153000039__x0896_y0000.bmp,896,0,1024,1024,2800,1024,1,128,[]
153000039,153000039__x1776_y0000,test,clean/153000039__x1776_y0000.bmp,1776,0,1024,1024,2800,1024,2,144,[]
153000047,153000047__x0000_y0000,test,clean/153000047__x0000_y0000.bmp,0,0,1024,1024,2800,1024,0,,[]
153000047,153000047__x0896_y0000,test,clean/153000047__x0896_y0000.bmp,896,0,1024,1024,2800,1024,1,128,[]
153000047,153000047__x1776_y0000,test,clean/153000047__x1776_y0000.bmp,1776,0,1024,1024,2800,1024,2,144,[]
153000074,153000074__x0000_y0000,test,clean/153000074__x0000_y0000.bmp,0,0,1024,1024,2800,1024,0,,[]
153000074,153000074__x0896_y0000,test,clean/153000074__x0896_y0000.bmp,896,0,1024,1024,2800,1024,1,128,[]
153000074,153000074__x1776_y0000,test,clean/153000074__x1776_y0000.bmp,1776,0,1024,1024,2800,1024,2,144,[]
153000084,153000084__x0000_y0000,test,clean/153000084__x0000_y0000.bmp,0,0,1024,1024,2800,1024,0,,[]
153000084,153000084__x0896_y0000,test,clean/153000084__x0896_y0000.bmp,896,0,1024,1024,2800,1024,1,128,[]
153000084,153000084__x1776_y0000,test,clean/153000084__x1776_y0000.bmp,1776,0,1024,1024,2800,1024,2,144,[]
153100015,153100015__x0000_y0000,test,clean/153100015__x0000_y0000.bmp,0,0,1024,1024,2800,1024,0,,[]
153100015,153100015__x0896_y0000,test,clean/153100015__x0896_y0000.bmp,896,0,1024,1024,2800,1024,1,128,[]
153100015,153100015__x1776_y0000,test,clean/153100015__x1776_y0000.bmp,1776,0,1024,1024,2800,1024,2,144,[]
153100036,153100036__x0000_y0000,test,clean/153100036__x0000_y0000.bmp,0,0,1024,1024,2800,1024,0,,[]
153100036,153100036__x0896_y0000,test,clean/153100036__x0896_y0000.bmp,896,0,1024,1024,2800,1024,1,128,[]
153100036,153100036__x1776_y0000,test,clean/153100036__x1776_y0000.bmp,1776,0,1024,1024,2800,1024,2,144,[]
153100050,153100050__x0000_y0000,test,clean/153100050__x0000_y0000.bmp,0,0,1024,1024,2800,1024,0,,[]
153100050,153100050__x0896_y0000,test,clean/153100050__x0896_y0000.bmp,896,0,1024,1024,2800,1024,1,128,[]
153100050,153100050__x1776_y0000,test,clean/153100050__x1776_y0000.bmp,1776,0,1024,1024,2800,1024,2,144,[]
153100051,153100051__x0000_y0000,test,clean/153100051__x0000_y0000.bmp,0,0,1024,1024,2800,1024,0,,[]
153100051,153100051__x0896_y0000,test,clean/153100051__x0896_y0000.bmp,896,0,1024,1024,2800,1024,1,128,[]
153100051,153100051__x1776_y0000,test,clean/153100051__x1776_y0000.bmp,1776,0,1024,1024,2800,1024,2,144,[]
153200000,153200000__x0000_y0000,test,clean/153200000__x0000_y0000.bmp,0,0,1024,1024,2800,1024,0,,[]
153200000,153200000__x0896_y0000,test,clean/153200000__x0896_y0000.bmp,896,0,1024,1024,2800,1024,1,128,[]
153200000,153200000__x1776_y0000,test,clean/153200000__x1776_y0000.bmp,1776,0,1024,1024,2800,1024,2,144,[]
153200014,153200014__x0000_y0000,test,clean/153200014__x0000_y0000.bmp,0,0,1024,1024,2800,1024,0,,[]
153200014,153200014__x0896_y0000,test,clean/153200014__x0896_y0000.bmp,896,0,1024,1024,2800,1024,1,128,[]
153200014,153200014__x1776_y0000,test,clean/153200014__x1776_y0000.bmp,1776,0,1024,1024,2800,1024,2,144,[]
153200017,153200017__x0000_y0000,test,clean/153200017__x0000_y0000.bmp,0,0,1024,1024,2800,1024,0,,[]
153200017,153200017__x0896_y0000,test,clean/153200017__x0896_y0000.bmp,896,0,1024,1024,2800,1024,1,128,[]
153200017,153200017__x1776_y0000,test,clean/153200017__x1776_y0000.bmp,1776,0,1024,1024,2800,1024,2,144,[]
153200023,153200023__x0000_y0000,test,clean/153200023__x0000_y0000.bmp,0,0,1024,1024,2800,1024,0,,[]
153200023,153200023__x0896_y0000,test,clean/153200023__x0896_y0000.bmp,896,0,1024,1024,2800,1024,1,128,[]
153200023,153200023__x1776_y0000,test,clean/153200023__x1776_y0000.bmp,1776,0,1024,1024,2800,1024,2,144,[]
153200027,153200027__x0000_y0000,test,clean/153200027__x0000_y0000.bmp,0,0,1024,1024,2800,1024,0,,[]
153200027,153200027__x0896_y0000,test,clean/153200027__x0896_y0000.bmp,896,0,1024,1024,2800,1024,1,128,[]
153200027,153200027__x1776_y0000,test,clean/153200027__x1776_y0000.bmp,1776,0,1024,1024,2800,1024,2,144,[]
153200029,153200029__x0000_y0000,test,clean/153200029__x0000_y0000.bmp,0,0,1024,1024,2800,1024,0,,[]
153200029,153200029__x0896_y0000,test,clean/153200029__x0896_y0000.bmp,896,0,1024,1024,2800,1024,1,128,[]
153200029,153200029__x1776_y0000,test,clean/153200029__x1776_y0000.bmp,1776,0,1024,1024,2800,1024,2,144,[]
153200033,153200033__x0000_y0000,test,clean/153200033__x0000_y0000.bmp,0,0,1024,1024,2800,1024,0,,[]
153200033,153200033__x0896_y0000,test,clean/153200033__x0896_y0000.bmp,896,0,1024,1024,2800,1024,1,128,[]
153200033,153200033__x1776_y0000,test,clean/153200033__x1776_y0000.bmp,1776,0,1024,1024,2800,1024,2,144,[]
153200039,153200039__x0000_y0000,test,clean/153200039__x0000_y0000.bmp,0,0,1024,1024,2800,1024,0,,[]
153200039,153200039__x0896_y0000,test,clean/153200039__x0896_y0000.bmp,896,0,1024,1024,2800,1024,1,128,[]
153200039,153200039__x1776_y0000,test,clean/153200039__x1776_y0000.bmp,1776,0,1024,1024,2800,1024,2,144,[]
153200080,153200080__x0000_y0000,test,clean/153200080__x0000_y0000.bmp,0,0,1024,1024,2800,1024,0,,[]
153200080,153200080__x0896_y0000,test,clean/153200080__x0896_y0000.bmp,896,0,1024,1024,2800,1024,1,128,[]
153200080,153200080__x1776_y0000,test,clean/153200080__x1776_y0000.bmp,1776,0,1024,1024,2800,1024,2,144,[]
153300001,153300001__x0000_y0000,test,clean/153300001__x0000_y0000.bmp,0,0,1024,1024,2800,1024,0,,[]
153300001,153300001__x0896_y0000,test,clean/153300001__x0896_y0000.bmp,896,0,1024,1024,2800,1024,1,128,[]
153300001,153300001__x1776_y0000,test,clean/153300001__x1776_y0000.bmp,1776,0,1024,1024,2800,1024,2,144,[]
153300004,153300004__x0000_y0000,test,clean/153300004__x0000_y0000.bmp,0,0,1024,1024,2800,1024,0,,[]
153300004,153300004__x0896_y0000,test,clean/153300004__x0896_y0000.bmp,896,0,1024,1024,2800,1024,1,128,[]
153300004,153300004__x1776_y0000,test,clean/153300004__x1776_y0000.bmp,1776,0,1024,1024,2800,1024,2,144,[]
153300073,153300073__x0000_y0000,test,clean/153300073__x0000_y0000.bmp,0,0,1024,1024,2800,1024,0,,[]
153300073,153300073__x0896_y0000,test,clean/153300073__x0896_y0000.bmp,896,0,1024,1024,2800,1024,1,128,[]
153300073,153300073__x1776_y0000,test,clean/153300073__x1776_y0000.bmp,1776,0,1024,1024,2800,1024,2,144,[]
153300079,153300079__x0000_y0000,test,clean/153300079__x0000_y0000.bmp,0,0,1024,1024,2800,1024,0,,[]
153300079,153300079__x0896_y0000,test,clean/153300079__x0896_y0000.bmp,896,0,1024,1024,2800,1024,1,128,[]
153300079,153300079__x1776_y0000,test,clean/153300079__x1776_y0000.bmp,1776,0,1024,1024,2800,1024,2,144,[]
153300080,153300080__x0000_y0000,test,clean/153300080__x0000_y0000.bmp,0,0,1024,1024,2800,1024,0,,[]
153300080,153300080__x0896_y0000,test,clean/153300080__x0896_y0000.bmp,896,0,1024,1024,2800,1024,1,128,[]
153300080,153300080__x1776_y0000,test,clean/153300080__x1776_y0000.bmp,1776,0,1024,1024,2800,1024,2,144,[]
153300081,153300081__x0000_y0000,test,clean/153300081__x0000_y0000.bmp,0,0,1024,1024,2800,1024,0,,[]
153300081,153300081__x0896_y0000,test,clean/153300081__x0896_y0000.bmp,896,0,1024,1024,2800,1024,1,128,[]
153300081,153300081__x1776_y0000,test,clean/153300081__x1776_y0000.bmp,1776,0,1024,1024,2800,1024,2,144,[]
153500013,153500013__x0000_y0000,test,clean/153500013__x0000_y0000.bmp,0,0,1024,1024,2800,1024,0,,[]
153500013,153500013__x0896_y0000,test,clean/153500013__x0896_y0000.bmp,896,0,1024,1024,2800,1024,1,128,[]
153500013,153500013__x1776_y0000,test,clean/153500013__x1776_y0000.bmp,1776,0,1024,1024,2800,1024,2,144,[]
153500037,153500037__x0000_y0000,test,clean/153500037__x0000_y0000.bmp,0,0,1024,1024,2800,1024,0,,[]
153500037,153500037__x0896_y0000,test,clean/153500037__x0896_y0000.bmp,896,0,1024,1024,2800,1024,1,128,[]
153500037,153500037__x1776_y0000,test,clean/153500037__x1776_y0000.bmp,1776,0,1024,1024,2800,1024,2,144,[]
153500041,153500041__x0000_y0000,test,clean/153500041__x0000_y0000.bmp,0,0,1024,1024,2800,1024,0,,[]
153500041,153500041__x0896_y0000,test,clean/153500041__x0896_y0000.bmp,896,0,1024,1024,2800,1024,1,128,[]
153500041,153500041__x1776_y0000,test,clean/153500041__x1776_y0000.bmp,1776,0,1024,1024,2800,1024,2,144,[]
153500047,153500047__x0000_y0000,test,clean/153500047__x0000_y0000.bmp,0,0,1024,1024,2800,1024,0,,[]
153500047,153500047__x0896_y0000,test,clean/153500047__x0896_y0000.bmp,896,0,1024,1024,2800,1024,1,128,[]
153500047,153500047__x1776_y0000,test,clean/153500047__x1776_y0000.bmp,1776,0,1024,1024,2800,1024,2,144,[]
153500084,153500084__x0000_y0000,test,clean/153500084__x0000_y0000.bmp,0,0,1024,1024,2800,1024,0,,[]
153500084,153500084__x0896_y0000,test,clean/153500084__x0896_y0000.bmp,896,0,1024,1024,2800,1024,1,128,[]
153500084,153500084__x1776_y0000,test,clean/153500084__x1776_y0000.bmp,1776,0,1024,1024,2800,1024,2,144,[]
153600005,153600005__x0000_y0000,test,clean/153600005__x0000_y0000.bmp,0,0,1024,1024,2800,1024,0,,[]
153600005,153600005__x0896_y0000,test,clean/153600005__x0896_y0000.bmp,896,0,1024,1024,2800,1024,1,128,[]
153600005,153600005__x1776_y0000,test,clean/153600005__x1776_y0000.bmp,1776,0,1024,1024,2800,1024,2,144,[]
153600011,153600011__x0000_y0000,test,clean/153600011__x0000_y0000.bmp,0,0,1024,1024,2800,1024,0,,[]
153600011,153600011__x0896_y0000,test,clean/153600011__x0896_y0000.bmp,896,0,1024,1024,2800,1024,1,128,[]
153600011,153600011__x1776_y0000,test,clean/153600011__x1776_y0000.bmp,1776,0,1024,1024,2800,1024,2,144,[]
153600015,153600015__x0000_y0000,test,clean/153600015__x0000_y0000.bmp,0,0,1024,1024,2800,1024,0,,[]
153600015,153600015__x0896_y0000,test,clean/153600015__x0896_y0000.bmp,896,0,1024,1024,2800,1024,1,128,[]
153600015,153600015__x1776_y0000,test,clean/153600015__x1776_y0000.bmp,1776,0,1024,1024,2800,1024,2,144,[]
153600019,153600019__x0000_y0000,test,clean/153600019__x0000_y0000.bmp,0,0,1024,1024,2800,1024,0,,[]
153600019,153600019__x0896_y0000,test,clean/153600019__x0896_y0000.bmp,896,0,1024,1024,2800,1024,1,128,[]
153600019,153600019__x1776_y0000,test,clean/153600019__x1776_y0000.bmp,1776,0,1024,1024,2800,1024,2,144,[]
153600031,153600031__x0000_y0000,test,clean/153600031__x0000_y0000.bmp,0,0,1024,1024,2800,1024,0,,[]
153600031,153600031__x0896_y0000,test,clean/153600031__x0896_y0000.bmp,896,0,1024,1024,2800,1024,1,128,[]
153600031,153600031__x1776_y0000,test,clean/153600031__x1776_y0000.bmp,1776,0,1024,1024,2800,1024,2,144,[]
153600044,153600044__x0000_y0000,test,clean/153600044__x0000_y0000.bmp,0,0,1024,1024,2800,1024,0,,[]
153600044,153600044__x0896_y0000,test,clean/153600044__x0896_y0000.bmp,896,0,1024,1024,2800,1024,1,128,[]
153600044,153600044__x1776_y0000,test,clean/153600044__x1776_y0000.bmp,1776,0,1024,1024,2800,1024,2,144,[]
153600051,153600051__x0000_y0000,test,clean/153600051__x0000_y0000.bmp,0,0,1024,1024,2800,1024,0,,[]
153600051,153600051__x0896_y0000,test,clean/153600051__x0896_y0000.bmp,896,0,1024,1024,2800,1024,1,128,[]
153600051,153600051__x1776_y0000,test,clean/153600051__x1776_y0000.bmp,1776,0,1024,1024,2800,1024,2,144,[]
153600055,153600055__x0000_y0000,test,clean/153600055__x0000_y0000.bmp,0,0,1024,1024,2800,1024,0,,[]
153600055,153600055__x0896_y0000,test,clean/153600055__x0896_y0000.bmp,896,0,1024,1024,2800,1024,1,128,[]
153600055,153600055__x1776_y0000,test,clean/153600055__x1776_y0000.bmp,1776,0,1024,1024,2800,1024,2,144,[]
153600067,153600067__x0000_y0000,test,clean/153600067__x0000_y0000.bmp,0,0,1024,1024,2800,1024,0,,[]
153600067,153600067__x0896_y0000,test,clean/153600067__x0896_y0000.bmp,896,0,1024,1024,2800,1024,1,128,[]
153600067,153600067__x1776_y0000,test,clean/153600067__x1776_y0000.bmp,1776,0,1024,1024,2800,1024,2,144,[]
153600071,153600071__x0000_y0000,test,clean/153600071__x0000_y0000.bmp,0,0,1024,1024,2800,1024,0,,[]
153600071,153600071__x0896_y0000,test,clean/153600071__x0896_y0000.bmp,896,0,1024,1024,2800,1024,1,128,[]
153600071,153600071__x1776_y0000,test,clean/153600071__x1776_y0000.bmp,1776,0,1024,1024,2800,1024,2,144,[]
153700010,153700010__x0000_y0000,test,clean/153700010__x0000_y0000.bmp,0,0,1024,1024,2800,1024,0,,[]
153700010,153700010__x0896_y0000,test,clean/153700010__x0896_y0000.bmp,896,0,1024,1024,2800,1024,1,128,[]
153700010,153700010__x1776_y0000,test,clean/153700010__x1776_y0000.bmp,1776,0,1024,1024,2800,1024,2,144,[]
153700026,153700026__x0000_y0000,test,clean/153700026__x0000_y0000.bmp,0,0,1024,1024,2800,1024,0,,[]
153700026,153700026__x0896_y0000,test,clean/153700026__x0896_y0000.bmp,896,0,1024,1024,2800,1024,1,128,[]
153700026,153700026__x1776_y0000,test,clean/153700026__x1776_y0000.bmp,1776,0,1024,1024,2800,1024,2,144,[]
153700067,153700067__x0000_y0000,test,clean/153700067__x0000_y0000.bmp,0,0,1024,1024,2800,1024,0,,[]
153700067,153700067__x0896_y0000,test,clean/153700067__x0896_y0000.bmp,896,0,1024,1024,2800,1024,1,128,[]
153700067,153700067__x1776_y0000,test,clean/153700067__x1776_y0000.bmp,1776,0,1024,1024,2800,1024,2,144,[]
153800004,153800004__x0000_y0000,test,clean/153800004__x0000_y0000.bmp,0,0,1024,1024,2800,1024,0,,[]
153800004,153800004__x0896_y0000,test,clean/153800004__x0896_y0000.bmp,896,0,1024,1024,2800,1024,1,128,[]
153800004,153800004__x1776_y0000,test,clean/153800004__x1776_y0000.bmp,1776,0,1024,1024,2800,1024,2,144,[]
153800006,153800006__x0000_y0000,test,clean/153800006__x0000_y0000.bmp,0,0,1024,1024,2800,1024,0,,[]
153800006,153800006__x0896_y0000,test,clean/153800006__x0896_y0000.bmp,896,0,1024,1024,2800,1024,1,128,[]
153800006,153800006__x1776_y0000,test,clean/153800006__x1776_y0000.bmp,1776,0,1024,1024,2800,1024,2,144,[]
153800009,153800009__x0000_y0000,test,clean/153800009__x0000_y0000.bmp,0,0,1024,1024,2800,1024,0,,[]
153800009,153800009__x0896_y0000,test,clean/153800009__x0896_y0000.bmp,896,0,1024,1024,2800,1024,1,128,[]
153800009,153800009__x1776_y0000,test,clean/153800009__x1776_y0000.bmp,1776,0,1024,1024,2800,1024,2,144,[]
153800013,153800013__x0000_y0000,test,clean/153800013__x0000_y0000.bmp,0,0,1024,1024,2800,1024,0,,[]
153800013,153800013__x0896_y0000,test,clean/153800013__x0896_y0000.bmp,896,0,1024,1024,2800,1024,1,128,[]
153800013,153800013__x1776_y0000,test,clean/153800013__x1776_y0000.bmp,1776,0,1024,1024,2800,1024,2,144,[]
153800037,153800037__x0000_y0000,test,clean/153800037__x0000_y0000.bmp,0,0,1024,1024,2800,1024,0,,[]
153800037,153800037__x0896_y0000,test,clean/153800037__x0896_y0000.bmp,896,0,1024,1024,2800,1024,1,128,[]
153800037,153800037__x1776_y0000,test,clean/153800037__x1776_y0000.bmp,1776,0,1024,1024,2800,1024,2,144,[]
153800045,153800045__x0000_y0000,test,clean/153800045__x0000_y0000.bmp,0,0,1024,1024,2800,1024,0,,[]
153800045,153800045__x0896_y0000,test,clean/153800045__x0896_y0000.bmp,896,0,1024,1024,2800,1024,1,128,[]
153800045,153800045__x1776_y0000,test,clean/153800045__x1776_y0000.bmp,1776,0,1024,1024,2800,1024,2,144,[]
153800054,153800054__x0000_y0000,test,clean/153800054__x0000_y0000.bmp,0,0,1024,1024,2800,1024,0,,[]
153800054,153800054__x0896_y0000,test,clean/153800054__x0896_y0000.bmp,896,0,1024,1024,2800,1024,1,128,[]
153800054,153800054__x1776_y0000,test,clean/153800054__x1776_y0000.bmp,1776,0,1024,1024,2800,1024,2,144,[]
153800064,153800064__x0000_y0000,test,clean/153800064__x0000_y0000.bmp,0,0,1024,1024,2800,1024,0,,[]
153800064,153800064__x0896_y0000,test,clean/153800064__x0896_y0000.bmp,896,0,1024,1024,2800,1024,1,128,[]
153800064,153800064__x1776_y0000,test,clean/153800064__x1776_y0000.bmp,1776,0,1024,1024,2800,1024,2,144,[]
154000005,154000005__x0000_y0000,test,clean/154000005__x0000_y0000.bmp,0,0,1024,1024,2800,1024,0,,[]
154000005,154000005__x0896_y0000,test,clean/154000005__x0896_y0000.bmp,896,0,1024,1024,2800,1024,1,128,[]
154000005,154000005__x1776_y0000,test,clean/154000005__x1776_y0000.bmp,1776,0,1024,1024,2800,1024,2,144,[]
154000007,154000007__x0000_y0000,test,clean/154000007__x0000_y0000.bmp,0,0,1024,1024,2800,1024,0,,[]
154000007,154000007__x0896_y0000,test,clean/154000007__x0896_y0000.bmp,896,0,1024,1024,2800,1024,1,128,[]
154000007,154000007__x1776_y0000,test,clean/154000007__x1776_y0000.bmp,1776,0,1024,1024,2800,1024,2,144,[]
154000009,154000009__x0000_y0000,test,clean/154000009__x0000_y0000.bmp,0,0,1024,1024,2800,1024,0,,[]
154000009,154000009__x0896_y0000,test,clean/154000009__x0896_y0000.bmp,896,0,1024,1024,2800,1024,1,128,[]
154000009,154000009__x1776_y0000,test,clean/154000009__x1776_y0000.bmp,1776,0,1024,1024,2800,1024,2,144,[]
154000013,154000013__x0000_y0000,test,clean/154000013__x0000_y0000.bmp,0,0,1024,1024,2800,1024,0,,[]
154000013,154000013__x0896_y0000,test,clean/154000013__x0896_y0000.bmp,896,0,1024,1024,2800,1024,1,128,[]
154000013,154000013__x1776_y0000,test,clean/154000013__x1776_y0000.bmp,1776,0,1024,1024,2800,1024,2,144,[]
154000021,154000021__x0000_y0000,test,clean/154000021__x0000_y0000.bmp,0,0,1024,1024,2800,1024,0,,[]
154000021,154000021__x0896_y0000,test,clean/154000021__x0896_y0000.bmp,896,0,1024,1024,2800,1024,1,128,[]
154000021,154000021__x1776_y0000,test,clean/154000021__x1776_y0000.bmp,1776,0,1024,1024,2800,1024,2,144,[]
154500055,154500055__x0000_y0000,test,clean/154500055__x0000_y0000.bmp,0,0,1024,1024,2800,1024,0,,[]
154500055,154500055__x0896_y0000,test,clean/154500055__x0896_y0000.bmp,896,0,1024,1024,2800,1024,1,128,[]
154500055,154500055__x1776_y0000,test,clean/154500055__x1776_y0000.bmp,1776,0,1024,1024,2800,1024,2,144,[]
154500066,154500066__x0000_y0000,test,clean/154500066__x0000_y0000.bmp,0,0,1024,1024,2800,1024,0,,[]
154500066,154500066__x0896_y0000,test,clean/154500066__x0896_y0000.bmp,896,0,1024,1024,2800,1024,1,128,[]
154500066,154500066__x1776_y0000,test,clean/154500066__x1776_y0000.bmp,1776,0,1024,1024,2800,1024,2,144,[]
154500069,154500069__x0000_y0000,test,clean/154500069__x0000_y0000.bmp,0,0,1024,1024,2800,1024,0,,[]
154500069,154500069__x0896_y0000,test,clean/154500069__x0896_y0000.bmp,896,0,1024,1024,2800,1024,1,128,[]
154500069,154500069__x1776_y0000,test,clean/154500069__x1776_y0000.bmp,1776,0,1024,1024,2800,1024,2,144,[]
154700018,154700018__x0000_y0000,test,clean/154700018__x0000_y0000.bmp,0,0,1024,1024,2800,1024,0,,[]
154700018,154700018__x0896_y0000,test,clean/154700018__x0896_y0000.bmp,896,0,1024,1024,2800,1024,1,128,[]
154700018,154700018__x1776_y0000,test,clean/154700018__x1776_y0000.bmp,1776,0,1024,1024,2800,1024,2,144,[]
154700024,154700024__x0000_y0000,test,clean/154700024__x0000_y0000.bmp,0,0,1024,1024,2800,1024,0,,[]
154700024,154700024__x0896_y0000,test,clean/154700024__x0896_y0000.bmp,896,0,1024,1024,2800,1024,1,128,[]
154700024,154700024__x1776_y0000,test,clean/154700024__x1776_y0000.bmp,1776,0,1024,1024,2800,1024,2,144,[]
154700028,154700028__x0000_y0000,test,clean/154700028__x0000_y0000.bmp,0,0,1024,1024,2800,1024,0,,[]
154700028,154700028__x0896_y0000,test,clean/154700028__x0896_y0000.bmp,896,0,1024,1024,2800,1024,1,128,[]
154700028,154700028__x1776_y0000,test,clean/154700028__x1776_y0000.bmp,1776,0,1024,1024,2800,1024,2,144,[]
154700029,154700029__x0000_y0000,test,clean/154700029__x0000_y0000.bmp,0,0,1024,1024,2800,1024,0,,[]
154700029,154700029__x0896_y0000,test,clean/154700029__x0896_y0000.bmp,896,0,1024,1024,2800,1024,1,128,[]
154700029,154700029__x1776_y0000,test,clean/154700029__x1776_y0000.bmp,1776,0,1024,1024,2800,1024,2,144,[]
154700031,154700031__x0000_y0000,test,clean/154700031__x0000_y0000.bmp,0,0,1024,1024,2800,1024,0,,[]
154700031,154700031__x0896_y0000,test,clean/154700031__x0896_y0000.bmp,896,0,1024,1024,2800,1024,1,128,[]
154700031,154700031__x1776_y0000,test,clean/154700031__x1776_y0000.bmp,1776,0,1024,1024,2800,1024,2,144,[]
154700032,154700032__x0000_y0000,test,clean/154700032__x0000_y0000.bmp,0,0,1024,1024,2800,1024,0,,[]
154700032,154700032__x0896_y0000,test,clean/154700032__x0896_y0000.bmp,896,0,1024,1024,2800,1024,1,128,[]
154700032,154700032__x1776_y0000,test,clean/154700032__x1776_y0000.bmp,1776,0,1024,1024,2800,1024,2,144,[]
154700033,154700033__x0000_y0000,test,clean/154700033__x0000_y0000.bmp,0,0,1024,1024,2800,1024,0,,[]
154700033,154700033__x0896_y0000,test,clean/154700033__x0896_y0000.bmp,896,0,1024,1024,2800,1024,1,128,[]
154700033,154700033__x1776_y0000,test,clean/154700033__x1776_y0000.bmp,1776,0,1024,1024,2800,1024,2,144,[]
154700071,154700071__x0000_y0000,test,clean/154700071__x0000_y0000.bmp,0,0,1024,1024,2800,1024,0,,[]
154700071,154700071__x0896_y0000,test,clean/154700071__x0896_y0000.bmp,896,0,1024,1024,2800,1024,1,128,[]
154700071,154700071__x1776_y0000,test,clean/154700071__x1776_y0000.bmp,1776,0,1024,1024,2800,1024,2,144,[]
155000015,155000015__x0000_y0000,test,clean/155000015__x0000_y0000.bmp,0,0,1024,1024,2800,1024,0,,[]
155000015,155000015__x0896_y0000,test,clean/155000015__x0896_y0000.bmp,896,0,1024,1024,2800,1024,1,128,[]
155000015,155000015__x1776_y0000,test,clean/155000015__x1776_y0000.bmp,1776,0,1024,1024,2800,1024,2,144,[]
155000016,155000016__x0000_y0000,test,clean/155000016__x0000_y0000.bmp,0,0,1024,1024,2800,1024,0,,[]
155000016,155000016__x0896_y0000,test,clean/155000016__x0896_y0000.bmp,896,0,1024,1024,2800,1024,1,128,[]
155000016,155000016__x1776_y0000,test,clean/155000016__x1776_y0000.bmp,1776,0,1024,1024,2800,1024,2,144,[]
155000025,155000025__x0000_y0000,test,clean/155000025__x0000_y0000.bmp,0,0,1024,1024,2800,1024,0,,[]
155000025,155000025__x0896_y0000,test,clean/155000025__x0896_y0000.bmp,896,0,1024,1024,2800,1024,1,128,[]
155000025,155000025__x1776_y0000,test,clean/155000025__x1776_y0000.bmp,1776,0,1024,1024,2800,1024,2,144,[]
155000037,155000037__x0000_y0000,test,clean/155000037__x0000_y0000.bmp,0,0,1024,1024,2800,1024,0,,[]
155000037,155000037__x0896_y0000,test,clean/155000037__x0896_y0000.bmp,896,0,1024,1024,2800,1024,1,128,[]
155000037,155000037__x1776_y0000,test,clean/155000037__x1776_y0000.bmp,1776,0,1024,1024,2800,1024,2,144,[]
155000038,155000038__x0000_y0000,test,clean/155000038__x0000_y0000.bmp,0,0,1024,1024,2800,1024,0,,[]
155000038,155000038__x0896_y0000,test,clean/155000038__x0896_y0000.bmp,896,0,1024,1024,2800,1024,1,128,[]
155000038,155000038__x1776_y0000,test,clean/155000038__x1776_y0000.bmp,1776,0,1024,1024,2800,1024,2,144,[]
155000048,155000048__x0000_y0000,test,clean/155000048__x0000_y0000.bmp,0,0,1024,1024,2800,1024,0,,[]
155000048,155000048__x0896_y0000,test,clean/155000048__x0896_y0000.bmp,896,0,1024,1024,2800,1024,1,128,[]
155000048,155000048__x1776_y0000,test,clean/155000048__x1776_y0000.bmp,1776,0,1024,1024,2800,1024,2,144,[]
155000058,155000058__x0000_y0000,test,clean/155000058__x0000_y0000.bmp,0,0,1024,1024,2800,1024,0,,[]
155000058,155000058__x0896_y0000,test,clean/155000058__x0896_y0000.bmp,896,0,1024,1024,2800,1024,1,128,[]
155000058,155000058__x1776_y0000,test,clean/155000058__x1776_y0000.bmp,1776,0,1024,1024,2800,1024,2,144,[]
155000067,155000067__x0000_y0000,test,clean/155000067__x0000_y0000.bmp,0,0,1024,1024,2800,1024,0,,[]
155000067,155000067__x0896_y0000,test,clean/155000067__x0896_y0000.bmp,896,0,1024,1024,2800,1024,1,128,[]
155000067,155000067__x1776_y0000,test,clean/155000067__x1776_y0000.bmp,1776,0,1024,1024,2800,1024,2,144,[]
155000073,155000073__x0000_y0000,test,clean/155000073__x0000_y0000.bmp,0,0,1024,1024,2773,1024,0,,[]
155000073,155000073__x0896_y0000,test,clean/155000073__x0896_y0000.bmp,896,0,1024,1024,2773,1024,1,128,[]
155000073,155000073__x1749_y0000,test,clean/155000073__x1749_y0000.bmp,1749,0,1024,1024,2773,1024,2,171,[]
155100011,155100011__x0000_y0000,test,clean/155100011__x0000_y0000.bmp,0,0,1024,1024,2800,1024,0,,[]
155100011,155100011__x0896_y0000,test,clean/155100011__x0896_y0000.bmp,896,0,1024,1024,2800,1024,1,128,[]
155100011,155100011__x1776_y0000,test,clean/155100011__x1776_y0000.bmp,1776,0,1024,1024,2800,1024,2,144,[]
155100022,155100022__x0000_y0000,test,clean/155100022__x0000_y0000.bmp,0,0,1024,1024,2800,1024,0,,[]
155100022,155100022__x0896_y0000,test,clean/155100022__x0896_y0000.bmp,896,0,1024,1024,2800,1024,1,128,[]
155100022,155100022__x1776_y0000,test,clean/155100022__x1776_y0000.bmp,1776,0,1024,1024,2800,1024,2,144,[]
155100042,155100042__x0000_y0000,test,clean/155100042__x0000_y0000.bmp,0,0,1024,1024,2800,1024,0,,[]
155100042,155100042__x0896_y0000,test,clean/155100042__x0896_y0000.bmp,896,0,1024,1024,2800,1024,1,128,[]
155100042,155100042__x1776_y0000,test,clean/155100042__x1776_y0000.bmp,1776,0,1024,1024,2800,1024,2,144,[]
155100044,155100044__x0000_y0000,test,clean/155100044__x0000_y0000.bmp,0,0,1024,1024,2800,1024,0,,[]
155100044,155100044__x0896_y0000,test,clean/155100044__x0896_y0000.bmp,896,0,1024,1024,2800,1024,1,128,[]
155100044,155100044__x1776_y0000,test,clean/155100044__x1776_y0000.bmp,1776,0,1024,1024,2800,1024,2,144,[]
155100056,155100056__x0000_y0000,test,clean/155100056__x0000_y0000.bmp,0,0,1024,1024,2800,1024,0,,[]
155100056,155100056__x0896_y0000,test,clean/155100056__x0896_y0000.bmp,896,0,1024,1024,2800,1024,1,128,[]
155100056,155100056__x1776_y0000,test,clean/155100056__x1776_y0000.bmp,1776,0,1024,1024,2800,1024,2,144,[]
155100057,155100057__x0000_y0000,test,clean/155100057__x0000_y0000.bmp,0,0,1024,1024,2800,1024,0,,[]
155100057,155100057__x0896_y0000,test,clean/155100057__x0896_y0000.bmp,896,0,1024,1024,2800,1024,1,128,[]
155100057,155100057__x1776_y0000,test,clean/155100057__x1776_y0000.bmp,1776,0,1024,1024,2800,1024,2,144,[]
155200053,155200053__x0000_y0000,test,clean/155200053__x0000_y0000.bmp,0,0,1024,1024,2800,1024,0,,[]
155200053,155200053__x0896_y0000,test,clean/155200053__x0896_y0000.bmp,896,0,1024,1024,2800,1024,1,128,[]
155200053,155200053__x1776_y0000,test,clean/155200053__x1776_y0000.bmp,1776,0,1024,1024,2800,1024,2,144,[]
155200055,155200055__x0000_y0000,test,clean/155200055__x0000_y0000.bmp,0,0,1024,1024,2800,1024,0,,[]
155200055,155200055__x0896_y0000,test,clean/155200055__x0896_y0000.bmp,896,0,1024,1024,2800,1024,1,128,[]
155200055,155200055__x1776_y0000,test,clean/155200055__x1776_y0000.bmp,1776,0,1024,1024,2800,1024,2,144,[]
155400023,155400023__x0000_y0000,test,clean/155400023__x0000_y0000.bmp,0,0,1024,1024,2800,1024,0,,[]
155400023,155400023__x0896_y0000,test,clean/155400023__x0896_y0000.bmp,896,0,1024,1024,2800,1024,1,128,[]
155400023,155400023__x1776_y0000,test,clean/155400023__x1776_y0000.bmp,1776,0,1024,1024,2800,1024,2,144,[]
155400030,155400030__x0000_y0000,test,clean/155400030__x0000_y0000.bmp,0,0,1024,1024,2800,1024,0,,[]
155400030,155400030__x0896_y0000,test,clean/155400030__x0896_y0000.bmp,896,0,1024,1024,2800,1024,1,128,[]
155400030,155400030__x1776_y0000,test,clean/155400030__x1776_y0000.bmp,1776,0,1024,1024,2800,1024,2,144,[]
155400033,155400033__x0000_y0000,test,clean/155400033__x0000_y0000.bmp,0,0,1024,1024,2800,1024,0,,[]
155400033,155400033__x0896_y0000,test,clean/155400033__x0896_y0000.bmp,896,0,1024,1024,2800,1024,1,128,[]
155400033,155400033__x1776_y0000,test,clean/155400033__x1776_y0000.bmp,1776,0,1024,1024,2800,1024,2,144,[]
156300011,156300011__x0000_y0000,test,clean/156300011__x0000_y0000.bmp,0,0,1024,1024,2800,1024,0,,[]
156300011,156300011__x0896_y0000,test,clean/156300011__x0896_y0000.bmp,896,0,1024,1024,2800,1024,1,128,[]
156300011,156300011__x1776_y0000,test,clean/156300011__x1776_y0000.bmp,1776,0,1024,1024,2800,1024,2,144,[]
156300012,156300012__x0000_y0000,test,clean/156300012__x0000_y0000.bmp,0,0,1024,1024,2800,1024,0,,[]
156300012,156300012__x0896_y0000,test,clean/156300012__x0896_y0000.bmp,896,0,1024,1024,2800,1024,1,128,[]
156300012,156300012__x1776_y0000,test,clean/156300012__x1776_y0000.bmp,1776,0,1024,1024,2800,1024,2,144,[]
156300039,156300039__x0000_y0000,test,clean/156300039__x0000_y0000.bmp,0,0,1024,1024,2800,1024,0,,[]
156300039,156300039__x0896_y0000,test,clean/156300039__x0896_y0000.bmp,896,0,1024,1024,2800,1024,1,128,[]
156300039,156300039__x1776_y0000,test,clean/156300039__x1776_y0000.bmp,1776,0,1024,1024,2800,1024,2,144,[]
156300047,156300047__x0000_y0000,test,clean/156300047__x0000_y0000.bmp,0,0,1024,1024,2800,1024,0,,[]
156300047,156300047__x0896_y0000,test,clean/156300047__x0896_y0000.bmp,896,0,1024,1024,2800,1024,1,128,[]
156300047,156300047__x1776_y0000,test,clean/156300047__x1776_y0000.bmp,1776,0,1024,1024,2800,1024,2,144,[]
156300049,156300049__x0000_y0000,test,clean/156300049__x0000_y0000.bmp,0,0,1024,1024,2800,1024,0,,[]
156300049,156300049__x0896_y0000,test,clean/156300049__x0896_y0000.bmp,896,0,1024,1024,2800,1024,1,128,[]
156300049,156300049__x1776_y0000,test,clean/156300049__x1776_y0000.bmp,1776,0,1024,1024,2800,1024,2,144,[]
156300051,156300051__x0000_y0000,test,clean/156300051__x0000_y0000.bmp,0,0,1024,1024,2800,1024,0,,[]
156300051,156300051__x0896_y0000,test,clean/156300051__x0896_y0000.bmp,896,0,1024,1024,2800,1024,1,128,[]
156300051,156300051__x1776_y0000,test,clean/156300051__x1776_y0000.bmp,1776,0,1024,1024,2800,1024,2,144,[]
156300055,156300055__x0000_y0000,test,clean/156300055__x0000_y0000.bmp,0,0,1024,1024,2800,1024,0,,[]
156300055,156300055__x0896_y0000,test,clean/156300055__x0896_y0000.bmp,896,0,1024,1024,2800,1024,1,128,[]
156300055,156300055__x1776_y0000,test,clean/156300055__x1776_y0000.bmp,1776,0,1024,1024,2800,1024,2,144,[]
156300056,156300056__x0000_y0000,test,clean/156300056__x0000_y0000.bmp,0,0,1024,1024,2800,1024,0,,[]
156300056,156300056__x0896_y0000,test,clean/156300056__x0896_y0000.bmp,896,0,1024,1024,2800,1024,1,128,[]
156300056,156300056__x1776_y0000,test,clean/156300056__x1776_y0000.bmp,1776,0,1024,1024,2800,1024,2,144,[]
156300059,156300059__x0000_y0000,test,clean/156300059__x0000_y0000.bmp,0,0,1024,1024,2800,1024,0,,[]
156300059,156300059__x0896_y0000,test,clean/156300059__x0896_y0000.bmp,896,0,1024,1024,2800,1024,1,128,[]
156300059,156300059__x1776_y0000,test,clean/156300059__x1776_y0000.bmp,1776,0,1024,1024,2800,1024,2,144,[]
156300062,156300062__x0000_y0000,test,clean/156300062__x0000_y0000.bmp,0,0,1024,1024,2800,1024,0,,[]
156300062,156300062__x0896_y0000,test,clean/156300062__x0896_y0000.bmp,896,0,1024,1024,2800,1024,1,128,[]
156300062,156300062__x1776_y0000,test,clean/156300062__x1776_y0000.bmp,1776,0,1024,1024,2800,1024,2,144,[]
156300077,156300077__x0000_y0000,test,clean/156300077__x0000_y0000.bmp,0,0,1024,1024,2800,1024,0,,[]
156300077,156300077__x0896_y0000,test,clean/156300077__x0896_y0000.bmp,896,0,1024,1024,2800,1024,1,128,[]
156300077,156300077__x1776_y0000,test,clean/156300077__x1776_y0000.bmp,1776,0,1024,1024,2800,1024,2,144,[]
156300079,156300079__x0000_y0000,test,clean/156300079__x0000_y0000.bmp,0,0,1024,1024,2800,1024,0,,[]
156300079,156300079__x0896_y0000,test,clean/156300079__x0896_y0000.bmp,896,0,1024,1024,2800,1024,1,128,[]
156300079,156300079__x1776_y0000,test,clean/156300079__x1776_y0000.bmp,1776,0,1024,1024,2800,1024,2,144,[]
156300084,156300084__x0000_y0000,test,clean/156300084__x0000_y0000.bmp,0,0,1024,1024,2800,1024,0,,[]
156300084,156300084__x0896_y0000,test,clean/156300084__x0896_y0000.bmp,896,0,1024,1024,2800,1024,1,128,[]
156300084,156300084__x1776_y0000,test,clean/156300084__x1776_y0000.bmp,1776,0,1024,1024,2800,1024,2,144,[]
156400053,156400053__x0000_y0000,test,clean/156400053__x0000_y0000.bmp,0,0,1024,1024,2800,1024,0,,[]
156400053,156400053__x0896_y0000,test,clean/156400053__x0896_y0000.bmp,896,0,1024,1024,2800,1024,1,128,[]
156400053,156400053__x1776_y0000,test,clean/156400053__x1776_y0000.bmp,1776,0,1024,1024,2800,1024,2,144,[]
156400055,156400055__x0000_y0000,test,clean/156400055__x0000_y0000.bmp,0,0,1024,1024,2800,1024,0,,[]
156400055,156400055__x0896_y0000,test,clean/156400055__x0896_y0000.bmp,896,0,1024,1024,2800,1024,1,128,[]
156400055,156400055__x1776_y0000,test,clean/156400055__x1776_y0000.bmp,1776,0,1024,1024,2800,1024,2,144,[]
156400056,156400056__x0000_y0000,test,clean/156400056__x0000_y0000.bmp,0,0,1024,1024,2800,1024,0,,[]
156400056,156400056__x0896_y0000,test,clean/156400056__x0896_y0000.bmp,896,0,1024,1024,2800,1024,1,128,[]
156400056,156400056__x1776_y0000,test,clean/156400056__x1776_y0000.bmp,1776,0,1024,1024,2800,1024,2,144,[]
156400064,156400064__x0000_y0000,test,clean/156400064__x0000_y0000.bmp,0,0,1024,1024,2800,1024,0,,[]
156400064,156400064__x0896_y0000,test,clean/156400064__x0896_y0000.bmp,896,0,1024,1024,2800,1024,1,128,[]
156400064,156400064__x1776_y0000,test,clean/156400064__x1776_y0000.bmp,1776,0,1024,1024,2800,1024,2,144,[]
156500003,156500003__x0000_y0000,test,clean/156500003__x0000_y0000.bmp,0,0,1024,1024,2800,1024,0,,[]
156500003,156500003__x0896_y0000,test,clean/156500003__x0896_y0000.bmp,896,0,1024,1024,2800,1024,1,128,[]
156500003,156500003__x1776_y0000,test,clean/156500003__x1776_y0000.bmp,1776,0,1024,1024,2800,1024,2,144,[]
156500009,156500009__x0000_y0000,test,clean/156500009__x0000_y0000.bmp,0,0,1024,1024,2800,1024,0,,[]
156500009,156500009__x0896_y0000,test,clean/156500009__x0896_y0000.bmp,896,0,1024,1024,2800,1024,1,128,[]
156500009,156500009__x1776_y0000,test,clean/156500009__x1776_y0000.bmp,1776,0,1024,1024,2800,1024,2,144,[]
156500015,156500015__x0000_y0000,test,clean/156500015__x0000_y0000.bmp,0,0,1024,1024,2800,1024,0,,[]
156500015,156500015__x0896_y0000,test,clean/156500015__x0896_y0000.bmp,896,0,1024,1024,2800,1024,1,128,[]
156500015,156500015__x1776_y0000,test,clean/156500015__x1776_y0000.bmp,1776,0,1024,1024,2800,1024,2,144,[]
156500017,156500017__x0000_y0000,test,clean/156500017__x0000_y0000.bmp,0,0,1024,1024,2800,1024,0,,[]
156500017,156500017__x0896_y0000,test,clean/156500017__x0896_y0000.bmp,896,0,1024,1024,2800,1024,1,128,[]
156500017,156500017__x1776_y0000,test,clean/156500017__x1776_y0000.bmp,1776,0,1024,1024,2800,1024,2,144,[]
156600066,156600066__x0000_y0000,test,clean/156600066__x0000_y0000.bmp,0,0,1024,1024,2800,1024,0,,[]
156600066,156600066__x0896_y0000,test,clean/156600066__x0896_y0000.bmp,896,0,1024,1024,2800,1024,1,128,[]
156600066,156600066__x1776_y0000,test,clean/156600066__x1776_y0000.bmp,1776,0,1024,1024,2800,1024,2,144,[]
156700002,156700002__x0000_y0000,test,clean/156700002__x0000_y0000.bmp,0,0,1024,1024,2800,1024,0,,[]
156700002,156700002__x0896_y0000,test,clean/156700002__x0896_y0000.bmp,896,0,1024,1024,2800,1024,1,128,[]
156700002,156700002__x1776_y0000,test,clean/156700002__x1776_y0000.bmp,1776,0,1024,1024,2800,1024,2,144,[]
156700011,156700011__x0000_y0000,test,clean/156700011__x0000_y0000.bmp,0,0,1024,1024,2800,1024,0,,[]
156700011,156700011__x0896_y0000,test,clean/156700011__x0896_y0000.bmp,896,0,1024,1024,2800,1024,1,128,[]
156700011,156700011__x1776_y0000,test,clean/156700011__x1776_y0000.bmp,1776,0,1024,1024,2800,1024,2,144,[]
156700046,156700046__x0000_y0000,test,clean/156700046__x0000_y0000.bmp,0,0,1024,1024,2800,1024,0,,[]
156700046,156700046__x0896_y0000,test,clean/156700046__x0896_y0000.bmp,896,0,1024,1024,2800,1024,1,128,[]
156700046,156700046__x1776_y0000,test,clean/156700046__x1776_y0000.bmp,1776,0,1024,1024,2800,1024,2,144,[]
157200023,157200023__x0000_y0000,test,clean/157200023__x0000_y0000.bmp,0,0,1024,1024,2800,1024,0,,[]
157200023,157200023__x0896_y0000,test,clean/157200023__x0896_y0000.bmp,896,0,1024,1024,2800,1024,1,128,[]
157200023,157200023__x1776_y0000,test,clean/157200023__x1776_y0000.bmp,1776,0,1024,1024,2800,1024,2,144,[]
157200031,157200031__x0000_y0000,test,clean/157200031__x0000_y0000.bmp,0,0,1024,1024,2800,1024,0,,[]
157200031,157200031__x0896_y0000,test,clean/157200031__x0896_y0000.bmp,896,0,1024,1024,2800,1024,1,128,[]
157200031,157200031__x1776_y0000,test,clean/157200031__x1776_y0000.bmp,1776,0,1024,1024,2800,1024,2,144,[]
157200065,157200065__x0000_y0000,test,clean/157200065__x0000_y0000.bmp,0,0,1024,1024,2800,1024,0,,[]
157200065,157200065__x0896_y0000,test,clean/157200065__x0896_y0000.bmp,896,0,1024,1024,2800,1024,1,128,[]
157200065,157200065__x1776_y0000,test,clean/157200065__x1776_y0000.bmp,1776,0,1024,1024,2800,1024,2,144,[]
157200078,157200078__x0000_y0000,test,clean/157200078__x0000_y0000.bmp,0,0,1024,1024,2800,1024,0,,[]
157200078,157200078__x0896_y0000,test,clean/157200078__x0896_y0000.bmp,896,0,1024,1024,2800,1024,1,128,[]
157200078,157200078__x1776_y0000,test,clean/157200078__x1776_y0000.bmp,1776,0,1024,1024,2800,1024,2,144,[]
157400006,157400006__x0000_y0000,test,clean/157400006__x0000_y0000.bmp,0,0,1024,1024,2800,1024,0,,[]
157400006,157400006__x0896_y0000,test,clean/157400006__x0896_y0000.bmp,896,0,1024,1024,2800,1024,1,128,[]
157400006,157400006__x1776_y0000,test,clean/157400006__x1776_y0000.bmp,1776,0,1024,1024,2800,1024,2,144,[]
157400011,157400011__x0000_y0000,test,clean/157400011__x0000_y0000.bmp,0,0,1024,1024,2800,1024,0,,[]
157400011,157400011__x0896_y0000,test,clean/157400011__x0896_y0000.bmp,896,0,1024,1024,2800,1024,1,128,[]
157400011,157400011__x1776_y0000,test,clean/157400011__x1776_y0000.bmp,1776,0,1024,1024,2800,1024,2,144,[]
157500019,157500019__x0000_y0000,test,clean/157500019__x0000_y0000.bmp,0,0,1024,1024,2800,1024,0,,[]
157500019,157500019__x0896_y0000,test,clean/157500019__x0896_y0000.bmp,896,0,1024,1024,2800,1024,1,128,[]
157500019,157500019__x1776_y0000,test,clean/157500019__x1776_y0000.bmp,1776,0,1024,1024,2800,1024,2,144,[]
157500023,157500023__x0000_y0000,test,clean/157500023__x0000_y0000.bmp,0,0,1024,1024,2800,1024,0,,[]
157500023,157500023__x0896_y0000,test,clean/157500023__x0896_y0000.bmp,896,0,1024,1024,2800,1024,1,128,[]
157500023,157500023__x1776_y0000,test,clean/157500023__x1776_y0000.bmp,1776,0,1024,1024,2800,1024,2,144,[]
157500039,157500039__x0000_y0000,test,clean/157500039__x0000_y0000.bmp,0,0,1024,1024,2800,1024,0,,[]
157500039,157500039__x0896_y0000,test,clean/157500039__x0896_y0000.bmp,896,0,1024,1024,2800,1024,1,128,[]
157500039,157500039__x1776_y0000,test,clean/157500039__x1776_y0000.bmp,1776,0,1024,1024,2800,1024,2,144,[]
157500041,157500041__x0000_y0000,test,clean/157500041__x0000_y0000.bmp,0,0,1024,1024,2800,1024,0,,[]
157500041,157500041__x0896_y0000,test,clean/157500041__x0896_y0000.bmp,896,0,1024,1024,2800,1024,1,128,[]
157500041,157500041__x1776_y0000,test,clean/157500041__x1776_y0000.bmp,1776,0,1024,1024,2800,1024,2,144,[]
157500043,157500043__x0000_y0000,test,clean/157500043__x0000_y0000.bmp,0,0,1024,1024,2800,1024,0,,[]
157500043,157500043__x0896_y0000,test,clean/157500043__x0896_y0000.bmp,896,0,1024,1024,2800,1024,1,128,[]
157500043,157500043__x1776_y0000,test,clean/157500043__x1776_y0000.bmp,1776,0,1024,1024,2800,1024,2,144,[]
157500054,157500054__x0000_y0000,test,clean/157500054__x0000_y0000.bmp,0,0,1024,1024,2800,1024,0,,[]
157500054,157500054__x0896_y0000,test,clean/157500054__x0896_y0000.bmp,896,0,1024,1024,2800,1024,1,128,[]
157500054,157500054__x1776_y0000,test,clean/157500054__x1776_y0000.bmp,1776,0,1024,1024,2800,1024,2,144,[]
157500068,157500068__x0000_y0000,test,clean/157500068__x0000_y0000.bmp,0,0,1024,1024,2800,1024,0,,[]
157500068,157500068__x0896_y0000,test,clean/157500068__x0896_y0000.bmp,896,0,1024,1024,2800,1024,1,128,[]
157500068,157500068__x1776_y0000,test,clean/157500068__x1776_y0000.bmp,1776,0,1024,1024,2800,1024,2,144,[]
157500073,157500073__x0000_y0000,test,clean/157500073__x0000_y0000.bmp,0,0,1024,1024,2800,1024,0,,[]
157500073,157500073__x0896_y0000,test,clean/157500073__x0896_y0000.bmp,896,0,1024,1024,2800,1024,1,128,[]
157500073,157500073__x1776_y0000,test,clean/157500073__x1776_y0000.bmp,1776,0,1024,1024,2800,1024,2,144,[]
157500075,157500075__x0000_y0000,test,clean/157500075__x0000_y0000.bmp,0,0,1024,1024,2800,1024,0,,[]
157500075,157500075__x0896_y0000,test,clean/157500075__x0896_y0000.bmp,896,0,1024,1024,2800,1024,1,128,[]
157500075,157500075__x1776_y0000,test,clean/157500075__x1776_y0000.bmp,1776,0,1024,1024,2800,1024,2,144,[]
157600023,157600023__x0000_y0000,test,clean/157600023__x0000_y0000.bmp,0,0,1024,1024,2800,1024,0,,[]
157600023,157600023__x0896_y0000,test,clean/157600023__x0896_y0000.bmp,896,0,1024,1024,2800,1024,1,128,[]
157600023,157600023__x1776_y0000,test,clean/157600023__x1776_y0000.bmp,1776,0,1024,1024,2800,1024,2,144,[]
157600031,157600031__x0000_y0000,test,clean/157600031__x0000_y0000.bmp,0,0,1024,1024,2800,1024,0,,[]
157600031,157600031__x0896_y0000,test,clean/157600031__x0896_y0000.bmp,896,0,1024,1024,2800,1024,1,128,[]
157600031,157600031__x1776_y0000,test,clean/157600031__x1776_y0000.bmp,1776,0,1024,1024,2800,1024,2,144,[]
157600033,157600033__x0000_y0000,test,clean/157600033__x0000_y0000.bmp,0,0,1024,1024,2800,1024,0,,[]
157600033,157600033__x0896_y0000,test,clean/157600033__x0896_y0000.bmp,896,0,1024,1024,2800,1024,1,128,[]
157600033,157600033__x1776_y0000,test,clean/157600033__x1776_y0000.bmp,1776,0,1024,1024,2800,1024,2,144,[]
157600038,157600038__x0000_y0000,test,clean/157600038__x0000_y0000.bmp,0,0,1024,1024,2800,1024,0,,[]
157600038,157600038__x0896_y0000,test,clean/157600038__x0896_y0000.bmp,896,0,1024,1024,2800,1024,1,128,[]
157600038,157600038__x1776_y0000,test,clean/157600038__x1776_y0000.bmp,1776,0,1024,1024,2800,1024,2,144,[]
157600040,157600040__x0000_y0000,test,clean/157600040__x0000_y0000.bmp,0,0,1024,1024,2800,1024,0,,[]
157600040,157600040__x0896_y0000,test,clean/157600040__x0896_y0000.bmp,896,0,1024,1024,2800,1024,1,128,[]
157600040,157600040__x1776_y0000,test,clean/157600040__x1776_y0000.bmp,1776,0,1024,1024,2800,1024,2,144,[]
157700016,157700016__x0000_y0000,test,clean/157700016__x0000_y0000.bmp,0,0,1024,1024,2800,1024,0,,[]
157700016,157700016__x0896_y0000,test,clean/157700016__x0896_y0000.bmp,896,0,1024,1024,2800,1024,1,128,[]
157700016,157700016__x1776_y0000,test,clean/157700016__x1776_y0000.bmp,1776,0,1024,1024,2800,1024,2,144,[]
157700018,157700018__x0000_y0000,test,clean/157700018__x0000_y0000.bmp,0,0,1024,1024,2800,1024,0,,[]
157700018,157700018__x0896_y0000,test,clean/157700018__x0896_y0000.bmp,896,0,1024,1024,2800,1024,1,128,[]
157700018,157700018__x1776_y0000,test,clean/157700018__x1776_y0000.bmp,1776,0,1024,1024,2800,1024,2,144,[]
157900001,157900001__x0000_y0000,test,clean/157900001__x0000_y0000.bmp,0,0,1024,1024,2800,1024,0,,[]
157900001,157900001__x0896_y0000,test,clean/157900001__x0896_y0000.bmp,896,0,1024,1024,2800,1024,1,128,[]
157900001,157900001__x1776_y0000,test,clean/157900001__x1776_y0000.bmp,1776,0,1024,1024,2800,1024,2,144,[]
158000031,158000031__x0000_y0000,test,clean/158000031__x0000_y0000.bmp,0,0,1024,1024,2800,1024,0,,[]
158000031,158000031__x0896_y0000,test,clean/158000031__x0896_y0000.bmp,896,0,1024,1024,2800,1024,1,128,[]
158000031,158000031__x1776_y0000,test,clean/158000031__x1776_y0000.bmp,1776,0,1024,1024,2800,1024,2,144,[]
158000037,158000037__x0000_y0000,test,clean/158000037__x0000_y0000.bmp,0,0,1024,1024,2800,1024,0,,[]
158000037,158000037__x0896_y0000,test,clean/158000037__x0896_y0000.bmp,896,0,1024,1024,2800,1024,1,128,[]
158000037,158000037__x1776_y0000,test,clean/158000037__x1776_y0000.bmp,1776,0,1024,1024,2800,1024,2,144,[]
158000066,158000066__x0000_y0000,test,clean/158000066__x0000_y0000.bmp,0,0,1024,1024,2800,1024,0,,[]
158000066,158000066__x0896_y0000,test,clean/158000066__x0896_y0000.bmp,896,0,1024,1024,2800,1024,1,128,[]
158000066,158000066__x1776_y0000,test,clean/158000066__x1776_y0000.bmp,1776,0,1024,1024,2800,1024,2,144,[]
158000070,158000070__x0000_y0000,test,clean/158000070__x0000_y0000.bmp,0,0,1024,1024,2800,1024,0,,[]
158000070,158000070__x0896_y0000,test,clean/158000070__x0896_y0000.bmp,896,0,1024,1024,2800,1024,1,128,[]
158000070,158000070__x1776_y0000,test,clean/158000070__x1776_y0000.bmp,1776,0,1024,1024,2800,1024,2,144,[]
158000076,158000076__x0000_y0000,test,clean/158000076__x0000_y0000.bmp,0,0,1024,1024,2800,1024,0,,[]
158000076,158000076__x0896_y0000,test,clean/158000076__x0896_y0000.bmp,896,0,1024,1024,2800,1024,1,128,[]
158000076,158000076__x1776_y0000,test,clean/158000076__x1776_y0000.bmp,1776,0,1024,1024,2800,1024,2,144,[]
158000080,158000080__x0000_y0000,test,clean/158000080__x0000_y0000.bmp,0,0,1024,1024,2800,1024,0,,[]
158000080,158000080__x0896_y0000,test,clean/158000080__x0896_y0000.bmp,896,0,1024,1024,2800,1024,1,128,[]
158000080,158000080__x1776_y0000,test,clean/158000080__x1776_y0000.bmp,1776,0,1024,1024,2800,1024,2,144,[]
158000084,158000084__x0000_y0000,test,clean/158000084__x0000_y0000.bmp,0,0,1024,1024,2800,1024,0,,[]
158000084,158000084__x0896_y0000,test,clean/158000084__x0896_y0000.bmp,896,0,1024,1024,2800,1024,1,128,[]
158000084,158000084__x1776_y0000,test,clean/158000084__x1776_y0000.bmp,1776,0,1024,1024,2800,1024,2,144,[]
158100053,158100053__x0000_y0000,test,clean/158100053__x0000_y0000.bmp,0,0,1024,1024,2800,1024,0,,[]
158100053,158100053__x0896_y0000,test,clean/158100053__x0896_y0000.bmp,896,0,1024,1024,2800,1024,1,128,[]
158100053,158100053__x1776_y0000,test,clean/158100053__x1776_y0000.bmp,1776,0,1024,1024,2800,1024,2,144,[]
158100055,158100055__x0000_y0000,test,clean/158100055__x0000_y0000.bmp,0,0,1024,1024,2800,1024,0,,[]
158100055,158100055__x0896_y0000,test,clean/158100055__x0896_y0000.bmp,896,0,1024,1024,2800,1024,1,128,[]
158100055,158100055__x1776_y0000,test,clean/158100055__x1776_y0000.bmp,1776,0,1024,1024,2800,1024,2,144,[]
158100071,158100071__x0000_y0000,test,clean/158100071__x0000_y0000.bmp,0,0,1024,1024,2800,1024,0,,[]
158100071,158100071__x0896_y0000,test,clean/158100071__x0896_y0000.bmp,896,0,1024,1024,2800,1024,1,128,[]
158100071,158100071__x1776_y0000,test,clean/158100071__x1776_y0000.bmp,1776,0,1024,1024,2800,1024,2,144,[]
158300037,158300037__x0000_y0000,test,clean/158300037__x0000_y0000.bmp,0,0,1024,1024,2800,1024,0,,[]
158300037,158300037__x0896_y0000,test,clean/158300037__x0896_y0000.bmp,896,0,1024,1024,2800,1024,1,128,[]
158300037,158300037__x1776_y0000,test,clean/158300037__x1776_y0000.bmp,1776,0,1024,1024,2800,1024,2,144,[]
158300058,158300058__x0000_y0000,test,clean/158300058__x0000_y0000.bmp,0,0,1024,1024,2800,1024,0,,[]
158300058,158300058__x0896_y0000,test,clean/158300058__x0896_y0000.bmp,896,0,1024,1024,2800,1024,1,128,[]
158300058,158300058__x1776_y0000,test,clean/158300058__x1776_y0000.bmp,1776,0,1024,1024,2800,1024,2,144,[]
158300060,158300060__x0000_y0000,test,clean/158300060__x0000_y0000.bmp,0,0,1024,1024,2800,1024,0,,[]
158300060,158300060__x0896_y0000,test,clean/158300060__x0896_y0000.bmp,896,0,1024,1024,2800,1024,1,128,[]
158300060,158300060__x1776_y0000,test,clean/158300060__x1776_y0000.bmp,1776,0,1024,1024,2800,1024,2,144,[]
158300063,158300063__x0000_y0000,test,clean/158300063__x0000_y0000.bmp,0,0,1024,1024,2800,1024,0,,[]
158300063,158300063__x0896_y0000,test,clean/158300063__x0896_y0000.bmp,896,0,1024,1024,2800,1024,1,128,[]
158300063,158300063__x1776_y0000,test,clean/158300063__x1776_y0000.bmp,1776,0,1024,1024,2800,1024,2,144,[]
158300070,158300070__x0000_y0000,test,clean/158300070__x0000_y0000.bmp,0,0,1024,1024,2800,1024,0,,[]
158300070,158300070__x0896_y0000,test,clean/158300070__x0896_y0000.bmp,896,0,1024,1024,2800,1024,1,128,[]
158300070,158300070__x1776_y0000,test,clean/158300070__x1776_y0000.bmp,1776,0,1024,1024,2800,1024,2,144,[]
158500063,158500063__x0000_y0000,test,clean/158500063__x0000_y0000.bmp,0,0,1024,1024,2800,1024,0,,[]
158500063,158500063__x0896_y0000,test,clean/158500063__x0896_y0000.bmp,896,0,1024,1024,2800,1024,1,128,[]
158500063,158500063__x1776_y0000,test,clean/158500063__x1776_y0000.bmp,1776,0,1024,1024,2800,1024,2,144,[]
158500067,158500067__x0000_y0000,test,clean/158500067__x0000_y0000.bmp,0,0,1024,1024,2800,1024,0,,[]
158500067,158500067__x0896_y0000,test,clean/158500067__x0896_y0000.bmp,896,0,1024,1024,2800,1024,1,128,[]
158500067,158500067__x1776_y0000,test,clean/158500067__x1776_y0000.bmp,1776,0,1024,1024,2800,1024,2,144,[]
158600006,158600006__x0000_y0000,test,clean/158600006__x0000_y0000.bmp,0,0,1024,1024,2800,1024,0,,[]
158600006,158600006__x0896_y0000,test,clean/158600006__x0896_y0000.bmp,896,0,1024,1024,2800,1024,1,128,[]
158600006,158600006__x1776_y0000,test,clean/158600006__x1776_y0000.bmp,1776,0,1024,1024,2800,1024,2,144,[]
158600020,158600020__x0000_y0000,test,clean/158600020__x0000_y0000.bmp,0,0,1024,1024,2800,1024,0,,[]
158600020,158600020__x0896_y0000,test,clean/158600020__x0896_y0000.bmp,896,0,1024,1024,2800,1024,1,128,[]
158600020,158600020__x1776_y0000,test,clean/158600020__x1776_y0000.bmp,1776,0,1024,1024,2800,1024,2,144,[]
158600037,158600037__x0000_y0000,test,clean/158600037__x0000_y0000.bmp,0,0,1024,1024,2800,1024,0,,[]
158600037,158600037__x0896_y0000,test,clean/158600037__x0896_y0000.bmp,896,0,1024,1024,2800,1024,1,128,[]
158600037,158600037__x1776_y0000,test,clean/158600037__x1776_y0000.bmp,1776,0,1024,1024,2800,1024,2,144,[]
158600044,158600044__x0000_y0000,test,clean/158600044__x0000_y0000.bmp,0,0,1024,1024,2800,1024,0,,[]
158600044,158600044__x0896_y0000,test,clean/158600044__x0896_y0000.bmp,896,0,1024,1024,2800,1024,1,128,[]
158600044,158600044__x1776_y0000,test,clean/158600044__x1776_y0000.bmp,1776,0,1024,1024,2800,1024,2,144,[]
158600055,158600055__x0000_y0000,test,clean/158600055__x0000_y0000.bmp,0,0,1024,1024,2800,1024,0,,[]
158600055,158600055__x0896_y0000,test,clean/158600055__x0896_y0000.bmp,896,0,1024,1024,2800,1024,1,128,[]
158600055,158600055__x1776_y0000,test,clean/158600055__x1776_y0000.bmp,1776,0,1024,1024,2800,1024,2,144,[]
158600060,158600060__x0000_y0000,test,clean/158600060__x0000_y0000.bmp,0,0,1024,1024,2800,1024,0,,[]
158600060,158600060__x0896_y0000,test,clean/158600060__x0896_y0000.bmp,896,0,1024,1024,2800,1024,1,128,[]
158600060,158600060__x1776_y0000,test,clean/158600060__x1776_y0000.bmp,1776,0,1024,1024,2800,1024,2,144,[]
158600062,158600062__x0000_y0000,test,clean/158600062__x0000_y0000.bmp,0,0,1024,1024,2800,1024,0,,[]
158600062,158600062__x0896_y0000,test,clean/158600062__x0896_y0000.bmp,896,0,1024,1024,2800,1024,1,128,[]
158600062,158600062__x1776_y0000,test,clean/158600062__x1776_y0000.bmp,1776,0,1024,1024,2800,1024,2,144,[]
158600063,158600063__x0000_y0000,test,clean/158600063__x0000_y0000.bmp,0,0,1024,1024,2800,1024,0,,[]
158600063,158600063__x0896_y0000,test,clean/158600063__x0896_y0000.bmp,896,0,1024,1024,2800,1024,1,128,[]
158600063,158600063__x1776_y0000,test,clean/158600063__x1776_y0000.bmp,1776,0,1024,1024,2800,1024,2,144,[]
158700048,158700048__x0000_y0000,test,clean/158700048__x0000_y0000.bmp,0,0,1024,1024,2800,1024,0,,[]
158700048,158700048__x0896_y0000,test,clean/158700048__x0896_y0000.bmp,896,0,1024,1024,2800,1024,1,128,[]
158700048,158700048__x1776_y0000,test,clean/158700048__x1776_y0000.bmp,1776,0,1024,1024,2800,1024,2,144,[]
158700069,158700069__x0000_y0000,test,clean/158700069__x0000_y0000.bmp,0,0,1024,1024,2800,1024,0,,[]
158700069,158700069__x0896_y0000,test,clean/158700069__x0896_y0000.bmp,896,0,1024,1024,2800,1024,1,128,[]
158700069,158700069__x1776_y0000,test,clean/158700069__x1776_y0000.bmp,1776,0,1024,1024,2800,1024,2,144,[]
158900001,158900001__x0000_y0000,test,clean/158900001__x0000_y0000.bmp,0,0,1024,1024,2800,1024,0,,[]
158900001,158900001__x0896_y0000,test,clean/158900001__x0896_y0000.bmp,896,0,1024,1024,2800,1024,1,128,[]
158900001,158900001__x1776_y0000,test,clean/158900001__x1776_y0000.bmp,1776,0,1024,1024,2800,1024,2,144,[]
158900030,158900030__x0000_y0000,test,clean/158900030__x0000_y0000.bmp,0,0,1024,1024,2800,1024,0,,[]
158900030,158900030__x0896_y0000,test,clean/158900030__x0896_y0000.bmp,896,0,1024,1024,2800,1024,1,128,[]
158900030,158900030__x1776_y0000,test,clean/158900030__x1776_y0000.bmp,1776,0,1024,1024,2800,1024,2,144,[]
158900073,158900073__x0000_y0000,test,clean/158900073__x0000_y0000.bmp,0,0,1024,1024,2800,1024,0,,[]
158900073,158900073__x0896_y0000,test,clean/158900073__x0896_y0000.bmp,896,0,1024,1024,2800,1024,1,128,[]
158900073,158900073__x1776_y0000,test,clean/158900073__x1776_y0000.bmp,1776,0,1024,1024,2800,1024,2,144,[]
159000042,159000042__x0000_y0000,test,clean/159000042__x0000_y0000.bmp,0,0,1024,1024,2800,1024,0,,[]
159000042,159000042__x0896_y0000,test,clean/159000042__x0896_y0000.bmp,896,0,1024,1024,2800,1024,1,128,[]
159000042,159000042__x1776_y0000,test,clean/159000042__x1776_y0000.bmp,1776,0,1024,1024,2800,1024,2,144,[]
159000044,159000044__x0000_y0000,test,clean/159000044__x0000_y0000.bmp,0,0,1024,1024,2800,1024,0,,[]
159000044,159000044__x0896_y0000,test,clean/159000044__x0896_y0000.bmp,896,0,1024,1024,2800,1024,1,128,[]
159000044,159000044__x1776_y0000,test,clean/159000044__x1776_y0000.bmp,1776,0,1024,1024,2800,1024,2,144,[]
160000056,160000056__x0000_y0000,test,clean/160000056__x0000_y0000.bmp,0,0,1024,1024,2800,1024,0,,[]
160000056,160000056__x0896_y0000,test,clean/160000056__x0896_y0000.bmp,896,0,1024,1024,2800,1024,1,128,[]
160000056,160000056__x1776_y0000,test,clean/160000056__x1776_y0000.bmp,1776,0,1024,1024,2800,1024,2,144,[]
160200001,160200001__x0000_y0000,test,clean/160200001__x0000_y0000.bmp,0,0,1024,1024,2800,1024,0,,[]
160200001,160200001__x0896_y0000,test,clean/160200001__x0896_y0000.bmp,896,0,1024,1024,2800,1024,1,128,[]
160200001,160200001__x1776_y0000,test,clean/160200001__x1776_y0000.bmp,1776,0,1024,1024,2800,1024,2,144,[]
160200028,160200028__x0000_y0000,test,clean/160200028__x0000_y0000.bmp,0,0,1024,1024,2800,1024,0,,[]
160200028,160200028__x0896_y0000,test,clean/160200028__x0896_y0000.bmp,896,0,1024,1024,2800,1024,1,128,[]
160200028,160200028__x1776_y0000,test,clean/160200028__x1776_y0000.bmp,1776,0,1024,1024,2800,1024,2,144,[]
160200031,160200031__x0000_y0000,test,clean/160200031__x0000_y0000.bmp,0,0,1024,1024,2800,1024,0,,[]
160200031,160200031__x0896_y0000,test,clean/160200031__x0896_y0000.bmp,896,0,1024,1024,2800,1024,1,128,[]
160200031,160200031__x1776_y0000,test,clean/160200031__x1776_y0000.bmp,1776,0,1024,1024,2800,1024,2,144,[]
160200036,160200036__x0000_y0000,test,clean/160200036__x0000_y0000.bmp,0,0,1024,1024,2800,1024,0,,[]
160200036,160200036__x0896_y0000,test,clean/160200036__x0896_y0000.bmp,896,0,1024,1024,2800,1024,1,128,[]
160200036,160200036__x1776_y0000,test,clean/160200036__x1776_y0000.bmp,1776,0,1024,1024,2800,1024,2,144,[]
160200048,160200048__x0000_y0000,test,clean/160200048__x0000_y0000.bmp,0,0,1024,1024,2800,1024,0,,[]
160200048,160200048__x0896_y0000,test,clean/160200048__x0896_y0000.bmp,896,0,1024,1024,2800,1024,1,128,[]
160200048,160200048__x1776_y0000,test,clean/160200048__x1776_y0000.bmp,1776,0,1024,1024,2800,1024,2,144,[]
160200073,160200073__x0000_y0000,test,clean/160200073__x0000_y0000.bmp,0,0,1024,1024,2800,1024,0,,[]
160200073,160200073__x0896_y0000,test,clean/160200073__x0896_y0000.bmp,896,0,1024,1024,2800,1024,1,128,[]
160200073,160200073__x1776_y0000,test,clean/160200073__x1776_y0000.bmp,1776,0,1024,1024,2800,1024,2,144,[]
160300024,160300024__x0000_y0000,test,clean/160300024__x0000_y0000.bmp,0,0,1024,1024,2800,1024,0,,[]
160300024,160300024__x0896_y0000,test,clean/160300024__x0896_y0000.bmp,896,0,1024,1024,2800,1024,1,128,[]
160300024,160300024__x1776_y0000,test,clean/160300024__x1776_y0000.bmp,1776,0,1024,1024,2800,1024,2,144,[]
160300029,160300029__x0000_y0000,test,clean/160300029__x0000_y0000.bmp,0,0,1024,1024,2800,1024,0,,[]
160300029,160300029__x0896_y0000,test,clean/160300029__x0896_y0000.bmp,896,0,1024,1024,2800,1024,1,128,[]
160300029,160300029__x1776_y0000,test,clean/160300029__x1776_y0000.bmp,1776,0,1024,1024,2800,1024,2,144,[]
160300053,160300053__x0000_y0000,test,clean/160300053__x0000_y0000.bmp,0,0,1024,1024,2800,1024,0,,[]
160300053,160300053__x0896_y0000,test,clean/160300053__x0896_y0000.bmp,896,0,1024,1024,2800,1024,1,128,[]
160300053,160300053__x1776_y0000,test,clean/160300053__x1776_y0000.bmp,1776,0,1024,1024,2800,1024,2,144,[]
160300071,160300071__x0000_y0000,test,clean/160300071__x0000_y0000.bmp,0,0,1024,1024,2800,1024,0,,[]
160300071,160300071__x0896_y0000,test,clean/160300071__x0896_y0000.bmp,896,0,1024,1024,2800,1024,1,128,[]
160300071,160300071__x1776_y0000,test,clean/160300071__x1776_y0000.bmp,1776,0,1024,1024,2800,1024,2,144,[]
160400014,160400014__x0000_y0000,test,clean/160400014__x0000_y0000.bmp,0,0,1024,1024,2800,1024,0,,[]
160400014,160400014__x0896_y0000,test,clean/160400014__x0896_y0000.bmp,896,0,1024,1024,2800,1024,1,128,[]
160400014,160400014__x1776_y0000,test,clean/160400014__x1776_y0000.bmp,1776,0,1024,1024,2800,1024,2,144,[]
160400016,160400016__x0000_y0000,test,clean/160400016__x0000_y0000.bmp,0,0,1024,1024,2800,1024,0,,[]
160400016,160400016__x0896_y0000,test,clean/160400016__x0896_y0000.bmp,896,0,1024,1024,2800,1024,1,128,[]
160400016,160400016__x1776_y0000,test,clean/160400016__x1776_y0000.bmp,1776,0,1024,1024,2800,1024,2,144,[]
160400019,160400019__x0000_y0000,test,clean/160400019__x0000_y0000.bmp,0,0,1024,1024,2800,1024,0,,[]
160400019,160400019__x0896_y0000,test,clean/160400019__x0896_y0000.bmp,896,0,1024,1024,2800,1024,1,128,[]
160400019,160400019__x1776_y0000,test,clean/160400019__x1776_y0000.bmp,1776,0,1024,1024,2800,1024,2,144,[]
160400020,160400020__x0000_y0000,test,clean/160400020__x0000_y0000.bmp,0,0,1024,1024,2800,1024,0,,[]
160400020,160400020__x0896_y0000,test,clean/160400020__x0896_y0000.bmp,896,0,1024,1024,2800,1024,1,128,[]
160400020,160400020__x1776_y0000,test,clean/160400020__x1776_y0000.bmp,1776,0,1024,1024,2800,1024,2,144,[]
160400022,160400022__x0000_y0000,test,clean/160400022__x0000_y0000.bmp,0,0,1024,1024,2800,1024,0,,[]
160400022,160400022__x0896_y0000,test,clean/160400022__x0896_y0000.bmp,896,0,1024,1024,2800,1024,1,128,[]
160400022,160400022__x1776_y0000,test,clean/160400022__x1776_y0000.bmp,1776,0,1024,1024,2800,1024,2,144,[]
160400027,160400027__x0000_y0000,test,clean/160400027__x0000_y0000.bmp,0,0,1024,1024,2800,1024,0,,[]
160400027,160400027__x0896_y0000,test,clean/160400027__x0896_y0000.bmp,896,0,1024,1024,2800,1024,1,128,[]
160400027,160400027__x1776_y0000,test,clean/160400027__x1776_y0000.bmp,1776,0,1024,1024,2800,1024,2,144,[]
160400031,160400031__x0000_y0000,test,clean/160400031__x0000_y0000.bmp,0,0,1024,1024,2800,1024,0,,[]
160400031,160400031__x0896_y0000,test,clean/160400031__x0896_y0000.bmp,896,0,1024,1024,2800,1024,1,128,[]
160400031,160400031__x1776_y0000,test,clean/160400031__x1776_y0000.bmp,1776,0,1024,1024,2800,1024,2,144,[]
160600025,160600025__x0000_y0000,test,clean/160600025__x0000_y0000.bmp,0,0,1024,1024,2800,1024,0,,[]
160600025,160600025__x0896_y0000,test,clean/160600025__x0896_y0000.bmp,896,0,1024,1024,2800,1024,1,128,[]
160600025,160600025__x1776_y0000,test,clean/160600025__x1776_y0000.bmp,1776,0,1024,1024,2800,1024,2,144,[]
160600026,160600026__x0000_y0000,test,clean/160600026__x0000_y0000.bmp,0,0,1024,1024,2800,1024,0,,[]
160600026,160600026__x0896_y0000,test,clean/160600026__x0896_y0000.bmp,896,0,1024,1024,2800,1024,1,128,[]
160600026,160600026__x1776_y0000,test,clean/160600026__x1776_y0000.bmp,1776,0,1024,1024,2800,1024,2,144,[]
160600029,160600029__x0000_y0000,test,clean/160600029__x0000_y0000.bmp,0,0,1024,1024,2800,1024,0,,[]
160600029,160600029__x0896_y0000,test,clean/160600029__x0896_y0000.bmp,896,0,1024,1024,2800,1024,1,128,[]
160600029,160600029__x1776_y0000,test,clean/160600029__x1776_y0000.bmp,1776,0,1024,1024,2800,1024,2,144,[]
160600030,160600030__x0000_y0000,test,clean/160600030__x0000_y0000.bmp,0,0,1024,1024,2800,1024,0,,[]
160600030,160600030__x0896_y0000,test,clean/160600030__x0896_y0000.bmp,896,0,1024,1024,2800,1024,1,128,[]
160600030,160600030__x1776_y0000,test,clean/160600030__x1776_y0000.bmp,1776,0,1024,1024,2800,1024,2,144,[]
160600070,160600070__x0000_y0000,test,clean/160600070__x0000_y0000.bmp,0,0,1024,1024,2800,1024,0,,[]
160600070,160600070__x0896_y0000,test,clean/160600070__x0896_y0000.bmp,896,0,1024,1024,2800,1024,1,128,[]
160600070,160600070__x1776_y0000,test,clean/160600070__x1776_y0000.bmp,1776,0,1024,1024,2800,1024,2,144,[]
160800018,160800018__x0000_y0000,test,clean/160800018__x0000_y0000.bmp,0,0,1024,1024,2800,1024,0,,[]
160800018,160800018__x0896_y0000,test,clean/160800018__x0896_y0000.bmp,896,0,1024,1024,2800,1024,1,128,[]
160800018,160800018__x1776_y0000,test,clean/160800018__x1776_y0000.bmp,1776,0,1024,1024,2800,1024,2,144,[]
160800023,160800023__x0000_y0000,test,clean/160800023__x0000_y0000.bmp,0,0,1024,1024,2800,1024,0,,[]
160800023,160800023__x0896_y0000,test,clean/160800023__x0896_y0000.bmp,896,0,1024,1024,2800,1024,1,128,[]
160800023,160800023__x1776_y0000,test,clean/160800023__x1776_y0000.bmp,1776,0,1024,1024,2800,1024,2,144,[]
160800045,160800045__x0000_y0000,test,clean/160800045__x0000_y0000.bmp,0,0,1024,1024,2800,1024,0,,[]
160800045,160800045__x0896_y0000,test,clean/160800045__x0896_y0000.bmp,896,0,1024,1024,2800,1024,1,128,[]
160800045,160800045__x1776_y0000,test,clean/160800045__x1776_y0000.bmp,1776,0,1024,1024,2800,1024,2,144,[]
160800076,160800076__x0000_y0000,test,clean/160800076__x0000_y0000.bmp,0,0,1024,1024,2800,1024,0,,[]
160800076,160800076__x0896_y0000,test,clean/160800076__x0896_y0000.bmp,896,0,1024,1024,2800,1024,1,128,[]
160800076,160800076__x1776_y0000,test,clean/160800076__x1776_y0000.bmp,1776,0,1024,1024,2800,1024,2,144,[]
160800084,160800084__x0000_y0000,test,clean/160800084__x0000_y0000.bmp,0,0,1024,1024,2800,1024,0,,[]
160800084,160800084__x0896_y0000,test,clean/160800084__x0896_y0000.bmp,896,0,1024,1024,2800,1024,1,128,[]
160800084,160800084__x1776_y0000,test,clean/160800084__x1776_y0000.bmp,1776,0,1024,1024,2800,1024,2,144,[]
161200019,161200019__x0000_y0000,test,clean/161200019__x0000_y0000.bmp,0,0,1024,1024,2800,1024,0,,[]
161200019,161200019__x0896_y0000,test,clean/161200019__x0896_y0000.bmp,896,0,1024,1024,2800,1024,1,128,[]
161200019,161200019__x1776_y0000,test,clean/161200019__x1776_y0000.bmp,1776,0,1024,1024,2800,1024,2,144,[]
161300006,161300006__x0000_y0000,test,clean/161300006__x0000_y0000.bmp,0,0,1024,1024,2800,1024,0,,[]
161300006,161300006__x0896_y0000,test,clean/161300006__x0896_y0000.bmp,896,0,1024,1024,2800,1024,1,128,[]
161300006,161300006__x1776_y0000,test,clean/161300006__x1776_y0000.bmp,1776,0,1024,1024,2800,1024,2,144,[]
161300008,161300008__x0000_y0000,test,clean/161300008__x0000_y0000.bmp,0,0,1024,1024,2800,1024,0,,[]
161300008,161300008__x0896_y0000,test,clean/161300008__x0896_y0000.bmp,896,0,1024,1024,2800,1024,1,128,[]
161300008,161300008__x1776_y0000,test,clean/161300008__x1776_y0000.bmp,1776,0,1024,1024,2800,1024,2,144,[]
161300019,161300019__x0000_y0000,test,clean/161300019__x0000_y0000.bmp,0,0,1024,1024,2800,1024,0,,[]
161300019,161300019__x0896_y0000,test,clean/161300019__x0896_y0000.bmp,896,0,1024,1024,2800,1024,1,128,[]
161300019,161300019__x1776_y0000,test,clean/161300019__x1776_y0000.bmp,1776,0,1024,1024,2800,1024,2,144,[]
161300027,161300027__x0000_y0000,test,clean/161300027__x0000_y0000.bmp,0,0,1024,1024,2800,1024,0,,[]
161300027,161300027__x0896_y0000,test,clean/161300027__x0896_y0000.bmp,896,0,1024,1024,2800,1024,1,128,[]
161300027,161300027__x1776_y0000,test,clean/161300027__x1776_y0000.bmp,1776,0,1024,1024,2800,1024,2,144,[]
161300038,161300038__x0000_y0000,test,clean/161300038__x0000_y0000.bmp,0,0,1024,1024,2800,1024,0,,[]
161300038,161300038__x0896_y0000,test,clean/161300038__x0896_y0000.bmp,896,0,1024,1024,2800,1024,1,128,[]
161300038,161300038__x1776_y0000,test,clean/161300038__x1776_y0000.bmp,1776,0,1024,1024,2800,1024,2,144,[]
161500008,161500008__x0000_y0000,test,clean/161500008__x0000_y0000.bmp,0,0,1024,1024,2800,1024,0,,[]
161500008,161500008__x0896_y0000,test,clean/161500008__x0896_y0000.bmp,896,0,1024,1024,2800,1024,1,128,[]
161500008,161500008__x1776_y0000,test,clean/161500008__x1776_y0000.bmp,1776,0,1024,1024,2800,1024,2,144,[]
161500039,161500039__x0000_y0000,test,clean/161500039__x0000_y0000.bmp,0,0,1024,1024,2800,1024,0,,[]
161500039,161500039__x0896_y0000,test,clean/161500039__x0896_y0000.bmp,896,0,1024,1024,2800,1024,1,128,[]
161500039,161500039__x1776_y0000,test,clean/161500039__x1776_y0000.bmp,1776,0,1024,1024,2800,1024,2,144,[]
161500041,161500041__x0000_y0000,test,clean/161500041__x0000_y0000.bmp,0,0,1024,1024,2800,1024,0,,[]
161500041,161500041__x0896_y0000,test,clean/161500041__x0896_y0000.bmp,896,0,1024,1024,2800,1024,1,128,[]
161500041,161500041__x1776_y0000,test,clean/161500041__x1776_y0000.bmp,1776,0,1024,1024,2800,1024,2,144,[]
161500043,161500043__x0000_y0000,test,clean/161500043__x0000_y0000.bmp,0,0,1024,1024,2800,1024,0,,[]
161500043,161500043__x0896_y0000,test,clean/161500043__x0896_y0000.bmp,896,0,1024,1024,2800,1024,1,128,[]
161500043,161500043__x1776_y0000,test,clean/161500043__x1776_y0000.bmp,1776,0,1024,1024,2800,1024,2,144,[]
161500050,161500050__x0000_y0000,test,clean/161500050__x0000_y0000.bmp,0,0,1024,1024,2800,1024,0,,[]
161500050,161500050__x0896_y0000,test,clean/161500050__x0896_y0000.bmp,896,0,1024,1024,2800,1024,1,128,[]
161500050,161500050__x1776_y0000,test,clean/161500050__x1776_y0000.bmp,1776,0,1024,1024,2800,1024,2,144,[]
161500053,161500053__x0000_y0000,test,clean/161500053__x0000_y0000.bmp,0,0,1024,1024,2800,1024,0,,[]
161500053,161500053__x0896_y0000,test,clean/161500053__x0896_y0000.bmp,896,0,1024,1024,2800,1024,1,128,[]
161500053,161500053__x1776_y0000,test,clean/161500053__x1776_y0000.bmp,1776,0,1024,1024,2800,1024,2,144,[]
161500061,161500061__x0000_y0000,test,clean/161500061__x0000_y0000.bmp,0,0,1024,1024,2800,1024,0,,[]
161500061,161500061__x0896_y0000,test,clean/161500061__x0896_y0000.bmp,896,0,1024,1024,2800,1024,1,128,[]
161500061,161500061__x1776_y0000,test,clean/161500061__x1776_y0000.bmp,1776,0,1024,1024,2800,1024,2,144,[]
161500075,161500075__x0000_y0000,test,clean/161500075__x0000_y0000.bmp,0,0,1024,1024,2800,1024,0,,[]
161500075,161500075__x0896_y0000,test,clean/161500075__x0896_y0000.bmp,896,0,1024,1024,2800,1024,1,128,[]
161500075,161500075__x1776_y0000,test,clean/161500075__x1776_y0000.bmp,1776,0,1024,1024,2800,1024,2,144,[]
161500078,161500078__x0000_y0000,test,clean/161500078__x0000_y0000.bmp,0,0,1024,1024,2800,1024,0,,[]
161500078,161500078__x0896_y0000,test,clean/161500078__x0896_y0000.bmp,896,0,1024,1024,2800,1024,1,128,[]
161500078,161500078__x1776_y0000,test,clean/161500078__x1776_y0000.bmp,1776,0,1024,1024,2800,1024,2,144,[]
161600062,161600062__x0000_y0000,test,clean/161600062__x0000_y0000.bmp,0,0,1024,1024,2800,1024,0,,[]
161600062,161600062__x0896_y0000,test,clean/161600062__x0896_y0000.bmp,896,0,1024,1024,2800,1024,1,128,[]
161600062,161600062__x1776_y0000,test,clean/161600062__x1776_y0000.bmp,1776,0,1024,1024,2800,1024,2,144,[]
161700023,161700023__x0000_y0000,test,clean/161700023__x0000_y0000.bmp,0,0,1024,1024,2800,1024,0,,[]
161700023,161700023__x0896_y0000,test,clean/161700023__x0896_y0000.bmp,896,0,1024,1024,2800,1024,1,128,[]
161700023,161700023__x1776_y0000,test,clean/161700023__x1776_y0000.bmp,1776,0,1024,1024,2800,1024,2,144,[]
161700045,161700045__x0000_y0000,test,clean/161700045__x0000_y0000.bmp,0,0,1024,1024,2800,1024,0,,[]
161700045,161700045__x0896_y0000,test,clean/161700045__x0896_y0000.bmp,896,0,1024,1024,2800,1024,1,128,[]
161700045,161700045__x1776_y0000,test,clean/161700045__x1776_y0000.bmp,1776,0,1024,1024,2800,1024,2,144,[]
161700064,161700064__x0000_y0000,test,clean/161700064__x0000_y0000.bmp,0,0,1024,1024,2800,1024,0,,[]
161700064,161700064__x0896_y0000,test,clean/161700064__x0896_y0000.bmp,896,0,1024,1024,2800,1024,1,128,[]
161700064,161700064__x1776_y0000,test,clean/161700064__x1776_y0000.bmp,1776,0,1024,1024,2800,1024,2,144,[]
161700076,161700076__x0000_y0000,test,clean/161700076__x0000_y0000.bmp,0,0,1024,1024,2800,1024,0,,[]
161700076,161700076__x0896_y0000,test,clean/161700076__x0896_y0000.bmp,896,0,1024,1024,2800,1024,1,128,[]
161700076,161700076__x1776_y0000,test,clean/161700076__x1776_y0000.bmp,1776,0,1024,1024,2800,1024,2,144,[]
161700079,161700079__x0000_y0000,test,clean/161700079__x0000_y0000.bmp,0,0,1024,1024,2800,1024,0,,[]
161700079,161700079__x0896_y0000,test,clean/161700079__x0896_y0000.bmp,896,0,1024,1024,2800,1024,1,128,[]
161700079,161700079__x1776_y0000,test,clean/161700079__x1776_y0000.bmp,1776,0,1024,1024,2800,1024,2,144,[]
161800005,161800005__x0000_y0000,test,clean/161800005__x0000_y0000.bmp,0,0,1024,1024,2800,1024,0,,[]
161800005,161800005__x0896_y0000,test,clean/161800005__x0896_y0000.bmp,896,0,1024,1024,2800,1024,1,128,[]
161800005,161800005__x1776_y0000,test,clean/161800005__x1776_y0000.bmp,1776,0,1024,1024,2800,1024,2,144,[]
161800022,161800022__x0000_y0000,test,clean/161800022__x0000_y0000.bmp,0,0,1024,1024,2800,1024,0,,[]
161800022,161800022__x0896_y0000,test,clean/161800022__x0896_y0000.bmp,896,0,1024,1024,2800,1024,1,128,[]
161800022,161800022__x1776_y0000,test,clean/161800022__x1776_y0000.bmp,1776,0,1024,1024,2800,1024,2,144,[]
161800031,161800031__x0000_y0000,test,clean/161800031__x0000_y0000.bmp,0,0,1024,1024,2800,1024,0,,[]
161800031,161800031__x0896_y0000,test,clean/161800031__x0896_y0000.bmp,896,0,1024,1024,2800,1024,1,128,[]
161800031,161800031__x1776_y0000,test,clean/161800031__x1776_y0000.bmp,1776,0,1024,1024,2800,1024,2,144,[]
161800033,161800033__x0000_y0000,test,clean/161800033__x0000_y0000.bmp,0,0,1024,1024,2800,1024,0,,[]
161800033,161800033__x0896_y0000,test,clean/161800033__x0896_y0000.bmp,896,0,1024,1024,2800,1024,1,128,[]
161800033,161800033__x1776_y0000,test,clean/161800033__x1776_y0000.bmp,1776,0,1024,1024,2800,1024,2,144,[]
161800041,161800041__x0000_y0000,test,clean/161800041__x0000_y0000.bmp,0,0,1024,1024,2800,1024,0,,[]
161800041,161800041__x0896_y0000,test,clean/161800041__x0896_y0000.bmp,896,0,1024,1024,2800,1024,1,128,[]
161800041,161800041__x1776_y0000,test,clean/161800041__x1776_y0000.bmp,1776,0,1024,1024,2800,1024,2,144,[]
161800059,161800059__x0000_y0000,test,clean/161800059__x0000_y0000.bmp,0,0,1024,1024,2800,1024,0,,[]
161800059,161800059__x0896_y0000,test,clean/161800059__x0896_y0000.bmp,896,0,1024,1024,2800,1024,1,128,[]
161800059,161800059__x1776_y0000,test,clean/161800059__x1776_y0000.bmp,1776,0,1024,1024,2800,1024,2,144,[]
161800075,161800075__x0000_y0000,test,clean/161800075__x0000_y0000.bmp,0,0,1024,1024,2800,1024,0,,[]
161800075,161800075__x0896_y0000,test,clean/161800075__x0896_y0000.bmp,896,0,1024,1024,2800,1024,1,128,[]
161800075,161800075__x1776_y0000,test,clean/161800075__x1776_y0000.bmp,1776,0,1024,1024,2800,1024,2,144,[]
161900000,161900000__x0000_y0000,test,clean/161900000__x0000_y0000.bmp,0,0,1024,1024,2800,1024,0,,[]
161900000,161900000__x0896_y0000,test,clean/161900000__x0896_y0000.bmp,896,0,1024,1024,2800,1024,1,128,[]
161900000,161900000__x1776_y0000,test,clean/161900000__x1776_y0000.bmp,1776,0,1024,1024,2800,1024,2,144,[]
161900007,161900007__x0000_y0000,test,clean/161900007__x0000_y0000.bmp,0,0,1024,1024,2800,1024,0,,[]
161900007,161900007__x0896_y0000,test,clean/161900007__x0896_y0000.bmp,896,0,1024,1024,2800,1024,1,128,[]
161900007,161900007__x1776_y0000,test,clean/161900007__x1776_y0000.bmp,1776,0,1024,1024,2800,1024,2,144,[]
161900017,161900017__x0000_y0000,test,clean/161900017__x0000_y0000.bmp,0,0,1024,1024,2800,1024,0,,[]
161900017,161900017__x0896_y0000,test,clean/161900017__x0896_y0000.bmp,896,0,1024,1024,2800,1024,1,128,[]
161900017,161900017__x1776_y0000,test,clean/161900017__x1776_y0000.bmp,1776,0,1024,1024,2800,1024,2,144,[]
161900037,161900037__x0000_y0000,test,clean/161900037__x0000_y0000.bmp,0,0,1024,1024,2800,1024,0,,[]
161900037,161900037__x0896_y0000,test,clean/161900037__x0896_y0000.bmp,896,0,1024,1024,2800,1024,1,128,[]
161900037,161900037__x1776_y0000,test,clean/161900037__x1776_y0000.bmp,1776,0,1024,1024,2800,1024,2,144,[]
161900041,161900041__x0000_y0000,test,clean/161900041__x0000_y0000.bmp,0,0,1024,1024,2800,1024,0,,[]
161900041,161900041__x0896_y0000,test,clean/161900041__x0896_y0000.bmp,896,0,1024,1024,2800,1024,1,128,[]
161900041,161900041__x1776_y0000,test,clean/161900041__x1776_y0000.bmp,1776,0,1024,1024,2800,1024,2,144,[]
161900045,161900045__x0000_y0000,test,clean/161900045__x0000_y0000.bmp,0,0,1024,1024,2800,1024,0,,[]
161900045,161900045__x0896_y0000,test,clean/161900045__x0896_y0000.bmp,896,0,1024,1024,2800,1024,1,128,[]
161900045,161900045__x1776_y0000,test,clean/161900045__x1776_y0000.bmp,1776,0,1024,1024,2800,1024,2,144,[]
161900047,161900047__x0000_y0000,test,clean/161900047__x0000_y0000.bmp,0,0,1024,1024,2800,1024,0,,[]
161900047,161900047__x0896_y0000,test,clean/161900047__x0896_y0000.bmp,896,0,1024,1024,2800,1024,1,128,[]
161900047,161900047__x1776_y0000,test,clean/161900047__x1776_y0000.bmp,1776,0,1024,1024,2800,1024,2,144,[]
161900049,161900049__x0000_y0000,test,clean/161900049__x0000_y0000.bmp,0,0,1024,1024,2800,1024,0,,[]
161900049,161900049__x0896_y0000,test,clean/161900049__x0896_y0000.bmp,896,0,1024,1024,2800,1024,1,128,[]
161900049,161900049__x1776_y0000,test,clean/161900049__x1776_y0000.bmp,1776,0,1024,1024,2800,1024,2,144,[]
161900058,161900058__x0000_y0000,test,clean/161900058__x0000_y0000.bmp,0,0,1024,1024,2800,1024,0,,[]
161900058,161900058__x0896_y0000,test,clean/161900058__x0896_y0000.bmp,896,0,1024,1024,2800,1024,1,128,[]
161900058,161900058__x1776_y0000,test,clean/161900058__x1776_y0000.bmp,1776,0,1024,1024,2800,1024,2,144,[]
161900060,161900060__x0000_y0000,test,clean/161900060__x0000_y0000.bmp,0,0,1024,1024,2800,1024,0,,[]
161900060,161900060__x0896_y0000,test,clean/161900060__x0896_y0000.bmp,896,0,1024,1024,2800,1024,1,128,[]
161900060,161900060__x1776_y0000,test,clean/161900060__x1776_y0000.bmp,1776,0,1024,1024,2800,1024,2,144,[]
161900076,161900076__x0000_y0000,test,clean/161900076__x0000_y0000.bmp,0,0,1024,1024,2800,1024,0,,[]
161900076,161900076__x0896_y0000,test,clean/161900076__x0896_y0000.bmp,896,0,1024,1024,2800,1024,1,128,[]
161900076,161900076__x1776_y0000,test,clean/161900076__x1776_y0000.bmp,1776,0,1024,1024,2800,1024,2,144,[]
162100000,162100000__x0000_y0000,test,clean/162100000__x0000_y0000.bmp,0,0,1024,1024,2800,1024,0,,[]
162100000,162100000__x0896_y0000,test,clean/162100000__x0896_y0000.bmp,896,0,1024,1024,2800,1024,1,128,[]
162100000,162100000__x1776_y0000,test,clean/162100000__x1776_y0000.bmp,1776,0,1024,1024,2800,1024,2,144,[]
162100015,162100015__x0000_y0000,test,clean/162100015__x0000_y0000.bmp,0,0,1024,1024,2800,1024,0,,[]
162100015,162100015__x0896_y0000,test,clean/162100015__x0896_y0000.bmp,896,0,1024,1024,2800,1024,1,128,[]
162100015,162100015__x1776_y0000,test,clean/162100015__x1776_y0000.bmp,1776,0,1024,1024,2800,1024,2,144,[]
162100022,162100022__x0000_y0000,test,clean/162100022__x0000_y0000.bmp,0,0,1024,1024,2800,1024,0,,[]
162100022,162100022__x0896_y0000,test,clean/162100022__x0896_y0000.bmp,896,0,1024,1024,2800,1024,1,128,[]
162100022,162100022__x1776_y0000,test,clean/162100022__x1776_y0000.bmp,1776,0,1024,1024,2800,1024,2,144,[]
162100048,162100048__x0000_y0000,test,clean/162100048__x0000_y0000.bmp,0,0,1024,1024,2800,1024,0,,[]
162100048,162100048__x0896_y0000,test,clean/162100048__x0896_y0000.bmp,896,0,1024,1024,2800,1024,1,128,[]
162100048,162100048__x1776_y0000,test,clean/162100048__x1776_y0000.bmp,1776,0,1024,1024,2800,1024,2,144,[]
162100078,162100078__x0000_y0000,test,clean/162100078__x0000_y0000.bmp,0,0,1024,1024,2800,1024,0,,[]
162100078,162100078__x0896_y0000,test,clean/162100078__x0896_y0000.bmp,896,0,1024,1024,2800,1024,1,128,[]
162100078,162100078__x1776_y0000,test,clean/162100078__x1776_y0000.bmp,1776,0,1024,1024,2800,1024,2,144,[]
162100081,162100081__x0000_y0000,test,clean/162100081__x0000_y0000.bmp,0,0,1024,1024,2800,1024,0,,[]
162100081,162100081__x0896_y0000,test,clean/162100081__x0896_y0000.bmp,896,0,1024,1024,2800,1024,1,128,[]
162100081,162100081__x1776_y0000,test,clean/162100081__x1776_y0000.bmp,1776,0,1024,1024,2800,1024,2,144,[]
162300071,162300071__x0000_y0000,test,clean/162300071__x0000_y0000.bmp,0,0,1024,1024,2800,1024,0,,[]
162300071,162300071__x0896_y0000,test,clean/162300071__x0896_y0000.bmp,896,0,1024,1024,2800,1024,1,128,[]
162300071,162300071__x1776_y0000,test,clean/162300071__x1776_y0000.bmp,1776,0,1024,1024,2800,1024,2,144,[]
162300073,162300073__x0000_y0000,test,clean/162300073__x0000_y0000.bmp,0,0,1024,1024,2800,1024,0,,[]
162300073,162300073__x0896_y0000,test,clean/162300073__x0896_y0000.bmp,896,0,1024,1024,2800,1024,1,128,[]
162300073,162300073__x1776_y0000,test,clean/162300073__x1776_y0000.bmp,1776,0,1024,1024,2800,1024,2,144,[]
162300074,162300074__x0000_y0000,test,clean/162300074__x0000_y0000.bmp,0,0,1024,1024,2800,1024,0,,[]
162300074,162300074__x0896_y0000,test,clean/162300074__x0896_y0000.bmp,896,0,1024,1024,2800,1024,1,128,[]
162300074,162300074__x1776_y0000,test,clean/162300074__x1776_y0000.bmp,1776,0,1024,1024,2800,1024,2,144,[]
162300077,162300077__x0000_y0000,test,clean/162300077__x0000_y0000.bmp,0,0,1024,1024,2800,1024,0,,[]
162300077,162300077__x0896_y0000,test,clean/162300077__x0896_y0000.bmp,896,0,1024,1024,2800,1024,1,128,[]
162300077,162300077__x1776_y0000,test,clean/162300077__x1776_y0000.bmp,1776,0,1024,1024,2800,1024,2,144,[]
162300078,162300078__x0000_y0000,test,clean/162300078__x0000_y0000.bmp,0,0,1024,1024,2800,1024,0,,[]
162300078,162300078__x0896_y0000,test,clean/162300078__x0896_y0000.bmp,896,0,1024,1024,2800,1024,1,128,[]
162300078,162300078__x1776_y0000,test,clean/162300078__x1776_y0000.bmp,1776,0,1024,1024,2800,1024,2,144,[]
162300081,162300081__x0000_y0000,test,clean/162300081__x0000_y0000.bmp,0,0,1024,1024,2800,1024,0,,[]
162300081,162300081__x0896_y0000,test,clean/162300081__x0896_y0000.bmp,896,0,1024,1024,2800,1024,1,128,[]
162300081,162300081__x1776_y0000,test,clean/162300081__x1776_y0000.bmp,1776,0,1024,1024,2800,1024,2,144,[]
162300083,162300083__x0000_y0000,test,clean/162300083__x0000_y0000.bmp,0,0,1024,1024,2800,1024,0,,[]
162300083,162300083__x0896_y0000,test,clean/162300083__x0896_y0000.bmp,896,0,1024,1024,2800,1024,1,128,[]
162300083,162300083__x1776_y0000,test,clean/162300083__x1776_y0000.bmp,1776,0,1024,1024,2800,1024,2,144,[]
162300084,162300084__x0000_y0000,test,clean/162300084__x0000_y0000.bmp,0,0,1024,1024,2800,1024,0,,[]
162300084,162300084__x0896_y0000,test,clean/162300084__x0896_y0000.bmp,896,0,1024,1024,2800,1024,1,128,[]
162300084,162300084__x1776_y0000,test,clean/162300084__x1776_y0000.bmp,1776,0,1024,1024,2800,1024,2,144,[]
162500002,162500002__x0000_y0000,test,clean/162500002__x0000_y0000.bmp,0,0,1024,1024,2800,1024,0,,[]
162500002,162500002__x0896_y0000,test,clean/162500002__x0896_y0000.bmp,896,0,1024,1024,2800,1024,1,128,[]
162500002,162500002__x1776_y0000,test,clean/162500002__x1776_y0000.bmp,1776,0,1024,1024,2800,1024,2,144,[]
162500007,162500007__x0000_y0000,test,clean/162500007__x0000_y0000.bmp,0,0,1024,1024,2800,1024,0,,[]
162500007,162500007__x0896_y0000,test,clean/162500007__x0896_y0000.bmp,896,0,1024,1024,2800,1024,1,128,[]
162500007,162500007__x1776_y0000,test,clean/162500007__x1776_y0000.bmp,1776,0,1024,1024,2800,1024,2,144,[]
162500008,162500008__x0000_y0000,test,clean/162500008__x0000_y0000.bmp,0,0,1024,1024,2800,1024,0,,[]
162500008,162500008__x0896_y0000,test,clean/162500008__x0896_y0000.bmp,896,0,1024,1024,2800,1024,1,128,[]
162500008,162500008__x1776_y0000,test,clean/162500008__x1776_y0000.bmp,1776,0,1024,1024,2800,1024,2,144,[]
162600020,162600020__x0000_y0000,test,clean/162600020__x0000_y0000.bmp,0,0,1024,1024,2800,1024,0,,[]
162600020,162600020__x0896_y0000,test,clean/162600020__x0896_y0000.bmp,896,0,1024,1024,2800,1024,1,128,[]
162600020,162600020__x1776_y0000,test,clean/162600020__x1776_y0000.bmp,1776,0,1024,1024,2800,1024,2,144,[]
162600021,162600021__x0000_y0000,test,clean/162600021__x0000_y0000.bmp,0,0,1024,1024,2800,1024,0,,[]
162600021,162600021__x0896_y0000,test,clean/162600021__x0896_y0000.bmp,896,0,1024,1024,2800,1024,1,128,[]
162600021,162600021__x1776_y0000,test,clean/162600021__x1776_y0000.bmp,1776,0,1024,1024,2800,1024,2,144,[]
162600022,162600022__x0000_y0000,test,clean/162600022__x0000_y0000.bmp,0,0,1024,1024,2800,1024,0,,[]
162600022,162600022__x0896_y0000,test,clean/162600022__x0896_y0000.bmp,896,0,1024,1024,2800,1024,1,128,[]
162600022,162600022__x1776_y0000,test,clean/162600022__x1776_y0000.bmp,1776,0,1024,1024,2800,1024,2,144,[]
162600023,162600023__x0000_y0000,test,clean/162600023__x0000_y0000.bmp,0,0,1024,1024,2800,1024,0,,[]
162600023,162600023__x0896_y0000,test,clean/162600023__x0896_y0000.bmp,896,0,1024,1024,2800,1024,1,128,[]
162600023,162600023__x1776_y0000,test,clean/162600023__x1776_y0000.bmp,1776,0,1024,1024,2800,1024,2,144,[]
162600024,162600024__x0000_y0000,test,clean/162600024__x0000_y0000.bmp,0,0,1024,1024,2800,1024,0,,[]
162600024,162600024__x0896_y0000,test,clean/162600024__x0896_y0000.bmp,896,0,1024,1024,2800,1024,1,128,[]
162600024,162600024__x1776_y0000,test,clean/162600024__x1776_y0000.bmp,1776,0,1024,1024,2800,1024,2,144,[]
162600034,162600034__x0000_y0000,test,clean/162600034__x0000_y0000.bmp,0,0,1024,1024,2800,1024,0,,[]
162600034,162600034__x0896_y0000,test,clean/162600034__x0896_y0000.bmp,896,0,1024,1024,2800,1024,1,128,[]
162600034,162600034__x1776_y0000,test,clean/162600034__x1776_y0000.bmp,1776,0,1024,1024,2800,1024,2,144,[]
162600037,162600037__x0000_y0000,test,clean/162600037__x0000_y0000.bmp,0,0,1024,1024,2800,1024,0,,[]
162600037,162600037__x0896_y0000,test,clean/162600037__x0896_y0000.bmp,896,0,1024,1024,2800,1024,1,128,[]
162600037,162600037__x1776_y0000,test,clean/162600037__x1776_y0000.bmp,1776,0,1024,1024,2800,1024,2,144,[]
162600038,162600038__x0000_y0000,test,clean/162600038__x0000_y0000.bmp,0,0,1024,1024,2800,1024,0,,[]
162600038,162600038__x0896_y0000,test,clean/162600038__x0896_y0000.bmp,896,0,1024,1024,2800,1024,1,128,[]
162600038,162600038__x1776_y0000,test,clean/162600038__x1776_y0000.bmp,1776,0,1024,1024,2800,1024,2,144,[]
162600053,162600053__x0000_y0000,test,clean/162600053__x0000_y0000.bmp,0,0,1024,1024,2800,1024,0,,[]
162600053,162600053__x0896_y0000,test,clean/162600053__x0896_y0000.bmp,896,0,1024,1024,2800,1024,1,128,[]
162600053,162600053__x1776_y0000,test,clean/162600053__x1776_y0000.bmp,1776,0,1024,1024,2800,1024,2,144,[]
162600056,162600056__x0000_y0000,test,clean/162600056__x0000_y0000.bmp,0,0,1024,1024,2800,1024,0,,[]
162600056,162600056__x0896_y0000,test,clean/162600056__x0896_y0000.bmp,896,0,1024,1024,2800,1024,1,128,[]
162600056,162600056__x1776_y0000,test,clean/162600056__x1776_y0000.bmp,1776,0,1024,1024,2800,1024,2,144,[]
162700004,162700004__x0000_y0000,test,clean/162700004__x0000_y0000.bmp,0,0,1024,1024,2800,1024,0,,[]
162700004,162700004__x0896_y0000,test,clean/162700004__x0896_y0000.bmp,896,0,1024,1024,2800,1024,1,128,[]
162700004,162700004__x1776_y0000,test,clean/162700004__x1776_y0000.bmp,1776,0,1024,1024,2800,1024,2,144,[]
162700076,162700076__x0000_y0000,test,clean/162700076__x0000_y0000.bmp,0,0,1024,1024,2800,1024,0,,[]
162700076,162700076__x0896_y0000,test,clean/162700076__x0896_y0000.bmp,896,0,1024,1024,2800,1024,1,128,[]
162700076,162700076__x1776_y0000,test,clean/162700076__x1776_y0000.bmp,1776,0,1024,1024,2800,1024,2,144,[]
162800073,162800073__x0000_y0000,test,clean/162800073__x0000_y0000.bmp,0,0,1024,1024,2800,1024,0,,[]
162800073,162800073__x0896_y0000,test,clean/162800073__x0896_y0000.bmp,896,0,1024,1024,2800,1024,1,128,[]
162800073,162800073__x1776_y0000,test,clean/162800073__x1776_y0000.bmp,1776,0,1024,1024,2800,1024,2,144,[]
162800078,162800078__x0000_y0000,test,clean/162800078__x0000_y0000.bmp,0,0,1024,1024,2800,1024,0,,[]
162800078,162800078__x0896_y0000,test,clean/162800078__x0896_y0000.bmp,896,0,1024,1024,2800,1024,1,128,[]
162800078,162800078__x1776_y0000,test,clean/162800078__x1776_y0000.bmp,1776,0,1024,1024,2800,1024,2,144,[]
162800083,162800083__x0000_y0000,test,clean/162800083__x0000_y0000.bmp,0,0,1024,1024,2800,1024,0,,[]
162800083,162800083__x0896_y0000,test,clean/162800083__x0896_y0000.bmp,896,0,1024,1024,2800,1024,1,128,[]
162800083,162800083__x1776_y0000,test,clean/162800083__x1776_y0000.bmp,1776,0,1024,1024,2800,1024,2,144,[]
162900001,162900001__x0000_y0000,test,clean/162900001__x0000_y0000.bmp,0,0,1024,1024,2800,1024,0,,[]
162900001,162900001__x0896_y0000,test,clean/162900001__x0896_y0000.bmp,896,0,1024,1024,2800,1024,1,128,[]
162900001,162900001__x1776_y0000,test,clean/162900001__x1776_y0000.bmp,1776,0,1024,1024,2800,1024,2,144,[]
162900020,162900020__x0000_y0000,test,clean/162900020__x0000_y0000.bmp,0,0,1024,1024,2800,1024,0,,[]
162900020,162900020__x0896_y0000,test,clean/162900020__x0896_y0000.bmp,896,0,1024,1024,2800,1024,1,128,[]
162900020,162900020__x1776_y0000,test,clean/162900020__x1776_y0000.bmp,1776,0,1024,1024,2800,1024,2,144,[]
162900023,162900023__x0000_y0000,test,clean/162900023__x0000_y0000.bmp,0,0,1024,1024,2800,1024,0,,[]
162900023,162900023__x0896_y0000,test,clean/162900023__x0896_y0000.bmp,896,0,1024,1024,2800,1024,1,128,[]
162900023,162900023__x1776_y0000,test,clean/162900023__x1776_y0000.bmp,1776,0,1024,1024,2800,1024,2,144,[]
162900029,162900029__x0000_y0000,test,clean/162900029__x0000_y0000.bmp,0,0,1024,1024,2800,1024,0,,[]
162900029,162900029__x0896_y0000,test,clean/162900029__x0896_y0000.bmp,896,0,1024,1024,2800,1024,1,128,[]
162900029,162900029__x1776_y0000,test,clean/162900029__x1776_y0000.bmp,1776,0,1024,1024,2800,1024,2,144,[]
162900030,162900030__x0000_y0000,test,clean/162900030__x0000_y0000.bmp,0,0,1024,1024,2800,1024,0,,[]
162900030,162900030__x0896_y0000,test,clean/162900030__x0896_y0000.bmp,896,0,1024,1024,2800,1024,1,128,[]
162900030,162900030__x1776_y0000,test,clean/162900030__x1776_y0000.bmp,1776,0,1024,1024,2800,1024,2,144,[]
162900031,162900031__x0000_y0000,test,clean/162900031__x0000_y0000.bmp,0,0,1024,1024,2800,1024,0,,[]
162900031,162900031__x0896_y0000,test,clean/162900031__x0896_y0000.bmp,896,0,1024,1024,2800,1024,1,128,[]
162900031,162900031__x1776_y0000,test,clean/162900031__x1776_y0000.bmp,1776,0,1024,1024,2800,1024,2,144,[]
162900032,162900032__x0000_y0000,test,clean/162900032__x0000_y0000.bmp,0,0,1024,1024,2800,1024,0,,[]
162900032,162900032__x0896_y0000,test,clean/162900032__x0896_y0000.bmp,896,0,1024,1024,2800,1024,1,128,[]
162900032,162900032__x1776_y0000,test,clean/162900032__x1776_y0000.bmp,1776,0,1024,1024,2800,1024,2,144,[]
162900034,162900034__x0000_y0000,test,clean/162900034__x0000_y0000.bmp,0,0,1024,1024,2800,1024,0,,[]
162900034,162900034__x0896_y0000,test,clean/162900034__x0896_y0000.bmp,896,0,1024,1024,2800,1024,1,128,[]
162900034,162900034__x1776_y0000,test,clean/162900034__x1776_y0000.bmp,1776,0,1024,1024,2800,1024,2,144,[]
162900055,162900055__x0000_y0000,test,clean/162900055__x0000_y0000.bmp,0,0,1024,1024,2800,1024,0,,[]
162900055,162900055__x0896_y0000,test,clean/162900055__x0896_y0000.bmp,896,0,1024,1024,2800,1024,1,128,[]
162900055,162900055__x1776_y0000,test,clean/162900055__x1776_y0000.bmp,1776,0,1024,1024,2800,1024,2,144,[]
162900058,162900058__x0000_y0000,test,clean/162900058__x0000_y0000.bmp,0,0,1024,1024,2800,1024,0,,[]
162900058,162900058__x0896_y0000,test,clean/162900058__x0896_y0000.bmp,896,0,1024,1024,2800,1024,1,128,[]
162900058,162900058__x1776_y0000,test,clean/162900058__x1776_y0000.bmp,1776,0,1024,1024,2800,1024,2,144,[]
162900069,162900069__x0000_y0000,test,clean/162900069__x0000_y0000.bmp,0,0,1024,1024,2800,1024,0,,[]
162900069,162900069__x0896_y0000,test,clean/162900069__x0896_y0000.bmp,896,0,1024,1024,2800,1024,1,128,[]
162900069,162900069__x1776_y0000,test,clean/162900069__x1776_y0000.bmp,1776,0,1024,1024,2800,1024,2,144,[]
162900076,162900076__x0000_y0000,test,clean/162900076__x0000_y0000.bmp,0,0,1024,1024,2800,1024,0,,[]
162900076,162900076__x0896_y0000,test,clean/162900076__x0896_y0000.bmp,896,0,1024,1024,2800,1024,1,128,[]
162900076,162900076__x1776_y0000,test,clean/162900076__x1776_y0000.bmp,1776,0,1024,1024,2800,1024,2,144,[]
163000057,163000057__x0000_y0000,test,clean/163000057__x0000_y0000.bmp,0,0,1024,1024,2800,1024,0,,[]
163000057,163000057__x0896_y0000,test,clean/163000057__x0896_y0000.bmp,896,0,1024,1024,2800,1024,1,128,[]
163000057,163000057__x1776_y0000,test,clean/163000057__x1776_y0000.bmp,1776,0,1024,1024,2800,1024,2,144,[]
163000061,163000061__x0000_y0000,test,clean/163000061__x0000_y0000.bmp,0,0,1024,1024,2800,1024,0,,[]
163000061,163000061__x0896_y0000,test,clean/163000061__x0896_y0000.bmp,896,0,1024,1024,2800,1024,1,128,[]
163000061,163000061__x1776_y0000,test,clean/163000061__x1776_y0000.bmp,1776,0,1024,1024,2800,1024,2,144,[]
163000062,163000062__x0000_y0000,test,clean/163000062__x0000_y0000.bmp,0,0,1024,1024,2800,1024,0,,[]
163000062,163000062__x0896_y0000,test,clean/163000062__x0896_y0000.bmp,896,0,1024,1024,2800,1024,1,128,[]
163000062,163000062__x1776_y0000,test,clean/163000062__x1776_y0000.bmp,1776,0,1024,1024,2800,1024,2,144,[]
163000067,163000067__x0000_y0000,test,clean/163000067__x0000_y0000.bmp,0,0,1024,1024,2800,1024,0,,[]
163000067,163000067__x0896_y0000,test,clean/163000067__x0896_y0000.bmp,896,0,1024,1024,2800,1024,1,128,[]
163000067,163000067__x1776_y0000,test,clean/163000067__x1776_y0000.bmp,1776,0,1024,1024,2800,1024,2,144,[]
163000069,163000069__x0000_y0000,test,clean/163000069__x0000_y0000.bmp,0,0,1024,1024,2800,1024,0,,[]
163000069,163000069__x0896_y0000,test,clean/163000069__x0896_y0000.bmp,896,0,1024,1024,2800,1024,1,128,[]
163000069,163000069__x1776_y0000,test,clean/163000069__x1776_y0000.bmp,1776,0,1024,1024,2800,1024,2,144,[]
163000073,163000073__x0000_y0000,test,clean/163000073__x0000_y0000.bmp,0,0,1024,1024,2800,1024,0,,[]
163000073,163000073__x0896_y0000,test,clean/163000073__x0896_y0000.bmp,896,0,1024,1024,2800,1024,1,128,[]
163000073,163000073__x1776_y0000,test,clean/163000073__x1776_y0000.bmp,1776,0,1024,1024,2800,1024,2,144,[]
163000083,163000083__x0000_y0000,test,clean/163000083__x0000_y0000.bmp,0,0,1024,1024,2800,1024,0,,[]
163000083,163000083__x0896_y0000,test,clean/163000083__x0896_y0000.bmp,896,0,1024,1024,2800,1024,1,128,[]
163000083,163000083__x1776_y0000,test,clean/163000083__x1776_y0000.bmp,1776,0,1024,1024,2800,1024,2,144,[]
163000084,163000084__x0000_y0000,test,clean/163000084__x0000_y0000.bmp,0,0,1024,1024,2800,1024,0,,[]
163000084,163000084__x0896_y0000,test,clean/163000084__x0896_y0000.bmp,896,0,1024,1024,2800,1024,1,128,[]
163000084,163000084__x1776_y0000,test,clean/163000084__x1776_y0000.bmp,1776,0,1024,1024,2800,1024,2,144,[]
163100040,163100040__x0000_y0000,test,clean/163100040__x0000_y0000.bmp,0,0,1024,1024,2800,1024,0,,[]
163100040,163100040__x0896_y0000,test,clean/163100040__x0896_y0000.bmp,896,0,1024,1024,2800,1024,1,128,[]
163100040,163100040__x1776_y0000,test,clean/163100040__x1776_y0000.bmp,1776,0,1024,1024,2800,1024,2,144,[]
163100047,163100047__x0000_y0000,test,clean/163100047__x0000_y0000.bmp,0,0,1024,1024,2800,1024,0,,[]
163100047,163100047__x0896_y0000,test,clean/163100047__x0896_y0000.bmp,896,0,1024,1024,2800,1024,1,128,[]
163100047,163100047__x1776_y0000,test,clean/163100047__x1776_y0000.bmp,1776,0,1024,1024,2800,1024,2,144,[]
163200020,163200020__x0000_y0000,test,clean/163200020__x0000_y0000.bmp,0,0,1024,1024,2800,1024,0,,[]
163200020,163200020__x0896_y0000,test,clean/163200020__x0896_y0000.bmp,896,0,1024,1024,2800,1024,1,128,[]
163200020,163200020__x1776_y0000,test,clean/163200020__x1776_y0000.bmp,1776,0,1024,1024,2800,1024,2,144,[]
163300007,163300007__x0000_y0000,test,clean/163300007__x0000_y0000.bmp,0,0,1024,1024,2800,1024,0,,[]
163300007,163300007__x0896_y0000,test,clean/163300007__x0896_y0000.bmp,896,0,1024,1024,2800,1024,1,128,[]
163300007,163300007__x1776_y0000,test,clean/163300007__x1776_y0000.bmp,1776,0,1024,1024,2800,1024,2,144,[]
163300032,163300032__x0000_y0000,test,clean/163300032__x0000_y0000.bmp,0,0,1024,1024,2800,1024,0,,[]
163300032,163300032__x0896_y0000,test,clean/163300032__x0896_y0000.bmp,896,0,1024,1024,2800,1024,1,128,[]
163300032,163300032__x1776_y0000,test,clean/163300032__x1776_y0000.bmp,1776,0,1024,1024,2800,1024,2,144,[]
163300040,163300040__x0000_y0000,test,clean/163300040__x0000_y0000.bmp,0,0,1024,1024,2800,1024,0,,[]
163300040,163300040__x0896_y0000,test,clean/163300040__x0896_y0000.bmp,896,0,1024,1024,2800,1024,1,128,[]
163300040,163300040__x1776_y0000,test,clean/163300040__x1776_y0000.bmp,1776,0,1024,1024,2800,1024,2,144,[]
163300042,163300042__x0000_y0000,test,clean/163300042__x0000_y0000.bmp,0,0,1024,1024,2800,1024,0,,[]
163300042,163300042__x0896_y0000,test,clean/163300042__x0896_y0000.bmp,896,0,1024,1024,2800,1024,1,128,[]
163300042,163300042__x1776_y0000,test,clean/163300042__x1776_y0000.bmp,1776,0,1024,1024,2800,1024,2,144,[]
163300045,163300045__x0000_y0000,test,clean/163300045__x0000_y0000.bmp,0,0,1024,1024,2800,1024,0,,[]
163300045,163300045__x0896_y0000,test,clean/163300045__x0896_y0000.bmp,896,0,1024,1024,2800,1024,1,128,[]
163300045,163300045__x1776_y0000,test,clean/163300045__x1776_y0000.bmp,1776,0,1024,1024,2800,1024,2,144,[]
163300050,163300050__x0000_y0000,test,clean/163300050__x0000_y0000.bmp,0,0,1024,1024,2800,1024,0,,[]
163300050,163300050__x0896_y0000,test,clean/163300050__x0896_y0000.bmp,896,0,1024,1024,2800,1024,1,128,[]
163300050,163300050__x1776_y0000,test,clean/163300050__x1776_y0000.bmp,1776,0,1024,1024,2800,1024,2,144,[]
163300053,163300053__x0000_y0000,test,clean/163300053__x0000_y0000.bmp,0,0,1024,1024,2800,1024,0,,[]
163300053,163300053__x0896_y0000,test,clean/163300053__x0896_y0000.bmp,896,0,1024,1024,2800,1024,1,128,[]
163300053,163300053__x1776_y0000,test,clean/163300053__x1776_y0000.bmp,1776,0,1024,1024,2800,1024,2,144,[]
163300054,163300054__x0000_y0000,test,clean/163300054__x0000_y0000.bmp,0,0,1024,1024,2800,1024,0,,[]
163300054,163300054__x0896_y0000,test,clean/163300054__x0896_y0000.bmp,896,0,1024,1024,2800,1024,1,128,[]
163300054,163300054__x1776_y0000,test,clean/163300054__x1776_y0000.bmp,1776,0,1024,1024,2800,1024,2,144,[]
163300082,163300082__x0000_y0000,test,clean/163300082__x0000_y0000.bmp,0,0,1024,1024,2800,1024,0,,[]
163300082,163300082__x0896_y0000,test,clean/163300082__x0896_y0000.bmp,896,0,1024,1024,2800,1024,1,128,[]
163300082,163300082__x1776_y0000,test,clean/163300082__x1776_y0000.bmp,1776,0,1024,1024,2800,1024,2,144,[]
163700030,163700030__x0000_y0000,test,clean/163700030__x0000_y0000.bmp,0,0,1024,1024,2800,1024,0,,[]
163700030,163700030__x0896_y0000,test,clean/163700030__x0896_y0000.bmp,896,0,1024,1024,2800,1024,1,128,[]
163700030,163700030__x1776_y0000,test,clean/163700030__x1776_y0000.bmp,1776,0,1024,1024,2800,1024,2,144,[]
163700032,163700032__x0000_y0000,test,clean/163700032__x0000_y0000.bmp,0,0,1024,1024,2800,1024,0,,[]
163700032,163700032__x0896_y0000,test,clean/163700032__x0896_y0000.bmp,896,0,1024,1024,2800,1024,1,128,[]
163700032,163700032__x1776_y0000,test,clean/163700032__x1776_y0000.bmp,1776,0,1024,1024,2800,1024,2,144,[]
163700033,163700033__x0000_y0000,test,clean/163700033__x0000_y0000.bmp,0,0,1024,1024,2800,1024,0,,[]
163700033,163700033__x0896_y0000,test,clean/163700033__x0896_y0000.bmp,896,0,1024,1024,2800,1024,1,128,[]
163700033,163700033__x1776_y0000,test,clean/163700033__x1776_y0000.bmp,1776,0,1024,1024,2800,1024,2,144,[]
163700034,163700034__x0000_y0000,test,clean/163700034__x0000_y0000.bmp,0,0,1024,1024,2800,1024,0,,[]
163700034,163700034__x0896_y0000,test,clean/163700034__x0896_y0000.bmp,896,0,1024,1024,2800,1024,1,128,[]
163700034,163700034__x1776_y0000,test,clean/163700034__x1776_y0000.bmp,1776,0,1024,1024,2800,1024,2,144,[]
163700035,163700035__x0000_y0000,test,clean/163700035__x0000_y0000.bmp,0,0,1024,1024,2800,1024,0,,[]
163700035,163700035__x0896_y0000,test,clean/163700035__x0896_y0000.bmp,896,0,1024,1024,2800,1024,1,128,[]
163700035,163700035__x1776_y0000,test,clean/163700035__x1776_y0000.bmp,1776,0,1024,1024,2800,1024,2,144,[]
163700038,163700038__x0000_y0000,test,clean/163700038__x0000_y0000.bmp,0,0,1024,1024,2800,1024,0,,[]
163700038,163700038__x0896_y0000,test,clean/163700038__x0896_y0000.bmp,896,0,1024,1024,2800,1024,1,128,[]
163700038,163700038__x1776_y0000,test,clean/163700038__x1776_y0000.bmp,1776,0,1024,1024,2800,1024,2,144,[]
163700042,163700042__x0000_y0000,test,clean/163700042__x0000_y0000.bmp,0,0,1024,1024,2800,1024,0,,[]
163700042,163700042__x0896_y0000,test,clean/163700042__x0896_y0000.bmp,896,0,1024,1024,2800,1024,1,128,[]
163700042,163700042__x1776_y0000,test,clean/163700042__x1776_y0000.bmp,1776,0,1024,1024,2800,1024,2,144,[]
163700045,163700045__x0000_y0000,test,clean/163700045__x0000_y0000.bmp,0,0,1024,1024,2800,1024,0,,[]
163700045,163700045__x0896_y0000,test,clean/163700045__x0896_y0000.bmp,896,0,1024,1024,2800,1024,1,128,[]
163700045,163700045__x1776_y0000,test,clean/163700045__x1776_y0000.bmp,1776,0,1024,1024,2800,1024,2,144,[]
163700046,163700046__x0000_y0000,test,clean/163700046__x0000_y0000.bmp,0,0,1024,1024,2800,1024,0,,[]
163700046,163700046__x0896_y0000,test,clean/163700046__x0896_y0000.bmp,896,0,1024,1024,2800,1024,1,128,[]
163700046,163700046__x1776_y0000,test,clean/163700046__x1776_y0000.bmp,1776,0,1024,1024,2800,1024,2,144,[]
163700048,163700048__x0000_y0000,test,clean/163700048__x0000_y0000.bmp,0,0,1024,1024,2800,1024,0,,[]
163700048,163700048__x0896_y0000,test,clean/163700048__x0896_y0000.bmp,896,0,1024,1024,2800,1024,1,128,[]
163700048,163700048__x1776_y0000,test,clean/163700048__x1776_y0000.bmp,1776,0,1024,1024,2800,1024,2,144,[]
163700050,163700050__x0000_y0000,test,clean/163700050__x0000_y0000.bmp,0,0,1024,1024,2800,1024,0,,[]
163700050,163700050__x0896_y0000,test,clean/163700050__x0896_y0000.bmp,896,0,1024,1024,2800,1024,1,128,[]
163700050,163700050__x1776_y0000,test,clean/163700050__x1776_y0000.bmp,1776,0,1024,1024,2800,1024,2,144,[]
163700051,163700051__x0000_y0000,test,clean/163700051__x0000_y0000.bmp,0,0,1024,1024,2800,1024,0,,[]
163700051,163700051__x0896_y0000,test,clean/163700051__x0896_y0000.bmp,896,0,1024,1024,2800,1024,1,128,[]
163700051,163700051__x1776_y0000,test,clean/163700051__x1776_y0000.bmp,1776,0,1024,1024,2800,1024,2,144,[]
163700052,163700052__x0000_y0000,test,clean/163700052__x0000_y0000.bmp,0,0,1024,1024,2800,1024,0,,[]
163700052,163700052__x0896_y0000,test,clean/163700052__x0896_y0000.bmp,896,0,1024,1024,2800,1024,1,128,[]
163700052,163700052__x1776_y0000,test,clean/163700052__x1776_y0000.bmp,1776,0,1024,1024,2800,1024,2,144,[]
163700053,163700053__x0000_y0000,test,clean/163700053__x0000_y0000.bmp,0,0,1024,1024,2800,1024,0,,[]
163700053,163700053__x0896_y0000,test,clean/163700053__x0896_y0000.bmp,896,0,1024,1024,2800,1024,1,128,[]
163700053,163700053__x1776_y0000,test,clean/163700053__x1776_y0000.bmp,1776,0,1024,1024,2800,1024,2,144,[]
163700055,163700055__x0000_y0000,test,clean/163700055__x0000_y0000.bmp,0,0,1024,1024,2800,1024,0,,[]
163700055,163700055__x0896_y0000,test,clean/163700055__x0896_y0000.bmp,896,0,1024,1024,2800,1024,1,128,[]
163700055,163700055__x1776_y0000,test,clean/163700055__x1776_y0000.bmp,1776,0,1024,1024,2800,1024,2,144,[]
163700056,163700056__x0000_y0000,test,clean/163700056__x0000_y0000.bmp,0,0,1024,1024,2800,1024,0,,[]
163700056,163700056__x0896_y0000,test,clean/163700056__x0896_y0000.bmp,896,0,1024,1024,2800,1024,1,128,[]
163700056,163700056__x1776_y0000,test,clean/163700056__x1776_y0000.bmp,1776,0,1024,1024,2800,1024,2,144,[]
163700058,163700058__x0000_y0000,test,clean/163700058__x0000_y0000.bmp,0,0,1024,1024,2800,1024,0,,[]
163700058,163700058__x0896_y0000,test,clean/163700058__x0896_y0000.bmp,896,0,1024,1024,2800,1024,1,128,[]
163700058,163700058__x1776_y0000,test,clean/163700058__x1776_y0000.bmp,1776,0,1024,1024,2800,1024,2,144,[]
163700059,163700059__x0000_y0000,test,clean/163700059__x0000_y0000.bmp,0,0,1024,1024,2800,1024,0,,[]
163700059,163700059__x0896_y0000,test,clean/163700059__x0896_y0000.bmp,896,0,1024,1024,2800,1024,1,128,[]
163700059,163700059__x1776_y0000,test,clean/163700059__x1776_y0000.bmp,1776,0,1024,1024,2800,1024,2,144,[]
163800026,163800026__x0000_y0000,test,clean/163800026__x0000_y0000.bmp,0,0,1024,1024,2800,1024,0,,[]
163800026,163800026__x0896_y0000,test,clean/163800026__x0896_y0000.bmp,896,0,1024,1024,2800,1024,1,128,[]
163800026,163800026__x1776_y0000,test,clean/163800026__x1776_y0000.bmp,1776,0,1024,1024,2800,1024,2,144,[]
163800042,163800042__x0000_y0000,test,clean/163800042__x0000_y0000.bmp,0,0,1024,1024,2800,1024,0,,[]
163800042,163800042__x0896_y0000,test,clean/163800042__x0896_y0000.bmp,896,0,1024,1024,2800,1024,1,128,[]
163800042,163800042__x1776_y0000,test,clean/163800042__x1776_y0000.bmp,1776,0,1024,1024,2800,1024,2,144,[]
163800056,163800056__x0000_y0000,test,clean/163800056__x0000_y0000.bmp,0,0,1024,1024,2800,1024,0,,[]
163800056,163800056__x0896_y0000,test,clean/163800056__x0896_y0000.bmp,896,0,1024,1024,2800,1024,1,128,[]
163800056,163800056__x1776_y0000,test,clean/163800056__x1776_y0000.bmp,1776,0,1024,1024,2800,1024,2,144,[]
163800074,163800074__x0000_y0000,test,clean/163800074__x0000_y0000.bmp,0,0,1024,1024,2800,1024,0,,[]
163800074,163800074__x0896_y0000,test,clean/163800074__x0896_y0000.bmp,896,0,1024,1024,2800,1024,1,128,[]
163800074,163800074__x1776_y0000,test,clean/163800074__x1776_y0000.bmp,1776,0,1024,1024,2800,1024,2,144,[]
163900049,163900049__x0000_y0000,test,clean/163900049__x0000_y0000.bmp,0,0,1024,1024,2800,1024,0,,[]
163900049,163900049__x0896_y0000,test,clean/163900049__x0896_y0000.bmp,896,0,1024,1024,2800,1024,1,128,[]
163900049,163900049__x1776_y0000,test,clean/163900049__x1776_y0000.bmp,1776,0,1024,1024,2800,1024,2,144,[]
163900061,163900061__x0000_y0000,test,clean/163900061__x0000_y0000.bmp,0,0,1024,1024,2800,1024,0,,[]
163900061,163900061__x0896_y0000,test,clean/163900061__x0896_y0000.bmp,896,0,1024,1024,2800,1024,1,128,[]
163900061,163900061__x1776_y0000,test,clean/163900061__x1776_y0000.bmp,1776,0,1024,1024,2800,1024,2,144,[]
163900071,163900071__x0000_y0000,test,clean/163900071__x0000_y0000.bmp,0,0,1024,1024,2800,1024,0,,[]
163900071,163900071__x0896_y0000,test,clean/163900071__x0896_y0000.bmp,896,0,1024,1024,2800,1024,1,128,[]
163900071,163900071__x1776_y0000,test,clean/163900071__x1776_y0000.bmp,1776,0,1024,1024,2800,1024,2,144,[]
163900072,163900072__x0000_y0000,test,clean/163900072__x0000_y0000.bmp,0,0,1024,1024,2800,1024,0,,[]
163900072,163900072__x0896_y0000,test,clean/163900072__x0896_y0000.bmp,896,0,1024,1024,2800,1024,1,128,[]
163900072,163900072__x1776_y0000,test,clean/163900072__x1776_y0000.bmp,1776,0,1024,1024,2800,1024,2,144,[]
163900075,163900075__x0000_y0000,test,clean/163900075__x0000_y0000.bmp,0,0,1024,1024,2800,1024,0,,[]
163900075,163900075__x0896_y0000,test,clean/163900075__x0896_y0000.bmp,896,0,1024,1024,2800,1024,1,128,[]
163900075,163900075__x1776_y0000,test,clean/163900075__x1776_y0000.bmp,1776,0,1024,1024,2800,1024,2,144,[]
164000000,164000000__x0000_y0000,test,clean/164000000__x0000_y0000.bmp,0,0,1024,1024,2800,1024,0,,[]
164000000,164000000__x0896_y0000,test,clean/164000000__x0896_y0000.bmp,896,0,1024,1024,2800,1024,1,128,[]
164000000,164000000__x1776_y0000,test,clean/164000000__x1776_y0000.bmp,1776,0,1024,1024,2800,1024,2,144,[]
164000001,164000001__x0000_y0000,test,clean/164000001__x0000_y0000.bmp,0,0,1024,1024,2800,1024,0,,[]
164000001,164000001__x0896_y0000,test,clean/164000001__x0896_y0000.bmp,896,0,1024,1024,2800,1024,1,128,[]
164000001,164000001__x1776_y0000,test,clean/164000001__x1776_y0000.bmp,1776,0,1024,1024,2800,1024,2,144,[]
164000003,164000003__x0000_y0000,test,clean/164000003__x0000_y0000.bmp,0,0,1024,1024,2800,1024,0,,[]
164000003,164000003__x0896_y0000,test,clean/164000003__x0896_y0000.bmp,896,0,1024,1024,2800,1024,1,128,[]
164000003,164000003__x1776_y0000,test,clean/164000003__x1776_y0000.bmp,1776,0,1024,1024,2800,1024,2,144,[]
164000009,164000009__x0000_y0000,test,clean/164000009__x0000_y0000.bmp,0,0,1024,1024,2800,1024,0,,[]
164000009,164000009__x0896_y0000,test,clean/164000009__x0896_y0000.bmp,896,0,1024,1024,2800,1024,1,128,[]
164000009,164000009__x1776_y0000,test,clean/164000009__x1776_y0000.bmp,1776,0,1024,1024,2800,1024,2,144,[]
164000010,164000010__x0000_y0000,test,clean/164000010__x0000_y0000.bmp,0,0,1024,1024,2800,1024,0,,[]
164000010,164000010__x0896_y0000,test,clean/164000010__x0896_y0000.bmp,896,0,1024,1024,2800,1024,1,128,[]
164000010,164000010__x1776_y0000,test,clean/164000010__x1776_y0000.bmp,1776,0,1024,1024,2800,1024,2,144,[]
164000013,164000013__x0000_y0000,test,clean/164000013__x0000_y0000.bmp,0,0,1024,1024,2800,1024,0,,[]
164000013,164000013__x0896_y0000,test,clean/164000013__x0896_y0000.bmp,896,0,1024,1024,2800,1024,1,128,[]
164000013,164000013__x1776_y0000,test,clean/164000013__x1776_y0000.bmp,1776,0,1024,1024,2800,1024,2,144,[]
164000014,164000014__x0000_y0000,test,clean/164000014__x0000_y0000.bmp,0,0,1024,1024,2800,1024,0,,[]
164000014,164000014__x0896_y0000,test,clean/164000014__x0896_y0000.bmp,896,0,1024,1024,2800,1024,1,128,[]
164000014,164000014__x1776_y0000,test,clean/164000014__x1776_y0000.bmp,1776,0,1024,1024,2800,1024,2,144,[]
164000015,164000015__x0000_y0000,test,clean/164000015__x0000_y0000.bmp,0,0,1024,1024,2800,1024,0,,[]
164000015,164000015__x0896_y0000,test,clean/164000015__x0896_y0000.bmp,896,0,1024,1024,2800,1024,1,128,[]
164000015,164000015__x1776_y0000,test,clean/164000015__x1776_y0000.bmp,1776,0,1024,1024,2800,1024,2,144,[]
164000037,164000037__x0000_y0000,test,clean/164000037__x0000_y0000.bmp,0,0,1024,1024,2800,1024,0,,[]
164000037,164000037__x0896_y0000,test,clean/164000037__x0896_y0000.bmp,896,0,1024,1024,2800,1024,1,128,[]
164000037,164000037__x1776_y0000,test,clean/164000037__x1776_y0000.bmp,1776,0,1024,1024,2800,1024,2,144,[]
164000038,164000038__x0000_y0000,test,clean/164000038__x0000_y0000.bmp,0,0,1024,1024,2800,1024,0,,[]
164000038,164000038__x0896_y0000,test,clean/164000038__x0896_y0000.bmp,896,0,1024,1024,2800,1024,1,128,[]
164000038,164000038__x1776_y0000,test,clean/164000038__x1776_y0000.bmp,1776,0,1024,1024,2800,1024,2,144,[]
164000039,164000039__x0000_y0000,test,clean/164000039__x0000_y0000.bmp,0,0,1024,1024,2800,1024,0,,[]
164000039,164000039__x0896_y0000,test,clean/164000039__x0896_y0000.bmp,896,0,1024,1024,2800,1024,1,128,[]
164000039,164000039__x1776_y0000,test,clean/164000039__x1776_y0000.bmp,1776,0,1024,1024,2800,1024,2,144,[]
164000044,164000044__x0000_y0000,test,clean/164000044__x0000_y0000.bmp,0,0,1024,1024,2800,1024,0,,[]
164000044,164000044__x0896_y0000,test,clean/164000044__x0896_y0000.bmp,896,0,1024,1024,2800,1024,1,128,[]
164000044,164000044__x1776_y0000,test,clean/164000044__x1776_y0000.bmp,1776,0,1024,1024,2800,1024,2,144,[]
164000049,164000049__x0000_y0000,test,clean/164000049__x0000_y0000.bmp,0,0,1024,1024,2800,1024,0,,[]
164000049,164000049__x0896_y0000,test,clean/164000049__x0896_y0000.bmp,896,0,1024,1024,2800,1024,1,128,[]
164000049,164000049__x1776_y0000,test,clean/164000049__x1776_y0000.bmp,1776,0,1024,1024,2800,1024,2,144,[]
164000052,164000052__x0000_y0000,test,clean/164000052__x0000_y0000.bmp,0,0,1024,1024,2800,1024,0,,[]
164000052,164000052__x0896_y0000,test,clean/164000052__x0896_y0000.bmp,896,0,1024,1024,2800,1024,1,128,[]
164000052,164000052__x1776_y0000,test,clean/164000052__x1776_y0000.bmp,1776,0,1024,1024,2800,1024,2,144,[]
164000058,164000058__x0000_y0000,test,clean/164000058__x0000_y0000.bmp,0,0,1024,1024,2800,1024,0,,[]
164000058,164000058__x0896_y0000,test,clean/164000058__x0896_y0000.bmp,896,0,1024,1024,2800,1024,1,128,[]
164000058,164000058__x1776_y0000,test,clean/164000058__x1776_y0000.bmp,1776,0,1024,1024,2800,1024,2,144,[]
164000060,164000060__x0000_y0000,test,clean/164000060__x0000_y0000.bmp,0,0,1024,1024,2800,1024,0,,[]
164000060,164000060__x0896_y0000,test,clean/164000060__x0896_y0000.bmp,896,0,1024,1024,2800,1024,1,128,[]
164000060,164000060__x1776_y0000,test,clean/164000060__x1776_y0000.bmp,1776,0,1024,1024,2800,1024,2,144,[]
164000068,164000068__x0000_y0000,test,clean/164000068__x0000_y0000.bmp,0,0,1024,1024,2800,1024,0,,[]
164000068,164000068__x0896_y0000,test,clean/164000068__x0896_y0000.bmp,896,0,1024,1024,2800,1024,1,128,[]
164000068,164000068__x1776_y0000,test,clean/164000068__x1776_y0000.bmp,1776,0,1024,1024,2800,1024,2,144,[]
164000069,164000069__x0000_y0000,test,clean/164000069__x0000_y0000.bmp,0,0,1024,1024,2800,1024,0,,[]
164000069,164000069__x0896_y0000,test,clean/164000069__x0896_y0000.bmp,896,0,1024,1024,2800,1024,1,128,[]
164000069,164000069__x1776_y0000,test,clean/164000069__x1776_y0000.bmp,1776,0,1024,1024,2800,1024,2,144,[]
164000070,164000070__x0000_y0000,test,clean/164000070__x0000_y0000.bmp,0,0,1024,1024,2800,1024,0,,[]
164000070,164000070__x0896_y0000,test,clean/164000070__x0896_y0000.bmp,896,0,1024,1024,2800,1024,1,128,[]
164000070,164000070__x1776_y0000,test,clean/164000070__x1776_y0000.bmp,1776,0,1024,1024,2800,1024,2,144,[]
164000077,164000077__x0000_y0000,test,clean/164000077__x0000_y0000.bmp,0,0,1024,1024,2800,1024,0,,[]
164000077,164000077__x0896_y0000,test,clean/164000077__x0896_y0000.bmp,896,0,1024,1024,2800,1024,1,128,[]
164000077,164000077__x1776_y0000,test,clean/164000077__x1776_y0000.bmp,1776,0,1024,1024,2800,1024,2,144,[]
164000082,164000082__x0000_y0000,test,clean/164000082__x0000_y0000.bmp,0,0,1024,1024,2800,1024,0,,[]
164000082,164000082__x0896_y0000,test,clean/164000082__x0896_y0000.bmp,896,0,1024,1024,2800,1024,1,128,[]
164000082,164000082__x1776_y0000,test,clean/164000082__x1776_y0000.bmp,1776,0,1024,1024,2800,1024,2,144,[]
164300008,164300008__x0000_y0000,test,clean/164300008__x0000_y0000.bmp,0,0,1024,1024,2800,1024,0,,[]
164300008,164300008__x0896_y0000,test,clean/164300008__x0896_y0000.bmp,896,0,1024,1024,2800,1024,1,128,[]
164300008,164300008__x1776_y0000,test,clean/164300008__x1776_y0000.bmp,1776,0,1024,1024,2800,1024,2,144,[]
164300079,164300079__x0000_y0000,test,clean/164300079__x0000_y0000.bmp,0,0,1024,1024,2800,1024,0,,[]
164300079,164300079__x0896_y0000,test,clean/164300079__x0896_y0000.bmp,896,0,1024,1024,2800,1024,1,128,[]
164300079,164300079__x1776_y0000,test,clean/164300079__x1776_y0000.bmp,1776,0,1024,1024,2800,1024,2,144,[]
164300082,164300082__x0000_y0000,test,clean/164300082__x0000_y0000.bmp,0,0,1024,1024,2800,1024,0,,[]
164300082,164300082__x0896_y0000,test,clean/164300082__x0896_y0000.bmp,896,0,1024,1024,2800,1024,1,128,[]
164300082,164300082__x1776_y0000,test,clean/164300082__x1776_y0000.bmp,1776,0,1024,1024,2800,1024,2,144,[]
164300084,164300084__x0000_y0000,test,clean/164300084__x0000_y0000.bmp,0,0,1024,1024,2800,1024,0,,[]
164300084,164300084__x0896_y0000,test,clean/164300084__x0896_y0000.bmp,896,0,1024,1024,2800,1024,1,128,[]
164300084,164300084__x1776_y0000,test,clean/164300084__x1776_y0000.bmp,1776,0,1024,1024,2800,1024,2,144,[]
164500027,164500027__x0000_y0000,test,clean/164500027__x0000_y0000.bmp,0,0,1024,1024,2800,1024,0,,[]
164500027,164500027__x0896_y0000,test,clean/164500027__x0896_y0000.bmp,896,0,1024,1024,2800,1024,1,128,[]
164500027,164500027__x1776_y0000,test,clean/164500027__x1776_y0000.bmp,1776,0,1024,1024,2800,1024,2,144,[]
164500035,164500035__x0000_y0000,test,clean/164500035__x0000_y0000.bmp,0,0,1024,1024,2800,1024,0,,[]
164500035,164500035__x0896_y0000,test,clean/164500035__x0896_y0000.bmp,896,0,1024,1024,2800,1024,1,128,[]
164500035,164500035__x1776_y0000,test,clean/164500035__x1776_y0000.bmp,1776,0,1024,1024,2800,1024,2,144,[]
164500041,164500041__x0000_y0000,test,clean/164500041__x0000_y0000.bmp,0,0,1024,1024,2800,1024,0,,[]
164500041,164500041__x0896_y0000,test,clean/164500041__x0896_y0000.bmp,896,0,1024,1024,2800,1024,1,128,[]
164500041,164500041__x1776_y0000,test,clean/164500041__x1776_y0000.bmp,1776,0,1024,1024,2800,1024,2,144,[]
164500068,164500068__x0000_y0000,test,clean/164500068__x0000_y0000.bmp,0,0,1024,1024,2800,1024,0,,[]
164500068,164500068__x0896_y0000,test,clean/164500068__x0896_y0000.bmp,896,0,1024,1024,2800,1024,1,128,[]
164500068,164500068__x1776_y0000,test,clean/164500068__x1776_y0000.bmp,1776,0,1024,1024,2800,1024,2,144,[]
164500077,164500077__x0000_y0000,test,clean/164500077__x0000_y0000.bmp,0,0,1024,1024,2800,1024,0,,[]
164500077,164500077__x0896_y0000,test,clean/164500077__x0896_y0000.bmp,896,0,1024,1024,2800,1024,1,128,[]
164500077,164500077__x1776_y0000,test,clean/164500077__x1776_y0000.bmp,1776,0,1024,1024,2800,1024,2,144,[]
164500083,164500083__x0000_y0000,test,clean/164500083__x0000_y0000.bmp,0,0,1024,1024,2800,1024,0,,[]
164500083,164500083__x0896_y0000,test,clean/164500083__x0896_y0000.bmp,896,0,1024,1024,2800,1024,1,128,[]
164500083,164500083__x1776_y0000,test,clean/164500083__x1776_y0000.bmp,1776,0,1024,1024,2800,1024,2,144,[]
164600012,164600012__x0000_y0000,test,clean/164600012__x0000_y0000.bmp,0,0,1024,1024,2800,1024,0,,[]
164600012,164600012__x0896_y0000,test,clean/164600012__x0896_y0000.bmp,896,0,1024,1024,2800,1024,1,128,[]
164600012,164600012__x1776_y0000,test,clean/164600012__x1776_y0000.bmp,1776,0,1024,1024,2800,1024,2,144,[]
164600019,164600019__x0000_y0000,test,clean/164600019__x0000_y0000.bmp,0,0,1024,1024,2800,1024,0,,[]
164600019,164600019__x0896_y0000,test,clean/164600019__x0896_y0000.bmp,896,0,1024,1024,2800,1024,1,128,[]
164600019,164600019__x1776_y0000,test,clean/164600019__x1776_y0000.bmp,1776,0,1024,1024,2800,1024,2,144,[]
164600030,164600030__x0000_y0000,test,clean/164600030__x0000_y0000.bmp,0,0,1024,1024,2800,1024,0,,[]
164600030,164600030__x0896_y0000,test,clean/164600030__x0896_y0000.bmp,896,0,1024,1024,2800,1024,1,128,[]
164600030,164600030__x1776_y0000,test,clean/164600030__x1776_y0000.bmp,1776,0,1024,1024,2800,1024,2,144,[]
164600050,164600050__x0000_y0000,test,clean/164600050__x0000_y0000.bmp,0,0,1024,1024,2800,1024,0,,[]
164600050,164600050__x0896_y0000,test,clean/164600050__x0896_y0000.bmp,896,0,1024,1024,2800,1024,1,128,[]
164600050,164600050__x1776_y0000,test,clean/164600050__x1776_y0000.bmp,1776,0,1024,1024,2800,1024,2,144,[]
164600057,164600057__x0000_y0000,test,clean/164600057__x0000_y0000.bmp,0,0,1024,1024,2800,1024,0,,[]
164600057,164600057__x0896_y0000,test,clean/164600057__x0896_y0000.bmp,896,0,1024,1024,2800,1024,1,128,[]
164600057,164600057__x1776_y0000,test,clean/164600057__x1776_y0000.bmp,1776,0,1024,1024,2800,1024,2,144,[]
164600061,164600061__x0000_y0000,test,clean/164600061__x0000_y0000.bmp,0,0,1024,1024,2800,1024,0,,[]
164600061,164600061__x0896_y0000,test,clean/164600061__x0896_y0000.bmp,896,0,1024,1024,2800,1024,1,128,[]
164600061,164600061__x1776_y0000,test,clean/164600061__x1776_y0000.bmp,1776,0,1024,1024,2800,1024,2,144,[]
164600071,164600071__x0000_y0000,test,clean/164600071__x0000_y0000.bmp,0,0,1024,1024,2800,1024,0,,[]
164600071,164600071__x0896_y0000,test,clean/164600071__x0896_y0000.bmp,896,0,1024,1024,2800,1024,1,128,[]
164600071,164600071__x1776_y0000,test,clean/164600071__x1776_y0000.bmp,1776,0,1024,1024,2800,1024,2,144,[]
164600073,164600073__x0000_y0000,test,clean/164600073__x0000_y0000.bmp,0,0,1024,1024,2800,1024,0,,[]
164600073,164600073__x0896_y0000,test,clean/164600073__x0896_y0000.bmp,896,0,1024,1024,2800,1024,1,128,[]
164600073,164600073__x1776_y0000,test,clean/164600073__x1776_y0000.bmp,1776,0,1024,1024,2800,1024,2,144,[]
165200076,165200076__x0000_y0000,test,clean/165200076__x0000_y0000.bmp,0,0,1024,1024,2800,1024,0,,[]
165200076,165200076__x0896_y0000,test,clean/165200076__x0896_y0000.bmp,896,0,1024,1024,2800,1024,1,128,[]
165200076,165200076__x1776_y0000,test,clean/165200076__x1776_y0000.bmp,1776,0,1024,1024,2800,1024,2,144,[]
165200078,165200078__x0000_y0000,test,clean/165200078__x0000_y0000.bmp,0,0,1024,1024,2800,1024,0,,[]
165200078,165200078__x0896_y0000,test,clean/165200078__x0896_y0000.bmp,896,0,1024,1024,2800,1024,1,128,[]
165200078,165200078__x1776_y0000,test,clean/165200078__x1776_y0000.bmp,1776,0,1024,1024,2800,1024,2,144,[]
165300032,165300032__x0000_y0000,test,clean/165300032__x0000_y0000.bmp,0,0,1024,1024,2800,1024,0,,[]
165300032,165300032__x0896_y0000,test,clean/165300032__x0896_y0000.bmp,896,0,1024,1024,2800,1024,1,128,[]
165300032,165300032__x1776_y0000,test,clean/165300032__x1776_y0000.bmp,1776,0,1024,1024,2800,1024,2,144,[]
165300036,165300036__x0000_y0000,test,clean/165300036__x0000_y0000.bmp,0,0,1024,1024,2800,1024,0,,[]
165300036,165300036__x0896_y0000,test,clean/165300036__x0896_y0000.bmp,896,0,1024,1024,2800,1024,1,128,[]
165300036,165300036__x1776_y0000,test,clean/165300036__x1776_y0000.bmp,1776,0,1024,1024,2800,1024,2,144,[]
165300047,165300047__x0000_y0000,test,clean/165300047__x0000_y0000.bmp,0,0,1024,1024,2800,1024,0,,[]
165300047,165300047__x0896_y0000,test,clean/165300047__x0896_y0000.bmp,896,0,1024,1024,2800,1024,1,128,[]
165300047,165300047__x1776_y0000,test,clean/165300047__x1776_y0000.bmp,1776,0,1024,1024,2800,1024,2,144,[]
165300048,165300048__x0000_y0000,test,clean/165300048__x0000_y0000.bmp,0,0,1024,1024,2800,1024,0,,[]
165300048,165300048__x0896_y0000,test,clean/165300048__x0896_y0000.bmp,896,0,1024,1024,2800,1024,1,128,[]
165300048,165300048__x1776_y0000,test,clean/165300048__x1776_y0000.bmp,1776,0,1024,1024,2800,1024,2,144,[]
165300055,165300055__x0000_y0000,test,clean/165300055__x0000_y0000.bmp,0,0,1024,1024,2800,1024,0,,[]
165300055,165300055__x0896_y0000,test,clean/165300055__x0896_y0000.bmp,896,0,1024,1024,2800,1024,1,128,[]
165300055,165300055__x1776_y0000,test,clean/165300055__x1776_y0000.bmp,1776,0,1024,1024,2800,1024,2,144,[]
165300057,165300057__x0000_y0000,test,clean/165300057__x0000_y0000.bmp,0,0,1024,1024,2800,1024,0,,[]
165300057,165300057__x0896_y0000,test,clean/165300057__x0896_y0000.bmp,896,0,1024,1024,2800,1024,1,128,[]
165300057,165300057__x1776_y0000,test,clean/165300057__x1776_y0000.bmp,1776,0,1024,1024,2800,1024,2,144,[]
165300072,165300072__x0000_y0000,test,clean/165300072__x0000_y0000.bmp,0,0,1024,1024,2800,1024,0,,[]
165300072,165300072__x0896_y0000,test,clean/165300072__x0896_y0000.bmp,896,0,1024,1024,2800,1024,1,128,[]
165300072,165300072__x1776_y0000,test,clean/165300072__x1776_y0000.bmp,1776,0,1024,1024,2800,1024,2,144,[]
165400011,165400011__x0000_y0000,test,clean/165400011__x0000_y0000.bmp,0,0,1024,1024,2800,1024,0,,[]
165400011,165400011__x0896_y0000,test,clean/165400011__x0896_y0000.bmp,896,0,1024,1024,2800,1024,1,128,[]
165400011,165400011__x1776_y0000,test,clean/165400011__x1776_y0000.bmp,1776,0,1024,1024,2800,1024,2,144,[]
165400014,165400014__x0000_y0000,test,clean/165400014__x0000_y0000.bmp,0,0,1024,1024,2800,1024,0,,[]
165400014,165400014__x0896_y0000,test,clean/165400014__x0896_y0000.bmp,896,0,1024,1024,2800,1024,1,128,[]
165400014,165400014__x1776_y0000,test,clean/165400014__x1776_y0000.bmp,1776,0,1024,1024,2800,1024,2,144,[]
165400033,165400033__x0000_y0000,test,clean/165400033__x0000_y0000.bmp,0,0,1024,1024,2800,1024,0,,[]
165400033,165400033__x0896_y0000,test,clean/165400033__x0896_y0000.bmp,896,0,1024,1024,2800,1024,1,128,[]
165400033,165400033__x1776_y0000,test,clean/165400033__x1776_y0000.bmp,1776,0,1024,1024,2800,1024,2,144,[]
165400054,165400054__x0000_y0000,test,clean/165400054__x0000_y0000.bmp,0,0,1024,1024,2800,1024,0,,[]
165400054,165400054__x0896_y0000,test,clean/165400054__x0896_y0000.bmp,896,0,1024,1024,2800,1024,1,128,[]
165400054,165400054__x1776_y0000,test,clean/165400054__x1776_y0000.bmp,1776,0,1024,1024,2800,1024,2,144,[]
165400070,165400070__x0000_y0000,test,clean/165400070__x0000_y0000.bmp,0,0,1024,1024,2800,1024,0,,[]
165400070,165400070__x0896_y0000,test,clean/165400070__x0896_y0000.bmp,896,0,1024,1024,2800,1024,1,128,[]
165400070,165400070__x1776_y0000,test,clean/165400070__x1776_y0000.bmp,1776,0,1024,1024,2800,1024,2,144,[]
165400074,165400074__x0000_y0000,test,clean/165400074__x0000_y0000.bmp,0,0,1024,1024,2800,1024,0,,[]
165400074,165400074__x0896_y0000,test,clean/165400074__x0896_y0000.bmp,896,0,1024,1024,2800,1024,1,128,[]
165400074,165400074__x1776_y0000,test,clean/165400074__x1776_y0000.bmp,1776,0,1024,1024,2800,1024,2,144,[]
165400081,165400081__x0000_y0000,test,clean/165400081__x0000_y0000.bmp,0,0,1024,1024,2800,1024,0,,[]
165400081,165400081__x0896_y0000,test,clean/165400081__x0896_y0000.bmp,896,0,1024,1024,2800,1024,1,128,[]
165400081,165400081__x1776_y0000,test,clean/165400081__x1776_y0000.bmp,1776,0,1024,1024,2800,1024,2,144,[]
165500004,165500004__x0000_y0000,test,clean/165500004__x0000_y0000.bmp,0,0,1024,1024,2800,1024,0,,[]
165500004,165500004__x0896_y0000,test,clean/165500004__x0896_y0000.bmp,896,0,1024,1024,2800,1024,1,128,[]
165500004,165500004__x1776_y0000,test,clean/165500004__x1776_y0000.bmp,1776,0,1024,1024,2800,1024,2,144,[]
165500006,165500006__x0000_y0000,test,clean/165500006__x0000_y0000.bmp,0,0,1024,1024,2800,1024,0,,[]
165500006,165500006__x0896_y0000,test,clean/165500006__x0896_y0000.bmp,896,0,1024,1024,2800,1024,1,128,[]
165500006,165500006__x1776_y0000,test,clean/165500006__x1776_y0000.bmp,1776,0,1024,1024,2800,1024,2,144,[]
165500010,165500010__x0000_y0000,test,clean/165500010__x0000_y0000.bmp,0,0,1024,1024,2800,1024,0,,[]
165500010,165500010__x0896_y0000,test,clean/165500010__x0896_y0000.bmp,896,0,1024,1024,2800,1024,1,128,[]
165500010,165500010__x1776_y0000,test,clean/165500010__x1776_y0000.bmp,1776,0,1024,1024,2800,1024,2,144,[]
165500044,165500044__x0000_y0000,test,clean/165500044__x0000_y0000.bmp,0,0,1024,1024,2800,1024,0,,[]
165500044,165500044__x0896_y0000,test,clean/165500044__x0896_y0000.bmp,896,0,1024,1024,2800,1024,1,128,[]
165500044,165500044__x1776_y0000,test,clean/165500044__x1776_y0000.bmp,1776,0,1024,1024,2800,1024,2,144,[]
165500045,165500045__x0000_y0000,test,clean/165500045__x0000_y0000.bmp,0,0,1024,1024,2800,1024,0,,[]
165500045,165500045__x0896_y0000,test,clean/165500045__x0896_y0000.bmp,896,0,1024,1024,2800,1024,1,128,[]
165500045,165500045__x1776_y0000,test,clean/165500045__x1776_y0000.bmp,1776,0,1024,1024,2800,1024,2,144,[]
165500051,165500051__x0000_y0000,test,clean/165500051__x0000_y0000.bmp,0,0,1024,1024,2800,1024,0,,[]
165500051,165500051__x0896_y0000,test,clean/165500051__x0896_y0000.bmp,896,0,1024,1024,2800,1024,1,128,[]
165500051,165500051__x1776_y0000,test,clean/165500051__x1776_y0000.bmp,1776,0,1024,1024,2800,1024,2,144,[]
165500052,165500052__x0000_y0000,test,clean/165500052__x0000_y0000.bmp,0,0,1024,1024,2800,1024,0,,[]
165500052,165500052__x0896_y0000,test,clean/165500052__x0896_y0000.bmp,896,0,1024,1024,2800,1024,1,128,[]
165500052,165500052__x1776_y0000,test,clean/165500052__x1776_y0000.bmp,1776,0,1024,1024,2800,1024,2,144,[]
165500053,165500053__x0000_y0000,test,clean/165500053__x0000_y0000.bmp,0,0,1024,1024,2800,1024,0,,[]
165500053,165500053__x0896_y0000,test,clean/165500053__x0896_y0000.bmp,896,0,1024,1024,2800,1024,1,128,[]
165500053,165500053__x1776_y0000,test,clean/165500053__x1776_y0000.bmp,1776,0,1024,1024,2800,1024,2,144,[]
165500054,165500054__x0000_y0000,test,clean/165500054__x0000_y0000.bmp,0,0,1024,1024,2800,1024,0,,[]
165500054,165500054__x0896_y0000,test,clean/165500054__x0896_y0000.bmp,896,0,1024,1024,2800,1024,1,128,[]
165500054,165500054__x1776_y0000,test,clean/165500054__x1776_y0000.bmp,1776,0,1024,1024,2800,1024,2,144,[]
165500055,165500055__x0000_y0000,test,clean/165500055__x0000_y0000.bmp,0,0,1024,1024,2800,1024,0,,[]
165500055,165500055__x0896_y0000,test,clean/165500055__x0896_y0000.bmp,896,0,1024,1024,2800,1024,1,128,[]
165500055,165500055__x1776_y0000,test,clean/165500055__x1776_y0000.bmp,1776,0,1024,1024,2800,1024,2,144,[]
165500058,165500058__x0000_y0000,test,clean/165500058__x0000_y0000.bmp,0,0,1024,1024,2800,1024,0,,[]
165500058,165500058__x0896_y0000,test,clean/165500058__x0896_y0000.bmp,896,0,1024,1024,2800,1024,1,128,[]
165500058,165500058__x1776_y0000,test,clean/165500058__x1776_y0000.bmp,1776,0,1024,1024,2800,1024,2,144,[]
165500060,165500060__x0000_y0000,test,clean/165500060__x0000_y0000.bmp,0,0,1024,1024,2800,1024,0,,[]
165500060,165500060__x0896_y0000,test,clean/165500060__x0896_y0000.bmp,896,0,1024,1024,2800,1024,1,128,[]
165500060,165500060__x1776_y0000,test,clean/165500060__x1776_y0000.bmp,1776,0,1024,1024,2800,1024,2,144,[]
165500064,165500064__x0000_y0000,test,clean/165500064__x0000_y0000.bmp,0,0,1024,1024,2800,1024,0,,[]
165500064,165500064__x0896_y0000,test,clean/165500064__x0896_y0000.bmp,896,0,1024,1024,2800,1024,1,128,[]
165500064,165500064__x1776_y0000,test,clean/165500064__x1776_y0000.bmp,1776,0,1024,1024,2800,1024,2,144,[]
165600001,165600001__x0000_y0000,test,clean/165600001__x0000_y0000.bmp,0,0,1024,1024,2800,1024,0,,[]
165600001,165600001__x0896_y0000,test,clean/165600001__x0896_y0000.bmp,896,0,1024,1024,2800,1024,1,128,[]
165600001,165600001__x1776_y0000,test,clean/165600001__x1776_y0000.bmp,1776,0,1024,1024,2800,1024,2,144,[]
165600017,165600017__x0000_y0000,test,clean/165600017__x0000_y0000.bmp,0,0,1024,1024,2800,1024,0,,[]
165600017,165600017__x0896_y0000,test,clean/165600017__x0896_y0000.bmp,896,0,1024,1024,2800,1024,1,128,[]
165600017,165600017__x1776_y0000,test,clean/165600017__x1776_y0000.bmp,1776,0,1024,1024,2800,1024,2,144,[]
165600039,165600039__x0000_y0000,test,clean/165600039__x0000_y0000.bmp,0,0,1024,1024,2800,1024,0,,[]
165600039,165600039__x0896_y0000,test,clean/165600039__x0896_y0000.bmp,896,0,1024,1024,2800,1024,1,128,[]
165600039,165600039__x1776_y0000,test,clean/165600039__x1776_y0000.bmp,1776,0,1024,1024,2800,1024,2,144,[]
165600053,165600053__x0000_y0000,test,clean/165600053__x0000_y0000.bmp,0,0,1024,1024,2800,1024,0,,[]
165600053,165600053__x0896_y0000,test,clean/165600053__x0896_y0000.bmp,896,0,1024,1024,2800,1024,1,128,[]
165600053,165600053__x1776_y0000,test,clean/165600053__x1776_y0000.bmp,1776,0,1024,1024,2800,1024,2,144,[]
165600060,165600060__x0000_y0000,test,clean/165600060__x0000_y0000.bmp,0,0,1024,1024,2800,1024,0,,[]
165600060,165600060__x0896_y0000,test,clean/165600060__x0896_y0000.bmp,896,0,1024,1024,2800,1024,1,128,[]
165600060,165600060__x1776_y0000,test,clean/165600060__x1776_y0000.bmp,1776,0,1024,1024,2800,1024,2,144,[]
165600063,165600063__x0000_y0000,test,clean/165600063__x0000_y0000.bmp,0,0,1024,1024,2800,1024,0,,[]
165600063,165600063__x0896_y0000,test,clean/165600063__x0896_y0000.bmp,896,0,1024,1024,2800,1024,1,128,[]
165600063,165600063__x1776_y0000,test,clean/165600063__x1776_y0000.bmp,1776,0,1024,1024,2800,1024,2,144,[]
165600071,165600071__x0000_y0000,test,clean/165600071__x0000_y0000.bmp,0,0,1024,1024,2800,1024,0,,[]
165600071,165600071__x0896_y0000,test,clean/165600071__x0896_y0000.bmp,896,0,1024,1024,2800,1024,1,128,[]
165600071,165600071__x1776_y0000,test,clean/165600071__x1776_y0000.bmp,1776,0,1024,1024,2800,1024,2,144,[]
165600078,165600078__x0000_y0000,test,clean/165600078__x0000_y0000.bmp,0,0,1024,1024,2800,1024,0,,[]
165600078,165600078__x0896_y0000,test,clean/165600078__x0896_y0000.bmp,896,0,1024,1024,2800,1024,1,128,[]
165600078,165600078__x1776_y0000,test,clean/165600078__x1776_y0000.bmp,1776,0,1024,1024,2800,1024,2,144,[]
165600079,165600079__x0000_y0000,test,clean/165600079__x0000_y0000.bmp,0,0,1024,1024,2800,1024,0,,[]
165600079,165600079__x0896_y0000,test,clean/165600079__x0896_y0000.bmp,896,0,1024,1024,2800,1024,1,128,[]
165600079,165600079__x1776_y0000,test,clean/165600079__x1776_y0000.bmp,1776,0,1024,1024,2800,1024,2,144,[]
165600084,165600084__x0000_y0000,test,clean/165600084__x0000_y0000.bmp,0,0,1024,1024,2800,1024,0,,[]
165600084,165600084__x0896_y0000,test,clean/165600084__x0896_y0000.bmp,896,0,1024,1024,2800,1024,1,128,[]
165600084,165600084__x1776_y0000,test,clean/165600084__x1776_y0000.bmp,1776,0,1024,1024,2800,1024,2,144,[]
165700002,165700002__x0000_y0000,test,clean/165700002__x0000_y0000.bmp,0,0,1024,1024,2800,1024,0,,[]
165700002,165700002__x0896_y0000,test,clean/165700002__x0896_y0000.bmp,896,0,1024,1024,2800,1024,1,128,[]
165700002,165700002__x1776_y0000,test,clean/165700002__x1776_y0000.bmp,1776,0,1024,1024,2800,1024,2,144,[]
165700020,165700020__x0000_y0000,test,clean/165700020__x0000_y0000.bmp,0,0,1024,1024,2800,1024,0,,[]
165700020,165700020__x0896_y0000,test,clean/165700020__x0896_y0000.bmp,896,0,1024,1024,2800,1024,1,128,[]
165700020,165700020__x1776_y0000,test,clean/165700020__x1776_y0000.bmp,1776,0,1024,1024,2800,1024,2,144,[]
165700023,165700023__x0000_y0000,test,clean/165700023__x0000_y0000.bmp,0,0,1024,1024,2800,1024,0,,[]
165700023,165700023__x0896_y0000,test,clean/165700023__x0896_y0000.bmp,896,0,1024,1024,2800,1024,1,128,[]
165700023,165700023__x1776_y0000,test,clean/165700023__x1776_y0000.bmp,1776,0,1024,1024,2800,1024,2,144,[]
165700026,165700026__x0000_y0000,test,clean/165700026__x0000_y0000.bmp,0,0,1024,1024,2800,1024,0,,[]
165700026,165700026__x0896_y0000,test,clean/165700026__x0896_y0000.bmp,896,0,1024,1024,2800,1024,1,128,[]
165700026,165700026__x1776_y0000,test,clean/165700026__x1776_y0000.bmp,1776,0,1024,1024,2800,1024,2,144,[]
165700027,165700027__x0000_y0000,test,clean/165700027__x0000_y0000.bmp,0,0,1024,1024,2800,1024,0,,[]
165700027,165700027__x0896_y0000,test,clean/165700027__x0896_y0000.bmp,896,0,1024,1024,2800,1024,1,128,[]
165700027,165700027__x1776_y0000,test,clean/165700027__x1776_y0000.bmp,1776,0,1024,1024,2800,1024,2,144,[]
165700032,165700032__x0000_y0000,test,clean/165700032__x0000_y0000.bmp,0,0,1024,1024,2800,1024,0,,[]
165700032,165700032__x0896_y0000,test,clean/165700032__x0896_y0000.bmp,896,0,1024,1024,2800,1024,1,128,[]
165700032,165700032__x1776_y0000,test,clean/165700032__x1776_y0000.bmp,1776,0,1024,1024,2800,1024,2,144,[]
165700047,165700047__x0000_y0000,test,clean/165700047__x0000_y0000.bmp,0,0,1024,1024,2800,1024,0,,[]
165700047,165700047__x0896_y0000,test,clean/165700047__x0896_y0000.bmp,896,0,1024,1024,2800,1024,1,128,[]
165700047,165700047__x1776_y0000,test,clean/165700047__x1776_y0000.bmp,1776,0,1024,1024,2800,1024,2,144,[]
165700067,165700067__x0000_y0000,test,clean/165700067__x0000_y0000.bmp,0,0,1024,1024,2800,1024,0,,[]
165700067,165700067__x0896_y0000,test,clean/165700067__x0896_y0000.bmp,896,0,1024,1024,2800,1024,1,128,[]
165700067,165700067__x1776_y0000,test,clean/165700067__x1776_y0000.bmp,1776,0,1024,1024,2800,1024,2,144,[]
165700071,165700071__x0000_y0000,test,clean/165700071__x0000_y0000.bmp,0,0,1024,1024,2800,1024,0,,[]
165700071,165700071__x0896_y0000,test,clean/165700071__x0896_y0000.bmp,896,0,1024,1024,2800,1024,1,128,[]
165700071,165700071__x1776_y0000,test,clean/165700071__x1776_y0000.bmp,1776,0,1024,1024,2800,1024,2,144,[]
165700072,165700072__x0000_y0000,test,clean/165700072__x0000_y0000.bmp,0,0,1024,1024,2800,1024,0,,[]
165700072,165700072__x0896_y0000,test,clean/165700072__x0896_y0000.bmp,896,0,1024,1024,2800,1024,1,128,[]
165700072,165700072__x1776_y0000,test,clean/165700072__x1776_y0000.bmp,1776,0,1024,1024,2800,1024,2,144,[]
165700077,165700077__x0000_y0000,test,clean/165700077__x0000_y0000.bmp,0,0,1024,1024,2800,1024,0,,[]
165700077,165700077__x0896_y0000,test,clean/165700077__x0896_y0000.bmp,896,0,1024,1024,2800,1024,1,128,[]
165700077,165700077__x1776_y0000,test,clean/165700077__x1776_y0000.bmp,1776,0,1024,1024,2800,1024,2,144,[]
165800011,165800011__x0000_y0000,test,clean/165800011__x0000_y0000.bmp,0,0,1024,1024,2800,1024,0,,[]
165800011,165800011__x0896_y0000,test,clean/165800011__x0896_y0000.bmp,896,0,1024,1024,2800,1024,1,128,[]
165800011,165800011__x1776_y0000,test,clean/165800011__x1776_y0000.bmp,1776,0,1024,1024,2800,1024,2,144,[]
165800017,165800017__x0000_y0000,test,clean/165800017__x0000_y0000.bmp,0,0,1024,1024,2800,1024,0,,[]
165800017,165800017__x0896_y0000,test,clean/165800017__x0896_y0000.bmp,896,0,1024,1024,2800,1024,1,128,[]
165800017,165800017__x1776_y0000,test,clean/165800017__x1776_y0000.bmp,1776,0,1024,1024,2800,1024,2,144,[]
165900029,165900029__x0000_y0000,test,clean/165900029__x0000_y0000.bmp,0,0,1024,1024,2800,1024,0,,[]
165900029,165900029__x0896_y0000,test,clean/165900029__x0896_y0000.bmp,896,0,1024,1024,2800,1024,1,128,[]
165900029,165900029__x1776_y0000,test,clean/165900029__x1776_y0000.bmp,1776,0,1024,1024,2800,1024,2,144,[]
165900044,165900044__x0000_y0000,test,clean/165900044__x0000_y0000.bmp,0,0,1024,1024,2800,1024,0,,[]
165900044,165900044__x0896_y0000,test,clean/165900044__x0896_y0000.bmp,896,0,1024,1024,2800,1024,1,128,[]
165900044,165900044__x1776_y0000,test,clean/165900044__x1776_y0000.bmp,1776,0,1024,1024,2800,1024,2,144,[]
165900071,165900071__x0000_y0000,test,clean/165900071__x0000_y0000.bmp,0,0,1024,1024,2800,1024,0,,[]
165900071,165900071__x0896_y0000,test,clean/165900071__x0896_y0000.bmp,896,0,1024,1024,2800,1024,1,128,[]
165900071,165900071__x1776_y0000,test,clean/165900071__x1776_y0000.bmp,1776,0,1024,1024,2800,1024,2,144,[]
165900082,165900082__x0000_y0000,test,clean/165900082__x0000_y0000.bmp,0,0,1024,1024,2800,1024,0,,[]
165900082,165900082__x0896_y0000,test,clean/165900082__x0896_y0000.bmp,896,0,1024,1024,2800,1024,1,128,[]
165900082,165900082__x1776_y0000,test,clean/165900082__x1776_y0000.bmp,1776,0,1024,1024,2800,1024,2,144,[]
166100027,166100027__x0000_y0000,test,clean/166100027__x0000_y0000.bmp,0,0,1024,1024,2800,1024,0,,[]
166100027,166100027__x0896_y0000,test,clean/166100027__x0896_y0000.bmp,896,0,1024,1024,2800,1024,1,128,[]
166100027,166100027__x1776_y0000,test,clean/166100027__x1776_y0000.bmp,1776,0,1024,1024,2800,1024,2,144,[]
166100043,166100043__x0000_y0000,test,clean/166100043__x0000_y0000.bmp,0,0,1024,1024,2800,1024,0,,[]
166100043,166100043__x0896_y0000,test,clean/166100043__x0896_y0000.bmp,896,0,1024,1024,2800,1024,1,128,[]
166100043,166100043__x1776_y0000,test,clean/166100043__x1776_y0000.bmp,1776,0,1024,1024,2800,1024,2,144,[]
166100044,166100044__x0000_y0000,test,clean/166100044__x0000_y0000.bmp,0,0,1024,1024,2800,1024,0,,[]
166100044,166100044__x0896_y0000,test,clean/166100044__x0896_y0000.bmp,896,0,1024,1024,2800,1024,1,128,[]
166100044,166100044__x1776_y0000,test,clean/166100044__x1776_y0000.bmp,1776,0,1024,1024,2800,1024,2,144,[]
166100076,166100076__x0000_y0000,test,clean/166100076__x0000_y0000.bmp,0,0,1024,1024,2800,1024,0,,[]
166100076,166100076__x0896_y0000,test,clean/166100076__x0896_y0000.bmp,896,0,1024,1024,2800,1024,1,128,[]
166100076,166100076__x1776_y0000,test,clean/166100076__x1776_y0000.bmp,1776,0,1024,1024,2800,1024,2,144,[]
166300034,166300034__x0000_y0000,test,clean/166300034__x0000_y0000.bmp,0,0,1024,1024,2800,1024,0,,[]
166300034,166300034__x0896_y0000,test,clean/166300034__x0896_y0000.bmp,896,0,1024,1024,2800,1024,1,128,[]
166300034,166300034__x1776_y0000,test,clean/166300034__x1776_y0000.bmp,1776,0,1024,1024,2800,1024,2,144,[]
166300040,166300040__x0000_y0000,test,clean/166300040__x0000_y0000.bmp,0,0,1024,1024,2800,1024,0,,[]
166300040,166300040__x0896_y0000,test,clean/166300040__x0896_y0000.bmp,896,0,1024,1024,2800,1024,1,128,[]
166300040,166300040__x1776_y0000,test,clean/166300040__x1776_y0000.bmp,1776,0,1024,1024,2800,1024,2,144,[]
166300044,166300044__x0000_y0000,test,clean/166300044__x0000_y0000.bmp,0,0,1024,1024,2800,1024,0,,[]
166300044,166300044__x0896_y0000,test,clean/166300044__x0896_y0000.bmp,896,0,1024,1024,2800,1024,1,128,[]
166300044,166300044__x1776_y0000,test,clean/166300044__x1776_y0000.bmp,1776,0,1024,1024,2800,1024,2,144,[]
166300049,166300049__x0000_y0000,test,clean/166300049__x0000_y0000.bmp,0,0,1024,1024,2800,1024,0,,[]
166300049,166300049__x0896_y0000,test,clean/166300049__x0896_y0000.bmp,896,0,1024,1024,2800,1024,1,128,[]
166300049,166300049__x1776_y0000,test,clean/166300049__x1776_y0000.bmp,1776,0,1024,1024,2800,1024,2,144,[]
166300054,166300054__x0000_y0000,test,clean/166300054__x0000_y0000.bmp,0,0,1024,1024,2800,1024,0,,[]
166300054,166300054__x0896_y0000,test,clean/166300054__x0896_y0000.bmp,896,0,1024,1024,2800,1024,1,128,[]
166300054,166300054__x1776_y0000,test,clean/166300054__x1776_y0000.bmp,1776,0,1024,1024,2800,1024,2,144,[]
166300075,166300075__x0000_y0000,test,clean/166300075__x0000_y0000.bmp,0,0,1024,1024,2800,1024,0,,[]
166300075,166300075__x0896_y0000,test,clean/166300075__x0896_y0000.bmp,896,0,1024,1024,2800,1024,1,128,[]
166300075,166300075__x1776_y0000,test,clean/166300075__x1776_y0000.bmp,1776,0,1024,1024,2800,1024,2,144,[]
166300080,166300080__x0000_y0000,test,clean/166300080__x0000_y0000.bmp,0,0,1024,1024,2800,1024,0,,[]
166300080,166300080__x0896_y0000,test,clean/166300080__x0896_y0000.bmp,896,0,1024,1024,2800,1024,1,128,[]
166300080,166300080__x1776_y0000,test,clean/166300080__x1776_y0000.bmp,1776,0,1024,1024,2800,1024,2,144,[]
166300083,166300083__x0000_y0000,test,clean/166300083__x0000_y0000.bmp,0,0,1024,1024,2800,1024,0,,[]
166300083,166300083__x0896_y0000,test,clean/166300083__x0896_y0000.bmp,896,0,1024,1024,2800,1024,1,128,[]
166300083,166300083__x1776_y0000,test,clean/166300083__x1776_y0000.bmp,1776,0,1024,1024,2800,1024,2,144,[]
166300084,166300084__x0000_y0000,test,clean/166300084__x0000_y0000.bmp,0,0,1024,1024,2800,1024,0,,[]
166300084,166300084__x0896_y0000,test,clean/166300084__x0896_y0000.bmp,896,0,1024,1024,2800,1024,1,128,[]
166300084,166300084__x1776_y0000,test,clean/166300084__x1776_y0000.bmp,1776,0,1024,1024,2800,1024,2,144,[]
166400053,166400053__x0000_y0000,test,clean/166400053__x0000_y0000.bmp,0,0,1024,1024,2800,1024,0,,[]
166400053,166400053__x0896_y0000,test,clean/166400053__x0896_y0000.bmp,896,0,1024,1024,2800,1024,1,128,[]
166400053,166400053__x1776_y0000,test,clean/166400053__x1776_y0000.bmp,1776,0,1024,1024,2800,1024,2,144,[]
166400059,166400059__x0000_y0000,test,clean/166400059__x0000_y0000.bmp,0,0,1024,1024,2800,1024,0,,[]
166400059,166400059__x0896_y0000,test,clean/166400059__x0896_y0000.bmp,896,0,1024,1024,2800,1024,1,128,[]
166400059,166400059__x1776_y0000,test,clean/166400059__x1776_y0000.bmp,1776,0,1024,1024,2800,1024,2,144,[]
166400060,166400060__x0000_y0000,test,clean/166400060__x0000_y0000.bmp,0,0,1024,1024,2800,1024,0,,[]
166400060,166400060__x0896_y0000,test,clean/166400060__x0896_y0000.bmp,896,0,1024,1024,2800,1024,1,128,[]
166400060,166400060__x1776_y0000,test,clean/166400060__x1776_y0000.bmp,1776,0,1024,1024,2800,1024,2,144,[]
166400062,166400062__x0000_y0000,test,clean/166400062__x0000_y0000.bmp,0,0,1024,1024,2800,1024,0,,[]
166400062,166400062__x0896_y0000,test,clean/166400062__x0896_y0000.bmp,896,0,1024,1024,2800,1024,1,128,[]
166400062,166400062__x1776_y0000,test,clean/166400062__x1776_y0000.bmp,1776,0,1024,1024,2800,1024,2,144,[]
166400065,166400065__x0000_y0000,test,clean/166400065__x0000_y0000.bmp,0,0,1024,1024,2800,1024,0,,[]
166400065,166400065__x0896_y0000,test,clean/166400065__x0896_y0000.bmp,896,0,1024,1024,2800,1024,1,128,[]
166400065,166400065__x1776_y0000,test,clean/166400065__x1776_y0000.bmp,1776,0,1024,1024,2800,1024,2,144,[]
166400068,166400068__x0000_y0000,test,clean/166400068__x0000_y0000.bmp,0,0,1024,1024,2800,1024,0,,[]
166400068,166400068__x0896_y0000,test,clean/166400068__x0896_y0000.bmp,896,0,1024,1024,2800,1024,1,128,[]
166400068,166400068__x1776_y0000,test,clean/166400068__x1776_y0000.bmp,1776,0,1024,1024,2800,1024,2,144,[]
166400070,166400070__x0000_y0000,test,clean/166400070__x0000_y0000.bmp,0,0,1024,1024,2800,1024,0,,[]
166400070,166400070__x0896_y0000,test,clean/166400070__x0896_y0000.bmp,896,0,1024,1024,2800,1024,1,128,[]
166400070,166400070__x1776_y0000,test,clean/166400070__x1776_y0000.bmp,1776,0,1024,1024,2800,1024,2,144,[]
166400071,166400071__x0000_y0000,test,clean/166400071__x0000_y0000.bmp,0,0,1024,1024,2800,1024,0,,[]
166400071,166400071__x0896_y0000,test,clean/166400071__x0896_y0000.bmp,896,0,1024,1024,2800,1024,1,128,[]
166400071,166400071__x1776_y0000,test,clean/166400071__x1776_y0000.bmp,1776,0,1024,1024,2800,1024,2,144,[]
166400072,166400072__x0000_y0000,test,clean/166400072__x0000_y0000.bmp,0,0,1024,1024,2800,1024,0,,[]
166400072,166400072__x0896_y0000,test,clean/166400072__x0896_y0000.bmp,896,0,1024,1024,2800,1024,1,128,[]
166400072,166400072__x1776_y0000,test,clean/166400072__x1776_y0000.bmp,1776,0,1024,1024,2800,1024,2,144,[]
166400073,166400073__x0000_y0000,test,clean/166400073__x0000_y0000.bmp,0,0,1024,1024,2800,1024,0,,[]
166400073,166400073__x0896_y0000,test,clean/166400073__x0896_y0000.bmp,896,0,1024,1024,2800,1024,1,128,[]
166400073,166400073__x1776_y0000,test,clean/166400073__x1776_y0000.bmp,1776,0,1024,1024,2800,1024,2,144,[]
166400078,166400078__x0000_y0000,test,clean/166400078__x0000_y0000.bmp,0,0,1024,1024,2800,1024,0,,[]
166400078,166400078__x0896_y0000,test,clean/166400078__x0896_y0000.bmp,896,0,1024,1024,2800,1024,1,128,[]
166400078,166400078__x1776_y0000,test,clean/166400078__x1776_y0000.bmp,1776,0,1024,1024,2800,1024,2,144,[]
166400080,166400080__x0000_y0000,test,clean/166400080__x0000_y0000.bmp,0,0,1024,1024,2800,1024,0,,[]
166400080,166400080__x0896_y0000,test,clean/166400080__x0896_y0000.bmp,896,0,1024,1024,2800,1024,1,128,[]
166400080,166400080__x1776_y0000,test,clean/166400080__x1776_y0000.bmp,1776,0,1024,1024,2800,1024,2,144,[]
166600006,166600006__x0000_y0000,test,clean/166600006__x0000_y0000.bmp,0,0,1024,1024,2800,1024,0,,[]
166600006,166600006__x0896_y0000,test,clean/166600006__x0896_y0000.bmp,896,0,1024,1024,2800,1024,1,128,[]
166600006,166600006__x1776_y0000,test,clean/166600006__x1776_y0000.bmp,1776,0,1024,1024,2800,1024,2,144,[]
166600009,166600009__x0000_y0000,test,clean/166600009__x0000_y0000.bmp,0,0,1024,1024,2800,1024,0,,[]
166600009,166600009__x0896_y0000,test,clean/166600009__x0896_y0000.bmp,896,0,1024,1024,2800,1024,1,128,[]
166600009,166600009__x1776_y0000,test,clean/166600009__x1776_y0000.bmp,1776,0,1024,1024,2800,1024,2,144,[]
166600011,166600011__x0000_y0000,test,clean/166600011__x0000_y0000.bmp,0,0,1024,1024,2800,1024,0,,[]
166600011,166600011__x0896_y0000,test,clean/166600011__x0896_y0000.bmp,896,0,1024,1024,2800,1024,1,128,[]
166600011,166600011__x1776_y0000,test,clean/166600011__x1776_y0000.bmp,1776,0,1024,1024,2800,1024,2,144,[]
166600015,166600015__x0000_y0000,test,clean/166600015__x0000_y0000.bmp,0,0,1024,1024,2800,1024,0,,[]
166600015,166600015__x0896_y0000,test,clean/166600015__x0896_y0000.bmp,896,0,1024,1024,2800,1024,1,128,[]
166600015,166600015__x1776_y0000,test,clean/166600015__x1776_y0000.bmp,1776,0,1024,1024,2800,1024,2,144,[]
166600021,166600021__x0000_y0000,test,clean/166600021__x0000_y0000.bmp,0,0,1024,1024,2800,1024,0,,[]
166600021,166600021__x0896_y0000,test,clean/166600021__x0896_y0000.bmp,896,0,1024,1024,2800,1024,1,128,[]
166600021,166600021__x1776_y0000,test,clean/166600021__x1776_y0000.bmp,1776,0,1024,1024,2800,1024,2,144,[]
166600052,166600052__x0000_y0000,test,clean/166600052__x0000_y0000.bmp,0,0,1024,1024,2800,1024,0,,[]
166600052,166600052__x0896_y0000,test,clean/166600052__x0896_y0000.bmp,896,0,1024,1024,2800,1024,1,128,[]
166600052,166600052__x1776_y0000,test,clean/166600052__x1776_y0000.bmp,1776,0,1024,1024,2800,1024,2,144,[]
166600071,166600071__x0000_y0000,test,clean/166600071__x0000_y0000.bmp,0,0,1024,1024,2800,1024,0,,[]
166600071,166600071__x0896_y0000,test,clean/166600071__x0896_y0000.bmp,896,0,1024,1024,2800,1024,1,128,[]
166600071,166600071__x1776_y0000,test,clean/166600071__x1776_y0000.bmp,1776,0,1024,1024,2800,1024,2,144,[]
166600078,166600078__x0000_y0000,test,clean/166600078__x0000_y0000.bmp,0,0,1024,1024,2800,1024,0,,[]
166600078,166600078__x0896_y0000,test,clean/166600078__x0896_y0000.bmp,896,0,1024,1024,2800,1024,1,128,[]
166600078,166600078__x1776_y0000,test,clean/166600078__x1776_y0000.bmp,1776,0,1024,1024,2800,1024,2,144,[]
166600082,166600082__x0000_y0000,test,clean/166600082__x0000_y0000.bmp,0,0,1024,1024,2800,1024,0,,[]
166600082,166600082__x0896_y0000,test,clean/166600082__x0896_y0000.bmp,896,0,1024,1024,2800,1024,1,128,[]
166600082,166600082__x1776_y0000,test,clean/166600082__x1776_y0000.bmp,1776,0,1024,1024,2800,1024,2,144,[]
166700001,166700001__x0000_y0000,test,clean/166700001__x0000_y0000.bmp,0,0,1024,1024,2800,1024,0,,[]
166700001,166700001__x0896_y0000,test,clean/166700001__x0896_y0000.bmp,896,0,1024,1024,2800,1024,1,128,[]
166700001,166700001__x1776_y0000,test,clean/166700001__x1776_y0000.bmp,1776,0,1024,1024,2800,1024,2,144,[]
166700033,166700033__x0000_y0000,test,clean/166700033__x0000_y0000.bmp,0,0,1024,1024,2800,1024,0,,[]
166700033,166700033__x0896_y0000,test,clean/166700033__x0896_y0000.bmp,896,0,1024,1024,2800,1024,1,128,[]
166700033,166700033__x1776_y0000,test,clean/166700033__x1776_y0000.bmp,1776,0,1024,1024,2800,1024,2,144,[]
166700035,166700035__x0000_y0000,test,clean/166700035__x0000_y0000.bmp,0,0,1024,1024,2800,1024,0,,[]
166700035,166700035__x0896_y0000,test,clean/166700035__x0896_y0000.bmp,896,0,1024,1024,2800,1024,1,128,[]
166700035,166700035__x1776_y0000,test,clean/166700035__x1776_y0000.bmp,1776,0,1024,1024,2800,1024,2,144,[]
166700039,166700039__x0000_y0000,test,clean/166700039__x0000_y0000.bmp,0,0,1024,1024,2800,1024,0,,[]
166700039,166700039__x0896_y0000,test,clean/166700039__x0896_y0000.bmp,896,0,1024,1024,2800,1024,1,128,[]
166700039,166700039__x1776_y0000,test,clean/166700039__x1776_y0000.bmp,1776,0,1024,1024,2800,1024,2,144,[]
166700043,166700043__x0000_y0000,test,clean/166700043__x0000_y0000.bmp,0,0,1024,1024,2800,1024,0,,[]
166700043,166700043__x0896_y0000,test,clean/166700043__x0896_y0000.bmp,896,0,1024,1024,2800,1024,1,128,[]
166700043,166700043__x1776_y0000,test,clean/166700043__x1776_y0000.bmp,1776,0,1024,1024,2800,1024,2,144,[]
166700044,166700044__x0000_y0000,test,clean/166700044__x0000_y0000.bmp,0,0,1024,1024,2800,1024,0,,[]
166700044,166700044__x0896_y0000,test,clean/166700044__x0896_y0000.bmp,896,0,1024,1024,2800,1024,1,128,[]
166700044,166700044__x1776_y0000,test,clean/166700044__x1776_y0000.bmp,1776,0,1024,1024,2800,1024,2,144,[]
166700045,166700045__x0000_y0000,test,clean/166700045__x0000_y0000.bmp,0,0,1024,1024,2800,1024,0,,[]
166700045,166700045__x0896_y0000,test,clean/166700045__x0896_y0000.bmp,896,0,1024,1024,2800,1024,1,128,[]
166700045,166700045__x1776_y0000,test,clean/166700045__x1776_y0000.bmp,1776,0,1024,1024,2800,1024,2,144,[]
166700046,166700046__x0000_y0000,test,clean/166700046__x0000_y0000.bmp,0,0,1024,1024,2800,1024,0,,[]
166700046,166700046__x0896_y0000,test,clean/166700046__x0896_y0000.bmp,896,0,1024,1024,2800,1024,1,128,[]
166700046,166700046__x1776_y0000,test,clean/166700046__x1776_y0000.bmp,1776,0,1024,1024,2800,1024,2,144,[]
166700050,166700050__x0000_y0000,test,clean/166700050__x0000_y0000.bmp,0,0,1024,1024,2800,1024,0,,[]
166700050,166700050__x0896_y0000,test,clean/166700050__x0896_y0000.bmp,896,0,1024,1024,2800,1024,1,128,[]
166700050,166700050__x1776_y0000,test,clean/166700050__x1776_y0000.bmp,1776,0,1024,1024,2800,1024,2,144,[]
166700051,166700051__x0000_y0000,test,clean/166700051__x0000_y0000.bmp,0,0,1024,1024,2800,1024,0,,[]
166700051,166700051__x0896_y0000,test,clean/166700051__x0896_y0000.bmp,896,0,1024,1024,2800,1024,1,128,[]
166700051,166700051__x1776_y0000,test,clean/166700051__x1776_y0000.bmp,1776,0,1024,1024,2800,1024,2,144,[]
166700052,166700052__x0000_y0000,test,clean/166700052__x0000_y0000.bmp,0,0,1024,1024,2800,1024,0,,[]
166700052,166700052__x0896_y0000,test,clean/166700052__x0896_y0000.bmp,896,0,1024,1024,2800,1024,1,128,[]
166700052,166700052__x1776_y0000,test,clean/166700052__x1776_y0000.bmp,1776,0,1024,1024,2800,1024,2,144,[]
166700071,166700071__x0000_y0000,test,clean/166700071__x0000_y0000.bmp,0,0,1024,1024,2800,1024,0,,[]
166700071,166700071__x0896_y0000,test,clean/166700071__x0896_y0000.bmp,896,0,1024,1024,2800,1024,1,128,[]
166700071,166700071__x1776_y0000,test,clean/166700071__x1776_y0000.bmp,1776,0,1024,1024,2800,1024,2,144,[]
166700072,166700072__x0000_y0000,test,clean/166700072__x0000_y0000.bmp,0,0,1024,1024,2800,1024,0,,[]
166700072,166700072__x0896_y0000,test,clean/166700072__x0896_y0000.bmp,896,0,1024,1024,2800,1024,1,128,[]
166700072,166700072__x1776_y0000,test,clean/166700072__x1776_y0000.bmp,1776,0,1024,1024,2800,1024,2,144,[]
166700075,166700075__x0000_y0000,test,clean/166700075__x0000_y0000.bmp,0,0,1024,1024,2800,1024,0,,[]
166700075,166700075__x0896_y0000,test,clean/166700075__x0896_y0000.bmp,896,0,1024,1024,2800,1024,1,128,[]
166700075,166700075__x1776_y0000,test,clean/166700075__x1776_y0000.bmp,1776,0,1024,1024,2800,1024,2,144,[]
166800057,166800057__x0000_y0000,test,clean/166800057__x0000_y0000.bmp,0,0,1024,1024,2800,1024,0,,[]
166800057,166800057__x0896_y0000,test,clean/166800057__x0896_y0000.bmp,896,0,1024,1024,2800,1024,1,128,[]
166800057,166800057__x1776_y0000,test,clean/166800057__x1776_y0000.bmp,1776,0,1024,1024,2800,1024,2,144,[]
166900023,166900023__x0000_y0000,test,clean/166900023__x0000_y0000.bmp,0,0,1024,1024,2800,1024,0,,[]
166900023,166900023__x0896_y0000,test,clean/166900023__x0896_y0000.bmp,896,0,1024,1024,2800,1024,1,128,[]
166900023,166900023__x1776_y0000,test,clean/166900023__x1776_y0000.bmp,1776,0,1024,1024,2800,1024,2,144,[]
166900040,166900040__x0000_y0000,test,clean/166900040__x0000_y0000.bmp,0,0,1024,1024,2800,1024,0,,[]
166900040,166900040__x0896_y0000,test,clean/166900040__x0896_y0000.bmp,896,0,1024,1024,2800,1024,1,128,[]
166900040,166900040__x1776_y0000,test,clean/166900040__x1776_y0000.bmp,1776,0,1024,1024,2800,1024,2,144,[]
167000037,167000037__x0000_y0000,test,clean/167000037__x0000_y0000.bmp,0,0,1024,1024,2800,1024,0,,[]
167000037,167000037__x0896_y0000,test,clean/167000037__x0896_y0000.bmp,896,0,1024,1024,2800,1024,1,128,[]
167000037,167000037__x1776_y0000,test,clean/167000037__x1776_y0000.bmp,1776,0,1024,1024,2800,1024,2,144,[]
167000039,167000039__x0000_y0000,test,clean/167000039__x0000_y0000.bmp,0,0,1024,1024,2800,1024,0,,[]
167000039,167000039__x0896_y0000,test,clean/167000039__x0896_y0000.bmp,896,0,1024,1024,2800,1024,1,128,[]
167000039,167000039__x1776_y0000,test,clean/167000039__x1776_y0000.bmp,1776,0,1024,1024,2800,1024,2,144,[]
167000043,167000043__x0000_y0000,test,clean/167000043__x0000_y0000.bmp,0,0,1024,1024,2800,1024,0,,[]
167000043,167000043__x0896_y0000,test,clean/167000043__x0896_y0000.bmp,896,0,1024,1024,2800,1024,1,128,[]
167000043,167000043__x1776_y0000,test,clean/167000043__x1776_y0000.bmp,1776,0,1024,1024,2800,1024,2,144,[]
167000057,167000057__x0000_y0000,test,clean/167000057__x0000_y0000.bmp,0,0,1024,1024,2800,1024,0,,[]
167000057,167000057__x0896_y0000,test,clean/167000057__x0896_y0000.bmp,896,0,1024,1024,2800,1024,1,128,[]
167000057,167000057__x1776_y0000,test,clean/167000057__x1776_y0000.bmp,1776,0,1024,1024,2800,1024,2,144,[]
167000060,167000060__x0000_y0000,test,clean/167000060__x0000_y0000.bmp,0,0,1024,1024,2800,1024,0,,[]
167000060,167000060__x0896_y0000,test,clean/167000060__x0896_y0000.bmp,896,0,1024,1024,2800,1024,1,128,[]
167000060,167000060__x1776_y0000,test,clean/167000060__x1776_y0000.bmp,1776,0,1024,1024,2800,1024,2,144,[]
167000068,167000068__x0000_y0000,test,clean/167000068__x0000_y0000.bmp,0,0,1024,1024,2756,1024,0,,[]
167000068,167000068__x0896_y0000,test,clean/167000068__x0896_y0000.bmp,896,0,1024,1024,2756,1024,1,128,[]
167000068,167000068__x1732_y0000,test,clean/167000068__x1732_y0000.bmp,1732,0,1024,1024,2756,1024,2,188,[]
167100009,167100009__x0000_y0000,test,clean/167100009__x0000_y0000.bmp,0,0,1024,1024,2800,1024,0,,[]
167100009,167100009__x0896_y0000,test,clean/167100009__x0896_y0000.bmp,896,0,1024,1024,2800,1024,1,128,[]
167100009,167100009__x1776_y0000,test,clean/167100009__x1776_y0000.bmp,1776,0,1024,1024,2800,1024,2,144,[]
167100019,167100019__x0000_y0000,test,clean/167100019__x0000_y0000.bmp,0,0,1024,1024,2800,1024,0,,[]
167100019,167100019__x0896_y0000,test,clean/167100019__x0896_y0000.bmp,896,0,1024,1024,2800,1024,1,128,[]
167100019,167100019__x1776_y0000,test,clean/167100019__x1776_y0000.bmp,1776,0,1024,1024,2800,1024,2,144,[]
167100029,167100029__x0000_y0000,test,clean/167100029__x0000_y0000.bmp,0,0,1024,1024,2800,1024,0,,[]
167100029,167100029__x0896_y0000,test,clean/167100029__x0896_y0000.bmp,896,0,1024,1024,2800,1024,1,128,[]
167100029,167100029__x1776_y0000,test,clean/167100029__x1776_y0000.bmp,1776,0,1024,1024,2800,1024,2,144,[]
167100033,167100033__x0000_y0000,test,clean/167100033__x0000_y0000.bmp,0,0,1024,1024,2800,1024,0,,[]
167100033,167100033__x0896_y0000,test,clean/167100033__x0896_y0000.bmp,896,0,1024,1024,2800,1024,1,128,[]
167100033,167100033__x1776_y0000,test,clean/167100033__x1776_y0000.bmp,1776,0,1024,1024,2800,1024,2,144,[]
167100053,167100053__x0000_y0000,test,clean/167100053__x0000_y0000.bmp,0,0,1024,1024,2800,1024,0,,[]
167100053,167100053__x0896_y0000,test,clean/167100053__x0896_y0000.bmp,896,0,1024,1024,2800,1024,1,128,[]
167100053,167100053__x1776_y0000,test,clean/167100053__x1776_y0000.bmp,1776,0,1024,1024,2800,1024,2,144,[]
167100073,167100073__x0000_y0000,test,clean/167100073__x0000_y0000.bmp,0,0,1024,1024,2800,1024,0,,[]
167100073,167100073__x0896_y0000,test,clean/167100073__x0896_y0000.bmp,896,0,1024,1024,2800,1024,1,128,[]
167100073,167100073__x1776_y0000,test,clean/167100073__x1776_y0000.bmp,1776,0,1024,1024,2800,1024,2,144,[]
167100079,167100079__x0000_y0000,test,clean/167100079__x0000_y0000.bmp,0,0,1024,1024,2800,1024,0,,[]
167100079,167100079__x0896_y0000,test,clean/167100079__x0896_y0000.bmp,896,0,1024,1024,2800,1024,1,128,[]
167100079,167100079__x1776_y0000,test,clean/167100079__x1776_y0000.bmp,1776,0,1024,1024,2800,1024,2,144,[]
167200000,167200000__x0000_y0000,test,clean/167200000__x0000_y0000.bmp,0,0,1024,1024,2800,1024,0,,[]
167200000,167200000__x0896_y0000,test,clean/167200000__x0896_y0000.bmp,896,0,1024,1024,2800,1024,1,128,[]
167200000,167200000__x1776_y0000,test,clean/167200000__x1776_y0000.bmp,1776,0,1024,1024,2800,1024,2,144,[]
167200013,167200013__x0000_y0000,test,clean/167200013__x0000_y0000.bmp,0,0,1024,1024,2800,1024,0,,[]
167200013,167200013__x0896_y0000,test,clean/167200013__x0896_y0000.bmp,896,0,1024,1024,2800,1024,1,128,[]
167200013,167200013__x1776_y0000,test,clean/167200013__x1776_y0000.bmp,1776,0,1024,1024,2800,1024,2,144,[]
167200041,167200041__x0000_y0000,test,clean/167200041__x0000_y0000.bmp,0,0,1024,1024,2800,1024,0,,[]
167200041,167200041__x0896_y0000,test,clean/167200041__x0896_y0000.bmp,896,0,1024,1024,2800,1024,1,128,[]
167200041,167200041__x1776_y0000,test,clean/167200041__x1776_y0000.bmp,1776,0,1024,1024,2800,1024,2,144,[]
167200042,167200042__x0000_y0000,test,clean/167200042__x0000_y0000.bmp,0,0,1024,1024,2800,1024,0,,[]
167200042,167200042__x0896_y0000,test,clean/167200042__x0896_y0000.bmp,896,0,1024,1024,2800,1024,1,128,[]
167200042,167200042__x1776_y0000,test,clean/167200042__x1776_y0000.bmp,1776,0,1024,1024,2800,1024,2,144,[]
167200043,167200043__x0000_y0000,test,clean/167200043__x0000_y0000.bmp,0,0,1024,1024,2800,1024,0,,[]
167200043,167200043__x0896_y0000,test,clean/167200043__x0896_y0000.bmp,896,0,1024,1024,2800,1024,1,128,[]
167200043,167200043__x1776_y0000,test,clean/167200043__x1776_y0000.bmp,1776,0,1024,1024,2800,1024,2,144,[]
167200044,167200044__x0000_y0000,test,clean/167200044__x0000_y0000.bmp,0,0,1024,1024,2800,1024,0,,[]
167200044,167200044__x0896_y0000,test,clean/167200044__x0896_y0000.bmp,896,0,1024,1024,2800,1024,1,128,[]
167200044,167200044__x1776_y0000,test,clean/167200044__x1776_y0000.bmp,1776,0,1024,1024,2800,1024,2,144,[]
167200073,167200073__x0000_y0000,test,clean/167200073__x0000_y0000.bmp,0,0,1024,1024,2800,1024,0,,[]
167200073,167200073__x0896_y0000,test,clean/167200073__x0896_y0000.bmp,896,0,1024,1024,2800,1024,1,128,[]
167200073,167200073__x1776_y0000,test,clean/167200073__x1776_y0000.bmp,1776,0,1024,1024,2800,1024,2,144,[]
167200081,167200081__x0000_y0000,test,clean/167200081__x0000_y0000.bmp,0,0,1024,1024,2800,1024,0,,[]
167200081,167200081__x0896_y0000,test,clean/167200081__x0896_y0000.bmp,896,0,1024,1024,2800,1024,1,128,[]
167200081,167200081__x1776_y0000,test,clean/167200081__x1776_y0000.bmp,1776,0,1024,1024,2800,1024,2,144,[]
167300014,167300014__x0000_y0000,test,clean/167300014__x0000_y0000.bmp,0,0,1024,1024,2800,1024,0,,[]
167300014,167300014__x0896_y0000,test,clean/167300014__x0896_y0000.bmp,896,0,1024,1024,2800,1024,1,128,[]
167300014,167300014__x1776_y0000,test,clean/167300014__x1776_y0000.bmp,1776,0,1024,1024,2800,1024,2,144,[]
167300027,167300027__x0000_y0000,test,clean/167300027__x0000_y0000.bmp,0,0,1024,1024,2800,1024,0,,[]
167300027,167300027__x0896_y0000,test,clean/167300027__x0896_y0000.bmp,896,0,1024,1024,2800,1024,1,128,[]
167300027,167300027__x1776_y0000,test,clean/167300027__x1776_y0000.bmp,1776,0,1024,1024,2800,1024,2,144,[]
167300029,167300029__x0000_y0000,test,clean/167300029__x0000_y0000.bmp,0,0,1024,1024,2800,1024,0,,[]
167300029,167300029__x0896_y0000,test,clean/167300029__x0896_y0000.bmp,896,0,1024,1024,2800,1024,1,128,[]
167300029,167300029__x1776_y0000,test,clean/167300029__x1776_y0000.bmp,1776,0,1024,1024,2800,1024,2,144,[]
167300048,167300048__x0000_y0000,test,clean/167300048__x0000_y0000.bmp,0,0,1024,1024,2800,1024,0,,[]
167300048,167300048__x0896_y0000,test,clean/167300048__x0896_y0000.bmp,896,0,1024,1024,2800,1024,1,128,[]
167300048,167300048__x1776_y0000,test,clean/167300048__x1776_y0000.bmp,1776,0,1024,1024,2800,1024,2,144,[]
167300055,167300055__x0000_y0000,test,clean/167300055__x0000_y0000.bmp,0,0,1024,1024,2800,1024,0,,[]
167300055,167300055__x0896_y0000,test,clean/167300055__x0896_y0000.bmp,896,0,1024,1024,2800,1024,1,128,[]
167300055,167300055__x1776_y0000,test,clean/167300055__x1776_y0000.bmp,1776,0,1024,1024,2800,1024,2,144,[]
167300074,167300074__x0000_y0000,test,clean/167300074__x0000_y0000.bmp,0,0,1024,1024,2800,1024,0,,[]
167300074,167300074__x0896_y0000,test,clean/167300074__x0896_y0000.bmp,896,0,1024,1024,2800,1024,1,128,[]
167300074,167300074__x1776_y0000,test,clean/167300074__x1776_y0000.bmp,1776,0,1024,1024,2800,1024,2,144,[]
167300078,167300078__x0000_y0000,test,clean/167300078__x0000_y0000.bmp,0,0,1024,1024,2800,1024,0,,[]
167300078,167300078__x0896_y0000,test,clean/167300078__x0896_y0000.bmp,896,0,1024,1024,2800,1024,1,128,[]
167300078,167300078__x1776_y0000,test,clean/167300078__x1776_y0000.bmp,1776,0,1024,1024,2800,1024,2,144,[]
167600003,167600003__x0000_y0000,test,clean/167600003__x0000_y0000.bmp,0,0,1024,1024,2800,1024,0,,[]
167600003,167600003__x0896_y0000,test,clean/167600003__x0896_y0000.bmp,896,0,1024,1024,2800,1024,1,128,[]
167600003,167600003__x1776_y0000,test,clean/167600003__x1776_y0000.bmp,1776,0,1024,1024,2800,1024,2,144,[]
167600013,167600013__x0000_y0000,test,clean/167600013__x0000_y0000.bmp,0,0,1024,1024,2800,1024,0,,[]
167600013,167600013__x0896_y0000,test,clean/167600013__x0896_y0000.bmp,896,0,1024,1024,2800,1024,1,128,[]
167600013,167600013__x1776_y0000,test,clean/167600013__x1776_y0000.bmp,1776,0,1024,1024,2800,1024,2,144,[]
167600014,167600014__x0000_y0000,test,clean/167600014__x0000_y0000.bmp,0,0,1024,1024,2800,1024,0,,[]
167600014,167600014__x0896_y0000,test,clean/167600014__x0896_y0000.bmp,896,0,1024,1024,2800,1024,1,128,[]
167600014,167600014__x1776_y0000,test,clean/167600014__x1776_y0000.bmp,1776,0,1024,1024,2800,1024,2,144,[]
167600020,167600020__x0000_y0000,test,clean/167600020__x0000_y0000.bmp,0,0,1024,1024,2800,1024,0,,[]
167600020,167600020__x0896_y0000,test,clean/167600020__x0896_y0000.bmp,896,0,1024,1024,2800,1024,1,128,[]
167600020,167600020__x1776_y0000,test,clean/167600020__x1776_y0000.bmp,1776,0,1024,1024,2800,1024,2,144,[]
167600048,167600048__x0000_y0000,test,clean/167600048__x0000_y0000.bmp,0,0,1024,1024,2800,1024,0,,[]
167600048,167600048__x0896_y0000,test,clean/167600048__x0896_y0000.bmp,896,0,1024,1024,2800,1024,1,128,[]
167600048,167600048__x1776_y0000,test,clean/167600048__x1776_y0000.bmp,1776,0,1024,1024,2800,1024,2,144,[]
167600050,167600050__x0000_y0000,test,clean/167600050__x0000_y0000.bmp,0,0,1024,1024,2800,1024,0,,[]
167600050,167600050__x0896_y0000,test,clean/167600050__x0896_y0000.bmp,896,0,1024,1024,2800,1024,1,128,[]
167600050,167600050__x1776_y0000,test,clean/167600050__x1776_y0000.bmp,1776,0,1024,1024,2800,1024,2,144,[]
167600054,167600054__x0000_y0000,test,clean/167600054__x0000_y0000.bmp,0,0,1024,1024,2800,1024,0,,[]
167600054,167600054__x0896_y0000,test,clean/167600054__x0896_y0000.bmp,896,0,1024,1024,2800,1024,1,128,[]
167600054,167600054__x1776_y0000,test,clean/167600054__x1776_y0000.bmp,1776,0,1024,1024,2800,1024,2,144,[]
167600062,167600062__x0000_y0000,test,clean/167600062__x0000_y0000.bmp,0,0,1024,1024,2800,1024,0,,[]
167600062,167600062__x0896_y0000,test,clean/167600062__x0896_y0000.bmp,896,0,1024,1024,2800,1024,1,128,[]
167600062,167600062__x1776_y0000,test,clean/167600062__x1776_y0000.bmp,1776,0,1024,1024,2800,1024,2,144,[]
167600064,167600064__x0000_y0000,test,clean/167600064__x0000_y0000.bmp,0,0,1024,1024,2800,1024,0,,[]
167600064,167600064__x0896_y0000,test,clean/167600064__x0896_y0000.bmp,896,0,1024,1024,2800,1024,1,128,[]
167600064,167600064__x1776_y0000,test,clean/167600064__x1776_y0000.bmp,1776,0,1024,1024,2800,1024,2,144,[]
167600065,167600065__x0000_y0000,test,clean/167600065__x0000_y0000.bmp,0,0,1024,1024,2800,1024,0,,[]
167600065,167600065__x0896_y0000,test,clean/167600065__x0896_y0000.bmp,896,0,1024,1024,2800,1024,1,128,[]
167600065,167600065__x1776_y0000,test,clean/167600065__x1776_y0000.bmp,1776,0,1024,1024,2800,1024,2,144,[]
167600066,167600066__x0000_y0000,test,clean/167600066__x0000_y0000.bmp,0,0,1024,1024,2800,1024,0,,[]
167600066,167600066__x0896_y0000,test,clean/167600066__x0896_y0000.bmp,896,0,1024,1024,2800,1024,1,128,[]
167600066,167600066__x1776_y0000,test,clean/167600066__x1776_y0000.bmp,1776,0,1024,1024,2800,1024,2,144,[]
167600070,167600070__x0000_y0000,test,clean/167600070__x0000_y0000.bmp,0,0,1024,1024,2800,1024,0,,[]
167600070,167600070__x0896_y0000,test,clean/167600070__x0896_y0000.bmp,896,0,1024,1024,2800,1024,1,128,[]
167600070,167600070__x1776_y0000,test,clean/167600070__x1776_y0000.bmp,1776,0,1024,1024,2800,1024,2,144,[]
167700032,167700032__x0000_y0000,test,clean/167700032__x0000_y0000.bmp,0,0,1024,1024,2800,1024,0,,[]
167700032,167700032__x0896_y0000,test,clean/167700032__x0896_y0000.bmp,896,0,1024,1024,2800,1024,1,128,[]
167700032,167700032__x1776_y0000,test,clean/167700032__x1776_y0000.bmp,1776,0,1024,1024,2800,1024,2,144,[]
167700033,167700033__x0000_y0000,test,clean/167700033__x0000_y0000.bmp,0,0,1024,1024,2800,1024,0,,[]
167700033,167700033__x0896_y0000,test,clean/167700033__x0896_y0000.bmp,896,0,1024,1024,2800,1024,1,128,[]
167700033,167700033__x1776_y0000,test,clean/167700033__x1776_y0000.bmp,1776,0,1024,1024,2800,1024,2,144,[]
167700035,167700035__x0000_y0000,test,clean/167700035__x0000_y0000.bmp,0,0,1024,1024,2800,1024,0,,[]
167700035,167700035__x0896_y0000,test,clean/167700035__x0896_y0000.bmp,896,0,1024,1024,2800,1024,1,128,[]
167700035,167700035__x1776_y0000,test,clean/167700035__x1776_y0000.bmp,1776,0,1024,1024,2800,1024,2,144,[]
167700060,167700060__x0000_y0000,test,clean/167700060__x0000_y0000.bmp,0,0,1024,1024,2800,1024,0,,[]
167700060,167700060__x0896_y0000,test,clean/167700060__x0896_y0000.bmp,896,0,1024,1024,2800,1024,1,128,[]
167700060,167700060__x1776_y0000,test,clean/167700060__x1776_y0000.bmp,1776,0,1024,1024,2800,1024,2,144,[]
167700079,167700079__x0000_y0000,test,clean/167700079__x0000_y0000.bmp,0,0,1024,1024,2800,1024,0,,[]
167700079,167700079__x0896_y0000,test,clean/167700079__x0896_y0000.bmp,896,0,1024,1024,2800,1024,1,128,[]
167700079,167700079__x1776_y0000,test,clean/167700079__x1776_y0000.bmp,1776,0,1024,1024,2800,1024,2,144,[]
167800001,167800001__x0000_y0000,test,clean/167800001__x0000_y0000.bmp,0,0,1024,1024,2800,1024,0,,[]
167800001,167800001__x0896_y0000,test,clean/167800001__x0896_y0000.bmp,896,0,1024,1024,2800,1024,1,128,[]
167800001,167800001__x1776_y0000,test,clean/167800001__x1776_y0000.bmp,1776,0,1024,1024,2800,1024,2,144,[]
167900051,167900051__x0000_y0000,test,clean/167900051__x0000_y0000.bmp,0,0,1024,1024,2800,1024,0,,[]
167900051,167900051__x0896_y0000,test,clean/167900051__x0896_y0000.bmp,896,0,1024,1024,2800,1024,1,128,[]
167900051,167900051__x1776_y0000,test,clean/167900051__x1776_y0000.bmp,1776,0,1024,1024,2800,1024,2,144,[]
167900060,167900060__x0000_y0000,test,clean/167900060__x0000_y0000.bmp,0,0,1024,1024,2800,1024,0,,[]
167900060,167900060__x0896_y0000,test,clean/167900060__x0896_y0000.bmp,896,0,1024,1024,2800,1024,1,128,[]
167900060,167900060__x1776_y0000,test,clean/167900060__x1776_y0000.bmp,1776,0,1024,1024,2800,1024,2,144,[]
167900062,167900062__x0000_y0000,test,clean/167900062__x0000_y0000.bmp,0,0,1024,1024,2800,1024,0,,[]
167900062,167900062__x0896_y0000,test,clean/167900062__x0896_y0000.bmp,896,0,1024,1024,2800,1024,1,128,[]
167900062,167900062__x1776_y0000,test,clean/167900062__x1776_y0000.bmp,1776,0,1024,1024,2800,1024,2,144,[]
168000045,168000045__x0000_y0000,test,clean/168000045__x0000_y0000.bmp,0,0,1024,1024,2800,1024,0,,[]
168000045,168000045__x0896_y0000,test,clean/168000045__x0896_y0000.bmp,896,0,1024,1024,2800,1024,1,128,[]
168000045,168000045__x1776_y0000,test,clean/168000045__x1776_y0000.bmp,1776,0,1024,1024,2800,1024,2,144,[]
168000049,168000049__x0000_y0000,test,clean/168000049__x0000_y0000.bmp,0,0,1024,1024,2800,1024,0,,[]
168000049,168000049__x0896_y0000,test,clean/168000049__x0896_y0000.bmp,896,0,1024,1024,2800,1024,1,128,[]
168000049,168000049__x1776_y0000,test,clean/168000049__x1776_y0000.bmp,1776,0,1024,1024,2800,1024,2,144,[]
168000053,168000053__x0000_y0000,test,clean/168000053__x0000_y0000.bmp,0,0,1024,1024,2800,1024,0,,[]
168000053,168000053__x0896_y0000,test,clean/168000053__x0896_y0000.bmp,896,0,1024,1024,2800,1024,1,128,[]
168000053,168000053__x1776_y0000,test,clean/168000053__x1776_y0000.bmp,1776,0,1024,1024,2800,1024,2,144,[]
168000058,168000058__x0000_y0000,test,clean/168000058__x0000_y0000.bmp,0,0,1024,1024,2800,1024,0,,[]
168000058,168000058__x0896_y0000,test,clean/168000058__x0896_y0000.bmp,896,0,1024,1024,2800,1024,1,128,[]
168000058,168000058__x1776_y0000,test,clean/168000058__x1776_y0000.bmp,1776,0,1024,1024,2800,1024,2,144,[]
168100015,168100015__x0000_y0000,test,clean/168100015__x0000_y0000.bmp,0,0,1024,1024,2800,1024,0,,[]
168100015,168100015__x0896_y0000,test,clean/168100015__x0896_y0000.bmp,896,0,1024,1024,2800,1024,1,128,[]
168100015,168100015__x1776_y0000,test,clean/168100015__x1776_y0000.bmp,1776,0,1024,1024,2800,1024,2,144,[]
168100030,168100030__x0000_y0000,test,clean/168100030__x0000_y0000.bmp,0,0,1024,1024,2800,1024,0,,[]
168100030,168100030__x0896_y0000,test,clean/168100030__x0896_y0000.bmp,896,0,1024,1024,2800,1024,1,128,[]
168100030,168100030__x1776_y0000,test,clean/168100030__x1776_y0000.bmp,1776,0,1024,1024,2800,1024,2,144,[]
168200027,168200027__x0000_y0000,test,clean/168200027__x0000_y0000.bmp,0,0,1024,1024,2800,1024,0,,[]
168200027,168200027__x0896_y0000,test,clean/168200027__x0896_y0000.bmp,896,0,1024,1024,2800,1024,1,128,[]
168200027,168200027__x1776_y0000,test,clean/168200027__x1776_y0000.bmp,1776,0,1024,1024,2800,1024,2,144,[]
168200031,168200031__x0000_y0000,test,clean/168200031__x0000_y0000.bmp,0,0,1024,1024,2800,1024,0,,[]
168200031,168200031__x0896_y0000,test,clean/168200031__x0896_y0000.bmp,896,0,1024,1024,2800,1024,1,128,[]
168200031,168200031__x1776_y0000,test,clean/168200031__x1776_y0000.bmp,1776,0,1024,1024,2800,1024,2,144,[]
168200047,168200047__x0000_y0000,test,clean/168200047__x0000_y0000.bmp,0,0,1024,1024,2800,1024,0,,[]
168200047,168200047__x0896_y0000,test,clean/168200047__x0896_y0000.bmp,896,0,1024,1024,2800,1024,1,128,[]
168200047,168200047__x1776_y0000,test,clean/168200047__x1776_y0000.bmp,1776,0,1024,1024,2800,1024,2,144,[]
168200066,168200066__x0000_y0000,test,clean/168200066__x0000_y0000.bmp,0,0,1024,1024,2800,1024,0,,[]
168200066,168200066__x0896_y0000,test,clean/168200066__x0896_y0000.bmp,896,0,1024,1024,2800,1024,1,128,[]
168200066,168200066__x1776_y0000,test,clean/168200066__x1776_y0000.bmp,1776,0,1024,1024,2800,1024,2,144,[]
168200068,168200068__x0000_y0000,test,clean/168200068__x0000_y0000.bmp,0,0,1024,1024,2800,1024,0,,[]
168200068,168200068__x0896_y0000,test,clean/168200068__x0896_y0000.bmp,896,0,1024,1024,2800,1024,1,128,[]
168200068,168200068__x1776_y0000,test,clean/168200068__x1776_y0000.bmp,1776,0,1024,1024,2800,1024,2,144,[]
168200071,168200071__x0000_y0000,test,clean/168200071__x0000_y0000.bmp,0,0,1024,1024,2800,1024,0,,[]
168200071,168200071__x0896_y0000,test,clean/168200071__x0896_y0000.bmp,896,0,1024,1024,2800,1024,1,128,[]
168200071,168200071__x1776_y0000,test,clean/168200071__x1776_y0000.bmp,1776,0,1024,1024,2800,1024,2,144,[]
168200072,168200072__x0000_y0000,test,clean/168200072__x0000_y0000.bmp,0,0,1024,1024,2800,1024,0,,[]
168200072,168200072__x0896_y0000,test,clean/168200072__x0896_y0000.bmp,896,0,1024,1024,2800,1024,1,128,[]
168200072,168200072__x1776_y0000,test,clean/168200072__x1776_y0000.bmp,1776,0,1024,1024,2800,1024,2,144,[]
168200078,168200078__x0000_y0000,test,clean/168200078__x0000_y0000.bmp,0,0,1024,1024,2800,1024,0,,[]
168200078,168200078__x0896_y0000,test,clean/168200078__x0896_y0000.bmp,896,0,1024,1024,2800,1024,1,128,[]
168200078,168200078__x1776_y0000,test,clean/168200078__x1776_y0000.bmp,1776,0,1024,1024,2800,1024,2,144,[]
168200079,168200079__x0000_y0000,test,clean/168200079__x0000_y0000.bmp,0,0,1024,1024,2800,1024,0,,[]
168200079,168200079__x0896_y0000,test,clean/168200079__x0896_y0000.bmp,896,0,1024,1024,2800,1024,1,128,[]
168200079,168200079__x1776_y0000,test,clean/168200079__x1776_y0000.bmp,1776,0,1024,1024,2800,1024,2,144,[]
168200082,168200082__x0000_y0000,test,clean/168200082__x0000_y0000.bmp,0,0,1024,1024,2800,1024,0,,[]
168200082,168200082__x0896_y0000,test,clean/168200082__x0896_y0000.bmp,896,0,1024,1024,2800,1024,1,128,[]
168200082,168200082__x1776_y0000,test,clean/168200082__x1776_y0000.bmp,1776,0,1024,1024,2800,1024,2,144,[]
168300023,168300023__x0000_y0000,test,clean/168300023__x0000_y0000.bmp,0,0,1024,1024,2800,1024,0,,[]
168300023,168300023__x0896_y0000,test,clean/168300023__x0896_y0000.bmp,896,0,1024,1024,2800,1024,1,128,[]
168300023,168300023__x1776_y0000,test,clean/168300023__x1776_y0000.bmp,1776,0,1024,1024,2800,1024,2,144,[]
168300026,168300026__x0000_y0000,test,clean/168300026__x0000_y0000.bmp,0,0,1024,1024,2800,1024,0,,[]
168300026,168300026__x0896_y0000,test,clean/168300026__x0896_y0000.bmp,896,0,1024,1024,2800,1024,1,128,[]
168300026,168300026__x1776_y0000,test,clean/168300026__x1776_y0000.bmp,1776,0,1024,1024,2800,1024,2,144,[]
168300029,168300029__x0000_y0000,test,clean/168300029__x0000_y0000.bmp,0,0,1024,1024,2800,1024,0,,[]
168300029,168300029__x0896_y0000,test,clean/168300029__x0896_y0000.bmp,896,0,1024,1024,2800,1024,1,128,[]
168300029,168300029__x1776_y0000,test,clean/168300029__x1776_y0000.bmp,1776,0,1024,1024,2800,1024,2,144,[]
168300039,168300039__x0000_y0000,test,clean/168300039__x0000_y0000.bmp,0,0,1024,1024,2800,1024,0,,[]
168300039,168300039__x0896_y0000,test,clean/168300039__x0896_y0000.bmp,896,0,1024,1024,2800,1024,1,128,[]
168300039,168300039__x1776_y0000,test,clean/168300039__x1776_y0000.bmp,1776,0,1024,1024,2800,1024,2,144,[]
168300063,168300063__x0000_y0000,test,clean/168300063__x0000_y0000.bmp,0,0,1024,1024,2800,1024,0,,[]
168300063,168300063__x0896_y0000,test,clean/168300063__x0896_y0000.bmp,896,0,1024,1024,2800,1024,1,128,[]
168300063,168300063__x1776_y0000,test,clean/168300063__x1776_y0000.bmp,1776,0,1024,1024,2800,1024,2,144,[]
168400018,168400018__x0000_y0000,test,clean/168400018__x0000_y0000.bmp,0,0,1024,1024,2800,1024,0,,[]
168400018,168400018__x0896_y0000,test,clean/168400018__x0896_y0000.bmp,896,0,1024,1024,2800,1024,1,128,[]
168400018,168400018__x1776_y0000,test,clean/168400018__x1776_y0000.bmp,1776,0,1024,1024,2800,1024,2,144,[]
168400027,168400027__x0000_y0000,test,clean/168400027__x0000_y0000.bmp,0,0,1024,1024,2800,1024,0,,[]
168400027,168400027__x0896_y0000,test,clean/168400027__x0896_y0000.bmp,896,0,1024,1024,2800,1024,1,128,[]
168400027,168400027__x1776_y0000,test,clean/168400027__x1776_y0000.bmp,1776,0,1024,1024,2800,1024,2,144,[]
168400029,168400029__x0000_y0000,test,clean/168400029__x0000_y0000.bmp,0,0,1024,1024,2800,1024,0,,[]
168400029,168400029__x0896_y0000,test,clean/168400029__x0896_y0000.bmp,896,0,1024,1024,2800,1024,1,128,[]
168400029,168400029__x1776_y0000,test,clean/168400029__x1776_y0000.bmp,1776,0,1024,1024,2800,1024,2,144,[]
168900082,168900082__x0000_y0000,test,clean/168900082__x0000_y0000.bmp,0,0,1024,1024,2800,1024,0,,[]
168900082,168900082__x0896_y0000,test,clean/168900082__x0896_y0000.bmp,896,0,1024,1024,2800,1024,1,128,[]
168900082,168900082__x1776_y0000,test,clean/168900082__x1776_y0000.bmp,1776,0,1024,1024,2800,1024,2,144,[]
169300001,169300001__x0000_y0000,test,clean/169300001__x0000_y0000.bmp,0,0,1024,1024,2800,1024,0,,[]
169300001,169300001__x0896_y0000,test,clean/169300001__x0896_y0000.bmp,896,0,1024,1024,2800,1024,1,128,[]
169300001,169300001__x1776_y0000,test,clean/169300001__x1776_y0000.bmp,1776,0,1024,1024,2800,1024,2,144,[]
169300006,169300006__x0000_y0000,test,clean/169300006__x0000_y0000.bmp,0,0,1024,1024,2800,1024,0,,[]
169300006,169300006__x0896_y0000,test,clean/169300006__x0896_y0000.bmp,896,0,1024,1024,2800,1024,1,128,[]
169300006,169300006__x1776_y0000,test,clean/169300006__x1776_y0000.bmp,1776,0,1024,1024,2800,1024,2,144,[]
169300021,169300021__x0000_y0000,test,clean/169300021__x0000_y0000.bmp,0,0,1024,1024,2800,1024,0,,[]
169300021,169300021__x0896_y0000,test,clean/169300021__x0896_y0000.bmp,896,0,1024,1024,2800,1024,1,128,[]
169300021,169300021__x1776_y0000,test,clean/169300021__x1776_y0000.bmp,1776,0,1024,1024,2800,1024,2,144,[]
169300054,169300054__x0000_y0000,test,clean/169300054__x0000_y0000.bmp,0,0,1024,1024,2800,1024,0,,[]
169300054,169300054__x0896_y0000,test,clean/169300054__x0896_y0000.bmp,896,0,1024,1024,2800,1024,1,128,[]
169300054,169300054__x1776_y0000,test,clean/169300054__x1776_y0000.bmp,1776,0,1024,1024,2800,1024,2,144,[]
169400077,169400077__x0000_y0000,test,clean/169400077__x0000_y0000.bmp,0,0,1024,1024,2800,1024,0,,[]
169400077,169400077__x0896_y0000,test,clean/169400077__x0896_y0000.bmp,896,0,1024,1024,2800,1024,1,128,[]
169400077,169400077__x1776_y0000,test,clean/169400077__x1776_y0000.bmp,1776,0,1024,1024,2800,1024,2,144,[]
169600065,169600065__x0000_y0000,test,clean/169600065__x0000_y0000.bmp,0,0,1024,1024,2800,1024,0,,[]
169600065,169600065__x0896_y0000,test,clean/169600065__x0896_y0000.bmp,896,0,1024,1024,2800,1024,1,128,[]
169600065,169600065__x1776_y0000,test,clean/169600065__x1776_y0000.bmp,1776,0,1024,1024,2800,1024,2,144,[]
169600067,169600067__x0000_y0000,test,clean/169600067__x0000_y0000.bmp,0,0,1024,1024,2800,1024,0,,[]
169600067,169600067__x0896_y0000,test,clean/169600067__x0896_y0000.bmp,896,0,1024,1024,2800,1024,1,128,[]
169600067,169600067__x1776_y0000,test,clean/169600067__x1776_y0000.bmp,1776,0,1024,1024,2800,1024,2,144,[]
169800003,169800003__x0000_y0000,test,clean/169800003__x0000_y0000.bmp,0,0,1024,1024,2800,1024,0,,[]
169800003,169800003__x0896_y0000,test,clean/169800003__x0896_y0000.bmp,896,0,1024,1024,2800,1024,1,128,[]
169800003,169800003__x1776_y0000,test,clean/169800003__x1776_y0000.bmp,1776,0,1024,1024,2800,1024,2,144,[]
169800006,169800006__x0000_y0000,test,clean/169800006__x0000_y0000.bmp,0,0,1024,1024,2800,1024,0,,[]
169800006,169800006__x0896_y0000,test,clean/169800006__x0896_y0000.bmp,896,0,1024,1024,2800,1024,1,128,[]
169800006,169800006__x1776_y0000,test,clean/169800006__x1776_y0000.bmp,1776,0,1024,1024,2800,1024,2,144,[]
169800007,169800007__x0000_y0000,test,clean/169800007__x0000_y0000.bmp,0,0,1024,1024,2800,1024,0,,[]
169800007,169800007__x0896_y0000,test,clean/169800007__x0896_y0000.bmp,896,0,1024,1024,2800,1024,1,128,[]
169800007,169800007__x1776_y0000,test,clean/169800007__x1776_y0000.bmp,1776,0,1024,1024,2800,1024,2,144,[]
169800008,169800008__x0000_y0000,test,clean/169800008__x0000_y0000.bmp,0,0,1024,1024,2800,1024,0,,[]
169800008,169800008__x0896_y0000,test,clean/169800008__x0896_y0000.bmp,896,0,1024,1024,2800,1024,1,128,[]
169800008,169800008__x1776_y0000,test,clean/169800008__x1776_y0000.bmp,1776,0,1024,1024,2800,1024,2,144,[]
169800011,169800011__x0000_y0000,test,clean/169800011__x0000_y0000.bmp,0,0,1024,1024,2800,1024,0,,[]
169800011,169800011__x0896_y0000,test,clean/169800011__x0896_y0000.bmp,896,0,1024,1024,2800,1024,1,128,[]
169800011,169800011__x1776_y0000,test,clean/169800011__x1776_y0000.bmp,1776,0,1024,1024,2800,1024,2,144,[]
169800013,169800013__x0000_y0000,test,clean/169800013__x0000_y0000.bmp,0,0,1024,1024,2800,1024,0,,[]
169800013,169800013__x0896_y0000,test,clean/169800013__x0896_y0000.bmp,896,0,1024,1024,2800,1024,1,128,[]
169800013,169800013__x1776_y0000,test,clean/169800013__x1776_y0000.bmp,1776,0,1024,1024,2800,1024,2,144,[]
169800019,169800019__x0000_y0000,test,clean/169800019__x0000_y0000.bmp,0,0,1024,1024,2800,1024,0,,[]
169800019,169800019__x0896_y0000,test,clean/169800019__x0896_y0000.bmp,896,0,1024,1024,2800,1024,1,128,[]
169800019,169800019__x1776_y0000,test,clean/169800019__x1776_y0000.bmp,1776,0,1024,1024,2800,1024,2,144,[]
169800021,169800021__x0000_y0000,test,clean/169800021__x0000_y0000.bmp,0,0,1024,1024,2800,1024,0,,[]
169800021,169800021__x0896_y0000,test,clean/169800021__x0896_y0000.bmp,896,0,1024,1024,2800,1024,1,128,[]
169800021,169800021__x1776_y0000,test,clean/169800021__x1776_y0000.bmp,1776,0,1024,1024,2800,1024,2,144,[]
169800024,169800024__x0000_y0000,test,clean/169800024__x0000_y0000.bmp,0,0,1024,1024,2800,1024,0,,[]
169800024,169800024__x0896_y0000,test,clean/169800024__x0896_y0000.bmp,896,0,1024,1024,2800,1024,1,128,[]
169800024,169800024__x1776_y0000,test,clean/169800024__x1776_y0000.bmp,1776,0,1024,1024,2800,1024,2,144,[]
169800025,169800025__x0000_y0000,test,clean/169800025__x0000_y0000.bmp,0,0,1024,1024,2800,1024,0,,[]
169800025,169800025__x0896_y0000,test,clean/169800025__x0896_y0000.bmp,896,0,1024,1024,2800,1024,1,128,[]
169800025,169800025__x1776_y0000,test,clean/169800025__x1776_y0000.bmp,1776,0,1024,1024,2800,1024,2,144,[]
169800026,169800026__x0000_y0000,test,clean/169800026__x0000_y0000.bmp,0,0,1024,1024,2800,1024,0,,[]
169800026,169800026__x0896_y0000,test,clean/169800026__x0896_y0000.bmp,896,0,1024,1024,2800,1024,1,128,[]
169800026,169800026__x1776_y0000,test,clean/169800026__x1776_y0000.bmp,1776,0,1024,1024,2800,1024,2,144,[]
169800036,169800036__x0000_y0000,test,clean/169800036__x0000_y0000.bmp,0,0,1024,1024,2800,1024,0,,[]
169800036,169800036__x0896_y0000,test,clean/169800036__x0896_y0000.bmp,896,0,1024,1024,2800,1024,1,128,[]
169800036,169800036__x1776_y0000,test,clean/169800036__x1776_y0000.bmp,1776,0,1024,1024,2800,1024,2,144,[]
169800046,169800046__x0000_y0000,test,clean/169800046__x0000_y0000.bmp,0,0,1024,1024,2800,1024,0,,[]
169800046,169800046__x0896_y0000,test,clean/169800046__x0896_y0000.bmp,896,0,1024,1024,2800,1024,1,128,[]
169800046,169800046__x1776_y0000,test,clean/169800046__x1776_y0000.bmp,1776,0,1024,1024,2800,1024,2,144,[]
169800050,169800050__x0000_y0000,test,clean/169800050__x0000_y0000.bmp,0,0,1024,1024,2800,1024,0,,[]
169800050,169800050__x0896_y0000,test,clean/169800050__x0896_y0000.bmp,896,0,1024,1024,2800,1024,1,128,[]
169800050,169800050__x1776_y0000,test,clean/169800050__x1776_y0000.bmp,1776,0,1024,1024,2800,1024,2,144,[]
169800063,169800063__x0000_y0000,test,clean/169800063__x0000_y0000.bmp,0,0,1024,1024,2800,1024,0,,[]
169800063,169800063__x0896_y0000,test,clean/169800063__x0896_y0000.bmp,896,0,1024,1024,2800,1024,1,128,[]
169800063,169800063__x1776_y0000,test,clean/169800063__x1776_y0000.bmp,1776,0,1024,1024,2800,1024,2,144,[]
170400020,170400020__x0000_y0000,test,clean/170400020__x0000_y0000.bmp,0,0,1024,1024,2800,1024,0,,[]
170400020,170400020__x0896_y0000,test,clean/170400020__x0896_y0000.bmp,896,0,1024,1024,2800,1024,1,128,[]
170400020,170400020__x1776_y0000,test,clean/170400020__x1776_y0000.bmp,1776,0,1024,1024,2800,1024,2,144,[]
170400039,170400039__x0000_y0000,test,clean/170400039__x0000_y0000.bmp,0,0,1024,1024,2800,1024,0,,[]
170400039,170400039__x0896_y0000,test,clean/170400039__x0896_y0000.bmp,896,0,1024,1024,2800,1024,1,128,[]
170400039,170400039__x1776_y0000,test,clean/170400039__x1776_y0000.bmp,1776,0,1024,1024,2800,1024,2,144,[]
170400046,170400046__x0000_y0000,test,clean/170400046__x0000_y0000.bmp,0,0,1024,1024,2800,1024,0,,[]
170400046,170400046__x0896_y0000,test,clean/170400046__x0896_y0000.bmp,896,0,1024,1024,2800,1024,1,128,[]
170400046,170400046__x1776_y0000,test,clean/170400046__x1776_y0000.bmp,1776,0,1024,1024,2800,1024,2,144,[]
170400050,170400050__x0000_y0000,test,clean/170400050__x0000_y0000.bmp,0,0,1024,1024,2767,1024,0,,[]
170400050,170400050__x0896_y0000,test,clean/170400050__x0896_y0000.bmp,896,0,1024,1024,2767,1024,1,128,[]
170400050,170400050__x1743_y0000,test,clean/170400050__x1743_y0000.bmp,1743,0,1024,1024,2767,1024,2,177,[]
170400074,170400074__x0000_y0000,test,clean/170400074__x0000_y0000.bmp,0,0,1024,1024,2800,1024,0,,[]
170400074,170400074__x0896_y0000,test,clean/170400074__x0896_y0000.bmp,896,0,1024,1024,2800,1024,1,128,[]
170400074,170400074__x1776_y0000,test,clean/170400074__x1776_y0000.bmp,1776,0,1024,1024,2800,1024,2,144,[]
170700030,170700030__x0000_y0000,test,clean/170700030__x0000_y0000.bmp,0,0,1024,1024,2800,1024,0,,[]
170700030,170700030__x0896_y0000,test,clean/170700030__x0896_y0000.bmp,896,0,1024,1024,2800,1024,1,128,[]
170700030,170700030__x1776_y0000,test,clean/170700030__x1776_y0000.bmp,1776,0,1024,1024,2800,1024,2,144,[]
170800000,170800000__x0000_y0000,test,clean/170800000__x0000_y0000.bmp,0,0,1024,1024,2800,1024,0,,[]
170800000,170800000__x0896_y0000,test,clean/170800000__x0896_y0000.bmp,896,0,1024,1024,2800,1024,1,128,[]
170800000,170800000__x1776_y0000,test,clean/170800000__x1776_y0000.bmp,1776,0,1024,1024,2800,1024,2,144,[]
170800004,170800004__x0000_y0000,test,clean/170800004__x0000_y0000.bmp,0,0,1024,1024,2800,1024,0,,[]
170800004,170800004__x0896_y0000,test,clean/170800004__x0896_y0000.bmp,896,0,1024,1024,2800,1024,1,128,[]
170800004,170800004__x1776_y0000,test,clean/170800004__x1776_y0000.bmp,1776,0,1024,1024,2800,1024,2,144,[]
170800006,170800006__x0000_y0000,test,clean/170800006__x0000_y0000.bmp,0,0,1024,1024,2800,1024,0,,[]
170800006,170800006__x0896_y0000,test,clean/170800006__x0896_y0000.bmp,896,0,1024,1024,2800,1024,1,128,[]
170800006,170800006__x1776_y0000,test,clean/170800006__x1776_y0000.bmp,1776,0,1024,1024,2800,1024,2,144,[]
170800040,170800040__x0000_y0000,test,clean/170800040__x0000_y0000.bmp,0,0,1024,1024,2800,1024,0,,[]
170800040,170800040__x0896_y0000,test,clean/170800040__x0896_y0000.bmp,896,0,1024,1024,2800,1024,1,128,[]
170800040,170800040__x1776_y0000,test,clean/170800040__x1776_y0000.bmp,1776,0,1024,1024,2800,1024,2,144,[]
170800074,170800074__x0000_y0000,test,clean/170800074__x0000_y0000.bmp,0,0,1024,1024,2800,1024,0,,[]
170800074,170800074__x0896_y0000,test,clean/170800074__x0896_y0000.bmp,896,0,1024,1024,2800,1024,1,128,[]
170800074,170800074__x1776_y0000,test,clean/170800074__x1776_y0000.bmp,1776,0,1024,1024,2800,1024,2,144,[]
170800081,170800081__x0000_y0000,test,clean/170800081__x0000_y0000.bmp,0,0,1024,1024,2800,1024,0,,[]
170800081,170800081__x0896_y0000,test,clean/170800081__x0896_y0000.bmp,896,0,1024,1024,2800,1024,1,128,[]
170800081,170800081__x1776_y0000,test,clean/170800081__x1776_y0000.bmp,1776,0,1024,1024,2800,1024,2,144,[]
170900000,170900000__x0000_y0000,test,clean/170900000__x0000_y0000.bmp,0,0,1024,1024,2800,1024,0,,[]
170900000,170900000__x0896_y0000,test,clean/170900000__x0896_y0000.bmp,896,0,1024,1024,2800,1024,1,128,[]
170900000,170900000__x1776_y0000,test,clean/170900000__x1776_y0000.bmp,1776,0,1024,1024,2800,1024,2,144,[]
170900002,170900002__x0000_y0000,test,clean/170900002__x0000_y0000.bmp,0,0,1024,1024,2800,1024,0,,[]
170900002,170900002__x0896_y0000,test,clean/170900002__x0896_y0000.bmp,896,0,1024,1024,2800,1024,1,128,[]
170900002,170900002__x1776_y0000,test,clean/170900002__x1776_y0000.bmp,1776,0,1024,1024,2800,1024,2,144,[]
170900005,170900005__x0000_y0000,test,clean/170900005__x0000_y0000.bmp,0,0,1024,1024,2800,1024,0,,[]
170900005,170900005__x0896_y0000,test,clean/170900005__x0896_y0000.bmp,896,0,1024,1024,2800,1024,1,128,[]
170900005,170900005__x1776_y0000,test,clean/170900005__x1776_y0000.bmp,1776,0,1024,1024,2800,1024,2,144,[]
170900014,170900014__x0000_y0000,test,clean/170900014__x0000_y0000.bmp,0,0,1024,1024,2800,1024,0,,[]
170900014,170900014__x0896_y0000,test,clean/170900014__x0896_y0000.bmp,896,0,1024,1024,2800,1024,1,128,[]
170900014,170900014__x1776_y0000,test,clean/170900014__x1776_y0000.bmp,1776,0,1024,1024,2800,1024,2,144,[]
170900036,170900036__x0000_y0000,test,clean/170900036__x0000_y0000.bmp,0,0,1024,1024,2800,1024,0,,[]
170900036,170900036__x0896_y0000,test,clean/170900036__x0896_y0000.bmp,896,0,1024,1024,2800,1024,1,128,[]
170900036,170900036__x1776_y0000,test,clean/170900036__x1776_y0000.bmp,1776,0,1024,1024,2800,1024,2,144,[]
170900038,170900038__x0000_y0000,test,clean/170900038__x0000_y0000.bmp,0,0,1024,1024,2800,1024,0,,[]
170900038,170900038__x0896_y0000,test,clean/170900038__x0896_y0000.bmp,896,0,1024,1024,2800,1024,1,128,[]
170900038,170900038__x1776_y0000,test,clean/170900038__x1776_y0000.bmp,1776,0,1024,1024,2800,1024,2,144,[]
170900045,170900045__x0000_y0000,test,clean/170900045__x0000_y0000.bmp,0,0,1024,1024,2800,1024,0,,[]
170900045,170900045__x0896_y0000,test,clean/170900045__x0896_y0000.bmp,896,0,1024,1024,2800,1024,1,128,[]
170900045,170900045__x1776_y0000,test,clean/170900045__x1776_y0000.bmp,1776,0,1024,1024,2800,1024,2,144,[]
170900048,170900048__x0000_y0000,test,clean/170900048__x0000_y0000.bmp,0,0,1024,1024,2800,1024,0,,[]
170900048,170900048__x0896_y0000,test,clean/170900048__x0896_y0000.bmp,896,0,1024,1024,2800,1024,1,128,[]
170900048,170900048__x1776_y0000,test,clean/170900048__x1776_y0000.bmp,1776,0,1024,1024,2800,1024,2,144,[]
170900050,170900050__x0000_y0000,test,clean/170900050__x0000_y0000.bmp,0,0,1024,1024,2800,1024,0,,[]
170900050,170900050__x0896_y0000,test,clean/170900050__x0896_y0000.bmp,896,0,1024,1024,2800,1024,1,128,[]
170900050,170900050__x1776_y0000,test,clean/170900050__x1776_y0000.bmp,1776,0,1024,1024,2800,1024,2,144,[]
170900060,170900060__x0000_y0000,test,clean/170900060__x0000_y0000.bmp,0,0,1024,1024,2800,1024,0,,[]
170900060,170900060__x0896_y0000,test,clean/170900060__x0896_y0000.bmp,896,0,1024,1024,2800,1024,1,128,[]
170900060,170900060__x1776_y0000,test,clean/170900060__x1776_y0000.bmp,1776,0,1024,1024,2800,1024,2,144,[]
171000004,171000004__x0000_y0000,test,clean/171000004__x0000_y0000.bmp,0,0,1024,1024,2800,1024,0,,[]
171000004,171000004__x0896_y0000,test,clean/171000004__x0896_y0000.bmp,896,0,1024,1024,2800,1024,1,128,[]
171000004,171000004__x1776_y0000,test,clean/171000004__x1776_y0000.bmp,1776,0,1024,1024,2800,1024,2,144,[]
171000015,171000015__x0000_y0000,test,clean/171000015__x0000_y0000.bmp,0,0,1024,1024,2800,1024,0,,[]
171000015,171000015__x0896_y0000,test,clean/171000015__x0896_y0000.bmp,896,0,1024,1024,2800,1024,1,128,[]
171000015,171000015__x1776_y0000,test,clean/171000015__x1776_y0000.bmp,1776,0,1024,1024,2800,1024,2,144,[]
171000016,171000016__x0000_y0000,test,clean/171000016__x0000_y0000.bmp,0,0,1024,1024,2800,1024,0,,[]
171000016,171000016__x0896_y0000,test,clean/171000016__x0896_y0000.bmp,896,0,1024,1024,2800,1024,1,128,[]
171000016,171000016__x1776_y0000,test,clean/171000016__x1776_y0000.bmp,1776,0,1024,1024,2800,1024,2,144,[]
171000018,171000018__x0000_y0000,test,clean/171000018__x0000_y0000.bmp,0,0,1024,1024,2800,1024,0,,[]
171000018,171000018__x0896_y0000,test,clean/171000018__x0896_y0000.bmp,896,0,1024,1024,2800,1024,1,128,[]
171000018,171000018__x1776_y0000,test,clean/171000018__x1776_y0000.bmp,1776,0,1024,1024,2800,1024,2,144,[]
171000023,171000023__x0000_y0000,test,clean/171000023__x0000_y0000.bmp,0,0,1024,1024,2800,1024,0,,[]
171000023,171000023__x0896_y0000,test,clean/171000023__x0896_y0000.bmp,896,0,1024,1024,2800,1024,1,128,[]
171000023,171000023__x1776_y0000,test,clean/171000023__x1776_y0000.bmp,1776,0,1024,1024,2800,1024,2,144,[]
171000056,171000056__x0000_y0000,test,clean/171000056__x0000_y0000.bmp,0,0,1024,1024,2800,1024,0,,[]
171000056,171000056__x0896_y0000,test,clean/171000056__x0896_y0000.bmp,896,0,1024,1024,2800,1024,1,128,[]
171000056,171000056__x1776_y0000,test,clean/171000056__x1776_y0000.bmp,1776,0,1024,1024,2800,1024,2,144,[]
171000067,171000067__x0000_y0000,test,clean/171000067__x0000_y0000.bmp,0,0,1024,1024,2800,1024,0,,[]
171000067,171000067__x0896_y0000,test,clean/171000067__x0896_y0000.bmp,896,0,1024,1024,2800,1024,1,128,[]
171000067,171000067__x1776_y0000,test,clean/171000067__x1776_y0000.bmp,1776,0,1024,1024,2800,1024,2,144,[]
171000071,171000071__x0000_y0000,test,clean/171000071__x0000_y0000.bmp,0,0,1024,1024,2800,1024,0,,[]
171000071,171000071__x0896_y0000,test,clean/171000071__x0896_y0000.bmp,896,0,1024,1024,2800,1024,1,128,[]
171000071,171000071__x1776_y0000,test,clean/171000071__x1776_y0000.bmp,1776,0,1024,1024,2800,1024,2,144,[]
171000084,171000084__x0000_y0000,test,clean/171000084__x0000_y0000.bmp,0,0,1024,1024,2800,1024,0,,[]
171000084,171000084__x0896_y0000,test,clean/171000084__x0896_y0000.bmp,896,0,1024,1024,2800,1024,1,128,[]
171000084,171000084__x1776_y0000,test,clean/171000084__x1776_y0000.bmp,1776,0,1024,1024,2800,1024,2,144,[]
171100019,171100019__x0000_y0000,test,clean/171100019__x0000_y0000.bmp,0,0,1024,1024,2800,1024,0,,[]
171100019,171100019__x0896_y0000,test,clean/171100019__x0896_y0000.bmp,896,0,1024,1024,2800,1024,1,128,[]
171100019,171100019__x1776_y0000,test,clean/171100019__x1776_y0000.bmp,1776,0,1024,1024,2800,1024,2,144,[]
171100042,171100042__x0000_y0000,test,clean/171100042__x0000_y0000.bmp,0,0,1024,1024,2800,1024,0,,[]
171100042,171100042__x0896_y0000,test,clean/171100042__x0896_y0000.bmp,896,0,1024,1024,2800,1024,1,128,[]
171100042,171100042__x1776_y0000,test,clean/171100042__x1776_y0000.bmp,1776,0,1024,1024,2800,1024,2,144,[]
171100045,171100045__x0000_y0000,test,clean/171100045__x0000_y0000.bmp,0,0,1024,1024,2800,1024,0,,[]
171100045,171100045__x0896_y0000,test,clean/171100045__x0896_y0000.bmp,896,0,1024,1024,2800,1024,1,128,[]
171100045,171100045__x1776_y0000,test,clean/171100045__x1776_y0000.bmp,1776,0,1024,1024,2800,1024,2,144,[]
171100047,171100047__x0000_y0000,test,clean/171100047__x0000_y0000.bmp,0,0,1024,1024,2800,1024,0,,[]
171100047,171100047__x0896_y0000,test,clean/171100047__x0896_y0000.bmp,896,0,1024,1024,2800,1024,1,128,[]
171100047,171100047__x1776_y0000,test,clean/171100047__x1776_y0000.bmp,1776,0,1024,1024,2800,1024,2,144,[]
171100048,171100048__x0000_y0000,test,clean/171100048__x0000_y0000.bmp,0,0,1024,1024,2800,1024,0,,[]
171100048,171100048__x0896_y0000,test,clean/171100048__x0896_y0000.bmp,896,0,1024,1024,2800,1024,1,128,[]
171100048,171100048__x1776_y0000,test,clean/171100048__x1776_y0000.bmp,1776,0,1024,1024,2800,1024,2,144,[]
171100056,171100056__x0000_y0000,test,clean/171100056__x0000_y0000.bmp,0,0,1024,1024,2800,1024,0,,[]
171100056,171100056__x0896_y0000,test,clean/171100056__x0896_y0000.bmp,896,0,1024,1024,2800,1024,1,128,[]
171100056,171100056__x1776_y0000,test,clean/171100056__x1776_y0000.bmp,1776,0,1024,1024,2800,1024,2,144,[]
171100059,171100059__x0000_y0000,test,clean/171100059__x0000_y0000.bmp,0,0,1024,1024,2800,1024,0,,[]
171100059,171100059__x0896_y0000,test,clean/171100059__x0896_y0000.bmp,896,0,1024,1024,2800,1024,1,128,[]
171100059,171100059__x1776_y0000,test,clean/171100059__x1776_y0000.bmp,1776,0,1024,1024,2800,1024,2,144,[]
171100084,171100084__x0000_y0000,test,clean/171100084__x0000_y0000.bmp,0,0,1024,1024,2800,1024,0,,[]
171100084,171100084__x0896_y0000,test,clean/171100084__x0896_y0000.bmp,896,0,1024,1024,2800,1024,1,128,[]
171100084,171100084__x1776_y0000,test,clean/171100084__x1776_y0000.bmp,1776,0,1024,1024,2800,1024,2,144,[]
171200000,171200000__x0000_y0000,test,clean/171200000__x0000_y0000.bmp,0,0,1024,1024,2800,1024,0,,[]
171200000,171200000__x0896_y0000,test,clean/171200000__x0896_y0000.bmp,896,0,1024,1024,2800,1024,1,128,[]
171200000,171200000__x1776_y0000,test,clean/171200000__x1776_y0000.bmp,1776,0,1024,1024,2800,1024,2,144,[]
171200001,171200001__x0000_y0000,test,clean/171200001__x0000_y0000.bmp,0,0,1024,1024,2800,1024,0,,[]
171200001,171200001__x0896_y0000,test,clean/171200001__x0896_y0000.bmp,896,0,1024,1024,2800,1024,1,128,[]
171200001,171200001__x1776_y0000,test,clean/171200001__x1776_y0000.bmp,1776,0,1024,1024,2800,1024,2,144,[]
171200005,171200005__x0000_y0000,test,clean/171200005__x0000_y0000.bmp,0,0,1024,1024,2800,1024,0,,[]
171200005,171200005__x0896_y0000,test,clean/171200005__x0896_y0000.bmp,896,0,1024,1024,2800,1024,1,128,[]
171200005,171200005__x1776_y0000,test,clean/171200005__x1776_y0000.bmp,1776,0,1024,1024,2800,1024,2,144,[]
171200006,171200006__x0000_y0000,test,clean/171200006__x0000_y0000.bmp,0,0,1024,1024,2800,1024,0,,[]
171200006,171200006__x0896_y0000,test,clean/171200006__x0896_y0000.bmp,896,0,1024,1024,2800,1024,1,128,[]
171200006,171200006__x1776_y0000,test,clean/171200006__x1776_y0000.bmp,1776,0,1024,1024,2800,1024,2,144,[]
171200007,171200007__x0000_y0000,test,clean/171200007__x0000_y0000.bmp,0,0,1024,1024,2800,1024,0,,[]
171200007,171200007__x0896_y0000,test,clean/171200007__x0896_y0000.bmp,896,0,1024,1024,2800,1024,1,128,[]
171200007,171200007__x1776_y0000,test,clean/171200007__x1776_y0000.bmp,1776,0,1024,1024,2800,1024,2,144,[]
171200008,171200008__x0000_y0000,test,clean/171200008__x0000_y0000.bmp,0,0,1024,1024,2800,1024,0,,[]
171200008,171200008__x0896_y0000,test,clean/171200008__x0896_y0000.bmp,896,0,1024,1024,2800,1024,1,128,[]
171200008,171200008__x1776_y0000,test,clean/171200008__x1776_y0000.bmp,1776,0,1024,1024,2800,1024,2,144,[]
171200009,171200009__x0000_y0000,test,clean/171200009__x0000_y0000.bmp,0,0,1024,1024,2800,1024,0,,[]
171200009,171200009__x0896_y0000,test,clean/171200009__x0896_y0000.bmp,896,0,1024,1024,2800,1024,1,128,[]
171200009,171200009__x1776_y0000,test,clean/171200009__x1776_y0000.bmp,1776,0,1024,1024,2800,1024,2,144,[]
171200011,171200011__x0000_y0000,test,clean/171200011__x0000_y0000.bmp,0,0,1024,1024,2800,1024,0,,[]
171200011,171200011__x0896_y0000,test,clean/171200011__x0896_y0000.bmp,896,0,1024,1024,2800,1024,1,128,[]
171200011,171200011__x1776_y0000,test,clean/171200011__x1776_y0000.bmp,1776,0,1024,1024,2800,1024,2,144,[]
171200012,171200012__x0000_y0000,test,clean/171200012__x0000_y0000.bmp,0,0,1024,1024,2800,1024,0,,[]
171200012,171200012__x0896_y0000,test,clean/171200012__x0896_y0000.bmp,896,0,1024,1024,2800,1024,1,128,[]
171200012,171200012__x1776_y0000,test,clean/171200012__x1776_y0000.bmp,1776,0,1024,1024,2800,1024,2,144,[]
171200013,171200013__x0000_y0000,test,clean/171200013__x0000_y0000.bmp,0,0,1024,1024,2800,1024,0,,[]
171200013,171200013__x0896_y0000,test,clean/171200013__x0896_y0000.bmp,896,0,1024,1024,2800,1024,1,128,[]
171200013,171200013__x1776_y0000,test,clean/171200013__x1776_y0000.bmp,1776,0,1024,1024,2800,1024,2,144,[]
171200014,171200014__x0000_y0000,test,clean/171200014__x0000_y0000.bmp,0,0,1024,1024,2800,1024,0,,[]
171200014,171200014__x0896_y0000,test,clean/171200014__x0896_y0000.bmp,896,0,1024,1024,2800,1024,1,128,[]
171200014,171200014__x1776_y0000,test,clean/171200014__x1776_y0000.bmp,1776,0,1024,1024,2800,1024,2,144,[]
171200015,171200015__x0000_y0000,test,clean/171200015__x0000_y0000.bmp,0,0,1024,1024,2800,1024,0,,[]
171200015,171200015__x0896_y0000,test,clean/171200015__x0896_y0000.bmp,896,0,1024,1024,2800,1024,1,128,[]
171200015,171200015__x1776_y0000,test,clean/171200015__x1776_y0000.bmp,1776,0,1024,1024,2800,1024,2,144,[]
171200016,171200016__x0000_y0000,test,clean/171200016__x0000_y0000.bmp,0,0,1024,1024,2800,1024,0,,[]
171200016,171200016__x0896_y0000,test,clean/171200016__x0896_y0000.bmp,896,0,1024,1024,2800,1024,1,128,[]
171200016,171200016__x1776_y0000,test,clean/171200016__x1776_y0000.bmp,1776,0,1024,1024,2800,1024,2,144,[]
171200017,171200017__x0000_y0000,test,clean/171200017__x0000_y0000.bmp,0,0,1024,1024,2800,1024,0,,[]
171200017,171200017__x0896_y0000,test,clean/171200017__x0896_y0000.bmp,896,0,1024,1024,2800,1024,1,128,[]
171200017,171200017__x1776_y0000,test,clean/171200017__x1776_y0000.bmp,1776,0,1024,1024,2800,1024,2,144,[]
171200018,171200018__x0000_y0000,test,clean/171200018__x0000_y0000.bmp,0,0,1024,1024,2800,1024,0,,[]
171200018,171200018__x0896_y0000,test,clean/171200018__x0896_y0000.bmp,896,0,1024,1024,2800,1024,1,128,[]
171200018,171200018__x1776_y0000,test,clean/171200018__x1776_y0000.bmp,1776,0,1024,1024,2800,1024,2,144,[]
171200038,171200038__x0000_y0000,test,clean/171200038__x0000_y0000.bmp,0,0,1024,1024,2800,1024,0,,[]
171200038,171200038__x0896_y0000,test,clean/171200038__x0896_y0000.bmp,896,0,1024,1024,2800,1024,1,128,[]
171200038,171200038__x1776_y0000,test,clean/171200038__x1776_y0000.bmp,1776,0,1024,1024,2800,1024,2,144,[]
171200040,171200040__x0000_y0000,test,clean/171200040__x0000_y0000.bmp,0,0,1024,1024,2800,1024,0,,[]
171200040,171200040__x0896_y0000,test,clean/171200040__x0896_y0000.bmp,896,0,1024,1024,2800,1024,1,128,[]
171200040,171200040__x1776_y0000,test,clean/171200040__x1776_y0000.bmp,1776,0,1024,1024,2800,1024,2,144,[]
171200041,171200041__x0000_y0000,test,clean/171200041__x0000_y0000.bmp,0,0,1024,1024,2800,1024,0,,[]
171200041,171200041__x0896_y0000,test,clean/171200041__x0896_y0000.bmp,896,0,1024,1024,2800,1024,1,128,[]
171200041,171200041__x1776_y0000,test,clean/171200041__x1776_y0000.bmp,1776,0,1024,1024,2800,1024,2,144,[]
171200042,171200042__x0000_y0000,test,clean/171200042__x0000_y0000.bmp,0,0,1024,1024,2800,1024,0,,[]
171200042,171200042__x0896_y0000,test,clean/171200042__x0896_y0000.bmp,896,0,1024,1024,2800,1024,1,128,[]
171200042,171200042__x1776_y0000,test,clean/171200042__x1776_y0000.bmp,1776,0,1024,1024,2800,1024,2,144,[]
171200044,171200044__x0000_y0000,test,clean/171200044__x0000_y0000.bmp,0,0,1024,1024,2800,1024,0,,[]
171200044,171200044__x0896_y0000,test,clean/171200044__x0896_y0000.bmp,896,0,1024,1024,2800,1024,1,128,[]
171200044,171200044__x1776_y0000,test,clean/171200044__x1776_y0000.bmp,1776,0,1024,1024,2800,1024,2,144,[]
171300020,171300020__x0000_y0000,test,clean/171300020__x0000_y0000.bmp,0,0,1024,1024,2800,1024,0,,[]
171300020,171300020__x0896_y0000,test,clean/171300020__x0896_y0000.bmp,896,0,1024,1024,2800,1024,1,128,[]
171300020,171300020__x1776_y0000,test,clean/171300020__x1776_y0000.bmp,1776,0,1024,1024,2800,1024,2,144,[]
171300021,171300021__x0000_y0000,test,clean/171300021__x0000_y0000.bmp,0,0,1024,1024,2800,1024,0,,[]
171300021,171300021__x0896_y0000,test,clean/171300021__x0896_y0000.bmp,896,0,1024,1024,2800,1024,1,128,[]
171300021,171300021__x1776_y0000,test,clean/171300021__x1776_y0000.bmp,1776,0,1024,1024,2800,1024,2,144,[]
171300022,171300022__x0000_y0000,test,clean/171300022__x0000_y0000.bmp,0,0,1024,1024,2800,1024,0,,[]
171300022,171300022__x0896_y0000,test,clean/171300022__x0896_y0000.bmp,896,0,1024,1024,2800,1024,1,128,[]
171300022,171300022__x1776_y0000,test,clean/171300022__x1776_y0000.bmp,1776,0,1024,1024,2800,1024,2,144,[]
171300023,171300023__x0000_y0000,test,clean/171300023__x0000_y0000.bmp,0,0,1024,1024,2800,1024,0,,[]
171300023,171300023__x0896_y0000,test,clean/171300023__x0896_y0000.bmp,896,0,1024,1024,2800,1024,1,128,[]
171300023,171300023__x1776_y0000,test,clean/171300023__x1776_y0000.bmp,1776,0,1024,1024,2800,1024,2,144,[]
171300027,171300027__x0000_y0000,test,clean/171300027__x0000_y0000.bmp,0,0,1024,1024,2800,1024,0,,[]
171300027,171300027__x0896_y0000,test,clean/171300027__x0896_y0000.bmp,896,0,1024,1024,2800,1024,1,128,[]
171300027,171300027__x1776_y0000,test,clean/171300027__x1776_y0000.bmp,1776,0,1024,1024,2800,1024,2,144,[]
171500017,171500017__x0000_y0000,test,clean/171500017__x0000_y0000.bmp,0,0,1024,1024,2800,1024,0,,[]
171500017,171500017__x0896_y0000,test,clean/171500017__x0896_y0000.bmp,896,0,1024,1024,2800,1024,1,128,[]
171500017,171500017__x1776_y0000,test,clean/171500017__x1776_y0000.bmp,1776,0,1024,1024,2800,1024,2,144,[]
171500034,171500034__x0000_y0000,test,clean/171500034__x0000_y0000.bmp,0,0,1024,1024,2800,1024,0,,[]
171500034,171500034__x0896_y0000,test,clean/171500034__x0896_y0000.bmp,896,0,1024,1024,2800,1024,1,128,[]
171500034,171500034__x1776_y0000,test,clean/171500034__x1776_y0000.bmp,1776,0,1024,1024,2800,1024,2,144,[]
171500046,171500046__x0000_y0000,test,clean/171500046__x0000_y0000.bmp,0,0,1024,1024,2800,1024,0,,[]
171500046,171500046__x0896_y0000,test,clean/171500046__x0896_y0000.bmp,896,0,1024,1024,2800,1024,1,128,[]
171500046,171500046__x1776_y0000,test,clean/171500046__x1776_y0000.bmp,1776,0,1024,1024,2800,1024,2,144,[]
171500058,171500058__x0000_y0000,test,clean/171500058__x0000_y0000.bmp,0,0,1024,1024,2800,1024,0,,[]
171500058,171500058__x0896_y0000,test,clean/171500058__x0896_y0000.bmp,896,0,1024,1024,2800,1024,1,128,[]
171500058,171500058__x1776_y0000,test,clean/171500058__x1776_y0000.bmp,1776,0,1024,1024,2800,1024,2,144,[]
171500059,171500059__x0000_y0000,test,clean/171500059__x0000_y0000.bmp,0,0,1024,1024,2800,1024,0,,[]
171500059,171500059__x0896_y0000,test,clean/171500059__x0896_y0000.bmp,896,0,1024,1024,2800,1024,1,128,[]
171500059,171500059__x1776_y0000,test,clean/171500059__x1776_y0000.bmp,1776,0,1024,1024,2800,1024,2,144,[]
171600009,171600009__x0000_y0000,test,clean/171600009__x0000_y0000.bmp,0,0,1024,1024,2800,1024,0,,[]
171600009,171600009__x0896_y0000,test,clean/171600009__x0896_y0000.bmp,896,0,1024,1024,2800,1024,1,128,[]
171600009,171600009__x1776_y0000,test,clean/171600009__x1776_y0000.bmp,1776,0,1024,1024,2800,1024,2,144,[]
171600012,171600012__x0000_y0000,test,clean/171600012__x0000_y0000.bmp,0,0,1024,1024,2800,1024,0,,[]
171600012,171600012__x0896_y0000,test,clean/171600012__x0896_y0000.bmp,896,0,1024,1024,2800,1024,1,128,[]
171600012,171600012__x1776_y0000,test,clean/171600012__x1776_y0000.bmp,1776,0,1024,1024,2800,1024,2,144,[]
171600015,171600015__x0000_y0000,test,clean/171600015__x0000_y0000.bmp,0,0,1024,1024,2800,1024,0,,[]
171600015,171600015__x0896_y0000,test,clean/171600015__x0896_y0000.bmp,896,0,1024,1024,2800,1024,1,128,[]
171600015,171600015__x1776_y0000,test,clean/171600015__x1776_y0000.bmp,1776,0,1024,1024,2800,1024,2,144,[]
171600016,171600016__x0000_y0000,test,clean/171600016__x0000_y0000.bmp,0,0,1024,1024,2800,1024,0,,[]
171600016,171600016__x0896_y0000,test,clean/171600016__x0896_y0000.bmp,896,0,1024,1024,2800,1024,1,128,[]
171600016,171600016__x1776_y0000,test,clean/171600016__x1776_y0000.bmp,1776,0,1024,1024,2800,1024,2,144,[]
171600056,171600056__x0000_y0000,test,clean/171600056__x0000_y0000.bmp,0,0,1024,1024,2800,1024,0,,[]
171600056,171600056__x0896_y0000,test,clean/171600056__x0896_y0000.bmp,896,0,1024,1024,2800,1024,1,128,[]
171600056,171600056__x1776_y0000,test,clean/171600056__x1776_y0000.bmp,1776,0,1024,1024,2800,1024,2,144,[]
171700016,171700016__x0000_y0000,test,clean/171700016__x0000_y0000.bmp,0,0,1024,1024,2800,1024,0,,[]
171700016,171700016__x0896_y0000,test,clean/171700016__x0896_y0000.bmp,896,0,1024,1024,2800,1024,1,128,[]
171700016,171700016__x1776_y0000,test,clean/171700016__x1776_y0000.bmp,1776,0,1024,1024,2800,1024,2,144,[]
171700020,171700020__x0000_y0000,test,clean/171700020__x0000_y0000.bmp,0,0,1024,1024,2800,1024,0,,[]
171700020,171700020__x0896_y0000,test,clean/171700020__x0896_y0000.bmp,896,0,1024,1024,2800,1024,1,128,[]
171700020,171700020__x1776_y0000,test,clean/171700020__x1776_y0000.bmp,1776,0,1024,1024,2800,1024,2,144,[]
171900001,171900001__x0000_y0000,test,clean/171900001__x0000_y0000.bmp,0,0,1024,1024,2800,1024,0,,[]
171900001,171900001__x0896_y0000,test,clean/171900001__x0896_y0000.bmp,896,0,1024,1024,2800,1024,1,128,[]
171900001,171900001__x1776_y0000,test,clean/171900001__x1776_y0000.bmp,1776,0,1024,1024,2800,1024,2,144,[]
171900007,171900007__x0000_y0000,test,clean/171900007__x0000_y0000.bmp,0,0,1024,1024,2800,1024,0,,[]
171900007,171900007__x0896_y0000,test,clean/171900007__x0896_y0000.bmp,896,0,1024,1024,2800,1024,1,128,[]
171900007,171900007__x1776_y0000,test,clean/171900007__x1776_y0000.bmp,1776,0,1024,1024,2800,1024,2,144,[]
171900008,171900008__x0000_y0000,test,clean/171900008__x0000_y0000.bmp,0,0,1024,1024,2800,1024,0,,[]
171900008,171900008__x0896_y0000,test,clean/171900008__x0896_y0000.bmp,896,0,1024,1024,2800,1024,1,128,[]
171900008,171900008__x1776_y0000,test,clean/171900008__x1776_y0000.bmp,1776,0,1024,1024,2800,1024,2,144,[]
171900016,171900016__x0000_y0000,test,clean/171900016__x0000_y0000.bmp,0,0,1024,1024,2800,1024,0,,[]
171900016,171900016__x0896_y0000,test,clean/171900016__x0896_y0000.bmp,896,0,1024,1024,2800,1024,1,128,[]
171900016,171900016__x1776_y0000,test,clean/171900016__x1776_y0000.bmp,1776,0,1024,1024,2800,1024,2,144,[]
171900018,171900018__x0000_y0000,test,clean/171900018__x0000_y0000.bmp,0,0,1024,1024,2800,1024,0,,[]
171900018,171900018__x0896_y0000,test,clean/171900018__x0896_y0000.bmp,896,0,1024,1024,2800,1024,1,128,[]
171900018,171900018__x1776_y0000,test,clean/171900018__x1776_y0000.bmp,1776,0,1024,1024,2800,1024,2,144,[]
171900027,171900027__x0000_y0000,test,clean/171900027__x0000_y0000.bmp,0,0,1024,1024,2800,1024,0,,[]
171900027,171900027__x0896_y0000,test,clean/171900027__x0896_y0000.bmp,896,0,1024,1024,2800,1024,1,128,[]
171900027,171900027__x1776_y0000,test,clean/171900027__x1776_y0000.bmp,1776,0,1024,1024,2800,1024,2,144,[]
171900028,171900028__x0000_y0000,test,clean/171900028__x0000_y0000.bmp,0,0,1024,1024,2800,1024,0,,[]
171900028,171900028__x0896_y0000,test,clean/171900028__x0896_y0000.bmp,896,0,1024,1024,2800,1024,1,128,[]
171900028,171900028__x1776_y0000,test,clean/171900028__x1776_y0000.bmp,1776,0,1024,1024,2800,1024,2,144,[]
171900035,171900035__x0000_y0000,test,clean/171900035__x0000_y0000.bmp,0,0,1024,1024,2800,1024,0,,[]
171900035,171900035__x0896_y0000,test,clean/171900035__x0896_y0000.bmp,896,0,1024,1024,2800,1024,1,128,[]
171900035,171900035__x1776_y0000,test,clean/171900035__x1776_y0000.bmp,1776,0,1024,1024,2800,1024,2,144,[]
171900037,171900037__x0000_y0000,test,clean/171900037__x0000_y0000.bmp,0,0,1024,1024,2800,1024,0,,[]
171900037,171900037__x0896_y0000,test,clean/171900037__x0896_y0000.bmp,896,0,1024,1024,2800,1024,1,128,[]
171900037,171900037__x1776_y0000,test,clean/171900037__x1776_y0000.bmp,1776,0,1024,1024,2800,1024,2,144,[]
171900039,171900039__x0000_y0000,test,clean/171900039__x0000_y0000.bmp,0,0,1024,1024,2800,1024,0,,[]
171900039,171900039__x0896_y0000,test,clean/171900039__x0896_y0000.bmp,896,0,1024,1024,2800,1024,1,128,[]
171900039,171900039__x1776_y0000,test,clean/171900039__x1776_y0000.bmp,1776,0,1024,1024,2800,1024,2,144,[]
171900040,171900040__x0000_y0000,test,clean/171900040__x0000_y0000.bmp,0,0,1024,1024,2800,1024,0,,[]
171900040,171900040__x0896_y0000,test,clean/171900040__x0896_y0000.bmp,896,0,1024,1024,2800,1024,1,128,[]
171900040,171900040__x1776_y0000,test,clean/171900040__x1776_y0000.bmp,1776,0,1024,1024,2800,1024,2,144,[]
171900042,171900042__x0000_y0000,test,clean/171900042__x0000_y0000.bmp,0,0,1024,1024,2800,1024,0,,[]
171900042,171900042__x0896_y0000,test,clean/171900042__x0896_y0000.bmp,896,0,1024,1024,2800,1024,1,128,[]
171900042,171900042__x1776_y0000,test,clean/171900042__x1776_y0000.bmp,1776,0,1024,1024,2800,1024,2,144,[]
171900043,171900043__x0000_y0000,test,clean/171900043__x0000_y0000.bmp,0,0,1024,1024,2800,1024,0,,[]
171900043,171900043__x0896_y0000,test,clean/171900043__x0896_y0000.bmp,896,0,1024,1024,2800,1024,1,128,[]
171900043,171900043__x1776_y0000,test,clean/171900043__x1776_y0000.bmp,1776,0,1024,1024,2800,1024,2,144,[]
171900044,171900044__x0000_y0000,test,clean/171900044__x0000_y0000.bmp,0,0,1024,1024,2800,1024,0,,[]
171900044,171900044__x0896_y0000,test,clean/171900044__x0896_y0000.bmp,896,0,1024,1024,2800,1024,1,128,[]
171900044,171900044__x1776_y0000,test,clean/171900044__x1776_y0000.bmp,1776,0,1024,1024,2800,1024,2,144,[]
171900045,171900045__x0000_y0000,test,clean/171900045__x0000_y0000.bmp,0,0,1024,1024,2800,1024,0,,[]
171900045,171900045__x0896_y0000,test,clean/171900045__x0896_y0000.bmp,896,0,1024,1024,2800,1024,1,128,[]
171900045,171900045__x1776_y0000,test,clean/171900045__x1776_y0000.bmp,1776,0,1024,1024,2800,1024,2,144,[]
171900046,171900046__x0000_y0000,test,clean/171900046__x0000_y0000.bmp,0,0,1024,1024,2800,1024,0,,[]
171900046,171900046__x0896_y0000,test,clean/171900046__x0896_y0000.bmp,896,0,1024,1024,2800,1024,1,128,[]
171900046,171900046__x1776_y0000,test,clean/171900046__x1776_y0000.bmp,1776,0,1024,1024,2800,1024,2,144,[]
171900078,171900078__x0000_y0000,test,clean/171900078__x0000_y0000.bmp,0,0,1024,1024,2800,1024,0,,[]
171900078,171900078__x0896_y0000,test,clean/171900078__x0896_y0000.bmp,896,0,1024,1024,2800,1024,1,128,[]
171900078,171900078__x1776_y0000,test,clean/171900078__x1776_y0000.bmp,1776,0,1024,1024,2800,1024,2,144,[]
171900081,171900081__x0000_y0000,test,clean/171900081__x0000_y0000.bmp,0,0,1024,1024,2800,1024,0,,[]
171900081,171900081__x0896_y0000,test,clean/171900081__x0896_y0000.bmp,896,0,1024,1024,2800,1024,1,128,[]
171900081,171900081__x1776_y0000,test,clean/171900081__x1776_y0000.bmp,1776,0,1024,1024,2800,1024,2,144,[]
172100005,172100005__x0000_y0000,test,clean/172100005__x0000_y0000.bmp,0,0,1024,1024,2800,1024,0,,[]
172100005,172100005__x0896_y0000,test,clean/172100005__x0896_y0000.bmp,896,0,1024,1024,2800,1024,1,128,[]
172100005,172100005__x1776_y0000,test,clean/172100005__x1776_y0000.bmp,1776,0,1024,1024,2800,1024,2,144,[]
172100014,172100014__x0000_y0000,test,clean/172100014__x0000_y0000.bmp,0,0,1024,1024,2800,1024,0,,[]
172100014,172100014__x0896_y0000,test,clean/172100014__x0896_y0000.bmp,896,0,1024,1024,2800,1024,1,128,[]
172100014,172100014__x1776_y0000,test,clean/172100014__x1776_y0000.bmp,1776,0,1024,1024,2800,1024,2,144,[]
172100021,172100021__x0000_y0000,test,clean/172100021__x0000_y0000.bmp,0,0,1024,1024,2800,1024,0,,[]
172100021,172100021__x0896_y0000,test,clean/172100021__x0896_y0000.bmp,896,0,1024,1024,2800,1024,1,128,[]
172100021,172100021__x1776_y0000,test,clean/172100021__x1776_y0000.bmp,1776,0,1024,1024,2800,1024,2,144,[]
172100023,172100023__x0000_y0000,test,clean/172100023__x0000_y0000.bmp,0,0,1024,1024,2800,1024,0,,[]
172100023,172100023__x0896_y0000,test,clean/172100023__x0896_y0000.bmp,896,0,1024,1024,2800,1024,1,128,[]
172100023,172100023__x1776_y0000,test,clean/172100023__x1776_y0000.bmp,1776,0,1024,1024,2800,1024,2,144,[]
172100041,172100041__x0000_y0000,test,clean/172100041__x0000_y0000.bmp,0,0,1024,1024,2800,1024,0,,[]
172100041,172100041__x0896_y0000,test,clean/172100041__x0896_y0000.bmp,896,0,1024,1024,2800,1024,1,128,[]
172100041,172100041__x1776_y0000,test,clean/172100041__x1776_y0000.bmp,1776,0,1024,1024,2800,1024,2,144,[]
172200010,172200010__x0000_y0000,test,clean/172200010__x0000_y0000.bmp,0,0,1024,1024,2800,1024,0,,[]
172200010,172200010__x0896_y0000,test,clean/172200010__x0896_y0000.bmp,896,0,1024,1024,2800,1024,1,128,[]
172200010,172200010__x1776_y0000,test,clean/172200010__x1776_y0000.bmp,1776,0,1024,1024,2800,1024,2,144,[]
172200017,172200017__x0000_y0000,test,clean/172200017__x0000_y0000.bmp,0,0,1024,1024,2800,1024,0,,[]
172200017,172200017__x0896_y0000,test,clean/172200017__x0896_y0000.bmp,896,0,1024,1024,2800,1024,1,128,[]
172200017,172200017__x1776_y0000,test,clean/172200017__x1776_y0000.bmp,1776,0,1024,1024,2800,1024,2,144,[]
172200033,172200033__x0000_y0000,test,clean/172200033__x0000_y0000.bmp,0,0,1024,1024,2800,1024,0,,[]
172200033,172200033__x0896_y0000,test,clean/172200033__x0896_y0000.bmp,896,0,1024,1024,2800,1024,1,128,[]
172200033,172200033__x1776_y0000,test,clean/172200033__x1776_y0000.bmp,1776,0,1024,1024,2800,1024,2,144,[]
172300023,172300023__x0000_y0000,test,clean/172300023__x0000_y0000.bmp,0,0,1024,1024,2800,1024,0,,[]
172300023,172300023__x0896_y0000,test,clean/172300023__x0896_y0000.bmp,896,0,1024,1024,2800,1024,1,128,[]
172300023,172300023__x1776_y0000,test,clean/172300023__x1776_y0000.bmp,1776,0,1024,1024,2800,1024,2,144,[]
172300028,172300028__x0000_y0000,test,clean/172300028__x0000_y0000.bmp,0,0,1024,1024,2800,1024,0,,[]
172300028,172300028__x0896_y0000,test,clean/172300028__x0896_y0000.bmp,896,0,1024,1024,2800,1024,1,128,[]
172300028,172300028__x1776_y0000,test,clean/172300028__x1776_y0000.bmp,1776,0,1024,1024,2800,1024,2,144,[]
172300038,172300038__x0000_y0000,test,clean/172300038__x0000_y0000.bmp,0,0,1024,1024,2800,1024,0,,[]
172300038,172300038__x0896_y0000,test,clean/172300038__x0896_y0000.bmp,896,0,1024,1024,2800,1024,1,128,[]
172300038,172300038__x1776_y0000,test,clean/172300038__x1776_y0000.bmp,1776,0,1024,1024,2800,1024,2,144,[]
172300054,172300054__x0000_y0000,test,clean/172300054__x0000_y0000.bmp,0,0,1024,1024,2800,1024,0,,[]
172300054,172300054__x0896_y0000,test,clean/172300054__x0896_y0000.bmp,896,0,1024,1024,2800,1024,1,128,[]
172300054,172300054__x1776_y0000,test,clean/172300054__x1776_y0000.bmp,1776,0,1024,1024,2800,1024,2,144,[]
172300058,172300058__x0000_y0000,test,clean/172300058__x0000_y0000.bmp,0,0,1024,1024,2800,1024,0,,[]
172300058,172300058__x0896_y0000,test,clean/172300058__x0896_y0000.bmp,896,0,1024,1024,2800,1024,1,128,[]
172300058,172300058__x1776_y0000,test,clean/172300058__x1776_y0000.bmp,1776,0,1024,1024,2800,1024,2,144,[]
172300061,172300061__x0000_y0000,test,clean/172300061__x0000_y0000.bmp,0,0,1024,1024,2800,1024,0,,[]
172300061,172300061__x0896_y0000,test,clean/172300061__x0896_y0000.bmp,896,0,1024,1024,2800,1024,1,128,[]
172300061,172300061__x1776_y0000,test,clean/172300061__x1776_y0000.bmp,1776,0,1024,1024,2800,1024,2,144,[]
172300065,172300065__x0000_y0000,test,clean/172300065__x0000_y0000.bmp,0,0,1024,1024,2800,1024,0,,[]
172300065,172300065__x0896_y0000,test,clean/172300065__x0896_y0000.bmp,896,0,1024,1024,2800,1024,1,128,[]
172300065,172300065__x1776_y0000,test,clean/172300065__x1776_y0000.bmp,1776,0,1024,1024,2800,1024,2,144,[]
172300068,172300068__x0000_y0000,test,clean/172300068__x0000_y0000.bmp,0,0,1024,1024,2800,1024,0,,[]
172300068,172300068__x0896_y0000,test,clean/172300068__x0896_y0000.bmp,896,0,1024,1024,2800,1024,1,128,[]
172300068,172300068__x1776_y0000,test,clean/172300068__x1776_y0000.bmp,1776,0,1024,1024,2800,1024,2,144,[]
172300073,172300073__x0000_y0000,test,clean/172300073__x0000_y0000.bmp,0,0,1024,1024,2800,1024,0,,[]
172300073,172300073__x0896_y0000,test,clean/172300073__x0896_y0000.bmp,896,0,1024,1024,2800,1024,1,128,[]
172300073,172300073__x1776_y0000,test,clean/172300073__x1776_y0000.bmp,1776,0,1024,1024,2800,1024,2,144,[]
172300074,172300074__x0000_y0000,test,clean/172300074__x0000_y0000.bmp,0,0,1024,1024,2800,1024,0,,[]
172300074,172300074__x0896_y0000,test,clean/172300074__x0896_y0000.bmp,896,0,1024,1024,2800,1024,1,128,[]
172300074,172300074__x1776_y0000,test,clean/172300074__x1776_y0000.bmp,1776,0,1024,1024,2800,1024,2,144,[]
172400001,172400001__x0000_y0000,test,clean/172400001__x0000_y0000.bmp,0,0,1024,1024,2800,1024,0,,[]
172400001,172400001__x0896_y0000,test,clean/172400001__x0896_y0000.bmp,896,0,1024,1024,2800,1024,1,128,[]
172400001,172400001__x1776_y0000,test,clean/172400001__x1776_y0000.bmp,1776,0,1024,1024,2800,1024,2,144,[]
172400016,172400016__x0000_y0000,test,clean/172400016__x0000_y0000.bmp,0,0,1024,1024,2800,1024,0,,[]
172400016,172400016__x0896_y0000,test,clean/172400016__x0896_y0000.bmp,896,0,1024,1024,2800,1024,1,128,[]
172400016,172400016__x1776_y0000,test,clean/172400016__x1776_y0000.bmp,1776,0,1024,1024,2800,1024,2,144,[]
172400057,172400057__x0000_y0000,test,clean/172400057__x0000_y0000.bmp,0,0,1024,1024,2800,1024,0,,[]
172400057,172400057__x0896_y0000,test,clean/172400057__x0896_y0000.bmp,896,0,1024,1024,2800,1024,1,128,[]
172400057,172400057__x1776_y0000,test,clean/172400057__x1776_y0000.bmp,1776,0,1024,1024,2800,1024,2,144,[]
172400078,172400078__x0000_y0000,test,clean/172400078__x0000_y0000.bmp,0,0,1024,1024,2800,1024,0,,[]
172400078,172400078__x0896_y0000,test,clean/172400078__x0896_y0000.bmp,896,0,1024,1024,2800,1024,1,128,[]
172400078,172400078__x1776_y0000,test,clean/172400078__x1776_y0000.bmp,1776,0,1024,1024,2800,1024,2,144,[]
175200014,175200014__x0000_y0000,test,clean/175200014__x0000_y0000.bmp,0,0,1024,1024,2800,1024,0,,[]
175200014,175200014__x0896_y0000,test,clean/175200014__x0896_y0000.bmp,896,0,1024,1024,2800,1024,1,128,[]
175200014,175200014__x1776_y0000,test,clean/175200014__x1776_y0000.bmp,1776,0,1024,1024,2800,1024,2,144,[]
175200036,175200036__x0000_y0000,test,clean/175200036__x0000_y0000.bmp,0,0,1024,1024,2800,1024,0,,[]
175200036,175200036__x0896_y0000,test,clean/175200036__x0896_y0000.bmp,896,0,1024,1024,2800,1024,1,128,[]
175200036,175200036__x1776_y0000,test,clean/175200036__x1776_y0000.bmp,1776,0,1024,1024,2800,1024,2,144,[]
175200040,175200040__x0000_y0000,test,clean/175200040__x0000_y0000.bmp,0,0,1024,1024,2800,1024,0,,[]
175200040,175200040__x0896_y0000,test,clean/175200040__x0896_y0000.bmp,896,0,1024,1024,2800,1024,1,128,[]
175200040,175200040__x1776_y0000,test,clean/175200040__x1776_y0000.bmp,1776,0,1024,1024,2800,1024,2,144,[]
175200050,175200050__x0000_y0000,test,clean/175200050__x0000_y0000.bmp,0,0,1024,1024,2800,1024,0,,[]
175200050,175200050__x0896_y0000,test,clean/175200050__x0896_y0000.bmp,896,0,1024,1024,2800,1024,1,128,[]
175200050,175200050__x1776_y0000,test,clean/175200050__x1776_y0000.bmp,1776,0,1024,1024,2800,1024,2,144,[]
175200051,175200051__x0000_y0000,test,clean/175200051__x0000_y0000.bmp,0,0,1024,1024,2800,1024,0,,[]
175200051,175200051__x0896_y0000,test,clean/175200051__x0896_y0000.bmp,896,0,1024,1024,2800,1024,1,128,[]
175200051,175200051__x1776_y0000,test,clean/175200051__x1776_y0000.bmp,1776,0,1024,1024,2800,1024,2,144,[]
175200053,175200053__x0000_y0000,test,clean/175200053__x0000_y0000.bmp,0,0,1024,1024,2800,1024,0,,[]
175200053,175200053__x0896_y0000,test,clean/175200053__x0896_y0000.bmp,896,0,1024,1024,2800,1024,1,128,[]
175200053,175200053__x1776_y0000,test,clean/175200053__x1776_y0000.bmp,1776,0,1024,1024,2800,1024,2,144,[]
175200054,175200054__x0000_y0000,test,clean/175200054__x0000_y0000.bmp,0,0,1024,1024,2800,1024,0,,[]
175200054,175200054__x0896_y0000,test,clean/175200054__x0896_y0000.bmp,896,0,1024,1024,2800,1024,1,128,[]
175200054,175200054__x1776_y0000,test,clean/175200054__x1776_y0000.bmp,1776,0,1024,1024,2800,1024,2,144,[]
175200061,175200061__x0000_y0000,test,clean/175200061__x0000_y0000.bmp,0,0,1024,1024,2800,1024,0,,[]
175200061,175200061__x0896_y0000,test,clean/175200061__x0896_y0000.bmp,896,0,1024,1024,2800,1024,1,128,[]
175200061,175200061__x1776_y0000,test,clean/175200061__x1776_y0000.bmp,1776,0,1024,1024,2800,1024,2,144,[]
175200065,175200065__x0000_y0000,test,clean/175200065__x0000_y0000.bmp,0,0,1024,1024,2800,1024,0,,[]
175200065,175200065__x0896_y0000,test,clean/175200065__x0896_y0000.bmp,896,0,1024,1024,2800,1024,1,128,[]
175200065,175200065__x1776_y0000,test,clean/175200065__x1776_y0000.bmp,1776,0,1024,1024,2800,1024,2,144,[]
175200066,175200066__x0000_y0000,test,clean/175200066__x0000_y0000.bmp,0,0,1024,1024,2800,1024,0,,[]
175200066,175200066__x0896_y0000,test,clean/175200066__x0896_y0000.bmp,896,0,1024,1024,2800,1024,1,128,[]
175200066,175200066__x1776_y0000,test,clean/175200066__x1776_y0000.bmp,1776,0,1024,1024,2800,1024,2,144,[]
175200069,175200069__x0000_y0000,test,clean/175200069__x0000_y0000.bmp,0,0,1024,1024,2800,1024,0,,[]
175200069,175200069__x0896_y0000,test,clean/175200069__x0896_y0000.bmp,896,0,1024,1024,2800,1024,1,128,[]
175200069,175200069__x1776_y0000,test,clean/175200069__x1776_y0000.bmp,1776,0,1024,1024,2800,1024,2,144,[]
175200073,175200073__x0000_y0000,test,clean/175200073__x0000_y0000.bmp,0,0,1024,1024,2800,1024,0,,[]
175200073,175200073__x0896_y0000,test,clean/175200073__x0896_y0000.bmp,896,0,1024,1024,2800,1024,1,128,[]
175200073,175200073__x1776_y0000,test,clean/175200073__x1776_y0000.bmp,1776,0,1024,1024,2800,1024,2,144,[]
175300031,175300031__x0000_y0000,test,clean/175300031__x0000_y0000.bmp,0,0,1024,1024,2800,1024,0,,[]
175300031,175300031__x0896_y0000,test,clean/175300031__x0896_y0000.bmp,896,0,1024,1024,2800,1024,1,128,[]
175300031,175300031__x1776_y0000,test,clean/175300031__x1776_y0000.bmp,1776,0,1024,1024,2800,1024,2,144,[]
175300038,175300038__x0000_y0000,test,clean/175300038__x0000_y0000.bmp,0,0,1024,1024,2800,1024,0,,[]
175300038,175300038__x0896_y0000,test,clean/175300038__x0896_y0000.bmp,896,0,1024,1024,2800,1024,1,128,[]
175300038,175300038__x1776_y0000,test,clean/175300038__x1776_y0000.bmp,1776,0,1024,1024,2800,1024,2,144,[]
175300057,175300057__x0000_y0000,test,clean/175300057__x0000_y0000.bmp,0,0,1024,1024,2800,1024,0,,[]
175300057,175300057__x0896_y0000,test,clean/175300057__x0896_y0000.bmp,896,0,1024,1024,2800,1024,1,128,[]
175300057,175300057__x1776_y0000,test,clean/175300057__x1776_y0000.bmp,1776,0,1024,1024,2800,1024,2,144,[]
175300073,175300073__x0000_y0000,test,clean/175300073__x0000_y0000.bmp,0,0,1024,1024,2800,1024,0,,[]
175300073,175300073__x0896_y0000,test,clean/175300073__x0896_y0000.bmp,896,0,1024,1024,2800,1024,1,128,[]
175300073,175300073__x1776_y0000,test,clean/175300073__x1776_y0000.bmp,1776,0,1024,1024,2800,1024,2,144,[]
175400014,175400014__x0000_y0000,test,clean/175400014__x0000_y0000.bmp,0,0,1024,1024,2800,1024,0,,[]
175400014,175400014__x0896_y0000,test,clean/175400014__x0896_y0000.bmp,896,0,1024,1024,2800,1024,1,128,[]
175400014,175400014__x1776_y0000,test,clean/175400014__x1776_y0000.bmp,1776,0,1024,1024,2800,1024,2,144,[]
175400017,175400017__x0000_y0000,test,clean/175400017__x0000_y0000.bmp,0,0,1024,1024,2800,1024,0,,[]
175400017,175400017__x0896_y0000,test,clean/175400017__x0896_y0000.bmp,896,0,1024,1024,2800,1024,1,128,[]
175400017,175400017__x1776_y0000,test,clean/175400017__x1776_y0000.bmp,1776,0,1024,1024,2800,1024,2,144,[]
175400056,175400056__x0000_y0000,test,clean/175400056__x0000_y0000.bmp,0,0,1024,1024,2800,1024,0,,[]
175400056,175400056__x0896_y0000,test,clean/175400056__x0896_y0000.bmp,896,0,1024,1024,2800,1024,1,128,[]
175400056,175400056__x1776_y0000,test,clean/175400056__x1776_y0000.bmp,1776,0,1024,1024,2800,1024,2,144,[]
175400057,175400057__x0000_y0000,test,clean/175400057__x0000_y0000.bmp,0,0,1024,1024,2800,1024,0,,[]
175400057,175400057__x0896_y0000,test,clean/175400057__x0896_y0000.bmp,896,0,1024,1024,2800,1024,1,128,[]
175400057,175400057__x1776_y0000,test,clean/175400057__x1776_y0000.bmp,1776,0,1024,1024,2800,1024,2,144,[]
175400066,175400066__x0000_y0000,test,clean/175400066__x0000_y0000.bmp,0,0,1024,1024,2800,1024,0,,[]
175400066,175400066__x0896_y0000,test,clean/175400066__x0896_y0000.bmp,896,0,1024,1024,2800,1024,1,128,[]
175400066,175400066__x1776_y0000,test,clean/175400066__x1776_y0000.bmp,1776,0,1024,1024,2800,1024,2,144,[]
175400069,175400069__x0000_y0000,test,clean/175400069__x0000_y0000.bmp,0,0,1024,1024,2800,1024,0,,[]
175400069,175400069__x0896_y0000,test,clean/175400069__x0896_y0000.bmp,896,0,1024,1024,2800,1024,1,128,[]
175400069,175400069__x1776_y0000,test,clean/175400069__x1776_y0000.bmp,1776,0,1024,1024,2800,1024,2,144,[]
175400070,175400070__x0000_y0000,test,clean/175400070__x0000_y0000.bmp,0,0,1024,1024,2800,1024,0,,[]
175400070,175400070__x0896_y0000,test,clean/175400070__x0896_y0000.bmp,896,0,1024,1024,2800,1024,1,128,[]
175400070,175400070__x1776_y0000,test,clean/175400070__x1776_y0000.bmp,1776,0,1024,1024,2800,1024,2,144,[]
175400072,175400072__x0000_y0000,test,clean/175400072__x0000_y0000.bmp,0,0,1024,1024,2800,1024,0,,[]
175400072,175400072__x0896_y0000,test,clean/175400072__x0896_y0000.bmp,896,0,1024,1024,2800,1024,1,128,[]
175400072,175400072__x1776_y0000,test,clean/175400072__x1776_y0000.bmp,1776,0,1024,1024,2800,1024,2,144,[]
175500012,175500012__x0000_y0000,test,clean/175500012__x0000_y0000.bmp,0,0,1024,1024,2800,1024,0,,[]
175500012,175500012__x0896_y0000,test,clean/175500012__x0896_y0000.bmp,896,0,1024,1024,2800,1024,1,128,[]
175500012,175500012__x1776_y0000,test,clean/175500012__x1776_y0000.bmp,1776,0,1024,1024,2800,1024,2,144,[]
175500014,175500014__x0000_y0000,test,clean/175500014__x0000_y0000.bmp,0,0,1024,1024,2800,1024,0,,[]
175500014,175500014__x0896_y0000,test,clean/175500014__x0896_y0000.bmp,896,0,1024,1024,2800,1024,1,128,[]
175500014,175500014__x1776_y0000,test,clean/175500014__x1776_y0000.bmp,1776,0,1024,1024,2800,1024,2,144,[]
175500019,175500019__x0000_y0000,test,clean/175500019__x0000_y0000.bmp,0,0,1024,1024,2800,1024,0,,[]
175500019,175500019__x0896_y0000,test,clean/175500019__x0896_y0000.bmp,896,0,1024,1024,2800,1024,1,128,[]
175500019,175500019__x1776_y0000,test,clean/175500019__x1776_y0000.bmp,1776,0,1024,1024,2800,1024,2,144,[]
175500044,175500044__x0000_y0000,test,clean/175500044__x0000_y0000.bmp,0,0,1024,1024,2800,1024,0,,[]
175500044,175500044__x0896_y0000,test,clean/175500044__x0896_y0000.bmp,896,0,1024,1024,2800,1024,1,128,[]
175500044,175500044__x1776_y0000,test,clean/175500044__x1776_y0000.bmp,1776,0,1024,1024,2800,1024,2,144,[]
175500045,175500045__x0000_y0000,test,clean/175500045__x0000_y0000.bmp,0,0,1024,1024,2800,1024,0,,[]
175500045,175500045__x0896_y0000,test,clean/175500045__x0896_y0000.bmp,896,0,1024,1024,2800,1024,1,128,[]
175500045,175500045__x1776_y0000,test,clean/175500045__x1776_y0000.bmp,1776,0,1024,1024,2800,1024,2,144,[]
175500053,175500053__x0000_y0000,test,clean/175500053__x0000_y0000.bmp,0,0,1024,1024,2800,1024,0,,[]
175500053,175500053__x0896_y0000,test,clean/175500053__x0896_y0000.bmp,896,0,1024,1024,2800,1024,1,128,[]
175500053,175500053__x1776_y0000,test,clean/175500053__x1776_y0000.bmp,1776,0,1024,1024,2800,1024,2,144,[]
175500059,175500059__x0000_y0000,test,clean/175500059__x0000_y0000.bmp,0,0,1024,1024,2800,1024,0,,[]
175500059,175500059__x0896_y0000,test,clean/175500059__x0896_y0000.bmp,896,0,1024,1024,2800,1024,1,128,[]
175500059,175500059__x1776_y0000,test,clean/175500059__x1776_y0000.bmp,1776,0,1024,1024,2800,1024,2,144,[]
175500061,175500061__x0000_y0000,test,clean/175500061__x0000_y0000.bmp,0,0,1024,1024,2800,1024,0,,[]
175500061,175500061__x0896_y0000,test,clean/175500061__x0896_y0000.bmp,896,0,1024,1024,2800,1024,1,128,[]
175500061,175500061__x1776_y0000,test,clean/175500061__x1776_y0000.bmp,1776,0,1024,1024,2800,1024,2,144,[]
175500063,175500063__x0000_y0000,test,clean/175500063__x0000_y0000.bmp,0,0,1024,1024,2800,1024,0,,[]
175500063,175500063__x0896_y0000,test,clean/175500063__x0896_y0000.bmp,896,0,1024,1024,2800,1024,1,128,[]
175500063,175500063__x1776_y0000,test,clean/175500063__x1776_y0000.bmp,1776,0,1024,1024,2800,1024,2,144,[]
175500064,175500064__x0000_y0000,test,clean/175500064__x0000_y0000.bmp,0,0,1024,1024,2800,1024,0,,[]
175500064,175500064__x0896_y0000,test,clean/175500064__x0896_y0000.bmp,896,0,1024,1024,2800,1024,1,128,[]
175500064,175500064__x1776_y0000,test,clean/175500064__x1776_y0000.bmp,1776,0,1024,1024,2800,1024,2,144,[]
175500065,175500065__x0000_y0000,test,clean/175500065__x0000_y0000.bmp,0,0,1024,1024,2800,1024,0,,[]
175500065,175500065__x0896_y0000,test,clean/175500065__x0896_y0000.bmp,896,0,1024,1024,2800,1024,1,128,[]
175500065,175500065__x1776_y0000,test,clean/175500065__x1776_y0000.bmp,1776,0,1024,1024,2800,1024,2,144,[]
175500067,175500067__x0000_y0000,test,clean/175500067__x0000_y0000.bmp,0,0,1024,1024,2800,1024,0,,[]
175500067,175500067__x0896_y0000,test,clean/175500067__x0896_y0000.bmp,896,0,1024,1024,2800,1024,1,128,[]
175500067,175500067__x1776_y0000,test,clean/175500067__x1776_y0000.bmp,1776,0,1024,1024,2800,1024,2,144,[]
175500068,175500068__x0000_y0000,test,clean/175500068__x0000_y0000.bmp,0,0,1024,1024,2800,1024,0,,[]
175500068,175500068__x0896_y0000,test,clean/175500068__x0896_y0000.bmp,896,0,1024,1024,2800,1024,1,128,[]
175500068,175500068__x1776_y0000,test,clean/175500068__x1776_y0000.bmp,1776,0,1024,1024,2800,1024,2,144,[]
175500069,175500069__x0000_y0000,test,clean/175500069__x0000_y0000.bmp,0,0,1024,1024,2800,1024,0,,[]
175500069,175500069__x0896_y0000,test,clean/175500069__x0896_y0000.bmp,896,0,1024,1024,2800,1024,1,128,[]
175500069,175500069__x1776_y0000,test,clean/175500069__x1776_y0000.bmp,1776,0,1024,1024,2800,1024,2,144,[]
175500070,175500070__x0000_y0000,test,clean/175500070__x0000_y0000.bmp,0,0,1024,1024,2800,1024,0,,[]
175500070,175500070__x0896_y0000,test,clean/175500070__x0896_y0000.bmp,896,0,1024,1024,2800,1024,1,128,[]
175500070,175500070__x1776_y0000,test,clean/175500070__x1776_y0000.bmp,1776,0,1024,1024,2800,1024,2,144,[]
175600015,175600015__x0000_y0000,test,clean/175600015__x0000_y0000.bmp,0,0,1024,1024,2800,1024,0,,[]
175600015,175600015__x0896_y0000,test,clean/175600015__x0896_y0000.bmp,896,0,1024,1024,2800,1024,1,128,[]
175600015,175600015__x1776_y0000,test,clean/175600015__x1776_y0000.bmp,1776,0,1024,1024,2800,1024,2,144,[]
175600030,175600030__x0000_y0000,test,clean/175600030__x0000_y0000.bmp,0,0,1024,1024,2800,1024,0,,[]
175600030,175600030__x0896_y0000,test,clean/175600030__x0896_y0000.bmp,896,0,1024,1024,2800,1024,1,128,[]
175600030,175600030__x1776_y0000,test,clean/175600030__x1776_y0000.bmp,1776,0,1024,1024,2800,1024,2,144,[]
175600042,175600042__x0000_y0000,test,clean/175600042__x0000_y0000.bmp,0,0,1024,1024,2800,1024,0,,[]
175600042,175600042__x0896_y0000,test,clean/175600042__x0896_y0000.bmp,896,0,1024,1024,2800,1024,1,128,[]
175600042,175600042__x1776_y0000,test,clean/175600042__x1776_y0000.bmp,1776,0,1024,1024,2800,1024,2,144,[]
175900010,175900010__x0000_y0000,test,clean/175900010__x0000_y0000.bmp,0,0,1024,1024,2798,1024,0,,[]
175900010,175900010__x0896_y0000,test,clean/175900010__x0896_y0000.bmp,896,0,1024,1024,2798,1024,1,128,[]
175900010,175900010__x1774_y0000,test,clean/175900010__x1774_y0000.bmp,1774,0,1024,1024,2798,1024,2,146,[]
175900022,175900022__x0000_y0000,test,clean/175900022__x0000_y0000.bmp,0,0,1024,1024,2800,1024,0,,[]
175900022,175900022__x0896_y0000,test,clean/175900022__x0896_y0000.bmp,896,0,1024,1024,2800,1024,1,128,[]
175900022,175900022__x1776_y0000,test,clean/175900022__x1776_y0000.bmp,1776,0,1024,1024,2800,1024,2,144,[]
175900029,175900029__x0000_y0000,test,clean/175900029__x0000_y0000.bmp,0,0,1024,1024,2800,1024,0,,[]
175900029,175900029__x0896_y0000,test,clean/175900029__x0896_y0000.bmp,896,0,1024,1024,2800,1024,1,128,[]
175900029,175900029__x1776_y0000,test,clean/175900029__x1776_y0000.bmp,1776,0,1024,1024,2800,1024,2,144,[]
175900031,175900031__x0000_y0000,test,clean/175900031__x0000_y0000.bmp,0,0,1024,1024,2800,1024,0,,[]
175900031,175900031__x0896_y0000,test,clean/175900031__x0896_y0000.bmp,896,0,1024,1024,2800,1024,1,128,[]
175900031,175900031__x1776_y0000,test,clean/175900031__x1776_y0000.bmp,1776,0,1024,1024,2800,1024,2,144,[]
175900034,175900034__x0000_y0000,test,clean/175900034__x0000_y0000.bmp,0,0,1024,1024,2800,1024,0,,[]
175900034,175900034__x0896_y0000,test,clean/175900034__x0896_y0000.bmp,896,0,1024,1024,2800,1024,1,128,[]
175900034,175900034__x1776_y0000,test,clean/175900034__x1776_y0000.bmp,1776,0,1024,1024,2800,1024,2,144,[]
175900036,175900036__x0000_y0000,test,clean/175900036__x0000_y0000.bmp,0,0,1024,1024,2800,1024,0,,[]
175900036,175900036__x0896_y0000,test,clean/175900036__x0896_y0000.bmp,896,0,1024,1024,2800,1024,1,128,[]
175900036,175900036__x1776_y0000,test,clean/175900036__x1776_y0000.bmp,1776,0,1024,1024,2800,1024,2,144,[]
175900039,175900039__x0000_y0000,test,clean/175900039__x0000_y0000.bmp,0,0,1024,1024,2800,1024,0,,[]
175900039,175900039__x0896_y0000,test,clean/175900039__x0896_y0000.bmp,896,0,1024,1024,2800,1024,1,128,[]
175900039,175900039__x1776_y0000,test,clean/175900039__x1776_y0000.bmp,1776,0,1024,1024,2800,1024,2,144,[]
175900046,175900046__x0000_y0000,test,clean/175900046__x0000_y0000.bmp,0,0,1024,1024,2800,1024,0,,[]
175900046,175900046__x0896_y0000,test,clean/175900046__x0896_y0000.bmp,896,0,1024,1024,2800,1024,1,128,[]
175900046,175900046__x1776_y0000,test,clean/175900046__x1776_y0000.bmp,1776,0,1024,1024,2800,1024,2,144,[]
175900050,175900050__x0000_y0000,test,clean/175900050__x0000_y0000.bmp,0,0,1024,1024,2800,1024,0,,[]
175900050,175900050__x0896_y0000,test,clean/175900050__x0896_y0000.bmp,896,0,1024,1024,2800,1024,1,128,[]
175900050,175900050__x1776_y0000,test,clean/175900050__x1776_y0000.bmp,1776,0,1024,1024,2800,1024,2,144,[]
175900076,175900076__x0000_y0000,test,clean/175900076__x0000_y0000.bmp,0,0,1024,1024,2800,1024,0,,[]
175900076,175900076__x0896_y0000,test,clean/175900076__x0896_y0000.bmp,896,0,1024,1024,2800,1024,1,128,[]
175900076,175900076__x1776_y0000,test,clean/175900076__x1776_y0000.bmp,1776,0,1024,1024,2800,1024,2,144,[]
175900077,175900077__x0000_y0000,test,clean/175900077__x0000_y0000.bmp,0,0,1024,1024,2800,1024,0,,[]
175900077,175900077__x0896_y0000,test,clean/175900077__x0896_y0000.bmp,896,0,1024,1024,2800,1024,1,128,[]
175900077,175900077__x1776_y0000,test,clean/175900077__x1776_y0000.bmp,1776,0,1024,1024,2800,1024,2,144,[]
175900081,175900081__x0000_y0000,test,clean/175900081__x0000_y0000.bmp,0,0,1024,1024,2800,1024,0,,[]
175900081,175900081__x0896_y0000,test,clean/175900081__x0896_y0000.bmp,896,0,1024,1024,2800,1024,1,128,[]
175900081,175900081__x1776_y0000,test,clean/175900081__x1776_y0000.bmp,1776,0,1024,1024,2800,1024,2,144,[]
176000024,176000024__x0000_y0000,test,clean/176000024__x0000_y0000.bmp,0,0,1024,1024,2800,1024,0,,[]
176000024,176000024__x0896_y0000,test,clean/176000024__x0896_y0000.bmp,896,0,1024,1024,2800,1024,1,128,[]
176000024,176000024__x1776_y0000,test,clean/176000024__x1776_y0000.bmp,1776,0,1024,1024,2800,1024,2,144,[]
176000038,176000038__x0000_y0000,test,clean/176000038__x0000_y0000.bmp,0,0,1024,1024,2800,1024,0,,[]
176000038,176000038__x0896_y0000,test,clean/176000038__x0896_y0000.bmp,896,0,1024,1024,2800,1024,1,128,[]
176000038,176000038__x1776_y0000,test,clean/176000038__x1776_y0000.bmp,1776,0,1024,1024,2800,1024,2,144,[]
176000041,176000041__x0000_y0000,test,clean/176000041__x0000_y0000.bmp,0,0,1024,1024,2800,1024,0,,[]
176000041,176000041__x0896_y0000,test,clean/176000041__x0896_y0000.bmp,896,0,1024,1024,2800,1024,1,128,[]
176000041,176000041__x1776_y0000,test,clean/176000041__x1776_y0000.bmp,1776,0,1024,1024,2800,1024,2,144,[]
176000043,176000043__x0000_y0000,test,clean/176000043__x0000_y0000.bmp,0,0,1024,1024,2800,1024,0,,[]
176000043,176000043__x0896_y0000,test,clean/176000043__x0896_y0000.bmp,896,0,1024,1024,2800,1024,1,128,[]
176000043,176000043__x1776_y0000,test,clean/176000043__x1776_y0000.bmp,1776,0,1024,1024,2800,1024,2,144,[]
99100013,99100013__x0000_y0000,test,clean/99100013__x0000_y0000.bmp,0,0,1024,1024,2800,1024,0,,[]
99100013,99100013__x0896_y0000,test,clean/99100013__x0896_y0000.bmp,896,0,1024,1024,2800,1024,1,128,[]
99100013,99100013__x1776_y0000,test,clean/99100013__x1776_y0000.bmp,1776,0,1024,1024,2800,1024,2,144,[]
99100024,99100024__x0000_y0000,test,clean/99100024__x0000_y0000.bmp,0,0,1024,1024,2800,1024,0,,[]
99100024,99100024__x0896_y0000,test,clean/99100024__x0896_y0000.bmp,896,0,1024,1024,2800,1024,1,128,[]
99100024,99100024__x1776_y0000,test,clean/99100024__x1776_y0000.bmp,1776,0,1024,1024,2800,1024,2,144,[]
99100026,99100026__x0000_y0000,test,clean/99100026__x0000_y0000.bmp,0,0,1024,1024,2800,1024,0,,[]
99100026,99100026__x0896_y0000,test,clean/99100026__x0896_y0000.bmp,896,0,1024,1024,2800,1024,1,128,[]
99100026,99100026__x1776_y0000,test,clean/99100026__x1776_y0000.bmp,1776,0,1024,1024,2800,1024,2,144,[]
99100027,99100027__x0000_y0000,test,clean/99100027__x0000_y0000.bmp,0,0,1024,1024,2800,1024,0,,[]
99100027,99100027__x0896_y0000,test,clean/99100027__x0896_y0000.bmp,896,0,1024,1024,2800,1024,1,128,[]
99100027,99100027__x1776_y0000,test,clean/99100027__x1776_y0000.bmp,1776,0,1024,1024,2800,1024,2,144,[]
99300057,99300057__x0000_y0000,test,clean/99300057__x0000_y0000.bmp,0,0,1024,1024,2800,1024,0,,[]
99300057,99300057__x0896_y0000,test,clean/99300057__x0896_y0000.bmp,896,0,1024,1024,2800,1024,1,128,[]
99300057,99300057__x1776_y0000,test,clean/99300057__x1776_y0000.bmp,1776,0,1024,1024,2800,1024,2,144,[]
99300060,99300060__x0000_y0000,test,clean/99300060__x0000_y0000.bmp,0,0,1024,1024,2800,1024,0,,[]
99300060,99300060__x0896_y0000,test,clean/99300060__x0896_y0000.bmp,896,0,1024,1024,2800,1024,1,128,[]
99300060,99300060__x1776_y0000,test,clean/99300060__x1776_y0000.bmp,1776,0,1024,1024,2800,1024,2,144,[]
99300063,99300063__x0000_y0000,test,clean/99300063__x0000_y0000.bmp,0,0,1024,1024,2800,1024,0,,[]
99300063,99300063__x0896_y0000,test,clean/99300063__x0896_y0000.bmp,896,0,1024,1024,2800,1024,1,128,[]
99300063,99300063__x1776_y0000,test,clean/99300063__x1776_y0000.bmp,1776,0,1024,1024,2800,1024,2,144,[]
99900016,99900016__x0000_y0000,test,clean/99900016__x0000_y0000.bmp,0,0,1024,1024,2800,1024,0,,[]
99900016,99900016__x0896_y0000,test,clean/99900016__x0896_y0000.bmp,896,0,1024,1024,2800,1024,1,128,[]
99900016,99900016__x1776_y0000,test,clean/99900016__x1776_y0000.bmp,1776,0,1024,1024,2800,1024,2,144,[]
99900041,99900041__x0000_y0000,test,clean/99900041__x0000_y0000.bmp,0,0,1024,1024,2800,1024,0,,[]
99900041,99900041__x0896_y0000,test,clean/99900041__x0896_y0000.bmp,896,0,1024,1024,2800,1024,1,128,[]
99900041,99900041__x1776_y0000,test,clean/99900041__x1776_y0000.bmp,1776,0,1024,1024,2800,1024,2,144,[]
99900044,99900044__x0000_y0000,test,clean/99900044__x0000_y0000.bmp,0,0,1024,1024,2800,1024,0,,[]
99900044,99900044__x0896_y0000,test,clean/99900044__x0896_y0000.bmp,896,0,1024,1024,2800,1024,1,128,[]
99900044,99900044__x1776_y0000,test,clean/99900044__x1776_y0000.bmp,1776,0,1024,1024,2800,1024,2,144,[]
99900045,99900045__x0000_y0000,test,clean/99900045__x0000_y0000.bmp,0,0,1024,1024,2800,1024,0,,[]
99900045,99900045__x0896_y0000,test,clean/99900045__x0896_y0000.bmp,896,0,1024,1024,2800,1024,1,128,[]
99900045,99900045__x1776_y0000,test,clean/99900045__x1776_y0000.bmp,1776,0,1024,1024,2800,1024,2,144,[]
99900047,99900047__x0000_y0000,test,clean/99900047__x0000_y0000.bmp,0,0,1024,1024,2800,1024,0,,[]
99900047,99900047__x0896_y0000,test,clean/99900047__x0896_y0000.bmp,896,0,1024,1024,2800,1024,1,128,[]
99900047,99900047__x1776_y0000,test,clean/99900047__x1776_y0000.bmp,1776,0,1024,1024,2800,1024,2,144,[]
99900059,99900059__x0000_y0000,test,clean/99900059__x0000_y0000.bmp,0,0,1024,1024,2800,1024,0,,[]
99900059,99900059__x0896_y0000,test,clean/99900059__x0896_y0000.bmp,896,0,1024,1024,2800,1024,1,128,[]
99900059,99900059__x1776_y0000,test,clean/99900059__x1776_y0000.bmp,1776,0,1024,1024,2800,1024,2,144,[]
99900064,99900064__x0000_y0000,test,clean/99900064__x0000_y0000.bmp,0,0,1024,1024,2800,1024,0,,[]
99900064,99900064__x0896_y0000,test,clean/99900064__x0896_y0000.bmp,896,0,1024,1024,2800,1024,1,128,[]
99900064,99900064__x1776_y0000,test,clean/99900064__x1776_y0000.bmp,1776,0,1024,1024,2800,1024,2,144,[]
