dataset,variant,seed,split,threshold,n_clean_images_or_tiles,fp_images,fp_image_rate,false_detections,fppi,max_detections_on_one_clean_image
vnwoodknot,baseline,42,val,0.05,75,0,0.0,0,0.0,0
vnwoodknot,baseline,42,val,0.1,75,0,0.0,0,0.0,0
vnwoodknot,baseline,42,val,0.15,75,0,0.0,0,0.0,0
vnwoodknot,baseline,42,val,0.2,75,0,0.0,0,0.0,0
vnwoodknot,baseline,42,val,0.25,75,0,0.0,0,0.0,0
vnwoodknot,baseline,42,val,0.3,75,0,0.0,0,0.0,0
vnwoodknot,baseline,42,val,0.35,75,0,0.0,0,0.0,0
vnwoodknot,baseline,42,val,0.4,75,0,0.0,0,0.0,0
vnwoodknot,baseline,42,val,0.45,75,0,0.0,0,0.0,0
vnwoodknot,baseline,42,val,0.5,75,0,0.0,0,0.0,0
vnwoodknot,baseline,42,val,0.55,75,0,0.0,0,0.0,0
vnwoodknot,baseline,42,val,0.6,75,0,0.0,0,0.0,0
vnwoodknot,baseline,42,val,0.65,75,0,0.0,0,0.0,0
vnwoodknot,baseline,42,val,0.7,75,0,0.0,0,0.0,0
vnwoodknot,baseline,42,val,0.75,75,0,0.0,0,0.0,0
vnwoodknot,baseline,42,val,0.8,75,0,0.0,0,0.0,0
vnwoodknot,baseline,42,val,0.85,75,0,0.0,0,0.0,0
vnwoodknot,baseline,42,val,0.9,75,0,0.0,0,0.0,0
vnwoodknot,baseline,42,val,0.95,75,0,0.0,0,0.0,0
vnwoodknot,baseline,42,test,0.05,75,0,0.0,0,0.0,0
vnwoodknot,baseline,42,test,0.1,75,0,0.0,0,0.0,0
vnwoodknot,baseline,42,test,0.15,75,0,0.0,0,0.0,0
vnwoodknot,baseline,42,test,0.2,75,0,0.0,0,0.0,0
vnwoodknot,baseline,42,test,0.25,75,0,0.0,0,0.0,0
vnwoodknot,baseline,42,test,0.3,75,0,0.0,0,0.0,0
vnwoodknot,baseline,42,test,0.35,75,0,0.0,0,0.0,0
vnwoodknot,baseline,42,test,0.4,75,0,0.0,0,0.0,0
vnwoodknot,baseline,42,test,0.45,75,0,0.0,0,0.0,0
vnwoodknot,baseline,42,test,0.5,75,0,0.0,0,0.0,0
vnwoodknot,baseline,42,test,0.55,75,0,0.0,0,0.0,0
vnwoodknot,baseline,42,test,0.6,75,0,0.0,0,0.0,0
vnwoodknot,baseline,42,test,0.65,75,0,0.0,0,0.0,0
vnwoodknot,baseline,42,test,0.7,75,0,0.0,0,0.0,0
vnwoodknot,baseline,42,test,0.75,75,0,0.0,0,0.0,0
vnwoodknot,baseline,42,test,0.8,75,0,0.0,0,0.0,0
vnwoodknot,baseline,42,test,0.85,75,0,0.0,0,0.0,0
vnwoodknot,baseline,42,test,0.9,75,0,0.0,0,0.0,0
vnwoodknot,baseline,42,test,0.95,75,0,0.0,0,0.0,0
vnwoodknot,baseline,43,val,0.05,75,1,0.013333333333333334,2,0.02666666666666667,2
vnwoodknot,baseline,43,val,0.1,75,0,0.0,0,0.0,0
vnwoodknot,baseline,43,val,0.15,75,0,0.0,0,0.0,0
vnwoodknot,baseline,43,val,0.2,75,0,0.0,0,0.0,0
vnwoodknot,baseline,43,val,0.25,75,0,0.0,0,0.0,0
vnwoodknot,baseline,43,val,0.3,75,0,0.0,0,0.0,0
vnwoodknot,baseline,43,val,0.35,75,0,0.0,0,0.0,0
vnwoodknot,baseline,43,val,0.4,75,0,0.0,0,0.0,0
vnwoodknot,baseline,43,val,0.45,75,0,0.0,0,0.0,0
vnwoodknot,baseline,43,val,0.5,75,0,0.0,0,0.0,0
vnwoodknot,baseline,43,val,0.55,75,0,0.0,0,0.0,0
vnwoodknot,baseline,43,val,0.6,75,0,0.0,0,0.0,0
vnwoodknot,baseline,43,val,0.65,75,0,0.0,0,0.0,0
vnwoodknot,baseline,43,val,0.7,75,0,0.0,0,0.0,0
vnwoodknot,baseline,43,val,0.75,75,0,0.0,0,0.0,0
vnwoodknot,baseline,43,val,0.8,75,0,0.0,0,0.0,0
vnwoodknot,baseline,43,val,0.85,75,0,0.0,0,0.0,0
vnwoodknot,baseline,43,val,0.9,75,0,0.0,0,0.0,0
vnwoodknot,baseline,43,val,0.95,75,0,0.0,0,0.0,0
vnwoodknot,baseline,43,test,0.05,75,2,0.02666666666666667,4,0.05333333333333334,3
vnwoodknot,baseline,43,test,0.1,75,1,0.013333333333333334,2,0.02666666666666667,2
vnwoodknot,baseline,43,test,0.15,75,1,0.013333333333333334,2,0.02666666666666667,2
vnwoodknot,baseline,43,test,0.2,75,1,0.013333333333333334,2,0.02666666666666667,2
vnwoodknot,baseline,43,test,0.25,75,1,0.013333333333333334,1,0.013333333333333334,1
vnwoodknot,baseline,43,test,0.3,75,0,0.0,0,0.0,0
vnwoodknot,baseline,43,test,0.35,75,0,0.0,0,0.0,0
vnwoodknot,baseline,43,test,0.4,75,0,0.0,0,0.0,0
vnwoodknot,baseline,43,test,0.45,75,0,0.0,0,0.0,0
vnwoodknot,baseline,43,test,0.5,75,0,0.0,0,0.0,0
vnwoodknot,baseline,43,test,0.55,75,0,0.0,0,0.0,0
vnwoodknot,baseline,43,test,0.6,75,0,0.0,0,0.0,0
vnwoodknot,baseline,43,test,0.65,75,0,0.0,0,0.0,0
vnwoodknot,baseline,43,test,0.7,75,0,0.0,0,0.0,0
vnwoodknot,baseline,43,test,0.75,75,0,0.0,0,0.0,0
vnwoodknot,baseline,43,test,0.8,75,0,0.0,0,0.0,0
vnwoodknot,baseline,43,test,0.85,75,0,0.0,0,0.0,0
vnwoodknot,baseline,43,test,0.9,75,0,0.0,0,0.0,0
vnwoodknot,baseline,43,test,0.95,75,0,0.0,0,0.0,0
vnwoodknot,baseline,44,val,0.05,75,0,0.0,0,0.0,0
vnwoodknot,baseline,44,val,0.1,75,0,0.0,0,0.0,0
vnwoodknot,baseline,44,val,0.15,75,0,0.0,0,0.0,0
vnwoodknot,baseline,44,val,0.2,75,0,0.0,0,0.0,0
vnwoodknot,baseline,44,val,0.25,75,0,0.0,0,0.0,0
vnwoodknot,baseline,44,val,0.3,75,0,0.0,0,0.0,0
vnwoodknot,baseline,44,val,0.35,75,0,0.0,0,0.0,0
vnwoodknot,baseline,44,val,0.4,75,0,0.0,0,0.0,0
vnwoodknot,baseline,44,val,0.45,75,0,0.0,0,0.0,0
vnwoodknot,baseline,44,val,0.5,75,0,0.0,0,0.0,0
vnwoodknot,baseline,44,val,0.55,75,0,0.0,0,0.0,0
vnwoodknot,baseline,44,val,0.6,75,0,0.0,0,0.0,0
vnwoodknot,baseline,44,val,0.65,75,0,0.0,0,0.0,0
vnwoodknot,baseline,44,val,0.7,75,0,0.0,0,0.0,0
vnwoodknot,baseline,44,val,0.75,75,0,0.0,0,0.0,0
vnwoodknot,baseline,44,val,0.8,75,0,0.0,0,0.0,0
vnwoodknot,baseline,44,val,0.85,75,0,0.0,0,0.0,0
vnwoodknot,baseline,44,val,0.9,75,0,0.0,0,0.0,0
vnwoodknot,baseline,44,val,0.95,75,0,0.0,0,0.0,0
vnwoodknot,baseline,44,test,0.05,75,2,0.02666666666666667,2,0.02666666666666667,1
vnwoodknot,baseline,44,test,0.1,75,0,0.0,0,0.0,0
vnwoodknot,baseline,44,test,0.15,75,0,0.0,0,0.0,0
vnwoodknot,baseline,44,test,0.2,75,0,0.0,0,0.0,0
vnwoodknot,baseline,44,test,0.25,75,0,0.0,0,0.0,0
vnwoodknot,baseline,44,test,0.3,75,0,0.0,0,0.0,0
vnwoodknot,baseline,44,test,0.35,75,0,0.0,0,0.0,0
vnwoodknot,baseline,44,test,0.4,75,0,0.0,0,0.0,0
vnwoodknot,baseline,44,test,0.45,75,0,0.0,0,0.0,0
vnwoodknot,baseline,44,test,0.5,75,0,0.0,0,0.0,0
vnwoodknot,baseline,44,test,0.55,75,0,0.0,0,0.0,0
vnwoodknot,baseline,44,test,0.6,75,0,0.0,0,0.0,0
vnwoodknot,baseline,44,test,0.65,75,0,0.0,0,0.0,0
vnwoodknot,baseline,44,test,0.7,75,0,0.0,0,0.0,0
vnwoodknot,baseline,44,test,0.75,75,0,0.0,0,0.0,0
vnwoodknot,baseline,44,test,0.8,75,0,0.0,0,0.0,0
vnwoodknot,baseline,44,test,0.85,75,0,0.0,0,0.0,0
vnwoodknot,baseline,44,test,0.9,75,0,0.0,0,0.0,0
vnwoodknot,baseline,44,test,0.95,75,0,0.0,0,0.0,0
vnwoodknot,p1_clahe,42,val,0.05,75,1,0.013333333333333334,1,0.013333333333333334,1
vnwoodknot,p1_clahe,42,val,0.1,75,0,0.0,0,0.0,0
vnwoodknot,p1_clahe,42,val,0.15,75,0,0.0,0,0.0,0
vnwoodknot,p1_clahe,42,val,0.2,75,0,0.0,0,0.0,0
vnwoodknot,p1_clahe,42,val,0.25,75,0,0.0,0,0.0,0
vnwoodknot,p1_clahe,42,val,0.3,75,0,0.0,0,0.0,0
vnwoodknot,p1_clahe,42,val,0.35,75,0,0.0,0,0.0,0
vnwoodknot,p1_clahe,42,val,0.4,75,0,0.0,0,0.0,0
vnwoodknot,p1_clahe,42,val,0.45,75,0,0.0,0,0.0,0
vnwoodknot,p1_clahe,42,val,0.5,75,0,0.0,0,0.0,0
vnwoodknot,p1_clahe,42,val,0.55,75,0,0.0,0,0.0,0
vnwoodknot,p1_clahe,42,val,0.6,75,0,0.0,0,0.0,0
vnwoodknot,p1_clahe,42,val,0.65,75,0,0.0,0,0.0,0
vnwoodknot,p1_clahe,42,val,0.7,75,0,0.0,0,0.0,0
vnwoodknot,p1_clahe,42,val,0.75,75,0,0.0,0,0.0,0
vnwoodknot,p1_clahe,42,val,0.8,75,0,0.0,0,0.0,0
vnwoodknot,p1_clahe,42,val,0.85,75,0,0.0,0,0.0,0
vnwoodknot,p1_clahe,42,val,0.9,75,0,0.0,0,0.0,0
vnwoodknot,p1_clahe,42,val,0.95,75,0,0.0,0,0.0,0
vnwoodknot,p1_clahe,42,test,0.05,75,2,0.02666666666666667,2,0.02666666666666667,1
vnwoodknot,p1_clahe,42,test,0.1,75,1,0.013333333333333334,1,0.013333333333333334,1
vnwoodknot,p1_clahe,42,test,0.15,75,1,0.013333333333333334,1,0.013333333333333334,1
vnwoodknot,p1_clahe,42,test,0.2,75,1,0.013333333333333334,1,0.013333333333333334,1
vnwoodknot,p1_clahe,42,test,0.25,75,1,0.013333333333333334,1,0.013333333333333334,1
vnwoodknot,p1_clahe,42,test,0.3,75,1,0.013333333333333334,1,0.013333333333333334,1
vnwoodknot,p1_clahe,42,test,0.35,75,0,0.0,0,0.0,0
vnwoodknot,p1_clahe,42,test,0.4,75,0,0.0,0,0.0,0
vnwoodknot,p1_clahe,42,test,0.45,75,0,0.0,0,0.0,0
vnwoodknot,p1_clahe,42,test,0.5,75,0,0.0,0,0.0,0
vnwoodknot,p1_clahe,42,test,0.55,75,0,0.0,0,0.0,0
vnwoodknot,p1_clahe,42,test,0.6,75,0,0.0,0,0.0,0
vnwoodknot,p1_clahe,42,test,0.65,75,0,0.0,0,0.0,0
vnwoodknot,p1_clahe,42,test,0.7,75,0,0.0,0,0.0,0
vnwoodknot,p1_clahe,42,test,0.75,75,0,0.0,0,0.0,0
vnwoodknot,p1_clahe,42,test,0.8,75,0,0.0,0,0.0,0
vnwoodknot,p1_clahe,42,test,0.85,75,0,0.0,0,0.0,0
vnwoodknot,p1_clahe,42,test,0.9,75,0,0.0,0,0.0,0
vnwoodknot,p1_clahe,42,test,0.95,75,0,0.0,0,0.0,0
vnwoodknot,p1_clahe,43,val,0.05,75,0,0.0,0,0.0,0
vnwoodknot,p1_clahe,43,val,0.1,75,0,0.0,0,0.0,0
vnwoodknot,p1_clahe,43,val,0.15,75,0,0.0,0,0.0,0
vnwoodknot,p1_clahe,43,val,0.2,75,0,0.0,0,0.0,0
vnwoodknot,p1_clahe,43,val,0.25,75,0,0.0,0,0.0,0
vnwoodknot,p1_clahe,43,val,0.3,75,0,0.0,0,0.0,0
vnwoodknot,p1_clahe,43,val,0.35,75,0,0.0,0,0.0,0
vnwoodknot,p1_clahe,43,val,0.4,75,0,0.0,0,0.0,0
vnwoodknot,p1_clahe,43,val,0.45,75,0,0.0,0,0.0,0
vnwoodknot,p1_clahe,43,val,0.5,75,0,0.0,0,0.0,0
vnwoodknot,p1_clahe,43,val,0.55,75,0,0.0,0,0.0,0
vnwoodknot,p1_clahe,43,val,0.6,75,0,0.0,0,0.0,0
vnwoodknot,p1_clahe,43,val,0.65,75,0,0.0,0,0.0,0
vnwoodknot,p1_clahe,43,val,0.7,75,0,0.0,0,0.0,0
vnwoodknot,p1_clahe,43,val,0.75,75,0,0.0,0,0.0,0
vnwoodknot,p1_clahe,43,val,0.8,75,0,0.0,0,0.0,0
vnwoodknot,p1_clahe,43,val,0.85,75,0,0.0,0,0.0,0
vnwoodknot,p1_clahe,43,val,0.9,75,0,0.0,0,0.0,0
vnwoodknot,p1_clahe,43,val,0.95,75,0,0.0,0,0.0,0
vnwoodknot,p1_clahe,43,test,0.05,75,0,0.0,0,0.0,0
vnwoodknot,p1_clahe,43,test,0.1,75,0,0.0,0,0.0,0
vnwoodknot,p1_clahe,43,test,0.15,75,0,0.0,0,0.0,0
vnwoodknot,p1_clahe,43,test,0.2,75,0,0.0,0,0.0,0
vnwoodknot,p1_clahe,43,test,0.25,75,0,0.0,0,0.0,0
vnwoodknot,p1_clahe,43,test,0.3,75,0,0.0,0,0.0,0
vnwoodknot,p1_clahe,43,test,0.35,75,0,0.0,0,0.0,0
vnwoodknot,p1_clahe,43,test,0.4,75,0,0.0,0,0.0,0
vnwoodknot,p1_clahe,43,test,0.45,75,0,0.0,0,0.0,0
vnwoodknot,p1_clahe,43,test,0.5,75,0,0.0,0,0.0,0
vnwoodknot,p1_clahe,43,test,0.55,75,0,0.0,0,0.0,0
vnwoodknot,p1_clahe,43,test,0.6,75,0,0.0,0,0.0,0
vnwoodknot,p1_clahe,43,test,0.65,75,0,0.0,0,0.0,0
vnwoodknot,p1_clahe,43,test,0.7,75,0,0.0,0,0.0,0
vnwoodknot,p1_clahe,43,test,0.75,75,0,0.0,0,0.0,0
vnwoodknot,p1_clahe,43,test,0.8,75,0,0.0,0,0.0,0
vnwoodknot,p1_clahe,43,test,0.85,75,0,0.0,0,0.0,0
vnwoodknot,p1_clahe,43,test,0.9,75,0,0.0,0,0.0,0
vnwoodknot,p1_clahe,43,test,0.95,75,0,0.0,0,0.0,0
vnwoodknot,p1_clahe,44,val,0.05,75,0,0.0,0,0.0,0
vnwoodknot,p1_clahe,44,val,0.1,75,0,0.0,0,0.0,0
vnwoodknot,p1_clahe,44,val,0.15,75,0,0.0,0,0.0,0
vnwoodknot,p1_clahe,44,val,0.2,75,0,0.0,0,0.0,0
vnwoodknot,p1_clahe,44,val,0.25,75,0,0.0,0,0.0,0
vnwoodknot,p1_clahe,44,val,0.3,75,0,0.0,0,0.0,0
vnwoodknot,p1_clahe,44,val,0.35,75,0,0.0,0,0.0,0
vnwoodknot,p1_clahe,44,val,0.4,75,0,0.0,0,0.0,0
vnwoodknot,p1_clahe,44,val,0.45,75,0,0.0,0,0.0,0
vnwoodknot,p1_clahe,44,val,0.5,75,0,0.0,0,0.0,0
vnwoodknot,p1_clahe,44,val,0.55,75,0,0.0,0,0.0,0
vnwoodknot,p1_clahe,44,val,0.6,75,0,0.0,0,0.0,0
vnwoodknot,p1_clahe,44,val,0.65,75,0,0.0,0,0.0,0
vnwoodknot,p1_clahe,44,val,0.7,75,0,0.0,0,0.0,0
vnwoodknot,p1_clahe,44,val,0.75,75,0,0.0,0,0.0,0
vnwoodknot,p1_clahe,44,val,0.8,75,0,0.0,0,0.0,0
vnwoodknot,p1_clahe,44,val,0.85,75,0,0.0,0,0.0,0
vnwoodknot,p1_clahe,44,val,0.9,75,0,0.0,0,0.0,0
vnwoodknot,p1_clahe,44,val,0.95,75,0,0.0,0,0.0,0
vnwoodknot,p1_clahe,44,test,0.05,75,1,0.013333333333333334,1,0.013333333333333334,1
vnwoodknot,p1_clahe,44,test,0.1,75,1,0.013333333333333334,1,0.013333333333333334,1
vnwoodknot,p1_clahe,44,test,0.15,75,0,0.0,0,0.0,0
vnwoodknot,p1_clahe,44,test,0.2,75,0,0.0,0,0.0,0
vnwoodknot,p1_clahe,44,test,0.25,75,0,0.0,0,0.0,0
vnwoodknot,p1_clahe,44,test,0.3,75,0,0.0,0,0.0,0
vnwoodknot,p1_clahe,44,test,0.35,75,0,0.0,0,0.0,0
vnwoodknot,p1_clahe,44,test,0.4,75,0,0.0,0,0.0,0
vnwoodknot,p1_clahe,44,test,0.45,75,0,0.0,0,0.0,0
vnwoodknot,p1_clahe,44,test,0.5,75,0,0.0,0,0.0,0
vnwoodknot,p1_clahe,44,test,0.55,75,0,0.0,0,0.0,0
vnwoodknot,p1_clahe,44,test,0.6,75,0,0.0,0,0.0,0
vnwoodknot,p1_clahe,44,test,0.65,75,0,0.0,0,0.0,0
vnwoodknot,p1_clahe,44,test,0.7,75,0,0.0,0,0.0,0
vnwoodknot,p1_clahe,44,test,0.75,75,0,0.0,0,0.0,0
vnwoodknot,p1_clahe,44,test,0.8,75,0,0.0,0,0.0,0
vnwoodknot,p1_clahe,44,test,0.85,75,0,0.0,0,0.0,0
vnwoodknot,p1_clahe,44,test,0.9,75,0,0.0,0,0.0,0
vnwoodknot,p1_clahe,44,test,0.95,75,0,0.0,0,0.0,0
vnwoodknot,p2_illumination,42,val,0.05,75,0,0.0,0,0.0,0
vnwoodknot,p2_illumination,42,val,0.1,75,0,0.0,0,0.0,0
vnwoodknot,p2_illumination,42,val,0.15,75,0,0.0,0,0.0,0
vnwoodknot,p2_illumination,42,val,0.2,75,0,0.0,0,0.0,0
vnwoodknot,p2_illumination,42,val,0.25,75,0,0.0,0,0.0,0
vnwoodknot,p2_illumination,42,val,0.3,75,0,0.0,0,0.0,0
vnwoodknot,p2_illumination,42,val,0.35,75,0,0.0,0,0.0,0
vnwoodknot,p2_illumination,42,val,0.4,75,0,0.0,0,0.0,0
vnwoodknot,p2_illumination,42,val,0.45,75,0,0.0,0,0.0,0
vnwoodknot,p2_illumination,42,val,0.5,75,0,0.0,0,0.0,0
vnwoodknot,p2_illumination,42,val,0.55,75,0,0.0,0,0.0,0
vnwoodknot,p2_illumination,42,val,0.6,75,0,0.0,0,0.0,0
vnwoodknot,p2_illumination,42,val,0.65,75,0,0.0,0,0.0,0
vnwoodknot,p2_illumination,42,val,0.7,75,0,0.0,0,0.0,0
vnwoodknot,p2_illumination,42,val,0.75,75,0,0.0,0,0.0,0
vnwoodknot,p2_illumination,42,val,0.8,75,0,0.0,0,0.0,0
vnwoodknot,p2_illumination,42,val,0.85,75,0,0.0,0,0.0,0
vnwoodknot,p2_illumination,42,val,0.9,75,0,0.0,0,0.0,0
vnwoodknot,p2_illumination,42,val,0.95,75,0,0.0,0,0.0,0
vnwoodknot,p2_illumination,42,test,0.05,75,1,0.013333333333333334,2,0.02666666666666667,2
vnwoodknot,p2_illumination,42,test,0.1,75,1,0.013333333333333334,1,0.013333333333333334,1
vnwoodknot,p2_illumination,42,test,0.15,75,0,0.0,0,0.0,0
vnwoodknot,p2_illumination,42,test,0.2,75,0,0.0,0,0.0,0
vnwoodknot,p2_illumination,42,test,0.25,75,0,0.0,0,0.0,0
vnwoodknot,p2_illumination,42,test,0.3,75,0,0.0,0,0.0,0
vnwoodknot,p2_illumination,42,test,0.35,75,0,0.0,0,0.0,0
vnwoodknot,p2_illumination,42,test,0.4,75,0,0.0,0,0.0,0
vnwoodknot,p2_illumination,42,test,0.45,75,0,0.0,0,0.0,0
vnwoodknot,p2_illumination,42,test,0.5,75,0,0.0,0,0.0,0
vnwoodknot,p2_illumination,42,test,0.55,75,0,0.0,0,0.0,0
vnwoodknot,p2_illumination,42,test,0.6,75,0,0.0,0,0.0,0
vnwoodknot,p2_illumination,42,test,0.65,75,0,0.0,0,0.0,0
vnwoodknot,p2_illumination,42,test,0.7,75,0,0.0,0,0.0,0
vnwoodknot,p2_illumination,42,test,0.75,75,0,0.0,0,0.0,0
vnwoodknot,p2_illumination,42,test,0.8,75,0,0.0,0,0.0,0
vnwoodknot,p2_illumination,42,test,0.85,75,0,0.0,0,0.0,0
vnwoodknot,p2_illumination,42,test,0.9,75,0,0.0,0,0.0,0
vnwoodknot,p2_illumination,42,test,0.95,75,0,0.0,0,0.0,0
vnwoodknot,p2_illumination,43,val,0.05,75,1,0.013333333333333334,1,0.013333333333333334,1
vnwoodknot,p2_illumination,43,val,0.1,75,1,0.013333333333333334,1,0.013333333333333334,1
vnwoodknot,p2_illumination,43,val,0.15,75,0,0.0,0,0.0,0
vnwoodknot,p2_illumination,43,val,0.2,75,0,0.0,0,0.0,0
vnwoodknot,p2_illumination,43,val,0.25,75,0,0.0,0,0.0,0
vnwoodknot,p2_illumination,43,val,0.3,75,0,0.0,0,0.0,0
vnwoodknot,p2_illumination,43,val,0.35,75,0,0.0,0,0.0,0
vnwoodknot,p2_illumination,43,val,0.4,75,0,0.0,0,0.0,0
vnwoodknot,p2_illumination,43,val,0.45,75,0,0.0,0,0.0,0
vnwoodknot,p2_illumination,43,val,0.5,75,0,0.0,0,0.0,0
vnwoodknot,p2_illumination,43,val,0.55,75,0,0.0,0,0.0,0
vnwoodknot,p2_illumination,43,val,0.6,75,0,0.0,0,0.0,0
vnwoodknot,p2_illumination,43,val,0.65,75,0,0.0,0,0.0,0
vnwoodknot,p2_illumination,43,val,0.7,75,0,0.0,0,0.0,0
vnwoodknot,p2_illumination,43,val,0.75,75,0,0.0,0,0.0,0
vnwoodknot,p2_illumination,43,val,0.8,75,0,0.0,0,0.0,0
vnwoodknot,p2_illumination,43,val,0.85,75,0,0.0,0,0.0,0
vnwoodknot,p2_illumination,43,val,0.9,75,0,0.0,0,0.0,0
vnwoodknot,p2_illumination,43,val,0.95,75,0,0.0,0,0.0,0
vnwoodknot,p2_illumination,43,test,0.05,75,0,0.0,0,0.0,0
vnwoodknot,p2_illumination,43,test,0.1,75,0,0.0,0,0.0,0
vnwoodknot,p2_illumination,43,test,0.15,75,0,0.0,0,0.0,0
vnwoodknot,p2_illumination,43,test,0.2,75,0,0.0,0,0.0,0
vnwoodknot,p2_illumination,43,test,0.25,75,0,0.0,0,0.0,0
vnwoodknot,p2_illumination,43,test,0.3,75,0,0.0,0,0.0,0
vnwoodknot,p2_illumination,43,test,0.35,75,0,0.0,0,0.0,0
vnwoodknot,p2_illumination,43,test,0.4,75,0,0.0,0,0.0,0
vnwoodknot,p2_illumination,43,test,0.45,75,0,0.0,0,0.0,0
vnwoodknot,p2_illumination,43,test,0.5,75,0,0.0,0,0.0,0
vnwoodknot,p2_illumination,43,test,0.55,75,0,0.0,0,0.0,0
vnwoodknot,p2_illumination,43,test,0.6,75,0,0.0,0,0.0,0
vnwoodknot,p2_illumination,43,test,0.65,75,0,0.0,0,0.0,0
vnwoodknot,p2_illumination,43,test,0.7,75,0,0.0,0,0.0,0
vnwoodknot,p2_illumination,43,test,0.75,75,0,0.0,0,0.0,0
vnwoodknot,p2_illumination,43,test,0.8,75,0,0.0,0,0.0,0
vnwoodknot,p2_illumination,43,test,0.85,75,0,0.0,0,0.0,0
vnwoodknot,p2_illumination,43,test,0.9,75,0,0.0,0,0.0,0
vnwoodknot,p2_illumination,43,test,0.95,75,0,0.0,0,0.0,0
vnwoodknot,p2_illumination,44,val,0.05,75,0,0.0,0,0.0,0
vnwoodknot,p2_illumination,44,val,0.1,75,0,0.0,0,0.0,0
vnwoodknot,p2_illumination,44,val,0.15,75,0,0.0,0,0.0,0
vnwoodknot,p2_illumination,44,val,0.2,75,0,0.0,0,0.0,0
vnwoodknot,p2_illumination,44,val,0.25,75,0,0.0,0,0.0,0
vnwoodknot,p2_illumination,44,val,0.3,75,0,0.0,0,0.0,0
vnwoodknot,p2_illumination,44,val,0.35,75,0,0.0,0,0.0,0
vnwoodknot,p2_illumination,44,val,0.4,75,0,0.0,0,0.0,0
vnwoodknot,p2_illumination,44,val,0.45,75,0,0.0,0,0.0,0
vnwoodknot,p2_illumination,44,val,0.5,75,0,0.0,0,0.0,0
vnwoodknot,p2_illumination,44,val,0.55,75,0,0.0,0,0.0,0
vnwoodknot,p2_illumination,44,val,0.6,75,0,0.0,0,0.0,0
vnwoodknot,p2_illumination,44,val,0.65,75,0,0.0,0,0.0,0
vnwoodknot,p2_illumination,44,val,0.7,75,0,0.0,0,0.0,0
vnwoodknot,p2_illumination,44,val,0.75,75,0,0.0,0,0.0,0
vnwoodknot,p2_illumination,44,val,0.8,75,0,0.0,0,0.0,0
vnwoodknot,p2_illumination,44,val,0.85,75,0,0.0,0,0.0,0
vnwoodknot,p2_illumination,44,val,0.9,75,0,0.0,0,0.0,0
vnwoodknot,p2_illumination,44,val,0.95,75,0,0.0,0,0.0,0
vnwoodknot,p2_illumination,44,test,0.05,75,1,0.013333333333333334,1,0.013333333333333334,1
vnwoodknot,p2_illumination,44,test,0.1,75,0,0.0,0,0.0,0
vnwoodknot,p2_illumination,44,test,0.15,75,0,0.0,0,0.0,0
vnwoodknot,p2_illumination,44,test,0.2,75,0,0.0,0,0.0,0
vnwoodknot,p2_illumination,44,test,0.25,75,0,0.0,0,0.0,0
vnwoodknot,p2_illumination,44,test,0.3,75,0,0.0,0,0.0,0
vnwoodknot,p2_illumination,44,test,0.35,75,0,0.0,0,0.0,0
vnwoodknot,p2_illumination,44,test,0.4,75,0,0.0,0,0.0,0
vnwoodknot,p2_illumination,44,test,0.45,75,0,0.0,0,0.0,0
vnwoodknot,p2_illumination,44,test,0.5,75,0,0.0,0,0.0,0
vnwoodknot,p2_illumination,44,test,0.55,75,0,0.0,0,0.0,0
vnwoodknot,p2_illumination,44,test,0.6,75,0,0.0,0,0.0,0
vnwoodknot,p2_illumination,44,test,0.65,75,0,0.0,0,0.0,0
vnwoodknot,p2_illumination,44,test,0.7,75,0,0.0,0,0.0,0
vnwoodknot,p2_illumination,44,test,0.75,75,0,0.0,0,0.0,0
vnwoodknot,p2_illumination,44,test,0.8,75,0,0.0,0,0.0,0
vnwoodknot,p2_illumination,44,test,0.85,75,0,0.0,0,0.0,0
vnwoodknot,p2_illumination,44,test,0.9,75,0,0.0,0,0.0,0
vnwoodknot,p2_illumination,44,test,0.95,75,0,0.0,0,0.0,0
vnwoodknot,p3_unsharp,42,val,0.05,75,0,0.0,0,0.0,0
vnwoodknot,p3_unsharp,42,val,0.1,75,0,0.0,0,0.0,0
vnwoodknot,p3_unsharp,42,val,0.15,75,0,0.0,0,0.0,0
vnwoodknot,p3_unsharp,42,val,0.2,75,0,0.0,0,0.0,0
vnwoodknot,p3_unsharp,42,val,0.25,75,0,0.0,0,0.0,0
vnwoodknot,p3_unsharp,42,val,0.3,75,0,0.0,0,0.0,0
vnwoodknot,p3_unsharp,42,val,0.35,75,0,0.0,0,0.0,0
vnwoodknot,p3_unsharp,42,val,0.4,75,0,0.0,0,0.0,0
vnwoodknot,p3_unsharp,42,val,0.45,75,0,0.0,0,0.0,0
vnwoodknot,p3_unsharp,42,val,0.5,75,0,0.0,0,0.0,0
vnwoodknot,p3_unsharp,42,val,0.55,75,0,0.0,0,0.0,0
vnwoodknot,p3_unsharp,42,val,0.6,75,0,0.0,0,0.0,0
vnwoodknot,p3_unsharp,42,val,0.65,75,0,0.0,0,0.0,0
vnwoodknot,p3_unsharp,42,val,0.7,75,0,0.0,0,0.0,0
vnwoodknot,p3_unsharp,42,val,0.75,75,0,0.0,0,0.0,0
vnwoodknot,p3_unsharp,42,val,0.8,75,0,0.0,0,0.0,0
vnwoodknot,p3_unsharp,42,val,0.85,75,0,0.0,0,0.0,0
vnwoodknot,p3_unsharp,42,val,0.9,75,0,0.0,0,0.0,0
vnwoodknot,p3_unsharp,42,val,0.95,75,0,0.0,0,0.0,0
vnwoodknot,p3_unsharp,42,test,0.05,75,2,0.02666666666666667,2,0.02666666666666667,1
vnwoodknot,p3_unsharp,42,test,0.1,75,0,0.0,0,0.0,0
vnwoodknot,p3_unsharp,42,test,0.15,75,0,0.0,0,0.0,0
vnwoodknot,p3_unsharp,42,test,0.2,75,0,0.0,0,0.0,0
vnwoodknot,p3_unsharp,42,test,0.25,75,0,0.0,0,0.0,0
vnwoodknot,p3_unsharp,42,test,0.3,75,0,0.0,0,0.0,0
vnwoodknot,p3_unsharp,42,test,0.35,75,0,0.0,0,0.0,0
vnwoodknot,p3_unsharp,42,test,0.4,75,0,0.0,0,0.0,0
vnwoodknot,p3_unsharp,42,test,0.45,75,0,0.0,0,0.0,0
vnwoodknot,p3_unsharp,42,test,0.5,75,0,0.0,0,0.0,0
vnwoodknot,p3_unsharp,42,test,0.55,75,0,0.0,0,0.0,0
vnwoodknot,p3_unsharp,42,test,0.6,75,0,0.0,0,0.0,0
vnwoodknot,p3_unsharp,42,test,0.65,75,0,0.0,0,0.0,0
vnwoodknot,p3_unsharp,42,test,0.7,75,0,0.0,0,0.0,0
vnwoodknot,p3_unsharp,42,test,0.75,75,0,0.0,0,0.0,0
vnwoodknot,p3_unsharp,42,test,0.8,75,0,0.0,0,0.0,0
vnwoodknot,p3_unsharp,42,test,0.85,75,0,0.0,0,0.0,0
vnwoodknot,p3_unsharp,42,test,0.9,75,0,0.0,0,0.0,0
vnwoodknot,p3_unsharp,42,test,0.95,75,0,0.0,0,0.0,0
vnwoodknot,p3_unsharp,43,val,0.05,75,0,0.0,0,0.0,0
vnwoodknot,p3_unsharp,43,val,0.1,75,0,0.0,0,0.0,0
vnwoodknot,p3_unsharp,43,val,0.15,75,0,0.0,0,0.0,0
vnwoodknot,p3_unsharp,43,val,0.2,75,0,0.0,0,0.0,0
vnwoodknot,p3_unsharp,43,val,0.25,75,0,0.0,0,0.0,0
vnwoodknot,p3_unsharp,43,val,0.3,75,0,0.0,0,0.0,0
vnwoodknot,p3_unsharp,43,val,0.35,75,0,0.0,0,0.0,0
vnwoodknot,p3_unsharp,43,val,0.4,75,0,0.0,0,0.0,0
vnwoodknot,p3_unsharp,43,val,0.45,75,0,0.0,0,0.0,0
vnwoodknot,p3_unsharp,43,val,0.5,75,0,0.0,0,0.0,0
vnwoodknot,p3_unsharp,43,val,0.55,75,0,0.0,0,0.0,0
vnwoodknot,p3_unsharp,43,val,0.6,75,0,0.0,0,0.0,0
vnwoodknot,p3_unsharp,43,val,0.65,75,0,0.0,0,0.0,0
vnwoodknot,p3_unsharp,43,val,0.7,75,0,0.0,0,0.0,0
vnwoodknot,p3_unsharp,43,val,0.75,75,0,0.0,0,0.0,0
vnwoodknot,p3_unsharp,43,val,0.8,75,0,0.0,0,0.0,0
vnwoodknot,p3_unsharp,43,val,0.85,75,0,0.0,0,0.0,0
vnwoodknot,p3_unsharp,43,val,0.9,75,0,0.0,0,0.0,0
vnwoodknot,p3_unsharp,43,val,0.95,75,0,0.0,0,0.0,0
vnwoodknot,p3_unsharp,43,test,0.05,75,0,0.0,0,0.0,0
vnwoodknot,p3_unsharp,43,test,0.1,75,0,0.0,0,0.0,0
vnwoodknot,p3_unsharp,43,test,0.15,75,0,0.0,0,0.0,0
vnwoodknot,p3_unsharp,43,test,0.2,75,0,0.0,0,0.0,0
vnwoodknot,p3_unsharp,43,test,0.25,75,0,0.0,0,0.0,0
vnwoodknot,p3_unsharp,43,test,0.3,75,0,0.0,0,0.0,0
vnwoodknot,p3_unsharp,43,test,0.35,75,0,0.0,0,0.0,0
vnwoodknot,p3_unsharp,43,test,0.4,75,0,0.0,0,0.0,0
vnwoodknot,p3_unsharp,43,test,0.45,75,0,0.0,0,0.0,0
vnwoodknot,p3_unsharp,43,test,0.5,75,0,0.0,0,0.0,0
vnwoodknot,p3_unsharp,43,test,0.55,75,0,0.0,0,0.0,0
vnwoodknot,p3_unsharp,43,test,0.6,75,0,0.0,0,0.0,0
vnwoodknot,p3_unsharp,43,test,0.65,75,0,0.0,0,0.0,0
vnwoodknot,p3_unsharp,43,test,0.7,75,0,0.0,0,0.0,0
vnwoodknot,p3_unsharp,43,test,0.75,75,0,0.0,0,0.0,0
vnwoodknot,p3_unsharp,43,test,0.8,75,0,0.0,0,0.0,0
vnwoodknot,p3_unsharp,43,test,0.85,75,0,0.0,0,0.0,0
vnwoodknot,p3_unsharp,43,test,0.9,75,0,0.0,0,0.0,0
vnwoodknot,p3_unsharp,43,test,0.95,75,0,0.0,0,0.0,0
vnwoodknot,p3_unsharp,44,val,0.05,75,0,0.0,0,0.0,0
vnwoodknot,p3_unsharp,44,val,0.1,75,0,0.0,0,0.0,0
vnwoodknot,p3_unsharp,44,val,0.15,75,0,0.0,0,0.0,0
vnwoodknot,p3_unsharp,44,val,0.2,75,0,0.0,0,0.0,0
vnwoodknot,p3_unsharp,44,val,0.25,75,0,0.0,0,0.0,0
vnwoodknot,p3_unsharp,44,val,0.3,75,0,0.0,0,0.0,0
vnwoodknot,p3_unsharp,44,val,0.35,75,0,0.0,0,0.0,0
vnwoodknot,p3_unsharp,44,val,0.4,75,0,0.0,0,0.0,0
vnwoodknot,p3_unsharp,44,val,0.45,75,0,0.0,0,0.0,0
vnwoodknot,p3_unsharp,44,val,0.5,75,0,0.0,0,0.0,0
vnwoodknot,p3_unsharp,44,val,0.55,75,0,0.0,0,0.0,0
vnwoodknot,p3_unsharp,44,val,0.6,75,0,0.0,0,0.0,0
vnwoodknot,p3_unsharp,44,val,0.65,75,0,0.0,0,0.0,0
vnwoodknot,p3_unsharp,44,val,0.7,75,0,0.0,0,0.0,0
vnwoodknot,p3_unsharp,44,val,0.75,75,0,0.0,0,0.0,0
vnwoodknot,p3_unsharp,44,val,0.8,75,0,0.0,0,0.0,0
vnwoodknot,p3_unsharp,44,val,0.85,75,0,0.0,0,0.0,0
vnwoodknot,p3_unsharp,44,val,0.9,75,0,0.0,0,0.0,0
vnwoodknot,p3_unsharp,44,val,0.95,75,0,0.0,0,0.0,0
vnwoodknot,p3_unsharp,44,test,0.05,75,1,0.013333333333333334,1,0.013333333333333334,1
vnwoodknot,p3_unsharp,44,test,0.1,75,0,0.0,0,0.0,0
vnwoodknot,p3_unsharp,44,test,0.15,75,0,0.0,0,0.0,0
vnwoodknot,p3_unsharp,44,test,0.2,75,0,0.0,0,0.0,0
vnwoodknot,p3_unsharp,44,test,0.25,75,0,0.0,0,0.0,0
vnwoodknot,p3_unsharp,44,test,0.3,75,0,0.0,0,0.0,0
vnwoodknot,p3_unsharp,44,test,0.35,75,0,0.0,0,0.0,0
vnwoodknot,p3_unsharp,44,test,0.4,75,0,0.0,0,0.0,0
vnwoodknot,p3_unsharp,44,test,0.45,75,0,0.0,0,0.0,0
vnwoodknot,p3_unsharp,44,test,0.5,75,0,0.0,0,0.0,0
vnwoodknot,p3_unsharp,44,test,0.55,75,0,0.0,0,0.0,0
vnwoodknot,p3_unsharp,44,test,0.6,75,0,0.0,0,0.0,0
vnwoodknot,p3_unsharp,44,test,0.65,75,0,0.0,0,0.0,0
vnwoodknot,p3_unsharp,44,test,0.7,75,0,0.0,0,0.0,0
vnwoodknot,p3_unsharp,44,test,0.75,75,0,0.0,0,0.0,0
vnwoodknot,p3_unsharp,44,test,0.8,75,0,0.0,0,0.0,0
vnwoodknot,p3_unsharp,44,test,0.85,75,0,0.0,0,0.0,0
vnwoodknot,p3_unsharp,44,test,0.9,75,0,0.0,0,0.0,0
vnwoodknot,p3_unsharp,44,test,0.95,75,0,0.0,0,0.0,0
vnwoodknot,a1_crop,42,val,0.05,75,2,0.02666666666666667,2,0.02666666666666667,1
vnwoodknot,a1_crop,42,val,0.1,75,1,0.013333333333333334,1,0.013333333333333334,1
vnwoodknot,a1_crop,42,val,0.15,75,1,0.013333333333333334,1,0.013333333333333334,1
vnwoodknot,a1_crop,42,val,0.2,75,1,0.013333333333333334,1,0.013333333333333334,1
vnwoodknot,a1_crop,42,val,0.25,75,0,0.0,0,0.0,0
vnwoodknot,a1_crop,42,val,0.3,75,0,0.0,0,0.0,0
vnwoodknot,a1_crop,42,val,0.35,75,0,0.0,0,0.0,0
vnwoodknot,a1_crop,42,val,0.4,75,0,0.0,0,0.0,0
vnwoodknot,a1_crop,42,val,0.45,75,0,0.0,0,0.0,0
vnwoodknot,a1_crop,42,val,0.5,75,0,0.0,0,0.0,0
vnwoodknot,a1_crop,42,val,0.55,75,0,0.0,0,0.0,0
vnwoodknot,a1_crop,42,val,0.6,75,0,0.0,0,0.0,0
vnwoodknot,a1_crop,42,val,0.65,75,0,0.0,0,0.0,0
vnwoodknot,a1_crop,42,val,0.7,75,0,0.0,0,0.0,0
vnwoodknot,a1_crop,42,val,0.75,75,0,0.0,0,0.0,0
vnwoodknot,a1_crop,42,val,0.8,75,0,0.0,0,0.0,0
vnwoodknot,a1_crop,42,val,0.85,75,0,0.0,0,0.0,0
vnwoodknot,a1_crop,42,val,0.9,75,0,0.0,0,0.0,0
vnwoodknot,a1_crop,42,val,0.95,75,0,0.0,0,0.0,0
vnwoodknot,a1_crop,42,test,0.05,75,0,0.0,0,0.0,0
vnwoodknot,a1_crop,42,test,0.1,75,0,0.0,0,0.0,0
vnwoodknot,a1_crop,42,test,0.15,75,0,0.0,0,0.0,0
vnwoodknot,a1_crop,42,test,0.2,75,0,0.0,0,0.0,0
vnwoodknot,a1_crop,42,test,0.25,75,0,0.0,0,0.0,0
vnwoodknot,a1_crop,42,test,0.3,75,0,0.0,0,0.0,0
vnwoodknot,a1_crop,42,test,0.35,75,0,0.0,0,0.0,0
vnwoodknot,a1_crop,42,test,0.4,75,0,0.0,0,0.0,0
vnwoodknot,a1_crop,42,test,0.45,75,0,0.0,0,0.0,0
vnwoodknot,a1_crop,42,test,0.5,75,0,0.0,0,0.0,0
vnwoodknot,a1_crop,42,test,0.55,75,0,0.0,0,0.0,0
vnwoodknot,a1_crop,42,test,0.6,75,0,0.0,0,0.0,0
vnwoodknot,a1_crop,42,test,0.65,75,0,0.0,0,0.0,0
vnwoodknot,a1_crop,42,test,0.7,75,0,0.0,0,0.0,0
vnwoodknot,a1_crop,42,test,0.75,75,0,0.0,0,0.0,0
vnwoodknot,a1_crop,42,test,0.8,75,0,0.0,0,0.0,0
vnwoodknot,a1_crop,42,test,0.85,75,0,0.0,0,0.0,0
vnwoodknot,a1_crop,42,test,0.9,75,0,0.0,0,0.0,0
vnwoodknot,a1_crop,42,test,0.95,75,0,0.0,0,0.0,0
vnwoodknot,a1_crop,43,val,0.05,75,0,0.0,0,0.0,0
vnwoodknot,a1_crop,43,val,0.1,75,0,0.0,0,0.0,0
vnwoodknot,a1_crop,43,val,0.15,75,0,0.0,0,0.0,0
vnwoodknot,a1_crop,43,val,0.2,75,0,0.0,0,0.0,0
vnwoodknot,a1_crop,43,val,0.25,75,0,0.0,0,0.0,0
vnwoodknot,a1_crop,43,val,0.3,75,0,0.0,0,0.0,0
vnwoodknot,a1_crop,43,val,0.35,75,0,0.0,0,0.0,0
vnwoodknot,a1_crop,43,val,0.4,75,0,0.0,0,0.0,0
vnwoodknot,a1_crop,43,val,0.45,75,0,0.0,0,0.0,0
vnwoodknot,a1_crop,43,val,0.5,75,0,0.0,0,0.0,0
vnwoodknot,a1_crop,43,val,0.55,75,0,0.0,0,0.0,0
vnwoodknot,a1_crop,43,val,0.6,75,0,0.0,0,0.0,0
vnwoodknot,a1_crop,43,val,0.65,75,0,0.0,0,0.0,0
vnwoodknot,a1_crop,43,val,0.7,75,0,0.0,0,0.0,0
vnwoodknot,a1_crop,43,val,0.75,75,0,0.0,0,0.0,0
vnwoodknot,a1_crop,43,val,0.8,75,0,0.0,0,0.0,0
vnwoodknot,a1_crop,43,val,0.85,75,0,0.0,0,0.0,0
vnwoodknot,a1_crop,43,val,0.9,75,0,0.0,0,0.0,0
vnwoodknot,a1_crop,43,val,0.95,75,0,0.0,0,0.0,0
vnwoodknot,a1_crop,43,test,0.05,75,1,0.013333333333333334,1,0.013333333333333334,1
vnwoodknot,a1_crop,43,test,0.1,75,0,0.0,0,0.0,0
vnwoodknot,a1_crop,43,test,0.15,75,0,0.0,0,0.0,0
vnwoodknot,a1_crop,43,test,0.2,75,0,0.0,0,0.0,0
vnwoodknot,a1_crop,43,test,0.25,75,0,0.0,0,0.0,0
vnwoodknot,a1_crop,43,test,0.3,75,0,0.0,0,0.0,0
vnwoodknot,a1_crop,43,test,0.35,75,0,0.0,0,0.0,0
vnwoodknot,a1_crop,43,test,0.4,75,0,0.0,0,0.0,0
vnwoodknot,a1_crop,43,test,0.45,75,0,0.0,0,0.0,0
vnwoodknot,a1_crop,43,test,0.5,75,0,0.0,0,0.0,0
vnwoodknot,a1_crop,43,test,0.55,75,0,0.0,0,0.0,0
vnwoodknot,a1_crop,43,test,0.6,75,0,0.0,0,0.0,0
vnwoodknot,a1_crop,43,test,0.65,75,0,0.0,0,0.0,0
vnwoodknot,a1_crop,43,test,0.7,75,0,0.0,0,0.0,0
vnwoodknot,a1_crop,43,test,0.75,75,0,0.0,0,0.0,0
vnwoodknot,a1_crop,43,test,0.8,75,0,0.0,0,0.0,0
vnwoodknot,a1_crop,43,test,0.85,75,0,0.0,0,0.0,0
vnwoodknot,a1_crop,43,test,0.9,75,0,0.0,0,0.0,0
vnwoodknot,a1_crop,43,test,0.95,75,0,0.0,0,0.0,0
vnwoodknot,a1_crop,44,val,0.05,75,3,0.04,4,0.05333333333333334,2
vnwoodknot,a1_crop,44,val,0.1,75,1,0.013333333333333334,1,0.013333333333333334,1
vnwoodknot,a1_crop,44,val,0.15,75,0,0.0,0,0.0,0
vnwoodknot,a1_crop,44,val,0.2,75,0,0.0,0,0.0,0
vnwoodknot,a1_crop,44,val,0.25,75,0,0.0,0,0.0,0
vnwoodknot,a1_crop,44,val,0.3,75,0,0.0,0,0.0,0
vnwoodknot,a1_crop,44,val,0.35,75,0,0.0,0,0.0,0
vnwoodknot,a1_crop,44,val,0.4,75,0,0.0,0,0.0,0
vnwoodknot,a1_crop,44,val,0.45,75,0,0.0,0,0.0,0
vnwoodknot,a1_crop,44,val,0.5,75,0,0.0,0,0.0,0
vnwoodknot,a1_crop,44,val,0.55,75,0,0.0,0,0.0,0
vnwoodknot,a1_crop,44,val,0.6,75,0,0.0,0,0.0,0
vnwoodknot,a1_crop,44,val,0.65,75,0,0.0,0,0.0,0
vnwoodknot,a1_crop,44,val,0.7,75,0,0.0,0,0.0,0
vnwoodknot,a1_crop,44,val,0.75,75,0,0.0,0,0.0,0
vnwoodknot,a1_crop,44,val,0.8,75,0,0.0,0,0.0,0
vnwoodknot,a1_crop,44,val,0.85,75,0,0.0,0,0.0,0
vnwoodknot,a1_crop,44,val,0.9,75,0,0.0,0,0.0,0
vnwoodknot,a1_crop,44,val,0.95,75,0,0.0,0,0.0,0
vnwoodknot,a1_crop,44,test,0.05,75,2,0.02666666666666667,3,0.04,2
vnwoodknot,a1_crop,44,test,0.1,75,1,0.013333333333333334,2,0.02666666666666667,2
vnwoodknot,a1_crop,44,test,0.15,75,1,0.013333333333333334,1,0.013333333333333334,1
vnwoodknot,a1_crop,44,test,0.2,75,1,0.013333333333333334,1,0.013333333333333334,1
vnwoodknot,a1_crop,44,test,0.25,75,1,0.013333333333333334,1,0.013333333333333334,1
vnwoodknot,a1_crop,44,test,0.3,75,1,0.013333333333333334,1,0.013333333333333334,1
vnwoodknot,a1_crop,44,test,0.35,75,1,0.013333333333333334,1,0.013333333333333334,1
vnwoodknot,a1_crop,44,test,0.4,75,1,0.013333333333333334,1,0.013333333333333334,1
vnwoodknot,a1_crop,44,test,0.45,75,0,0.0,0,0.0,0
vnwoodknot,a1_crop,44,test,0.5,75,0,0.0,0,0.0,0
vnwoodknot,a1_crop,44,test,0.55,75,0,0.0,0,0.0,0
vnwoodknot,a1_crop,44,test,0.6,75,0,0.0,0,0.0,0
vnwoodknot,a1_crop,44,test,0.65,75,0,0.0,0,0.0,0
vnwoodknot,a1_crop,44,test,0.7,75,0,0.0,0,0.0,0
vnwoodknot,a1_crop,44,test,0.75,75,0,0.0,0,0.0,0
vnwoodknot,a1_crop,44,test,0.8,75,0,0.0,0,0.0,0
vnwoodknot,a1_crop,44,test,0.85,75,0,0.0,0,0.0,0
vnwoodknot,a1_crop,44,test,0.9,75,0,0.0,0,0.0,0
vnwoodknot,a1_crop,44,test,0.95,75,0,0.0,0,0.0,0
vnwoodknot,a2_colorjitter,42,val,0.05,75,0,0.0,0,0.0,0
vnwoodknot,a2_colorjitter,42,val,0.1,75,0,0.0,0,0.0,0
vnwoodknot,a2_colorjitter,42,val,0.15,75,0,0.0,0,0.0,0
vnwoodknot,a2_colorjitter,42,val,0.2,75,0,0.0,0,0.0,0
vnwoodknot,a2_colorjitter,42,val,0.25,75,0,0.0,0,0.0,0
vnwoodknot,a2_colorjitter,42,val,0.3,75,0,0.0,0,0.0,0
vnwoodknot,a2_colorjitter,42,val,0.35,75,0,0.0,0,0.0,0
vnwoodknot,a2_colorjitter,42,val,0.4,75,0,0.0,0,0.0,0
vnwoodknot,a2_colorjitter,42,val,0.45,75,0,0.0,0,0.0,0
vnwoodknot,a2_colorjitter,42,val,0.5,75,0,0.0,0,0.0,0
vnwoodknot,a2_colorjitter,42,val,0.55,75,0,0.0,0,0.0,0
vnwoodknot,a2_colorjitter,42,val,0.6,75,0,0.0,0,0.0,0
vnwoodknot,a2_colorjitter,42,val,0.65,75,0,0.0,0,0.0,0
vnwoodknot,a2_colorjitter,42,val,0.7,75,0,0.0,0,0.0,0
vnwoodknot,a2_colorjitter,42,val,0.75,75,0,0.0,0,0.0,0
vnwoodknot,a2_colorjitter,42,val,0.8,75,0,0.0,0,0.0,0
vnwoodknot,a2_colorjitter,42,val,0.85,75,0,0.0,0,0.0,0
vnwoodknot,a2_colorjitter,42,val,0.9,75,0,0.0,0,0.0,0
vnwoodknot,a2_colorjitter,42,val,0.95,75,0,0.0,0,0.0,0
vnwoodknot,a2_colorjitter,42,test,0.05,75,1,0.013333333333333334,1,0.013333333333333334,1
vnwoodknot,a2_colorjitter,42,test,0.1,75,1,0.013333333333333334,1,0.013333333333333334,1
vnwoodknot,a2_colorjitter,42,test,0.15,75,1,0.013333333333333334,1,0.013333333333333334,1
vnwoodknot,a2_colorjitter,42,test,0.2,75,0,0.0,0,0.0,0
vnwoodknot,a2_colorjitter,42,test,0.25,75,0,0.0,0,0.0,0
vnwoodknot,a2_colorjitter,42,test,0.3,75,0,0.0,0,0.0,0
vnwoodknot,a2_colorjitter,42,test,0.35,75,0,0.0,0,0.0,0
vnwoodknot,a2_colorjitter,42,test,0.4,75,0,0.0,0,0.0,0
vnwoodknot,a2_colorjitter,42,test,0.45,75,0,0.0,0,0.0,0
vnwoodknot,a2_colorjitter,42,test,0.5,75,0,0.0,0,0.0,0
vnwoodknot,a2_colorjitter,42,test,0.55,75,0,0.0,0,0.0,0
vnwoodknot,a2_colorjitter,42,test,0.6,75,0,0.0,0,0.0,0
vnwoodknot,a2_colorjitter,42,test,0.65,75,0,0.0,0,0.0,0
vnwoodknot,a2_colorjitter,42,test,0.7,75,0,0.0,0,0.0,0
vnwoodknot,a2_colorjitter,42,test,0.75,75,0,0.0,0,0.0,0
vnwoodknot,a2_colorjitter,42,test,0.8,75,0,0.0,0,0.0,0
vnwoodknot,a2_colorjitter,42,test,0.85,75,0,0.0,0,0.0,0
vnwoodknot,a2_colorjitter,42,test,0.9,75,0,0.0,0,0.0,0
vnwoodknot,a2_colorjitter,42,test,0.95,75,0,0.0,0,0.0,0
vnwoodknot,a2_colorjitter,43,val,0.05,75,0,0.0,0,0.0,0
vnwoodknot,a2_colorjitter,43,val,0.1,75,0,0.0,0,0.0,0
vnwoodknot,a2_colorjitter,43,val,0.15,75,0,0.0,0,0.0,0
vnwoodknot,a2_colorjitter,43,val,0.2,75,0,0.0,0,0.0,0
vnwoodknot,a2_colorjitter,43,val,0.25,75,0,0.0,0,0.0,0
vnwoodknot,a2_colorjitter,43,val,0.3,75,0,0.0,0,0.0,0
vnwoodknot,a2_colorjitter,43,val,0.35,75,0,0.0,0,0.0,0
vnwoodknot,a2_colorjitter,43,val,0.4,75,0,0.0,0,0.0,0
vnwoodknot,a2_colorjitter,43,val,0.45,75,0,0.0,0,0.0,0
vnwoodknot,a2_colorjitter,43,val,0.5,75,0,0.0,0,0.0,0
vnwoodknot,a2_colorjitter,43,val,0.55,75,0,0.0,0,0.0,0
vnwoodknot,a2_colorjitter,43,val,0.6,75,0,0.0,0,0.0,0
vnwoodknot,a2_colorjitter,43,val,0.65,75,0,0.0,0,0.0,0
vnwoodknot,a2_colorjitter,43,val,0.7,75,0,0.0,0,0.0,0
vnwoodknot,a2_colorjitter,43,val,0.75,75,0,0.0,0,0.0,0
vnwoodknot,a2_colorjitter,43,val,0.8,75,0,0.0,0,0.0,0
vnwoodknot,a2_colorjitter,43,val,0.85,75,0,0.0,0,0.0,0
vnwoodknot,a2_colorjitter,43,val,0.9,75,0,0.0,0,0.0,0
vnwoodknot,a2_colorjitter,43,val,0.95,75,0,0.0,0,0.0,0
vnwoodknot,a2_colorjitter,43,test,0.05,75,1,0.013333333333333334,1,0.013333333333333334,1
vnwoodknot,a2_colorjitter,43,test,0.1,75,0,0.0,0,0.0,0
vnwoodknot,a2_colorjitter,43,test,0.15,75,0,0.0,0,0.0,0
vnwoodknot,a2_colorjitter,43,test,0.2,75,0,0.0,0,0.0,0
vnwoodknot,a2_colorjitter,43,test,0.25,75,0,0.0,0,0.0,0
vnwoodknot,a2_colorjitter,43,test,0.3,75,0,0.0,0,0.0,0
vnwoodknot,a2_colorjitter,43,test,0.35,75,0,0.0,0,0.0,0
vnwoodknot,a2_colorjitter,43,test,0.4,75,0,0.0,0,0.0,0
vnwoodknot,a2_colorjitter,43,test,0.45,75,0,0.0,0,0.0,0
vnwoodknot,a2_colorjitter,43,test,0.5,75,0,0.0,0,0.0,0
vnwoodknot,a2_colorjitter,43,test,0.55,75,0,0.0,0,0.0,0
vnwoodknot,a2_colorjitter,43,test,0.6,75,0,0.0,0,0.0,0
vnwoodknot,a2_colorjitter,43,test,0.65,75,0,0.0,0,0.0,0
vnwoodknot,a2_colorjitter,43,test,0.7,75,0,0.0,0,0.0,0
vnwoodknot,a2_colorjitter,43,test,0.75,75,0,0.0,0,0.0,0
vnwoodknot,a2_colorjitter,43,test,0.8,75,0,0.0,0,0.0,0
vnwoodknot,a2_colorjitter,43,test,0.85,75,0,0.0,0,0.0,0
vnwoodknot,a2_colorjitter,43,test,0.9,75,0,0.0,0,0.0,0
vnwoodknot,a2_colorjitter,43,test,0.95,75,0,0.0,0,0.0,0
vnwoodknot,a2_colorjitter,44,val,0.05,75,0,0.0,0,0.0,0
vnwoodknot,a2_colorjitter,44,val,0.1,75,0,0.0,0,0.0,0
vnwoodknot,a2_colorjitter,44,val,0.15,75,0,0.0,0,0.0,0
vnwoodknot,a2_colorjitter,44,val,0.2,75,0,0.0,0,0.0,0
vnwoodknot,a2_colorjitter,44,val,0.25,75,0,0.0,0,0.0,0
vnwoodknot,a2_colorjitter,44,val,0.3,75,0,0.0,0,0.0,0
vnwoodknot,a2_colorjitter,44,val,0.35,75,0,0.0,0,0.0,0
vnwoodknot,a2_colorjitter,44,val,0.4,75,0,0.0,0,0.0,0
vnwoodknot,a2_colorjitter,44,val,0.45,75,0,0.0,0,0.0,0
vnwoodknot,a2_colorjitter,44,val,0.5,75,0,0.0,0,0.0,0
vnwoodknot,a2_colorjitter,44,val,0.55,75,0,0.0,0,0.0,0
vnwoodknot,a2_colorjitter,44,val,0.6,75,0,0.0,0,0.0,0
vnwoodknot,a2_colorjitter,44,val,0.65,75,0,0.0,0,0.0,0
vnwoodknot,a2_colorjitter,44,val,0.7,75,0,0.0,0,0.0,0
vnwoodknot,a2_colorjitter,44,val,0.75,75,0,0.0,0,0.0,0
vnwoodknot,a2_colorjitter,44,val,0.8,75,0,0.0,0,0.0,0
vnwoodknot,a2_colorjitter,44,val,0.85,75,0,0.0,0,0.0,0
vnwoodknot,a2_colorjitter,44,val,0.9,75,0,0.0,0,0.0,0
vnwoodknot,a2_colorjitter,44,val,0.95,75,0,0.0,0,0.0,0
vnwoodknot,a2_colorjitter,44,test,0.05,75,1,0.013333333333333334,1,0.013333333333333334,1
vnwoodknot,a2_colorjitter,44,test,0.1,75,0,0.0,0,0.0,0
vnwoodknot,a2_colorjitter,44,test,0.15,75,0,0.0,0,0.0,0
vnwoodknot,a2_colorjitter,44,test,0.2,75,0,0.0,0,0.0,0
vnwoodknot,a2_colorjitter,44,test,0.25,75,0,0.0,0,0.0,0
vnwoodknot,a2_colorjitter,44,test,0.3,75,0,0.0,0,0.0,0
vnwoodknot,a2_colorjitter,44,test,0.35,75,0,0.0,0,0.0,0
vnwoodknot,a2_colorjitter,44,test,0.4,75,0,0.0,0,0.0,0
vnwoodknot,a2_colorjitter,44,test,0.45,75,0,0.0,0,0.0,0
vnwoodknot,a2_colorjitter,44,test,0.5,75,0,0.0,0,0.0,0
vnwoodknot,a2_colorjitter,44,test,0.55,75,0,0.0,0,0.0,0
vnwoodknot,a2_colorjitter,44,test,0.6,75,0,0.0,0,0.0,0
vnwoodknot,a2_colorjitter,44,test,0.65,75,0,0.0,0,0.0,0
vnwoodknot,a2_colorjitter,44,test,0.7,75,0,0.0,0,0.0,0
vnwoodknot,a2_colorjitter,44,test,0.75,75,0,0.0,0,0.0,0
vnwoodknot,a2_colorjitter,44,test,0.8,75,0,0.0,0,0.0,0
vnwoodknot,a2_colorjitter,44,test,0.85,75,0,0.0,0,0.0,0
vnwoodknot,a2_colorjitter,44,test,0.9,75,0,0.0,0,0.0,0
vnwoodknot,a2_colorjitter,44,test,0.95,75,0,0.0,0,0.0,0
vnwoodknot,p4_a4_combined,42,val,0.05,75,1,0.013333333333333334,1,0.013333333333333334,1
vnwoodknot,p4_a4_combined,42,val,0.1,75,1,0.013333333333333334,1,0.013333333333333334,1
vnwoodknot,p4_a4_combined,42,val,0.15,75,1,0.013333333333333334,1,0.013333333333333334,1
vnwoodknot,p4_a4_combined,42,val,0.2,75,1,0.013333333333333334,1,0.013333333333333334,1
vnwoodknot,p4_a4_combined,42,val,0.25,75,1,0.013333333333333334,1,0.013333333333333334,1
vnwoodknot,p4_a4_combined,42,val,0.3,75,1,0.013333333333333334,1,0.013333333333333334,1
vnwoodknot,p4_a4_combined,42,val,0.35,75,1,0.013333333333333334,1,0.013333333333333334,1
vnwoodknot,p4_a4_combined,42,val,0.4,75,1,0.013333333333333334,1,0.013333333333333334,1
vnwoodknot,p4_a4_combined,42,val,0.45,75,1,0.013333333333333334,1,0.013333333333333334,1
vnwoodknot,p4_a4_combined,42,val,0.5,75,1,0.013333333333333334,1,0.013333333333333334,1
vnwoodknot,p4_a4_combined,42,val,0.55,75,1,0.013333333333333334,1,0.013333333333333334,1
vnwoodknot,p4_a4_combined,42,val,0.6,75,1,0.013333333333333334,1,0.013333333333333334,1
vnwoodknot,p4_a4_combined,42,val,0.65,75,1,0.013333333333333334,1,0.013333333333333334,1
vnwoodknot,p4_a4_combined,42,val,0.7,75,0,0.0,0,0.0,0
vnwoodknot,p4_a4_combined,42,val,0.75,75,0,0.0,0,0.0,0
vnwoodknot,p4_a4_combined,42,val,0.8,75,0,0.0,0,0.0,0
vnwoodknot,p4_a4_combined,42,val,0.85,75,0,0.0,0,0.0,0
vnwoodknot,p4_a4_combined,42,val,0.9,75,0,0.0,0,0.0,0
vnwoodknot,p4_a4_combined,42,val,0.95,75,0,0.0,0,0.0,0
vnwoodknot,p4_a4_combined,42,test,0.05,75,1,0.013333333333333334,1,0.013333333333333334,1
vnwoodknot,p4_a4_combined,42,test,0.1,75,1,0.013333333333333334,1,0.013333333333333334,1
vnwoodknot,p4_a4_combined,42,test,0.15,75,1,0.013333333333333334,1,0.013333333333333334,1
vnwoodknot,p4_a4_combined,42,test,0.2,75,0,0.0,0,0.0,0
vnwoodknot,p4_a4_combined,42,test,0.25,75,0,0.0,0,0.0,0
vnwoodknot,p4_a4_combined,42,test,0.3,75,0,0.0,0,0.0,0
vnwoodknot,p4_a4_combined,42,test,0.35,75,0,0.0,0,0.0,0
vnwoodknot,p4_a4_combined,42,test,0.4,75,0,0.0,0,0.0,0
vnwoodknot,p4_a4_combined,42,test,0.45,75,0,0.0,0,0.0,0
vnwoodknot,p4_a4_combined,42,test,0.5,75,0,0.0,0,0.0,0
vnwoodknot,p4_a4_combined,42,test,0.55,75,0,0.0,0,0.0,0
vnwoodknot,p4_a4_combined,42,test,0.6,75,0,0.0,0,0.0,0
vnwoodknot,p4_a4_combined,42,test,0.65,75,0,0.0,0,0.0,0
vnwoodknot,p4_a4_combined,42,test,0.7,75,0,0.0,0,0.0,0
vnwoodknot,p4_a4_combined,42,test,0.75,75,0,0.0,0,0.0,0
vnwoodknot,p4_a4_combined,42,test,0.8,75,0,0.0,0,0.0,0
vnwoodknot,p4_a4_combined,42,test,0.85,75,0,0.0,0,0.0,0
vnwoodknot,p4_a4_combined,42,test,0.9,75,0,0.0,0,0.0,0
vnwoodknot,p4_a4_combined,42,test,0.95,75,0,0.0,0,0.0,0
vnwoodknot,p4_a4_combined,43,val,0.05,75,1,0.013333333333333334,1,0.013333333333333334,1
vnwoodknot,p4_a4_combined,43,val,0.1,75,0,0.0,0,0.0,0
vnwoodknot,p4_a4_combined,43,val,0.15,75,0,0.0,0,0.0,0
vnwoodknot,p4_a4_combined,43,val,0.2,75,0,0.0,0,0.0,0
vnwoodknot,p4_a4_combined,43,val,0.25,75,0,0.0,0,0.0,0
vnwoodknot,p4_a4_combined,43,val,0.3,75,0,0.0,0,0.0,0
vnwoodknot,p4_a4_combined,43,val,0.35,75,0,0.0,0,0.0,0
vnwoodknot,p4_a4_combined,43,val,0.4,75,0,0.0,0,0.0,0
vnwoodknot,p4_a4_combined,43,val,0.45,75,0,0.0,0,0.0,0
vnwoodknot,p4_a4_combined,43,val,0.5,75,0,0.0,0,0.0,0
vnwoodknot,p4_a4_combined,43,val,0.55,75,0,0.0,0,0.0,0
vnwoodknot,p4_a4_combined,43,val,0.6,75,0,0.0,0,0.0,0
vnwoodknot,p4_a4_combined,43,val,0.65,75,0,0.0,0,0.0,0
vnwoodknot,p4_a4_combined,43,val,0.7,75,0,0.0,0,0.0,0
vnwoodknot,p4_a4_combined,43,val,0.75,75,0,0.0,0,0.0,0
vnwoodknot,p4_a4_combined,43,val,0.8,75,0,0.0,0,0.0,0
vnwoodknot,p4_a4_combined,43,val,0.85,75,0,0.0,0,0.0,0
vnwoodknot,p4_a4_combined,43,val,0.9,75,0,0.0,0,0.0,0
vnwoodknot,p4_a4_combined,43,val,0.95,75,0,0.0,0,0.0,0
vnwoodknot,p4_a4_combined,43,test,0.05,75,0,0.0,0,0.0,0
vnwoodknot,p4_a4_combined,43,test,0.1,75,0,0.0,0,0.0,0
vnwoodknot,p4_a4_combined,43,test,0.15,75,0,0.0,0,0.0,0
vnwoodknot,p4_a4_combined,43,test,0.2,75,0,0.0,0,0.0,0
vnwoodknot,p4_a4_combined,43,test,0.25,75,0,0.0,0,0.0,0
vnwoodknot,p4_a4_combined,43,test,0.3,75,0,0.0,0,0.0,0
vnwoodknot,p4_a4_combined,43,test,0.35,75,0,0.0,0,0.0,0
vnwoodknot,p4_a4_combined,43,test,0.4,75,0,0.0,0,0.0,0
vnwoodknot,p4_a4_combined,43,test,0.45,75,0,0.0,0,0.0,0
vnwoodknot,p4_a4_combined,43,test,0.5,75,0,0.0,0,0.0,0
vnwoodknot,p4_a4_combined,43,test,0.55,75,0,0.0,0,0.0,0
vnwoodknot,p4_a4_combined,43,test,0.6,75,0,0.0,0,0.0,0
vnwoodknot,p4_a4_combined,43,test,0.65,75,0,0.0,0,0.0,0
vnwoodknot,p4_a4_combined,43,test,0.7,75,0,0.0,0,0.0,0
vnwoodknot,p4_a4_combined,43,test,0.75,75,0,0.0,0,0.0,0
vnwoodknot,p4_a4_combined,43,test,0.8,75,0,0.0,0,0.0,0
vnwoodknot,p4_a4_combined,43,test,0.85,75,0,0.0,0,0.0,0
vnwoodknot,p4_a4_combined,43,test,0.9,75,0,0.0,0,0.0,0
vnwoodknot,p4_a4_combined,43,test,0.95,75,0,0.0,0,0.0,0
vnwoodknot,p4_a4_combined,44,val,0.05,75,0,0.0,0,0.0,0
vnwoodknot,p4_a4_combined,44,val,0.1,75,0,0.0,0,0.0,0
vnwoodknot,p4_a4_combined,44,val,0.15,75,0,0.0,0,0.0,0
vnwoodknot,p4_a4_combined,44,val,0.2,75,0,0.0,0,0.0,0
vnwoodknot,p4_a4_combined,44,val,0.25,75,0,0.0,0,0.0,0
vnwoodknot,p4_a4_combined,44,val,0.3,75,0,0.0,0,0.0,0
vnwoodknot,p4_a4_combined,44,val,0.35,75,0,0.0,0,0.0,0
vnwoodknot,p4_a4_combined,44,val,0.4,75,0,0.0,0,0.0,0
vnwoodknot,p4_a4_combined,44,val,0.45,75,0,0.0,0,0.0,0
vnwoodknot,p4_a4_combined,44,val,0.5,75,0,0.0,0,0.0,0
vnwoodknot,p4_a4_combined,44,val,0.55,75,0,0.0,0,0.0,0
vnwoodknot,p4_a4_combined,44,val,0.6,75,0,0.0,0,0.0,0
vnwoodknot,p4_a4_combined,44,val,0.65,75,0,0.0,0,0.0,0
vnwoodknot,p4_a4_combined,44,val,0.7,75,0,0.0,0,0.0,0
vnwoodknot,p4_a4_combined,44,val,0.75,75,0,0.0,0,0.0,0
vnwoodknot,p4_a4_combined,44,val,0.8,75,0,0.0,0,0.0,0
vnwoodknot,p4_a4_combined,44,val,0.85,75,0,0.0,0,0.0,0
vnwoodknot,p4_a4_combined,44,val,0.9,75,0,0.0,0,0.0,0
vnwoodknot,p4_a4_combined,44,val,0.95,75,0,0.0,0,0.0,0
vnwoodknot,p4_a4_combined,44,test,0.05,75,0,0.0,0,0.0,0
vnwoodknot,p4_a4_combined,44,test,0.1,75,0,0.0,0,0.0,0
vnwoodknot,p4_a4_combined,44,test,0.15,75,0,0.0,0,0.0,0
vnwoodknot,p4_a4_combined,44,test,0.2,75,0,0.0,0,0.0,0
vnwoodknot,p4_a4_combined,44,test,0.25,75,0,0.0,0,0.0,0
vnwoodknot,p4_a4_combined,44,test,0.3,75,0,0.0,0,0.0,0
vnwoodknot,p4_a4_combined,44,test,0.35,75,0,0.0,0,0.0,0
vnwoodknot,p4_a4_combined,44,test,0.4,75,0,0.0,0,0.0,0
vnwoodknot,p4_a4_combined,44,test,0.45,75,0,0.0,0,0.0,0
vnwoodknot,p4_a4_combined,44,test,0.5,75,0,0.0,0,0.0,0
vnwoodknot,p4_a4_combined,44,test,0.55,75,0,0.0,0,0.0,0
vnwoodknot,p4_a4_combined,44,test,0.6,75,0,0.0,0,0.0,0
vnwoodknot,p4_a4_combined,44,test,0.65,75,0,0.0,0,0.0,0
vnwoodknot,p4_a4_combined,44,test,0.7,75,0,0.0,0,0.0,0
vnwoodknot,p4_a4_combined,44,test,0.75,75,0,0.0,0,0.0,0
vnwoodknot,p4_a4_combined,44,test,0.8,75,0,0.0,0,0.0,0
vnwoodknot,p4_a4_combined,44,test,0.85,75,0,0.0,0,0.0,0
vnwoodknot,p4_a4_combined,44,test,0.9,75,0,0.0,0,0.0,0
vnwoodknot,p4_a4_combined,44,test,0.95,75,0,0.0,0,0.0,0
vsb_rarefirst,baseline,42,val,0.05,2988,295,0.09872824631860777,522,0.1746987951807229,8
vsb_rarefirst,baseline,42,val,0.1,2988,230,0.07697456492637215,331,0.1107764390896921,7
vsb_rarefirst,baseline,42,val,0.15,2988,184,0.06157965194109773,245,0.0819946452476573,6
vsb_rarefirst,baseline,42,val,0.2,2988,149,0.0498661311914324,186,0.06224899598393574,6
vsb_rarefirst,baseline,42,val,0.25,2988,127,0.04250334672021419,150,0.050200803212851405,3
vsb_rarefirst,baseline,42,val,0.3,2988,107,0.035809906291834004,119,0.03982597054886212,3
vsb_rarefirst,baseline,42,val,0.35,2988,80,0.02677376171352075,89,0.029785809906291833,3
vsb_rarefirst,baseline,42,val,0.4,2988,61,0.020414993306559572,66,0.02208835341365462,3
vsb_rarefirst,baseline,42,val,0.45,2988,46,0.015394912985274432,48,0.01606425702811245,2
vsb_rarefirst,baseline,42,val,0.5,2988,31,0.010374832663989291,31,0.010374832663989291,1
vsb_rarefirst,baseline,42,val,0.55,2988,15,0.0050200803212851405,15,0.0050200803212851405,1
vsb_rarefirst,baseline,42,val,0.6,2988,6,0.002008032128514056,6,0.002008032128514056,1
vsb_rarefirst,baseline,42,val,0.65,2988,4,0.0013386880856760374,4,0.0013386880856760374,1
vsb_rarefirst,baseline,42,val,0.7,2988,1,0.00033467202141900936,1,0.00033467202141900936,1
vsb_rarefirst,baseline,42,val,0.75,2988,0,0.0,0,0.0,0
vsb_rarefirst,baseline,42,val,0.8,2988,0,0.0,0,0.0,0
vsb_rarefirst,baseline,42,val,0.85,2988,0,0.0,0,0.0,0
vsb_rarefirst,baseline,42,val,0.9,2988,0,0.0,0,0.0,0
vsb_rarefirst,baseline,42,val,0.95,2988,0,0.0,0,0.0,0
vsb_rarefirst,baseline,42,test,0.05,2988,310,0.1037483266398929,564,0.18875502008032127,10
vsb_rarefirst,baseline,42,test,0.1,2988,250,0.08366800535475234,372,0.12449799196787148,6
vsb_rarefirst,baseline,42,test,0.15,2988,210,0.07028112449799197,281,0.09404283801874164,5
vsb_rarefirst,baseline,42,test,0.2,2988,172,0.05756358768406961,216,0.07228915662650602,4
vsb_rarefirst,baseline,42,test,0.25,2988,143,0.04785809906291834,172,0.05756358768406961,4
vsb_rarefirst,baseline,42,test,0.3,2988,120,0.040160642570281124,141,0.04718875502008032,3
vsb_rarefirst,baseline,42,test,0.35,2988,99,0.03313253012048193,112,0.03748326639892905,3
vsb_rarefirst,baseline,42,test,0.4,2988,87,0.029116465863453816,95,0.03179384203480589,2
vsb_rarefirst,baseline,42,test,0.45,2988,72,0.024096385542168676,77,0.025769745649263723,2
vsb_rarefirst,baseline,42,test,0.5,2988,60,0.020080321285140562,63,0.02108433734939759,2
vsb_rarefirst,baseline,42,test,0.55,2988,44,0.014725568942436412,47,0.01572958500669344,2
vsb_rarefirst,baseline,42,test,0.6,2988,27,0.009036144578313253,30,0.010040160642570281,2
vsb_rarefirst,baseline,42,test,0.65,2988,19,0.006358768406961178,19,0.006358768406961178,1
vsb_rarefirst,baseline,42,test,0.7,2988,12,0.004016064257028112,12,0.004016064257028112,1
vsb_rarefirst,baseline,42,test,0.75,2988,6,0.002008032128514056,6,0.002008032128514056,1
vsb_rarefirst,baseline,42,test,0.8,2988,0,0.0,0,0.0,0
vsb_rarefirst,baseline,42,test,0.85,2988,0,0.0,0,0.0,0
vsb_rarefirst,baseline,42,test,0.9,2988,0,0.0,0,0.0,0
vsb_rarefirst,baseline,42,test,0.95,2988,0,0.0,0,0.0,0
vsb_rarefirst,baseline,43,val,0.05,2988,338,0.11311914323962517,597,0.19979919678714858,8
vsb_rarefirst,baseline,43,val,0.1,2988,259,0.08668005354752342,388,0.12985274431057564,5
vsb_rarefirst,baseline,43,val,0.15,2988,223,0.07463186077643909,304,0.10174029451137885,4
vsb_rarefirst,baseline,43,val,0.2,2988,195,0.06526104417670683,251,0.08400267737617136,4
vsb_rarefirst,baseline,43,val,0.25,2988,164,0.05488621151271754,202,0.06760374832663989,3
vsb_rarefirst,baseline,43,val,0.3,2988,143,0.04785809906291834,169,0.056559571619812586,3
vsb_rarefirst,baseline,43,val,0.35,2988,117,0.0391566265060241,131,0.043842034805890225,2
vsb_rarefirst,baseline,43,val,0.4,2988,94,0.03145917001338688,100,0.03346720214190094,2
vsb_rarefirst,baseline,43,val,0.45,2988,65,0.02175368139223561,69,0.023092369477911646,2
vsb_rarefirst,baseline,43,val,0.5,2988,40,0.013386880856760375,42,0.014056224899598393,2
vsb_rarefirst,baseline,43,val,0.55,2988,33,0.01104417670682731,34,0.011378848728246318,2
vsb_rarefirst,baseline,43,val,0.6,2988,17,0.005689424364123159,18,0.006024096385542169,2
vsb_rarefirst,baseline,43,val,0.65,2988,11,0.003681392235609103,11,0.003681392235609103,1
vsb_rarefirst,baseline,43,val,0.7,2988,4,0.0013386880856760374,4,0.0013386880856760374,1
vsb_rarefirst,baseline,43,val,0.75,2988,3,0.001004016064257028,3,0.001004016064257028,1
vsb_rarefirst,baseline,43,val,0.8,2988,1,0.00033467202141900936,1,0.00033467202141900936,1
vsb_rarefirst,baseline,43,val,0.85,2988,0,0.0,0,0.0,0
vsb_rarefirst,baseline,43,val,0.9,2988,0,0.0,0,0.0,0
vsb_rarefirst,baseline,43,val,0.95,2988,0,0.0,0,0.0,0
vsb_rarefirst,baseline,43,test,0.05,2988,345,0.11546184738955824,644,0.21552878179384202,12
vsb_rarefirst,baseline,43,test,0.1,2988,286,0.09571619812583668,442,0.14792503346720215,8
vsb_rarefirst,baseline,43,test,0.15,2988,248,0.08299866131191433,353,0.1181392235609103,7
vsb_rarefirst,baseline,43,test,0.2,2988,218,0.07295850066934405,289,0.0967202141900937,6
vsb_rarefirst,baseline,43,test,0.25,2988,192,0.0642570281124498,246,0.0823293172690763,5
vsb_rarefirst,baseline,43,test,0.3,2988,167,0.055890227576974566,203,0.0679384203480589,5
vsb_rarefirst,baseline,43,test,0.35,2988,143,0.04785809906291834,168,0.05622489959839357,5
vsb_rarefirst,baseline,43,test,0.4,2988,121,0.04049531459170013,137,0.045850066934404285,3
vsb_rarefirst,baseline,43,test,0.45,2988,100,0.03346720214190094,114,0.03815261044176707,3
vsb_rarefirst,baseline,43,test,0.5,2988,83,0.027777777777777776,86,0.028781793842034806,2
vsb_rarefirst,baseline,43,test,0.55,2988,64,0.0214190093708166,66,0.02208835341365462,2
vsb_rarefirst,baseline,43,test,0.6,2988,48,0.01606425702811245,48,0.01606425702811245,1
vsb_rarefirst,baseline,43,test,0.65,2988,31,0.010374832663989291,31,0.010374832663989291,1
vsb_rarefirst,baseline,43,test,0.7,2988,12,0.004016064257028112,12,0.004016064257028112,1
vsb_rarefirst,baseline,43,test,0.75,2988,5,0.0016733601070950468,5,0.0016733601070950468,1
vsb_rarefirst,baseline,43,test,0.8,2988,0,0.0,0,0.0,0
vsb_rarefirst,baseline,43,test,0.85,2988,0,0.0,0,0.0,0
vsb_rarefirst,baseline,43,test,0.9,2988,0,0.0,0,0.0,0
vsb_rarefirst,baseline,43,test,0.95,2988,0,0.0,0,0.0,0
vsb_rarefirst,baseline,44,val,0.05,2988,356,0.11914323962516733,645,0.21586345381526104,10
vsb_rarefirst,baseline,44,val,0.1,2988,276,0.09236947791164658,432,0.14457831325301204,5
vsb_rarefirst,baseline,44,val,0.15,2988,236,0.07898259705488621,333,0.11144578313253012,4
vsb_rarefirst,baseline,44,val,0.2,2988,202,0.06760374832663989,260,0.08701472556894244,3
vsb_rarefirst,baseline,44,val,0.25,2988,169,0.056559571619812586,206,0.06894243641231593,3
vsb_rarefirst,baseline,44,val,0.3,2988,142,0.04752342704149933,166,0.05555555555555555,2
vsb_rarefirst,baseline,44,val,0.35,2988,123,0.04116465863453815,140,0.04685408299866131,2
vsb_rarefirst,baseline,44,val,0.4,2988,96,0.0321285140562249,111,0.03714859437751004,2
vsb_rarefirst,baseline,44,val,0.45,2988,76,0.025435073627844713,86,0.028781793842034806,2
vsb_rarefirst,baseline,44,val,0.5,2988,53,0.017737617135207495,60,0.020080321285140562,2
vsb_rarefirst,baseline,44,val,0.55,2988,36,0.012048192771084338,39,0.013052208835341365,2
vsb_rarefirst,baseline,44,val,0.6,2988,20,0.006693440428380187,20,0.006693440428380187,1
vsb_rarefirst,baseline,44,val,0.65,2988,8,0.002677376171352075,8,0.002677376171352075,1
vsb_rarefirst,baseline,44,val,0.7,2988,3,0.001004016064257028,3,0.001004016064257028,1
vsb_rarefirst,baseline,44,val,0.75,2988,1,0.00033467202141900936,1,0.00033467202141900936,1
vsb_rarefirst,baseline,44,val,0.8,2988,0,0.0,0,0.0,0
vsb_rarefirst,baseline,44,val,0.85,2988,0,0.0,0,0.0,0
vsb_rarefirst,baseline,44,val,0.9,2988,0,0.0,0,0.0,0
vsb_rarefirst,baseline,44,val,0.95,2988,0,0.0,0,0.0,0
vsb_rarefirst,baseline,44,test,0.05,2988,352,0.11780455153949129,661,0.2212182061579652,11
vsb_rarefirst,baseline,44,test,0.1,2988,284,0.09504685408299866,458,0.15327978580990628,7
vsb_rarefirst,baseline,44,test,0.15,2988,242,0.08099062918340026,348,0.11646586345381527,6
vsb_rarefirst,baseline,44,test,0.2,2988,208,0.06961178045515395,286,0.09571619812583668,6
vsb_rarefirst,baseline,44,test,0.25,2988,179,0.05990629183400268,232,0.07764390896921017,5
vsb_rarefirst,baseline,44,test,0.3,2988,152,0.050870147255689425,192,0.0642570281124498,4
vsb_rarefirst,baseline,44,test,0.35,2988,132,0.04417670682730924,159,0.05321285140562249,3
vsb_rarefirst,baseline,44,test,0.4,2988,113,0.03781793842034806,130,0.04350736278447122,2
vsb_rarefirst,baseline,44,test,0.45,2988,100,0.03346720214190094,108,0.03614457831325301,2
vsb_rarefirst,baseline,44,test,0.5,2988,76,0.025435073627844713,79,0.02643908969210174,2
vsb_rarefirst,baseline,44,test,0.55,2988,61,0.020414993306559572,64,0.0214190093708166,2
vsb_rarefirst,baseline,44,test,0.6,2988,37,0.012382864792503346,38,0.012717536813922356,2
vsb_rarefirst,baseline,44,test,0.65,2988,25,0.008366800535475234,25,0.008366800535475234,1
vsb_rarefirst,baseline,44,test,0.7,2988,16,0.00535475234270415,16,0.00535475234270415,1
vsb_rarefirst,baseline,44,test,0.75,2988,7,0.0023427041499330657,7,0.0023427041499330657,1
vsb_rarefirst,baseline,44,test,0.8,2988,1,0.00033467202141900936,1,0.00033467202141900936,1
vsb_rarefirst,baseline,44,test,0.85,2988,0,0.0,0,0.0,0
vsb_rarefirst,baseline,44,test,0.9,2988,0,0.0,0,0.0,0
vsb_rarefirst,baseline,44,test,0.95,2988,0,0.0,0,0.0,0
vsb_rarefirst,p1_clahe,42,val,0.05,2988,338,0.11311914323962517,598,0.2001338688085676,7
vsb_rarefirst,p1_clahe,42,val,0.1,2988,265,0.08868808567603749,398,0.13319946452476572,7
vsb_rarefirst,p1_clahe,42,val,0.15,2988,220,0.07362784471218206,301,0.10073627844712182,6
vsb_rarefirst,p1_clahe,42,val,0.2,2988,184,0.06157965194109773,234,0.0783132530120482,5
vsb_rarefirst,p1_clahe,42,val,0.25,2988,158,0.05287817938420348,195,0.06526104417670683,5
vsb_rarefirst,p1_clahe,42,val,0.3,2988,140,0.04685408299866131,160,0.0535475234270415,2
vsb_rarefirst,p1_clahe,42,val,0.35,2988,110,0.03681392235609103,125,0.04183400267737617,2
vsb_rarefirst,p1_clahe,42,val,0.4,2988,89,0.029785809906291833,101,0.033801874163319943,2
vsb_rarefirst,p1_clahe,42,val,0.45,2988,73,0.024431057563587683,81,0.02710843373493976,2
vsb_rarefirst,p1_clahe,42,val,0.5,2988,57,0.019076305220883535,61,0.020414993306559572,2
vsb_rarefirst,p1_clahe,42,val,0.55,2988,40,0.013386880856760375,43,0.014390896921017403,2
vsb_rarefirst,p1_clahe,42,val,0.6,2988,19,0.006358768406961178,20,0.006693440428380187,2
vsb_rarefirst,p1_clahe,42,val,0.65,2988,6,0.002008032128514056,7,0.0023427041499330657,2
vsb_rarefirst,p1_clahe,42,val,0.7,2988,4,0.0013386880856760374,4,0.0013386880856760374,1
vsb_rarefirst,p1_clahe,42,val,0.75,2988,1,0.00033467202141900936,1,0.00033467202141900936,1
vsb_rarefirst,p1_clahe,42,val,0.8,2988,0,0.0,0,0.0,0
vsb_rarefirst,p1_clahe,42,val,0.85,2988,0,0.0,0,0.0,0
vsb_rarefirst,p1_clahe,42,val,0.9,2988,0,0.0,0,0.0,0
vsb_rarefirst,p1_clahe,42,val,0.95,2988,0,0.0,0,0.0,0
vsb_rarefirst,p1_clahe,42,test,0.05,2988,340,0.11378848728246319,651,0.2178714859437751,10
vsb_rarefirst,p1_clahe,42,test,0.1,2988,284,0.09504685408299866,459,0.1536144578313253,7
vsb_rarefirst,p1_clahe,42,test,0.15,2988,250,0.08366800535475234,353,0.1181392235609103,4
vsb_rarefirst,p1_clahe,42,test,0.2,2988,218,0.07295850066934405,284,0.09504685408299866,4
vsb_rarefirst,p1_clahe,42,test,0.25,2988,195,0.06526104417670683,246,0.0823293172690763,3
vsb_rarefirst,p1_clahe,42,test,0.3,2988,172,0.05756358768406961,208,0.06961178045515395,3
vsb_rarefirst,p1_clahe,42,test,0.35,2988,149,0.0498661311914324,172,0.05756358768406961,3
vsb_rarefirst,p1_clahe,42,test,0.4,2988,126,0.04216867469879518,140,0.04685408299866131,2
vsb_rarefirst,p1_clahe,42,test,0.45,2988,99,0.03313253012048193,107,0.035809906291834004,2
vsb_rarefirst,p1_clahe,42,test,0.5,2988,74,0.024765729585006693,78,0.02610441767068273,2
vsb_rarefirst,p1_clahe,42,test,0.55,2988,53,0.017737617135207495,56,0.018741633199464525,2
vsb_rarefirst,p1_clahe,42,test,0.6,2988,39,0.013052208835341365,42,0.014056224899598393,2
vsb_rarefirst,p1_clahe,42,test,0.65,2988,25,0.008366800535475234,25,0.008366800535475234,1
vsb_rarefirst,p1_clahe,42,test,0.7,2988,15,0.0050200803212851405,15,0.0050200803212851405,1
vsb_rarefirst,p1_clahe,42,test,0.75,2988,6,0.002008032128514056,6,0.002008032128514056,1
vsb_rarefirst,p1_clahe,42,test,0.8,2988,1,0.00033467202141900936,1,0.00033467202141900936,1
vsb_rarefirst,p1_clahe,42,test,0.85,2988,0,0.0,0,0.0,0
vsb_rarefirst,p1_clahe,42,test,0.9,2988,0,0.0,0,0.0,0
vsb_rarefirst,p1_clahe,42,test,0.95,2988,0,0.0,0,0.0,0
vsb_rarefirst,p1_clahe,43,val,0.05,2988,367,0.12282463186077644,640,0.214190093708166,7
vsb_rarefirst,p1_clahe,43,val,0.1,2988,290,0.09705488621151272,427,0.142904953145917,6
vsb_rarefirst,p1_clahe,43,val,0.15,2988,237,0.07931726907630522,314,0.10508701472556894,5
vsb_rarefirst,p1_clahe,43,val,0.2,2988,186,0.06224899598393574,244,0.08165997322623829,4
vsb_rarefirst,p1_clahe,43,val,0.25,2988,154,0.051539491298527446,193,0.0645917001338688,3
vsb_rarefirst,p1_clahe,43,val,0.3,2988,125,0.04183400267737617,157,0.05254350736278447,3
vsb_rarefirst,p1_clahe,43,val,0.35,2988,105,0.035140562248995984,131,0.043842034805890225,3
vsb_rarefirst,p1_clahe,43,val,0.4,2988,95,0.03179384203480589,115,0.03848728246318608,3
vsb_rarefirst,p1_clahe,43,val,0.45,2988,79,0.02643908969210174,94,0.03145917001338688,2
vsb_rarefirst,p1_clahe,43,val,0.5,2988,64,0.0214190093708166,73,0.024431057563587683,2
vsb_rarefirst,p1_clahe,43,val,0.55,2988,47,0.01572958500669344,51,0.01706827309236948,2
vsb_rarefirst,p1_clahe,43,val,0.6,2988,33,0.01104417670682731,35,0.011713520749665328,2
vsb_rarefirst,p1_clahe,43,val,0.65,2988,14,0.004685408299866131,14,0.004685408299866131,1
vsb_rarefirst,p1_clahe,43,val,0.7,2988,6,0.002008032128514056,6,0.002008032128514056,1
vsb_rarefirst,p1_clahe,43,val,0.75,2988,3,0.001004016064257028,3,0.001004016064257028,1
vsb_rarefirst,p1_clahe,43,val,0.8,2988,0,0.0,0,0.0,0
vsb_rarefirst,p1_clahe,43,val,0.85,2988,0,0.0,0,0.0,0
vsb_rarefirst,p1_clahe,43,val,0.9,2988,0,0.0,0,0.0,0
vsb_rarefirst,p1_clahe,43,val,0.95,2988,0,0.0,0,0.0,0
vsb_rarefirst,p1_clahe,43,test,0.05,2988,342,0.1144578313253012,646,0.21619812583668005,10
vsb_rarefirst,p1_clahe,43,test,0.1,2988,284,0.09504685408299866,451,0.15093708165997322,7
vsb_rarefirst,p1_clahe,43,test,0.15,2988,247,0.08266398929049532,368,0.12315930388219545,6
vsb_rarefirst,p1_clahe,43,test,0.2,2988,219,0.07329317269076305,305,0.10207496653279786,5
vsb_rarefirst,p1_clahe,43,test,0.25,2988,202,0.06760374832663989,256,0.0856760374832664,4
vsb_rarefirst,p1_clahe,43,test,0.3,2988,176,0.058902275769745646,216,0.07228915662650602,4
vsb_rarefirst,p1_clahe,43,test,0.35,2988,154,0.051539491298527446,181,0.06057563587684069,3
vsb_rarefirst,p1_clahe,43,test,0.4,2988,129,0.04317269076305221,148,0.049531459170013385,3
vsb_rarefirst,p1_clahe,43,test,0.45,2988,97,0.03246318607764391,109,0.036479250334672024,3
vsb_rarefirst,p1_clahe,43,test,0.5,2988,79,0.02643908969210174,89,0.029785809906291833,3
vsb_rarefirst,p1_clahe,43,test,0.55,2988,61,0.020414993306559572,67,0.02242302543507363,3
vsb_rarefirst,p1_clahe,43,test,0.6,2988,40,0.013386880856760375,43,0.014390896921017403,2
vsb_rarefirst,p1_clahe,43,test,0.65,2988,30,0.010040160642570281,31,0.010374832663989291,2
vsb_rarefirst,p1_clahe,43,test,0.7,2988,14,0.004685408299866131,14,0.004685408299866131,1
vsb_rarefirst,p1_clahe,43,test,0.75,2988,4,0.0013386880856760374,4,0.0013386880856760374,1
vsb_rarefirst,p1_clahe,43,test,0.8,2988,0,0.0,0,0.0,0
vsb_rarefirst,p1_clahe,43,test,0.85,2988,0,0.0,0,0.0,0
vsb_rarefirst,p1_clahe,43,test,0.9,2988,0,0.0,0,0.0,0
vsb_rarefirst,p1_clahe,43,test,0.95,2988,0,0.0,0,0.0,0
vsb_rarefirst,p1_clahe,44,val,0.05,2988,331,0.1107764390896921,612,0.20481927710843373,9
vsb_rarefirst,p1_clahe,44,val,0.1,2988,253,0.08467202141900937,407,0.13621151271753681,6
vsb_rarefirst,p1_clahe,44,val,0.15,2988,218,0.07295850066934405,310,0.1037483266398929,4
vsb_rarefirst,p1_clahe,44,val,0.2,2988,184,0.06157965194109773,245,0.0819946452476573,4
vsb_rarefirst,p1_clahe,44,val,0.25,2988,158,0.05287817938420348,197,0.06593038821954485,4
vsb_rarefirst,p1_clahe,44,val,0.3,2988,134,0.04484605087014726,162,0.05421686746987952,3
vsb_rarefirst,p1_clahe,44,val,0.35,2988,114,0.03815261044176707,133,0.044511378848728245,3
vsb_rarefirst,p1_clahe,44,val,0.4,2988,88,0.029451137884872823,97,0.03246318607764391,2
vsb_rarefirst,p1_clahe,44,val,0.45,2988,68,0.022757697456492636,74,0.024765729585006693,2
vsb_rarefirst,p1_clahe,44,val,0.5,2988,46,0.015394912985274432,49,0.01639892904953146,2
vsb_rarefirst,p1_clahe,44,val,0.55,2988,38,0.012717536813922356,40,0.013386880856760375,2
vsb_rarefirst,p1_clahe,44,val,0.6,2988,22,0.007362784471218206,23,0.007697456492637216,2
vsb_rarefirst,p1_clahe,44,val,0.65,2988,9,0.0030120481927710845,9,0.0030120481927710845,1
vsb_rarefirst,p1_clahe,44,val,0.7,2988,4,0.0013386880856760374,4,0.0013386880856760374,1
vsb_rarefirst,p1_clahe,44,val,0.75,2988,0,0.0,0,0.0,0
vsb_rarefirst,p1_clahe,44,val,0.8,2988,0,0.0,0,0.0,0
vsb_rarefirst,p1_clahe,44,val,0.85,2988,0,0.0,0,0.0,0
vsb_rarefirst,p1_clahe,44,val,0.9,2988,0,0.0,0,0.0,0
vsb_rarefirst,p1_clahe,44,val,0.95,2988,0,0.0,0,0.0,0
vsb_rarefirst,p1_clahe,44,test,0.05,2988,315,0.10542168674698796,625,0.20917001338688085,9
vsb_rarefirst,p1_clahe,44,test,0.1,2988,253,0.08467202141900937,424,0.14190093708165996,7
vsb_rarefirst,p1_clahe,44,test,0.15,2988,209,0.06994645247657295,316,0.10575635876840696,5
vsb_rarefirst,p1_clahe,44,test,0.2,2988,195,0.06526104417670683,263,0.08801874163319946,5
vsb_rarefirst,p1_clahe,44,test,0.25,2988,170,0.05689424364123159,220,0.07362784471218206,4
vsb_rarefirst,p1_clahe,44,test,0.3,2988,149,0.0498661311914324,178,0.059571619812583666,4
vsb_rarefirst,p1_clahe,44,test,0.35,2988,126,0.04216867469879518,147,0.04919678714859438,3
vsb_rarefirst,p1_clahe,44,test,0.4,2988,105,0.035140562248995984,118,0.039491298527443104,3
vsb_rarefirst,p1_clahe,44,test,0.45,2988,80,0.02677376171352075,88,0.029451137884872823,3
vsb_rarefirst,p1_clahe,44,test,0.5,2988,63,0.02108433734939759,67,0.02242302543507363,3
vsb_rarefirst,p1_clahe,44,test,0.55,2988,48,0.01606425702811245,49,0.01639892904953146,2
vsb_rarefirst,p1_clahe,44,test,0.6,2988,32,0.0107095046854083,33,0.01104417670682731,2
vsb_rarefirst,p1_clahe,44,test,0.65,2988,18,0.006024096385542169,18,0.006024096385542169,1
vsb_rarefirst,p1_clahe,44,test,0.7,2988,8,0.002677376171352075,8,0.002677376171352075,1
vsb_rarefirst,p1_clahe,44,test,0.75,2988,2,0.0006693440428380187,2,0.0006693440428380187,1
vsb_rarefirst,p1_clahe,44,test,0.8,2988,0,0.0,0,0.0,0
vsb_rarefirst,p1_clahe,44,test,0.85,2988,0,0.0,0,0.0,0
vsb_rarefirst,p1_clahe,44,test,0.9,2988,0,0.0,0,0.0,0
vsb_rarefirst,p1_clahe,44,test,0.95,2988,0,0.0,0,0.0,0
vsb_rarefirst,p2_illumination,42,val,0.05,2988,381,0.12751004016064257,700,0.23427041499330656,9
vsb_rarefirst,p2_illumination,42,val,0.1,2988,308,0.10307898259705489,474,0.15863453815261044,6
vsb_rarefirst,p2_illumination,42,val,0.15,2988,249,0.08333333333333333,347,0.11613119143239625,5
vsb_rarefirst,p2_illumination,42,val,0.2,2988,199,0.06659973226238286,256,0.0856760374832664,3
vsb_rarefirst,p2_illumination,42,val,0.25,2988,176,0.058902275769745646,214,0.07161981258366801,3
vsb_rarefirst,p2_illumination,42,val,0.3,2988,155,0.05187416331994645,180,0.060240963855421686,3
vsb_rarefirst,p2_illumination,42,val,0.35,2988,128,0.0428380187416332,142,0.04752342704149933,2
vsb_rarefirst,p2_illumination,42,val,0.4,2988,103,0.034471218206157964,113,0.03781793842034806,2
vsb_rarefirst,p2_illumination,42,val,0.45,2988,74,0.024765729585006693,79,0.02643908969210174,2
vsb_rarefirst,p2_illumination,42,val,0.5,2988,52,0.01740294511378849,55,0.018406961178045515,2
vsb_rarefirst,p2_illumination,42,val,0.55,2988,29,0.009705488621151271,31,0.010374832663989291,2
vsb_rarefirst,p2_illumination,42,val,0.6,2988,12,0.004016064257028112,13,0.004350736278447122,2
vsb_rarefirst,p2_illumination,42,val,0.65,2988,2,0.0006693440428380187,2,0.0006693440428380187,1
vsb_rarefirst,p2_illumination,42,val,0.7,2988,1,0.00033467202141900936,1,0.00033467202141900936,1
vsb_rarefirst,p2_illumination,42,val,0.75,2988,0,0.0,0,0.0,0
vsb_rarefirst,p2_illumination,42,val,0.8,2988,0,0.0,0,0.0,0
vsb_rarefirst,p2_illumination,42,val,0.85,2988,0,0.0,0,0.0,0
vsb_rarefirst,p2_illumination,42,val,0.9,2988,0,0.0,0,0.0,0
vsb_rarefirst,p2_illumination,42,val,0.95,2988,0,0.0,0,0.0,0
vsb_rarefirst,p2_illumination,42,test,0.05,2988,357,0.11947791164658635,711,0.23795180722891565,9
vsb_rarefirst,p2_illumination,42,test,0.1,2988,302,0.10107095046854082,495,0.16566265060240964,6
vsb_rarefirst,p2_illumination,42,test,0.15,2988,265,0.08868808567603749,382,0.1278447121820616,5
vsb_rarefirst,p2_illumination,42,test,0.2,2988,236,0.07898259705488621,313,0.10475234270414993,5
vsb_rarefirst,p2_illumination,42,test,0.25,2988,200,0.06693440428380187,254,0.08500669344042838,4
vsb_rarefirst,p2_illumination,42,test,0.3,2988,175,0.05856760374832664,211,0.07061579651941098,4
vsb_rarefirst,p2_illumination,42,test,0.35,2988,152,0.050870147255689425,175,0.05856760374832664,4
vsb_rarefirst,p2_illumination,42,test,0.4,2988,129,0.04317269076305221,144,0.04819277108433735,4
vsb_rarefirst,p2_illumination,42,test,0.45,2988,105,0.035140562248995984,116,0.038821954484605084,4
vsb_rarefirst,p2_illumination,42,test,0.5,2988,82,0.02744310575635877,89,0.029785809906291833,3
vsb_rarefirst,p2_illumination,42,test,0.55,2988,51,0.01706827309236948,55,0.018406961178045515,2
vsb_rarefirst,p2_illumination,42,test,0.6,2988,28,0.009370816599732263,30,0.010040160642570281,2
vsb_rarefirst,p2_illumination,42,test,0.65,2988,14,0.004685408299866131,15,0.0050200803212851405,2
vsb_rarefirst,p2_illumination,42,test,0.7,2988,7,0.0023427041499330657,7,0.0023427041499330657,1
vsb_rarefirst,p2_illumination,42,test,0.75,2988,1,0.00033467202141900936,1,0.00033467202141900936,1
vsb_rarefirst,p2_illumination,42,test,0.8,2988,0,0.0,0,0.0,0
vsb_rarefirst,p2_illumination,42,test,0.85,2988,0,0.0,0,0.0,0
vsb_rarefirst,p2_illumination,42,test,0.9,2988,0,0.0,0,0.0,0
vsb_rarefirst,p2_illumination,42,test,0.95,2988,0,0.0,0,0.0,0
vsb_rarefirst,p2_illumination,43,val,0.05,2988,330,0.11044176706827309,612,0.20481927710843373,7
vsb_rarefirst,p2_illumination,43,val,0.1,2988,270,0.09036144578313253,428,0.14323962516733602,6
vsb_rarefirst,p2_illumination,43,val,0.15,2988,221,0.07396251673360107,310,0.1037483266398929,5
vsb_rarefirst,p2_illumination,43,val,0.2,2988,193,0.0645917001338688,244,0.08165997322623829,3
vsb_rarefirst,p2_illumination,43,val,0.25,2988,162,0.05421686746987952,192,0.0642570281124498,3
vsb_rarefirst,p2_illumination,43,val,0.3,2988,135,0.045180722891566265,154,0.051539491298527446,2
vsb_rarefirst,p2_illumination,43,val,0.35,2988,112,0.03748326639892905,126,0.04216867469879518,2
vsb_rarefirst,p2_illumination,43,val,0.4,2988,84,0.028112449799196786,97,0.03246318607764391,2
vsb_rarefirst,p2_illumination,43,val,0.45,2988,66,0.02208835341365462,77,0.025769745649263723,2
vsb_rarefirst,p2_illumination,43,val,0.5,2988,48,0.01606425702811245,53,0.017737617135207495,2
vsb_rarefirst,p2_illumination,43,val,0.55,2988,32,0.0107095046854083,36,0.012048192771084338,2
vsb_rarefirst,p2_illumination,43,val,0.6,2988,22,0.007362784471218206,22,0.007362784471218206,1
vsb_rarefirst,p2_illumination,43,val,0.65,2988,17,0.005689424364123159,17,0.005689424364123159,1
vsb_rarefirst,p2_illumination,43,val,0.7,2988,5,0.0016733601070950468,5,0.0016733601070950468,1
vsb_rarefirst,p2_illumination,43,val,0.75,2988,0,0.0,0,0.0,0
vsb_rarefirst,p2_illumination,43,val,0.8,2988,0,0.0,0,0.0,0
vsb_rarefirst,p2_illumination,43,val,0.85,2988,0,0.0,0,0.0,0
vsb_rarefirst,p2_illumination,43,val,0.9,2988,0,0.0,0,0.0,0
vsb_rarefirst,p2_illumination,43,val,0.95,2988,0,0.0,0,0.0,0
vsb_rarefirst,p2_illumination,43,test,0.05,2988,365,0.12215528781793843,676,0.22623828647925034,11
vsb_rarefirst,p2_illumination,43,test,0.1,2988,299,0.1000669344042838,477,0.15963855421686746,8
vsb_rarefirst,p2_illumination,43,test,0.15,2988,251,0.08400267737617136,356,0.11914323962516733,5
vsb_rarefirst,p2_illumination,43,test,0.2,2988,212,0.07095046854082998,277,0.0927041499330656,4
vsb_rarefirst,p2_illumination,43,test,0.25,2988,195,0.06526104417670683,241,0.08065595716198126,3
vsb_rarefirst,p2_illumination,43,test,0.3,2988,163,0.054551539491298526,195,0.06526104417670683,3
vsb_rarefirst,p2_illumination,43,test,0.35,2988,144,0.04819277108433735,163,0.054551539491298526,3
vsb_rarefirst,p2_illumination,43,test,0.4,2988,124,0.041499330655957165,141,0.04718875502008032,3
vsb_rarefirst,p2_illumination,43,test,0.45,2988,102,0.03413654618473896,115,0.03848728246318608,3
vsb_rarefirst,p2_illumination,43,test,0.5,2988,85,0.028447121820615796,92,0.030789825970548863,2
vsb_rarefirst,p2_illumination,43,test,0.55,2988,64,0.0214190093708166,69,0.023092369477911646,2
vsb_rarefirst,p2_illumination,43,test,0.6,2988,48,0.01606425702811245,52,0.01740294511378849,2
vsb_rarefirst,p2_illumination,43,test,0.65,2988,32,0.0107095046854083,32,0.0107095046854083,1
vsb_rarefirst,p2_illumination,43,test,0.7,2988,17,0.005689424364123159,17,0.005689424364123159,1
vsb_rarefirst,p2_illumination,43,test,0.75,2988,6,0.002008032128514056,6,0.002008032128514056,1
vsb_rarefirst,p2_illumination,43,test,0.8,2988,0,0.0,0,0.0,0
vsb_rarefirst,p2_illumination,43,test,0.85,2988,0,0.0,0,0.0,0
vsb_rarefirst,p2_illumination,43,test,0.9,2988,0,0.0,0,0.0,0
vsb_rarefirst,p2_illumination,43,test,0.95,2988,0,0.0,0,0.0,0
vsb_rarefirst,p2_illumination,44,val,0.05,2988,329,0.11010709504685408,570,0.19076305220883535,7
vsb_rarefirst,p2_illumination,44,val,0.1,2988,250,0.08366800535475234,385,0.1288487282463186,7
vsb_rarefirst,p2_illumination,44,val,0.15,2988,215,0.07195448460508702,291,0.09738955823293173,7
vsb_rarefirst,p2_illumination,44,val,0.2,2988,180,0.060240963855421686,226,0.07563587684069611,4
vsb_rarefirst,p2_illumination,44,val,0.25,2988,144,0.04819277108433735,174,0.05823293172690763,4
vsb_rarefirst,p2_illumination,44,val,0.3,2988,124,0.041499330655957165,146,0.048862115127175365,3
vsb_rarefirst,p2_illumination,44,val,0.35,2988,102,0.03413654618473896,119,0.03982597054886212,3
vsb_rarefirst,p2_illumination,44,val,0.4,2988,87,0.029116465863453816,98,0.03279785809906292,2
vsb_rarefirst,p2_illumination,44,val,0.45,2988,73,0.024431057563587683,79,0.02643908969210174,2
vsb_rarefirst,p2_illumination,44,val,0.5,2988,53,0.017737617135207495,56,0.018741633199464525,2
vsb_rarefirst,p2_illumination,44,val,0.55,2988,34,0.011378848728246318,35,0.011713520749665328,2
vsb_rarefirst,p2_illumination,44,val,0.6,2988,21,0.007028112449799197,21,0.007028112449799197,1
vsb_rarefirst,p2_illumination,44,val,0.65,2988,10,0.0033467202141900937,10,0.0033467202141900937,1
vsb_rarefirst,p2_illumination,44,val,0.7,2988,3,0.001004016064257028,3,0.001004016064257028,1
vsb_rarefirst,p2_illumination,44,val,0.75,2988,0,0.0,0,0.0,0
vsb_rarefirst,p2_illumination,44,val,0.8,2988,0,0.0,0,0.0,0
vsb_rarefirst,p2_illumination,44,val,0.85,2988,0,0.0,0,0.0,0
vsb_rarefirst,p2_illumination,44,val,0.9,2988,0,0.0,0,0.0,0
vsb_rarefirst,p2_illumination,44,val,0.95,2988,0,0.0,0,0.0,0
vsb_rarefirst,p2_illumination,44,test,0.05,2988,323,0.10809906291834002,611,0.20448460508701471,11
vsb_rarefirst,p2_illumination,44,test,0.1,2988,260,0.08701472556894244,412,0.13788487282463185,8
vsb_rarefirst,p2_illumination,44,test,0.15,2988,226,0.07563587684069611,323,0.10809906291834002,7
vsb_rarefirst,p2_illumination,44,test,0.2,2988,198,0.06626506024096386,264,0.08835341365461848,6
vsb_rarefirst,p2_illumination,44,test,0.25,2988,173,0.05789825970548862,215,0.07195448460508702,5
vsb_rarefirst,p2_illumination,44,test,0.3,2988,151,0.05053547523427041,181,0.06057563587684069,5
vsb_rarefirst,p2_illumination,44,test,0.35,2988,133,0.044511378848728245,154,0.051539491298527446,5
vsb_rarefirst,p2_illumination,44,test,0.4,2988,112,0.03748326639892905,123,0.04116465863453815,3
vsb_rarefirst,p2_illumination,44,test,0.45,2988,89,0.029785809906291833,94,0.03145917001338688,2
vsb_rarefirst,p2_illumination,44,test,0.5,2988,72,0.024096385542168676,75,0.025100401606425703,2
vsb_rarefirst,p2_illumination,44,test,0.55,2988,54,0.018072289156626505,55,0.018406961178045515,2
vsb_rarefirst,p2_illumination,44,test,0.6,2988,40,0.013386880856760375,40,0.013386880856760375,1
vsb_rarefirst,p2_illumination,44,test,0.65,2988,26,0.008701472556894244,26,0.008701472556894244,1
vsb_rarefirst,p2_illumination,44,test,0.7,2988,15,0.0050200803212851405,15,0.0050200803212851405,1
vsb_rarefirst,p2_illumination,44,test,0.75,2988,6,0.002008032128514056,6,0.002008032128514056,1
vsb_rarefirst,p2_illumination,44,test,0.8,2988,0,0.0,0,0.0,0
vsb_rarefirst,p2_illumination,44,test,0.85,2988,0,0.0,0,0.0,0
vsb_rarefirst,p2_illumination,44,test,0.9,2988,0,0.0,0,0.0,0
vsb_rarefirst,p2_illumination,44,test,0.95,2988,0,0.0,0,0.0,0
vsb_rarefirst,p3_unsharp,42,val,0.05,2988,339,0.11345381526104417,611,0.20448460508701471,7
vsb_rarefirst,p3_unsharp,42,val,0.1,2988,265,0.08868808567603749,403,0.1348728246318608,6
vsb_rarefirst,p3_unsharp,42,val,0.15,2988,220,0.07362784471218206,309,0.10341365461847389,5
vsb_rarefirst,p3_unsharp,42,val,0.2,2988,191,0.0639223560910308,238,0.07965194109772424,4
vsb_rarefirst,p3_unsharp,42,val,0.25,2988,166,0.05555555555555555,203,0.0679384203480589,3
vsb_rarefirst,p3_unsharp,42,val,0.3,2988,141,0.04718875502008032,166,0.05555555555555555,3
vsb_rarefirst,p3_unsharp,42,val,0.35,2988,119,0.03982597054886212,132,0.04417670682730924,2
vsb_rarefirst,p3_unsharp,42,val,0.4,2988,101,0.033801874163319943,110,0.03681392235609103,2
vsb_rarefirst,p3_unsharp,42,val,0.45,2988,88,0.029451137884872823,92,0.030789825970548863,2
vsb_rarefirst,p3_unsharp,42,val,0.5,2988,70,0.023427041499330656,71,0.023761713520749666,2
vsb_rarefirst,p3_unsharp,42,val,0.55,2988,42,0.014056224899598393,43,0.014390896921017403,2
vsb_rarefirst,p3_unsharp,42,val,0.6,2988,23,0.007697456492637216,24,0.008032128514056224,2
vsb_rarefirst,p3_unsharp,42,val,0.65,2988,12,0.004016064257028112,12,0.004016064257028112,1
vsb_rarefirst,p3_unsharp,42,val,0.7,2988,4,0.0013386880856760374,4,0.0013386880856760374,1
vsb_rarefirst,p3_unsharp,42,val,0.75,2988,0,0.0,0,0.0,0
vsb_rarefirst,p3_unsharp,42,val,0.8,2988,0,0.0,0,0.0,0
vsb_rarefirst,p3_unsharp,42,val,0.85,2988,0,0.0,0,0.0,0
vsb_rarefirst,p3_unsharp,42,val,0.9,2988,0,0.0,0,0.0,0
vsb_rarefirst,p3_unsharp,42,val,0.95,2988,0,0.0,0,0.0,0
vsb_rarefirst,p3_unsharp,42,test,0.05,2988,331,0.1107764390896921,632,0.21151271753681392,10
vsb_rarefirst,p3_unsharp,42,test,0.1,2988,276,0.09236947791164658,442,0.14792503346720215,7
vsb_rarefirst,p3_unsharp,42,test,0.15,2988,240,0.08032128514056225,341,0.1141231593038822,6
vsb_rarefirst,p3_unsharp,42,test,0.2,2988,214,0.07161981258366801,280,0.09370816599732262,5
vsb_rarefirst,p3_unsharp,42,test,0.25,2988,194,0.06492637215528782,236,0.07898259705488621,5
vsb_rarefirst,p3_unsharp,42,test,0.3,2988,174,0.05823293172690763,203,0.0679384203480589,5
vsb_rarefirst,p3_unsharp,42,test,0.35,2988,149,0.0498661311914324,169,0.056559571619812586,4
vsb_rarefirst,p3_unsharp,42,test,0.4,2988,126,0.04216867469879518,138,0.04618473895582329,3
vsb_rarefirst,p3_unsharp,42,test,0.45,2988,107,0.035809906291834004,116,0.038821954484605084,3
vsb_rarefirst,p3_unsharp,42,test,0.5,2988,87,0.029116465863453816,91,0.030455153949129853,2
vsb_rarefirst,p3_unsharp,42,test,0.55,2988,65,0.02175368139223561,68,0.022757697456492636,2
vsb_rarefirst,p3_unsharp,42,test,0.6,2988,48,0.01606425702811245,49,0.01639892904953146,2
vsb_rarefirst,p3_unsharp,42,test,0.65,2988,23,0.007697456492637216,23,0.007697456492637216,1
vsb_rarefirst,p3_unsharp,42,test,0.7,2988,12,0.004016064257028112,12,0.004016064257028112,1
vsb_rarefirst,p3_unsharp,42,test,0.75,2988,3,0.001004016064257028,3,0.001004016064257028,1
vsb_rarefirst,p3_unsharp,42,test,0.8,2988,0,0.0,0,0.0,0
vsb_rarefirst,p3_unsharp,42,test,0.85,2988,0,0.0,0,0.0,0
vsb_rarefirst,p3_unsharp,42,test,0.9,2988,0,0.0,0,0.0,0
vsb_rarefirst,p3_unsharp,42,test,0.95,2988,0,0.0,0,0.0,0
vsb_rarefirst,p3_unsharp,43,val,0.05,2988,312,0.10441767068273092,566,0.1894243641231593,8
vsb_rarefirst,p3_unsharp,43,val,0.1,2988,245,0.0819946452476573,361,0.12081659973226239,8
vsb_rarefirst,p3_unsharp,43,val,0.15,2988,204,0.06827309236947791,274,0.09170013386880857,6
vsb_rarefirst,p3_unsharp,43,val,0.2,2988,165,0.055220883534136546,203,0.0679384203480589,4
vsb_rarefirst,p3_unsharp,43,val,0.25,2988,135,0.045180722891566265,162,0.05421686746987952,3
vsb_rarefirst,p3_unsharp,43,val,0.3,2988,110,0.03681392235609103,126,0.04216867469879518,3
vsb_rarefirst,p3_unsharp,43,val,0.35,2988,90,0.030120481927710843,102,0.03413654618473896,3
vsb_rarefirst,p3_unsharp,43,val,0.4,2988,67,0.02242302543507363,75,0.025100401606425703,2
vsb_rarefirst,p3_unsharp,43,val,0.45,2988,55,0.018406961178045515,60,0.020080321285140562,2
vsb_rarefirst,p3_unsharp,43,val,0.5,2988,39,0.013052208835341365,41,0.013721552878179385,2
vsb_rarefirst,p3_unsharp,43,val,0.55,2988,25,0.008366800535475234,26,0.008701472556894244,2
vsb_rarefirst,p3_unsharp,43,val,0.6,2988,13,0.004350736278447122,13,0.004350736278447122,1
vsb_rarefirst,p3_unsharp,43,val,0.65,2988,5,0.0016733601070950468,5,0.0016733601070950468,1
vsb_rarefirst,p3_unsharp,43,val,0.7,2988,4,0.0013386880856760374,4,0.0013386880856760374,1
vsb_rarefirst,p3_unsharp,43,val,0.75,2988,0,0.0,0,0.0,0
vsb_rarefirst,p3_unsharp,43,val,0.8,2988,0,0.0,0,0.0,0
vsb_rarefirst,p3_unsharp,43,val,0.85,2988,0,0.0,0,0.0,0
vsb_rarefirst,p3_unsharp,43,val,0.9,2988,0,0.0,0,0.0,0
vsb_rarefirst,p3_unsharp,43,val,0.95,2988,0,0.0,0,0.0,0
vsb_rarefirst,p3_unsharp,43,test,0.05,2988,311,0.10408299866131192,574,0.19210174029451138,12
vsb_rarefirst,p3_unsharp,43,test,0.1,2988,253,0.08467202141900937,395,0.1321954484605087,8
vsb_rarefirst,p3_unsharp,43,test,0.15,2988,206,0.06894243641231593,288,0.0963855421686747,6
vsb_rarefirst,p3_unsharp,43,test,0.2,2988,175,0.05856760374832664,232,0.07764390896921017,5
vsb_rarefirst,p3_unsharp,43,test,0.25,2988,151,0.05053547523427041,186,0.06224899598393574,5
vsb_rarefirst,p3_unsharp,43,test,0.3,2988,125,0.04183400267737617,156,0.05220883534136546,4
vsb_rarefirst,p3_unsharp,43,test,0.35,2988,114,0.03815261044176707,135,0.045180722891566265,4
vsb_rarefirst,p3_unsharp,43,test,0.4,2988,99,0.03313253012048193,113,0.03781793842034806,3
vsb_rarefirst,p3_unsharp,43,test,0.45,2988,73,0.024431057563587683,84,0.028112449799196786,3
vsb_rarefirst,p3_unsharp,43,test,0.5,2988,52,0.01740294511378849,57,0.019076305220883535,3
vsb_rarefirst,p3_unsharp,43,test,0.55,2988,38,0.012717536813922356,42,0.014056224899598393,2
vsb_rarefirst,p3_unsharp,43,test,0.6,2988,23,0.007697456492637216,23,0.007697456492637216,1
vsb_rarefirst,p3_unsharp,43,test,0.65,2988,15,0.0050200803212851405,15,0.0050200803212851405,1
vsb_rarefirst,p3_unsharp,43,test,0.7,2988,6,0.002008032128514056,6,0.002008032128514056,1
vsb_rarefirst,p3_unsharp,43,test,0.75,2988,3,0.001004016064257028,3,0.001004016064257028,1
vsb_rarefirst,p3_unsharp,43,test,0.8,2988,0,0.0,0,0.0,0
vsb_rarefirst,p3_unsharp,43,test,0.85,2988,0,0.0,0,0.0,0
vsb_rarefirst,p3_unsharp,43,test,0.9,2988,0,0.0,0,0.0,0
vsb_rarefirst,p3_unsharp,43,test,0.95,2988,0,0.0,0,0.0,0
vsb_rarefirst,p3_unsharp,44,val,0.05,2988,317,0.10609103078982597,574,0.19210174029451138,8
vsb_rarefirst,p3_unsharp,44,val,0.1,2988,259,0.08668005354752342,404,0.13520749665327977,6
vsb_rarefirst,p3_unsharp,44,val,0.15,2988,220,0.07362784471218206,319,0.10676037483266398,5
vsb_rarefirst,p3_unsharp,44,val,0.2,2988,195,0.06526104417670683,258,0.08634538152610442,3
vsb_rarefirst,p3_unsharp,44,val,0.25,2988,168,0.05622489959839357,204,0.06827309236947791,3
vsb_rarefirst,p3_unsharp,44,val,0.3,2988,140,0.04685408299866131,163,0.054551539491298526,3
vsb_rarefirst,p3_unsharp,44,val,0.35,2988,117,0.0391566265060241,133,0.044511378848728245,2
vsb_rarefirst,p3_unsharp,44,val,0.4,2988,94,0.03145917001338688,105,0.035140562248995984,2
vsb_rarefirst,p3_unsharp,44,val,0.45,2988,68,0.022757697456492636,74,0.024765729585006693,2
vsb_rarefirst,p3_unsharp,44,val,0.5,2988,50,0.01673360107095047,53,0.017737617135207495,2
vsb_rarefirst,p3_unsharp,44,val,0.55,2988,35,0.011713520749665328,36,0.012048192771084338,2
vsb_rarefirst,p3_unsharp,44,val,0.6,2988,19,0.006358768406961178,19,0.006358768406961178,1
vsb_rarefirst,p3_unsharp,44,val,0.65,2988,12,0.004016064257028112,12,0.004016064257028112,1
vsb_rarefirst,p3_unsharp,44,val,0.7,2988,3,0.001004016064257028,3,0.001004016064257028,1
vsb_rarefirst,p3_unsharp,44,val,0.75,2988,1,0.00033467202141900936,1,0.00033467202141900936,1
vsb_rarefirst,p3_unsharp,44,val,0.8,2988,0,0.0,0,0.0,0
vsb_rarefirst,p3_unsharp,44,val,0.85,2988,0,0.0,0,0.0,0
vsb_rarefirst,p3_unsharp,44,val,0.9,2988,0,0.0,0,0.0,0
vsb_rarefirst,p3_unsharp,44,val,0.95,2988,0,0.0,0,0.0,0
vsb_rarefirst,p3_unsharp,44,test,0.05,2988,358,0.11981258366800536,651,0.2178714859437751,9
vsb_rarefirst,p3_unsharp,44,test,0.1,2988,296,0.09906291834002677,444,0.14859437751004015,8
vsb_rarefirst,p3_unsharp,44,test,0.15,2988,255,0.0853413654618474,341,0.1141231593038822,7
vsb_rarefirst,p3_unsharp,44,test,0.2,2988,216,0.07228915662650602,281,0.09404283801874164,6
vsb_rarefirst,p3_unsharp,44,test,0.25,2988,189,0.06325301204819277,234,0.0783132530120482,5
vsb_rarefirst,p3_unsharp,44,test,0.3,2988,160,0.0535475234270415,192,0.0642570281124498,4
vsb_rarefirst,p3_unsharp,44,test,0.35,2988,139,0.046519410977242305,157,0.05254350736278447,3
vsb_rarefirst,p3_unsharp,44,test,0.4,2988,116,0.038821954484605084,132,0.04417670682730924,3
vsb_rarefirst,p3_unsharp,44,test,0.45,2988,99,0.03313253012048193,112,0.03748326639892905,3
vsb_rarefirst,p3_unsharp,44,test,0.5,2988,85,0.028447121820615796,95,0.03179384203480589,3
vsb_rarefirst,p3_unsharp,44,test,0.55,2988,63,0.02108433734939759,68,0.022757697456492636,2
vsb_rarefirst,p3_unsharp,44,test,0.6,2988,46,0.015394912985274432,50,0.01673360107095047,2
vsb_rarefirst,p3_unsharp,44,test,0.65,2988,21,0.007028112449799197,21,0.007028112449799197,1
vsb_rarefirst,p3_unsharp,44,test,0.7,2988,12,0.004016064257028112,12,0.004016064257028112,1
vsb_rarefirst,p3_unsharp,44,test,0.75,2988,5,0.0016733601070950468,5,0.0016733601070950468,1
vsb_rarefirst,p3_unsharp,44,test,0.8,2988,2,0.0006693440428380187,2,0.0006693440428380187,1
vsb_rarefirst,p3_unsharp,44,test,0.85,2988,0,0.0,0,0.0,0
vsb_rarefirst,p3_unsharp,44,test,0.9,2988,0,0.0,0,0.0,0
vsb_rarefirst,p3_unsharp,44,test,0.95,2988,0,0.0,0,0.0,0
vsb_rarefirst,a1_crop,42,val,0.05,2988,598,0.2001338688085676,1491,0.49899598393574296,15
vsb_rarefirst,a1_crop,42,val,0.1,2988,442,0.14792503346720215,843,0.2821285140562249,11
vsb_rarefirst,a1_crop,42,val,0.15,2988,359,0.12014725568942436,572,0.19143239625167335,9
vsb_rarefirst,a1_crop,42,val,0.2,2988,296,0.09906291834002677,409,0.13688085676037484,5
vsb_rarefirst,a1_crop,42,val,0.25,2988,237,0.07931726907630522,308,0.10307898259705489,4
vsb_rarefirst,a1_crop,42,val,0.3,2988,173,0.05789825970548862,213,0.071285140562249,4
vsb_rarefirst,a1_crop,42,val,0.35,2988,129,0.04317269076305221,149,0.0498661311914324,4
vsb_rarefirst,a1_crop,42,val,0.4,2988,91,0.030455153949129853,108,0.03614457831325301,3
vsb_rarefirst,a1_crop,42,val,0.45,2988,67,0.02242302543507363,74,0.024765729585006693,2
vsb_rarefirst,a1_crop,42,val,0.5,2988,38,0.012717536813922356,41,0.013721552878179385,2
vsb_rarefirst,a1_crop,42,val,0.55,2988,23,0.007697456492637216,25,0.008366800535475234,2
vsb_rarefirst,a1_crop,42,val,0.6,2988,13,0.004350736278447122,14,0.004685408299866131,2
vsb_rarefirst,a1_crop,42,val,0.65,2988,6,0.002008032128514056,6,0.002008032128514056,1
vsb_rarefirst,a1_crop,42,val,0.7,2988,3,0.001004016064257028,3,0.001004016064257028,1
vsb_rarefirst,a1_crop,42,val,0.75,2988,0,0.0,0,0.0,0
vsb_rarefirst,a1_crop,42,val,0.8,2988,0,0.0,0,0.0,0
vsb_rarefirst,a1_crop,42,val,0.85,2988,0,0.0,0,0.0,0
vsb_rarefirst,a1_crop,42,val,0.9,2988,0,0.0,0,0.0,0
vsb_rarefirst,a1_crop,42,val,0.95,2988,0,0.0,0,0.0,0
vsb_rarefirst,a1_crop,42,test,0.05,2988,578,0.1934404283801874,1493,0.499665327978581,20
vsb_rarefirst,a1_crop,42,test,0.1,2988,427,0.142904953145917,867,0.2901606425702811,12
vsb_rarefirst,a1_crop,42,test,0.15,2988,359,0.12014725568942436,601,0.20113788487282463,11
vsb_rarefirst,a1_crop,42,test,0.2,2988,303,0.10140562248995984,444,0.14859437751004015,9
vsb_rarefirst,a1_crop,42,test,0.25,2988,252,0.08433734939759036,329,0.11010709504685408,7
vsb_rarefirst,a1_crop,42,test,0.3,2988,209,0.06994645247657295,261,0.08734939759036145,6
vsb_rarefirst,a1_crop,42,test,0.35,2988,167,0.055890227576974566,194,0.06492637215528782,4
vsb_rarefirst,a1_crop,42,test,0.4,2988,131,0.043842034805890225,144,0.04819277108433735,2
vsb_rarefirst,a1_crop,42,test,0.45,2988,99,0.03313253012048193,106,0.03547523427041499,2
vsb_rarefirst,a1_crop,42,test,0.5,2988,71,0.023761713520749666,75,0.025100401606425703,2
vsb_rarefirst,a1_crop,42,test,0.55,2988,49,0.01639892904953146,50,0.01673360107095047,2
vsb_rarefirst,a1_crop,42,test,0.6,2988,22,0.007362784471218206,22,0.007362784471218206,1
vsb_rarefirst,a1_crop,42,test,0.65,2988,11,0.003681392235609103,11,0.003681392235609103,1
vsb_rarefirst,a1_crop,42,test,0.7,2988,7,0.0023427041499330657,7,0.0023427041499330657,1
vsb_rarefirst,a1_crop,42,test,0.75,2988,3,0.001004016064257028,3,0.001004016064257028,1
vsb_rarefirst,a1_crop,42,test,0.8,2988,0,0.0,0,0.0,0
vsb_rarefirst,a1_crop,42,test,0.85,2988,0,0.0,0,0.0,0
vsb_rarefirst,a1_crop,42,test,0.9,2988,0,0.0,0,0.0,0
vsb_rarefirst,a1_crop,42,test,0.95,2988,0,0.0,0,0.0,0
vsb_rarefirst,a1_crop,43,val,0.05,2988,471,0.1576305220883534,885,0.2961847389558233,9
vsb_rarefirst,a1_crop,43,val,0.1,2988,378,0.12650602409638553,603,0.20180722891566266,7
vsb_rarefirst,a1_crop,43,val,0.15,2988,318,0.10642570281124498,466,0.15595716198125836,6
vsb_rarefirst,a1_crop,43,val,0.2,2988,281,0.09404283801874164,380,0.12717536813922356,5
vsb_rarefirst,a1_crop,43,val,0.25,2988,250,0.08366800535475234,312,0.10441767068273092,3
vsb_rarefirst,a1_crop,43,val,0.3,2988,223,0.07463186077643909,268,0.08969210174029452,3
vsb_rarefirst,a1_crop,43,val,0.35,2988,191,0.0639223560910308,226,0.07563587684069611,3
vsb_rarefirst,a1_crop,43,val,0.4,2988,160,0.0535475234270415,184,0.06157965194109773,3
vsb_rarefirst,a1_crop,43,val,0.45,2988,122,0.040829986613119144,138,0.04618473895582329,2
vsb_rarefirst,a1_crop,43,val,0.5,2988,104,0.03480589022757698,117,0.0391566265060241,2
vsb_rarefirst,a1_crop,43,val,0.55,2988,80,0.02677376171352075,87,0.029116465863453816,2
vsb_rarefirst,a1_crop,43,val,0.6,2988,52,0.01740294511378849,58,0.019410977242302542,2
vsb_rarefirst,a1_crop,43,val,0.65,2988,25,0.008366800535475234,28,0.009370816599732263,2
vsb_rarefirst,a1_crop,43,val,0.7,2988,12,0.004016064257028112,12,0.004016064257028112,1
vsb_rarefirst,a1_crop,43,val,0.75,2988,2,0.0006693440428380187,2,0.0006693440428380187,1
vsb_rarefirst,a1_crop,43,val,0.8,2988,0,0.0,0,0.0,0
vsb_rarefirst,a1_crop,43,val,0.85,2988,0,0.0,0,0.0,0
vsb_rarefirst,a1_crop,43,val,0.9,2988,0,0.0,0,0.0,0
vsb_rarefirst,a1_crop,43,val,0.95,2988,0,0.0,0,0.0,0
vsb_rarefirst,a1_crop,43,test,0.05,2988,455,0.15227576974564927,903,0.30220883534136544,14
vsb_rarefirst,a1_crop,43,test,0.1,2988,370,0.12382864792503347,621,0.20783132530120482,8
vsb_rarefirst,a1_crop,43,test,0.15,2988,339,0.11345381526104417,512,0.1713520749665328,5
vsb_rarefirst,a1_crop,43,test,0.2,2988,308,0.10307898259705489,427,0.142904953145917,5
vsb_rarefirst,a1_crop,43,test,0.25,2988,274,0.09170013386880857,356,0.11914323962516733,5
vsb_rarefirst,a1_crop,43,test,0.3,2988,252,0.08433734939759036,312,0.10441767068273092,5
vsb_rarefirst,a1_crop,43,test,0.35,2988,224,0.0749665327978581,266,0.08902275769745649,5
vsb_rarefirst,a1_crop,43,test,0.4,2988,195,0.06526104417670683,227,0.07597054886211513,4
vsb_rarefirst,a1_crop,43,test,0.45,2988,167,0.055890227576974566,196,0.06559571619812583,4
vsb_rarefirst,a1_crop,43,test,0.5,2988,137,0.045850066934404285,153,0.05120481927710843,2
vsb_rarefirst,a1_crop,43,test,0.55,2988,105,0.035140562248995984,113,0.03781793842034806,2
vsb_rarefirst,a1_crop,43,test,0.6,2988,73,0.024431057563587683,76,0.025435073627844713,2
vsb_rarefirst,a1_crop,43,test,0.65,2988,36,0.012048192771084338,36,0.012048192771084338,1
vsb_rarefirst,a1_crop,43,test,0.7,2988,16,0.00535475234270415,16,0.00535475234270415,1
vsb_rarefirst,a1_crop,43,test,0.75,2988,8,0.002677376171352075,8,0.002677376171352075,1
vsb_rarefirst,a1_crop,43,test,0.8,2988,0,0.0,0,0.0,0
vsb_rarefirst,a1_crop,43,test,0.85,2988,0,0.0,0,0.0,0
vsb_rarefirst,a1_crop,43,test,0.9,2988,0,0.0,0,0.0,0
vsb_rarefirst,a1_crop,43,test,0.95,2988,0,0.0,0,0.0,0
vsb_rarefirst,a1_crop,44,val,0.05,2988,512,0.1713520749665328,995,0.3329986613119143,8
vsb_rarefirst,a1_crop,44,val,0.1,2988,401,0.13420348058902276,666,0.22289156626506024,6
vsb_rarefirst,a1_crop,44,val,0.15,2988,345,0.11546184738955824,514,0.17202141900937082,5
vsb_rarefirst,a1_crop,44,val,0.2,2988,300,0.10040160642570281,403,0.1348728246318608,4
vsb_rarefirst,a1_crop,44,val,0.25,2988,270,0.09036144578313253,336,0.11244979919678715,4
vsb_rarefirst,a1_crop,44,val,0.3,2988,230,0.07697456492637215,270,0.09036144578313253,3
vsb_rarefirst,a1_crop,44,val,0.35,2988,206,0.06894243641231593,239,0.07998661311914324,2
vsb_rarefirst,a1_crop,44,val,0.4,2988,175,0.05856760374832664,193,0.0645917001338688,2
vsb_rarefirst,a1_crop,44,val,0.45,2988,141,0.04718875502008032,156,0.05220883534136546,2
vsb_rarefirst,a1_crop,44,val,0.5,2988,106,0.03547523427041499,116,0.038821954484605084,2
vsb_rarefirst,a1_crop,44,val,0.55,2988,78,0.02610441767068273,84,0.028112449799196786,2
vsb_rarefirst,a1_crop,44,val,0.6,2988,46,0.015394912985274432,49,0.01639892904953146,2
vsb_rarefirst,a1_crop,44,val,0.65,2988,22,0.007362784471218206,23,0.007697456492637216,2
vsb_rarefirst,a1_crop,44,val,0.7,2988,8,0.002677376171352075,8,0.002677376171352075,1
vsb_rarefirst,a1_crop,44,val,0.75,2988,2,0.0006693440428380187,2,0.0006693440428380187,1
vsb_rarefirst,a1_crop,44,val,0.8,2988,0,0.0,0,0.0,0
vsb_rarefirst,a1_crop,44,val,0.85,2988,0,0.0,0,0.0,0
vsb_rarefirst,a1_crop,44,val,0.9,2988,0,0.0,0,0.0,0
vsb_rarefirst,a1_crop,44,val,0.95,2988,0,0.0,0,0.0,0
vsb_rarefirst,a1_crop,44,test,0.05,2988,490,0.1639892904953146,1012,0.3386880856760375,13
vsb_rarefirst,a1_crop,44,test,0.1,2988,420,0.14056224899598393,709,0.23728246318607765,10
vsb_rarefirst,a1_crop,44,test,0.15,2988,363,0.1214859437751004,557,0.1864123159303882,9
vsb_rarefirst,a1_crop,44,test,0.2,2988,330,0.11044176706827309,464,0.15528781793842034,8
vsb_rarefirst,a1_crop,44,test,0.25,2988,303,0.10140562248995984,405,0.1355421686746988,6
vsb_rarefirst,a1_crop,44,test,0.3,2988,276,0.09236947791164658,345,0.11546184738955824,4
vsb_rarefirst,a1_crop,44,test,0.35,2988,237,0.07931726907630522,279,0.09337349397590361,4
vsb_rarefirst,a1_crop,44,test,0.4,2988,201,0.06726907630522089,234,0.0783132530120482,4
vsb_rarefirst,a1_crop,44,test,0.45,2988,173,0.05789825970548862,197,0.06593038821954485,3
vsb_rarefirst,a1_crop,44,test,0.5,2988,139,0.046519410977242305,154,0.051539491298527446,3
vsb_rarefirst,a1_crop,44,test,0.55,2988,110,0.03681392235609103,117,0.0391566265060241,3
vsb_rarefirst,a1_crop,44,test,0.6,2988,73,0.024431057563587683,76,0.025435073627844713,3
vsb_rarefirst,a1_crop,44,test,0.65,2988,37,0.012382864792503346,39,0.013052208835341365,2
vsb_rarefirst,a1_crop,44,test,0.7,2988,26,0.008701472556894244,26,0.008701472556894244,1
vsb_rarefirst,a1_crop,44,test,0.75,2988,11,0.003681392235609103,11,0.003681392235609103,1
vsb_rarefirst,a1_crop,44,test,0.8,2988,0,0.0,0,0.0,0
vsb_rarefirst,a1_crop,44,test,0.85,2988,0,0.0,0,0.0,0
vsb_rarefirst,a1_crop,44,test,0.9,2988,0,0.0,0,0.0,0
vsb_rarefirst,a1_crop,44,test,0.95,2988,0,0.0,0,0.0,0
vsb_rarefirst,a2_colorjitter,42,val,0.05,2988,309,0.10341365461847389,541,0.18105756358768407,10
vsb_rarefirst,a2_colorjitter,42,val,0.1,2988,250,0.08366800535475234,369,0.12349397590361445,7
vsb_rarefirst,a2_colorjitter,42,val,0.15,2988,209,0.06994645247657295,281,0.09404283801874164,5
vsb_rarefirst,a2_colorjitter,42,val,0.2,2988,178,0.059571619812583666,227,0.07597054886211513,4
vsb_rarefirst,a2_colorjitter,42,val,0.25,2988,153,0.05120481927710843,188,0.06291834002677377,4
vsb_rarefirst,a2_colorjitter,42,val,0.3,2988,130,0.04350736278447122,149,0.0498661311914324,4
vsb_rarefirst,a2_colorjitter,42,val,0.35,2988,105,0.035140562248995984,117,0.0391566265060241,3
vsb_rarefirst,a2_colorjitter,42,val,0.4,2988,84,0.028112449799196786,93,0.03112449799196787,2
vsb_rarefirst,a2_colorjitter,42,val,0.45,2988,63,0.02108433734939759,68,0.022757697456492636,2
vsb_rarefirst,a2_colorjitter,42,val,0.5,2988,49,0.01639892904953146,52,0.01740294511378849,2
vsb_rarefirst,a2_colorjitter,42,val,0.55,2988,34,0.011378848728246318,36,0.012048192771084338,2
vsb_rarefirst,a2_colorjitter,42,val,0.6,2988,24,0.008032128514056224,24,0.008032128514056224,1
vsb_rarefirst,a2_colorjitter,42,val,0.65,2988,11,0.003681392235609103,11,0.003681392235609103,1
vsb_rarefirst,a2_colorjitter,42,val,0.7,2988,7,0.0023427041499330657,7,0.0023427041499330657,1
vsb_rarefirst,a2_colorjitter,42,val,0.75,2988,2,0.0006693440428380187,2,0.0006693440428380187,1
vsb_rarefirst,a2_colorjitter,42,val,0.8,2988,0,0.0,0,0.0,0
vsb_rarefirst,a2_colorjitter,42,val,0.85,2988,0,0.0,0,0.0,0
vsb_rarefirst,a2_colorjitter,42,val,0.9,2988,0,0.0,0,0.0,0
vsb_rarefirst,a2_colorjitter,42,val,0.95,2988,0,0.0,0,0.0,0
vsb_rarefirst,a2_colorjitter,42,test,0.05,2988,326,0.10910307898259705,604,0.20214190093708165,9
vsb_rarefirst,a2_colorjitter,42,test,0.1,2988,269,0.09002677376171352,411,0.13755020080321284,6
vsb_rarefirst,a2_colorjitter,42,test,0.15,2988,227,0.07597054886211513,315,0.10542168674698796,5
vsb_rarefirst,a2_colorjitter,42,test,0.2,2988,198,0.06626506024096386,260,0.08701472556894244,5
vsb_rarefirst,a2_colorjitter,42,test,0.25,2988,178,0.059571619812583666,218,0.07295850066934405,4
vsb_rarefirst,a2_colorjitter,42,test,0.3,2988,157,0.05254350736278447,183,0.06124497991967871,4
vsb_rarefirst,a2_colorjitter,42,test,0.35,2988,139,0.046519410977242305,155,0.05187416331994645,4
vsb_rarefirst,a2_colorjitter,42,test,0.4,2988,115,0.03848728246318608,127,0.04250334672021419,4
vsb_rarefirst,a2_colorjitter,42,test,0.45,2988,95,0.03179384203480589,104,0.03480589022757698,3
vsb_rarefirst,a2_colorjitter,42,test,0.5,2988,73,0.024431057563587683,79,0.02643908969210174,3
vsb_rarefirst,a2_colorjitter,42,test,0.55,2988,54,0.018072289156626505,59,0.019745649263721552,3
vsb_rarefirst,a2_colorjitter,42,test,0.6,2988,39,0.013052208835341365,41,0.013721552878179385,3
vsb_rarefirst,a2_colorjitter,42,test,0.65,2988,23,0.007697456492637216,25,0.008366800535475234,3
vsb_rarefirst,a2_colorjitter,42,test,0.7,2988,14,0.004685408299866131,14,0.004685408299866131,1
vsb_rarefirst,a2_colorjitter,42,test,0.75,2988,6,0.002008032128514056,6,0.002008032128514056,1
vsb_rarefirst,a2_colorjitter,42,test,0.8,2988,2,0.0006693440428380187,2,0.0006693440428380187,1
vsb_rarefirst,a2_colorjitter,42,test,0.85,2988,0,0.0,0,0.0,0
vsb_rarefirst,a2_colorjitter,42,test,0.9,2988,0,0.0,0,0.0,0
vsb_rarefirst,a2_colorjitter,42,test,0.95,2988,0,0.0,0,0.0,0
vsb_rarefirst,a2_colorjitter,43,val,0.05,2988,329,0.11010709504685408,572,0.19143239625167335,8
vsb_rarefirst,a2_colorjitter,43,val,0.1,2988,247,0.08266398929049532,376,0.12583668005354753,6
vsb_rarefirst,a2_colorjitter,43,val,0.15,2988,209,0.06994645247657295,289,0.0967202141900937,5
vsb_rarefirst,a2_colorjitter,43,val,0.2,2988,181,0.06057563587684069,233,0.07797858099062918,4
vsb_rarefirst,a2_colorjitter,43,val,0.25,2988,151,0.05053547523427041,186,0.06224899598393574,3
vsb_rarefirst,a2_colorjitter,43,val,0.3,2988,134,0.04484605087014726,159,0.05321285140562249,3
vsb_rarefirst,a2_colorjitter,43,val,0.35,2988,116,0.038821954484605084,136,0.04551539491298527,3
vsb_rarefirst,a2_colorjitter,43,val,0.4,2988,97,0.03246318607764391,108,0.03614457831325301,2
vsb_rarefirst,a2_colorjitter,43,val,0.45,2988,75,0.025100401606425703,81,0.02710843373493976,2
vsb_rarefirst,a2_colorjitter,43,val,0.5,2988,55,0.018406961178045515,59,0.019745649263721552,2
vsb_rarefirst,a2_colorjitter,43,val,0.55,2988,44,0.014725568942436412,44,0.014725568942436412,1
vsb_rarefirst,a2_colorjitter,43,val,0.6,2988,23,0.007697456492637216,23,0.007697456492637216,1
vsb_rarefirst,a2_colorjitter,43,val,0.65,2988,9,0.0030120481927710845,9,0.0030120481927710845,1
vsb_rarefirst,a2_colorjitter,43,val,0.7,2988,2,0.0006693440428380187,2,0.0006693440428380187,1
vsb_rarefirst,a2_colorjitter,43,val,0.75,2988,0,0.0,0,0.0,0
vsb_rarefirst,a2_colorjitter,43,val,0.8,2988,0,0.0,0,0.0,0
vsb_rarefirst,a2_colorjitter,43,val,0.85,2988,0,0.0,0,0.0,0
vsb_rarefirst,a2_colorjitter,43,val,0.9,2988,0,0.0,0,0.0,0
vsb_rarefirst,a2_colorjitter,43,val,0.95,2988,0,0.0,0,0.0,0
vsb_rarefirst,a2_colorjitter,43,test,0.05,2988,330,0.11044176706827309,623,0.20850066934404285,11
vsb_rarefirst,a2_colorjitter,43,test,0.1,2988,263,0.08801874163319946,423,0.14156626506024098,7
vsb_rarefirst,a2_colorjitter,43,test,0.15,2988,228,0.07630522088353414,336,0.11244979919678715,6
vsb_rarefirst,a2_colorjitter,43,test,0.2,2988,200,0.06693440428380187,277,0.0927041499330656,6
vsb_rarefirst,a2_colorjitter,43,test,0.25,2988,185,0.06191432396251673,235,0.07864792503346721,5
vsb_rarefirst,a2_colorjitter,43,test,0.3,2988,167,0.055890227576974566,203,0.0679384203480589,4
vsb_rarefirst,a2_colorjitter,43,test,0.35,2988,147,0.04919678714859438,172,0.05756358768406961,3
vsb_rarefirst,a2_colorjitter,43,test,0.4,2988,125,0.04183400267737617,142,0.04752342704149933,3
vsb_rarefirst,a2_colorjitter,43,test,0.45,2988,112,0.03748326639892905,122,0.040829986613119144,2
vsb_rarefirst,a2_colorjitter,43,test,0.5,2988,86,0.028781793842034806,91,0.030455153949129853,2
vsb_rarefirst,a2_colorjitter,43,test,0.55,2988,67,0.02242302543507363,70,0.023427041499330656,2
vsb_rarefirst,a2_colorjitter,43,test,0.6,2988,43,0.014390896921017403,44,0.014725568942436412,2
vsb_rarefirst,a2_colorjitter,43,test,0.65,2988,27,0.009036144578313253,27,0.009036144578313253,1
vsb_rarefirst,a2_colorjitter,43,test,0.7,2988,10,0.0033467202141900937,10,0.0033467202141900937,1
vsb_rarefirst,a2_colorjitter,43,test,0.75,2988,4,0.0013386880856760374,4,0.0013386880856760374,1
vsb_rarefirst,a2_colorjitter,43,test,0.8,2988,0,0.0,0,0.0,0
vsb_rarefirst,a2_colorjitter,43,test,0.85,2988,0,0.0,0,0.0,0
vsb_rarefirst,a2_colorjitter,43,test,0.9,2988,0,0.0,0,0.0,0
vsb_rarefirst,a2_colorjitter,43,test,0.95,2988,0,0.0,0,0.0,0
vsb_rarefirst,a2_colorjitter,44,val,0.05,2988,370,0.12382864792503347,758,0.2536813922356091,9
vsb_rarefirst,a2_colorjitter,44,val,0.1,2988,284,0.09504685408299866,444,0.14859437751004015,7
vsb_rarefirst,a2_colorjitter,44,val,0.15,2988,236,0.07898259705488621,337,0.11278447121820616,5
vsb_rarefirst,a2_colorjitter,44,val,0.2,2988,181,0.06057563587684069,243,0.08132530120481928,5
vsb_rarefirst,a2_colorjitter,44,val,0.25,2988,149,0.0498661311914324,185,0.06191432396251673,3
vsb_rarefirst,a2_colorjitter,44,val,0.3,2988,123,0.04116465863453815,145,0.04852744310575636,3
vsb_rarefirst,a2_colorjitter,44,val,0.35,2988,88,0.029451137884872823,103,0.034471218206157964,3
vsb_rarefirst,a2_colorjitter,44,val,0.4,2988,66,0.02208835341365462,72,0.024096385542168676,2
vsb_rarefirst,a2_colorjitter,44,val,0.45,2988,40,0.013386880856760375,46,0.015394912985274432,2
vsb_rarefirst,a2_colorjitter,44,val,0.5,2988,20,0.006693440428380187,21,0.007028112449799197,2
vsb_rarefirst,a2_colorjitter,44,val,0.55,2988,12,0.004016064257028112,12,0.004016064257028112,1
vsb_rarefirst,a2_colorjitter,44,val,0.6,2988,7,0.0023427041499330657,7,0.0023427041499330657,1
vsb_rarefirst,a2_colorjitter,44,val,0.65,2988,3,0.001004016064257028,3,0.001004016064257028,1
vsb_rarefirst,a2_colorjitter,44,val,0.7,2988,1,0.00033467202141900936,1,0.00033467202141900936,1
vsb_rarefirst,a2_colorjitter,44,val,0.75,2988,0,0.0,0,0.0,0
vsb_rarefirst,a2_colorjitter,44,val,0.8,2988,0,0.0,0,0.0,0
vsb_rarefirst,a2_colorjitter,44,val,0.85,2988,0,0.0,0,0.0,0
vsb_rarefirst,a2_colorjitter,44,val,0.9,2988,0,0.0,0,0.0,0
vsb_rarefirst,a2_colorjitter,44,val,0.95,2988,0,0.0,0,0.0,0
vsb_rarefirst,a2_colorjitter,44,test,0.05,2988,387,0.12951807228915663,805,0.26941097724230256,12
vsb_rarefirst,a2_colorjitter,44,test,0.1,2988,303,0.10140562248995984,503,0.16834002677376173,10
vsb_rarefirst,a2_colorjitter,44,test,0.15,2988,253,0.08467202141900937,377,0.12617135207496652,8
vsb_rarefirst,a2_colorjitter,44,test,0.2,2988,215,0.07195448460508702,290,0.09705488621151272,6
vsb_rarefirst,a2_colorjitter,44,test,0.25,2988,180,0.060240963855421686,231,0.07730923694779117,6
vsb_rarefirst,a2_colorjitter,44,test,0.3,2988,146,0.048862115127175365,179,0.05990629183400268,3
vsb_rarefirst,a2_colorjitter,44,test,0.35,2988,108,0.03614457831325301,122,0.040829986613119144,3
vsb_rarefirst,a2_colorjitter,44,test,0.4,2988,84,0.028112449799196786,92,0.030789825970548863,3
vsb_rarefirst,a2_colorjitter,44,test,0.45,2988,59,0.019745649263721552,64,0.0214190093708166,3
vsb_rarefirst,a2_colorjitter,44,test,0.5,2988,47,0.01572958500669344,50,0.01673360107095047,3
vsb_rarefirst,a2_colorjitter,44,test,0.55,2988,37,0.012382864792503346,38,0.012717536813922356,2
vsb_rarefirst,a2_colorjitter,44,test,0.6,2988,26,0.008701472556894244,26,0.008701472556894244,1
vsb_rarefirst,a2_colorjitter,44,test,0.65,2988,11,0.003681392235609103,11,0.003681392235609103,1
vsb_rarefirst,a2_colorjitter,44,test,0.7,2988,2,0.0006693440428380187,2,0.0006693440428380187,1
vsb_rarefirst,a2_colorjitter,44,test,0.75,2988,1,0.00033467202141900936,1,0.00033467202141900936,1
vsb_rarefirst,a2_colorjitter,44,test,0.8,2988,0,0.0,0,0.0,0
vsb_rarefirst,a2_colorjitter,44,test,0.85,2988,0,0.0,0,0.0,0
vsb_rarefirst,a2_colorjitter,44,test,0.9,2988,0,0.0,0,0.0,0
vsb_rarefirst,a2_colorjitter,44,test,0.95,2988,0,0.0,0,0.0,0
vsb_rarefirst,p4_a4_combined,42,val,0.05,2988,647,0.21653279785809906,1330,0.44511378848728245,10
vsb_rarefirst,p4_a4_combined,42,val,0.1,2988,532,0.17804551539491298,931,0.3115796519410977,6
vsb_rarefirst,p4_a4_combined,42,val,0.15,2988,464,0.15528781793842034,721,0.24129852744310576,5
vsb_rarefirst,p4_a4_combined,42,val,0.2,2988,421,0.14089692101740295,601,0.20113788487282463,5
vsb_rarefirst,p4_a4_combined,42,val,0.25,2988,364,0.12182061579651941,498,0.16666666666666666,4
vsb_rarefirst,p4_a4_combined,42,val,0.3,2988,323,0.10809906291834002,424,0.14190093708165996,4
vsb_rarefirst,p4_a4_combined,42,val,0.35,2988,284,0.09504685408299866,359,0.12014725568942436,4
vsb_rarefirst,p4_a4_combined,42,val,0.4,2988,250,0.08366800535475234,303,0.10140562248995984,4
vsb_rarefirst,p4_a4_combined,42,val,0.45,2988,203,0.0679384203480589,240,0.08032128514056225,3
vsb_rarefirst,p4_a4_combined,42,val,0.5,2988,153,0.05120481927710843,180,0.060240963855421686,2
vsb_rarefirst,p4_a4_combined,42,val,0.55,2988,115,0.03848728246318608,129,0.04317269076305221,2
vsb_rarefirst,p4_a4_combined,42,val,0.6,2988,76,0.025435073627844713,83,0.027777777777777776,2
vsb_rarefirst,p4_a4_combined,42,val,0.65,2988,41,0.013721552878179385,42,0.014056224899598393,2
vsb_rarefirst,p4_a4_combined,42,val,0.7,2988,18,0.006024096385542169,19,0.006358768406961178,2
vsb_rarefirst,p4_a4_combined,42,val,0.75,2988,3,0.001004016064257028,3,0.001004016064257028,1
vsb_rarefirst,p4_a4_combined,42,val,0.8,2988,0,0.0,0,0.0,0
vsb_rarefirst,p4_a4_combined,42,val,0.85,2988,0,0.0,0,0.0,0
vsb_rarefirst,p4_a4_combined,42,val,0.9,2988,0,0.0,0,0.0,0
vsb_rarefirst,p4_a4_combined,42,val,0.95,2988,0,0.0,0,0.0,0
vsb_rarefirst,p4_a4_combined,42,test,0.05,2988,618,0.20682730923694778,1301,0.43540829986613117,12
vsb_rarefirst,p4_a4_combined,42,test,0.1,2988,511,0.17101740294511378,896,0.2998661311914324,10
vsb_rarefirst,p4_a4_combined,42,test,0.15,2988,446,0.14926372155287818,702,0.23493975903614459,10
vsb_rarefirst,p4_a4_combined,42,test,0.2,2988,384,0.1285140562248996,569,0.19042838018741634,9
vsb_rarefirst,p4_a4_combined,42,test,0.25,2988,347,0.11613119143239625,488,0.16331994645247658,8
vsb_rarefirst,p4_a4_combined,42,test,0.3,2988,311,0.10408299866131192,409,0.13688085676037484,7
vsb_rarefirst,p4_a4_combined,42,test,0.35,2988,283,0.09471218206157965,356,0.11914323962516733,5
vsb_rarefirst,p4_a4_combined,42,test,0.4,2988,251,0.08400267737617136,314,0.10508701472556894,5
vsb_rarefirst,p4_a4_combined,42,test,0.45,2988,210,0.07028112449799197,250,0.08366800535475234,4
vsb_rarefirst,p4_a4_combined,42,test,0.5,2988,176,0.058902275769745646,201,0.06726907630522089,3
vsb_rarefirst,p4_a4_combined,42,test,0.55,2988,137,0.045850066934404285,151,0.05053547523427041,3
vsb_rarefirst,p4_a4_combined,42,test,0.6,2988,93,0.03112449799196787,98,0.03279785809906292,2
vsb_rarefirst,p4_a4_combined,42,test,0.65,2988,58,0.019410977242302542,58,0.019410977242302542,1
vsb_rarefirst,p4_a4_combined,42,test,0.7,2988,31,0.010374832663989291,31,0.010374832663989291,1
vsb_rarefirst,p4_a4_combined,42,test,0.75,2988,9,0.0030120481927710845,9,0.0030120481927710845,1
vsb_rarefirst,p4_a4_combined,42,test,0.8,2988,1,0.00033467202141900936,1,0.00033467202141900936,1
vsb_rarefirst,p4_a4_combined,42,test,0.85,2988,0,0.0,0,0.0,0
vsb_rarefirst,p4_a4_combined,42,test,0.9,2988,0,0.0,0,0.0,0
vsb_rarefirst,p4_a4_combined,42,test,0.95,2988,0,0.0,0,0.0,0
vsb_rarefirst,p4_a4_combined,43,val,0.05,2988,664,0.2222222222222222,1629,0.5451807228915663,21
vsb_rarefirst,p4_a4_combined,43,val,0.1,2988,544,0.18206157965194109,1049,0.3510709504685408,9
vsb_rarefirst,p4_a4_combined,43,val,0.15,2988,461,0.15428380187416332,762,0.25502008032128515,7
vsb_rarefirst,p4_a4_combined,43,val,0.2,2988,391,0.13085676037483265,585,0.19578313253012047,5
vsb_rarefirst,p4_a4_combined,43,val,0.25,2988,325,0.10876840696117805,454,0.15194109772423026,4
vsb_rarefirst,p4_a4_combined,43,val,0.3,2988,265,0.08868808567603749,351,0.11746987951807229,3
vsb_rarefirst,p4_a4_combined,43,val,0.35,2988,219,0.07329317269076305,276,0.09236947791164658,3
vsb_rarefirst,p4_a4_combined,43,val,0.4,2988,169,0.056559571619812586,209,0.06994645247657295,3
vsb_rarefirst,p4_a4_combined,43,val,0.45,2988,127,0.04250334672021419,152,0.050870147255689425,3
vsb_rarefirst,p4_a4_combined,43,val,0.5,2988,88,0.029451137884872823,106,0.03547523427041499,3
vsb_rarefirst,p4_a4_combined,43,val,0.55,2988,52,0.01740294511378849,62,0.020749665327978582,2
vsb_rarefirst,p4_a4_combined,43,val,0.6,2988,24,0.008032128514056224,27,0.009036144578313253,2
vsb_rarefirst,p4_a4_combined,43,val,0.65,2988,12,0.004016064257028112,13,0.004350736278447122,2
vsb_rarefirst,p4_a4_combined,43,val,0.7,2988,4,0.0013386880856760374,5,0.0016733601070950468,2
vsb_rarefirst,p4_a4_combined,43,val,0.75,2988,0,0.0,0,0.0,0
vsb_rarefirst,p4_a4_combined,43,val,0.8,2988,0,0.0,0,0.0,0
vsb_rarefirst,p4_a4_combined,43,val,0.85,2988,0,0.0,0,0.0,0
vsb_rarefirst,p4_a4_combined,43,val,0.9,2988,0,0.0,0,0.0,0
vsb_rarefirst,p4_a4_combined,43,val,0.95,2988,0,0.0,0,0.0,0
vsb_rarefirst,p4_a4_combined,43,test,0.05,2988,626,0.20950468540829986,1514,0.5066934404283802,14
vsb_rarefirst,p4_a4_combined,43,test,0.1,2988,494,0.16532797858099063,959,0.32095046854083,10
vsb_rarefirst,p4_a4_combined,43,test,0.15,2988,418,0.1398929049531459,715,0.2392904953145917,8
vsb_rarefirst,p4_a4_combined,43,test,0.2,2988,369,0.12349397590361445,552,0.18473895582329317,7
vsb_rarefirst,p4_a4_combined,43,test,0.25,2988,320,0.107095046854083,443,0.14825970548862116,6
vsb_rarefirst,p4_a4_combined,43,test,0.3,2988,278,0.09303882195448461,359,0.12014725568942436,5
vsb_rarefirst,p4_a4_combined,43,test,0.35,2988,231,0.07730923694779117,291,0.09738955823293173,4
vsb_rarefirst,p4_a4_combined,43,test,0.4,2988,194,0.06492637215528782,235,0.07864792503346721,3
vsb_rarefirst,p4_a4_combined,43,test,0.45,2988,149,0.0498661311914324,175,0.05856760374832664,3
vsb_rarefirst,p4_a4_combined,43,test,0.5,2988,113,0.03781793842034806,125,0.04183400267737617,2
vsb_rarefirst,p4_a4_combined,43,test,0.55,2988,73,0.024431057563587683,78,0.02610441767068273,2
vsb_rarefirst,p4_a4_combined,43,test,0.6,2988,37,0.012382864792503346,40,0.013386880856760375,2
vsb_rarefirst,p4_a4_combined,43,test,0.65,2988,21,0.007028112449799197,22,0.007362784471218206,2
vsb_rarefirst,p4_a4_combined,43,test,0.7,2988,12,0.004016064257028112,12,0.004016064257028112,1
vsb_rarefirst,p4_a4_combined,43,test,0.75,2988,3,0.001004016064257028,3,0.001004016064257028,1
vsb_rarefirst,p4_a4_combined,43,test,0.8,2988,0,0.0,0,0.0,0
vsb_rarefirst,p4_a4_combined,43,test,0.85,2988,0,0.0,0,0.0,0
vsb_rarefirst,p4_a4_combined,43,test,0.9,2988,0,0.0,0,0.0,0
vsb_rarefirst,p4_a4_combined,43,test,0.95,2988,0,0.0,0,0.0,0
vsb_rarefirst,p4_a4_combined,44,val,0.05,2988,530,0.17737617135207498,1203,0.4026104417670683,12
vsb_rarefirst,p4_a4_combined,44,val,0.1,2988,428,0.14323962516733602,760,0.2543507362784471,8
vsb_rarefirst,p4_a4_combined,44,val,0.15,2988,367,0.12282463186077644,556,0.18607764390896922,6
vsb_rarefirst,p4_a4_combined,44,val,0.2,2988,318,0.10642570281124498,449,0.15026773761713522,4
vsb_rarefirst,p4_a4_combined,44,val,0.25,2988,267,0.0893574297188755,350,0.11713520749665328,4
vsb_rarefirst,p4_a4_combined,44,val,0.3,2988,217,0.07262382864792503,272,0.09103078982597054,3
vsb_rarefirst,p4_a4_combined,44,val,0.35,2988,166,0.05555555555555555,205,0.06860776439089693,3
vsb_rarefirst,p4_a4_combined,44,val,0.4,2988,125,0.04183400267737617,152,0.050870147255689425,3
vsb_rarefirst,p4_a4_combined,44,val,0.45,2988,94,0.03145917001338688,110,0.03681392235609103,2
vsb_rarefirst,p4_a4_combined,44,val,0.5,2988,60,0.020080321285140562,69,0.023092369477911646,2
vsb_rarefirst,p4_a4_combined,44,val,0.55,2988,43,0.014390896921017403,49,0.01639892904953146,2
vsb_rarefirst,p4_a4_combined,44,val,0.6,2988,22,0.007362784471218206,22,0.007362784471218206,1
vsb_rarefirst,p4_a4_combined,44,val,0.65,2988,12,0.004016064257028112,12,0.004016064257028112,1
vsb_rarefirst,p4_a4_combined,44,val,0.7,2988,5,0.0016733601070950468,5,0.0016733601070950468,1
vsb_rarefirst,p4_a4_combined,44,val,0.75,2988,1,0.00033467202141900936,1,0.00033467202141900936,1
vsb_rarefirst,p4_a4_combined,44,val,0.8,2988,0,0.0,0,0.0,0
vsb_rarefirst,p4_a4_combined,44,val,0.85,2988,0,0.0,0,0.0,0
vsb_rarefirst,p4_a4_combined,44,val,0.9,2988,0,0.0,0,0.0,0
vsb_rarefirst,p4_a4_combined,44,val,0.95,2988,0,0.0,0,0.0,0
vsb_rarefirst,p4_a4_combined,44,test,0.05,2988,492,0.1646586345381526,1127,0.3771753681392236,16
vsb_rarefirst,p4_a4_combined,44,test,0.1,2988,388,0.12985274431057564,706,0.2362784471218206,9
vsb_rarefirst,p4_a4_combined,44,test,0.15,2988,336,0.11244979919678715,530,0.17737617135207498,6
vsb_rarefirst,p4_a4_combined,44,test,0.2,2988,299,0.1000669344042838,422,0.14123159303882196,6
vsb_rarefirst,p4_a4_combined,44,test,0.25,2988,259,0.08668005354752342,330,0.11044176706827309,5
vsb_rarefirst,p4_a4_combined,44,test,0.3,2988,221,0.07396251673360107,274,0.09170013386880857,4
vsb_rarefirst,p4_a4_combined,44,test,0.35,2988,181,0.06057563587684069,216,0.07228915662650602,3
vsb_rarefirst,p4_a4_combined,44,test,0.4,2988,149,0.0498661311914324,177,0.05923694779116466,3
vsb_rarefirst,p4_a4_combined,44,test,0.45,2988,124,0.041499330655957165,141,0.04718875502008032,3
vsb_rarefirst,p4_a4_combined,44,test,0.5,2988,98,0.03279785809906292,108,0.03614457831325301,3
vsb_rarefirst,p4_a4_combined,44,test,0.55,2988,71,0.023761713520749666,72,0.024096385542168676,2
vsb_rarefirst,p4_a4_combined,44,test,0.6,2988,39,0.013052208835341365,40,0.013386880856760375,2
vsb_rarefirst,p4_a4_combined,44,test,0.65,2988,20,0.006693440428380187,20,0.006693440428380187,1
vsb_rarefirst,p4_a4_combined,44,test,0.7,2988,9,0.0030120481927710845,9,0.0030120481927710845,1
vsb_rarefirst,p4_a4_combined,44,test,0.75,2988,7,0.0023427041499330657,7,0.0023427041499330657,1
vsb_rarefirst,p4_a4_combined,44,test,0.8,2988,0,0.0,0,0.0,0
vsb_rarefirst,p4_a4_combined,44,test,0.85,2988,0,0.0,0,0.0,0
vsb_rarefirst,p4_a4_combined,44,test,0.9,2988,0,0.0,0,0.0,0
vsb_rarefirst,p4_a4_combined,44,test,0.95,2988,0,0.0,0,0.0,0
