dataset,variant,seed,split,threshold,n_clean_sources,fp_sources,fp_source_rate,false_detections,fppi_per_source,cp95_lower,cp95_upper,wilson95_lower,wilson95_upper
vsb_rarefirst,baseline,42,val,0.05,996,261,0.2620481927710843,522,0.5240963855421686,0.23497266035172967,0.2905379981707598,0.23568952429786044,0.2902353152671246
vsb_rarefirst,baseline,42,val,0.1,996,207,0.20783132530120482,331,0.33232931726907633,0.18302386072996937,0.23437868470371367,0.18377830543014442,0.23412940897243215
vsb_rarefirst,baseline,42,val,0.15,996,168,0.1686746987951807,245,0.2459839357429719,0.14592349088030296,0.193403120313781,0.1467018379955736,0.19319350823415235
vsb_rarefirst,baseline,42,val,0.2,996,142,0.142570281124498,186,0.18674698795180722,0.12143628188314583,0.1658413748508882,0.12222821922960844,0.16565888155155048
vsb_rarefirst,baseline,42,val,0.25,996,121,0.1214859437751004,150,0.15060240963855423,0.10183743591612986,0.14340219896835701,0.10263830614875305,0.1432421348470248
vsb_rarefirst,baseline,42,val,0.3,996,101,0.10140562248995984,119,0.11947791164658635,0.08335667286655904,0.12184866336590161,0.0841635521740796,0.12171054616895437
vsb_rarefirst,baseline,42,val,0.35,996,75,0.07530120481927711,89,0.0893574297188755,0.05968674496405403,0.0934786822272188,0.06049549073855033,0.09337036215591661
vsb_rarefirst,baseline,42,val,0.4,996,56,0.05622489959839357,66,0.06626506024096386,0.042747661221395825,0.07239484356363737,0.043550022822681146,0.07230980455167908
vsb_rarefirst,baseline,42,val,0.45,996,44,0.04417670682730924,48,0.04819277108433735,0.03227934460918791,0.058854027615058424,0.03307115020248173,0.05878487158023217
vsb_rarefirst,baseline,42,val,0.5,996,29,0.029116465863453816,31,0.03112449799196787,0.019584617478024022,0.041549854879604914,0.02034814029046699,0.041503124502689004
vsb_rarefirst,baseline,42,val,0.55,996,14,0.014056224899598393,15,0.015060240963855422,0.007705406260916386,0.023471594687610734,0.008391211521867748,0.023455296281730334
vsb_rarefirst,baseline,42,val,0.6,996,6,0.006024096385542169,6,0.006024096385542169,0.0022138503199720843,0.01306550051435107,0.0027637354164371207,0.013080235326063408
vsb_rarefirst,baseline,42,val,0.65,996,4,0.004016064257028112,4,0.004016064257028112,0.0010952933552988288,0.01025053878288337,0.0015628438042055047,0.010280492673020634
vsb_rarefirst,baseline,42,val,0.7,996,1,0.001004016064257028,1,0.001004016064257028,2.541916285560693e-05,0.005581198058454109,0.0001772554801821179,0.005665129599132441
vsb_rarefirst,baseline,42,val,0.75,996,0,0.0,0,0.0,0.0,0.0036968440152040753,2.168404344971009e-19,0.0038420679466773643
vsb_rarefirst,baseline,42,val,0.8,996,0,0.0,0,0.0,0.0,0.0036968440152040753,2.168404344971009e-19,0.0038420679466773643
vsb_rarefirst,baseline,42,val,0.85,996,0,0.0,0,0.0,0.0,0.0036968440152040753,2.168404344971009e-19,0.0038420679466773643
vsb_rarefirst,baseline,42,val,0.9,996,0,0.0,0,0.0,0.0,0.0036968440152040753,2.168404344971009e-19,0.0038420679466773643
vsb_rarefirst,baseline,42,val,0.95,996,0,0.0,0,0.0,0.0,0.0036968440152040753,2.168404344971009e-19,0.0038420679466773643
vsb_rarefirst,baseline,42,test,0.05,996,265,0.2660642570281124,564,0.5662650602409639,0.238843577209582,0.29467518281295624,0.23955750581062882,0.2943686022849049
vsb_rarefirst,baseline,42,test,0.1,996,218,0.21887550200803213,372,0.37349397590361444,0.19355614501035312,0.245868198313979,0.19430328782310102,0.24560791503848467
vsb_rarefirst,baseline,42,test,0.15,996,183,0.18373493975903615,281,0.2821285140562249,0.16014517280650062,0.20921035517608103,0.16091474298155328,0.20898536023773062
vsb_rarefirst,baseline,42,test,0.2,996,150,0.15060240963855423,216,0.21686746987951808,0.12894680018141513,0.17434573337001336,0.1297348103497413,0.17415482749251524
vsb_rarefirst,baseline,42,test,0.25,996,128,0.1285140562248996,172,0.17269076305220885,0.10835035793272794,0.15090176207356318,0.10914850041476387,0.1507341605094743
vsb_rarefirst,baseline,42,test,0.3,996,107,0.10742971887550201,141,0.14156626506024098,0.0888794149001485,0.12833596350132778,0.08968481039902063,0.1281911907398365
vsb_rarefirst,baseline,42,test,0.35,996,89,0.0893574297188755,112,0.11244979919678715,0.0723744791725098,0.10881158992757874,0.07318328581440822,0.10868700693697941
vsb_rarefirst,baseline,42,test,0.4,996,79,0.07931726907630522,95,0.09538152610441768,0.06329643516910922,0.09787464283251732,0.06410550658151125,0.09776161484350447
vsb_rarefirst,baseline,42,test,0.45,996,64,0.0642570281124498,77,0.07730923694779117,0.049833842107297556,0.0813173762954778,0.050640044477014194,0.0812223199584436
vsb_rarefirst,baseline,42,test,0.5,996,55,0.055220883534136546,63,0.06325301204819277,0.04186735028601766,0.07127418891518442,0.042669080723340705,0.07119042951838234
vsb_rarefirst,baseline,42,test,0.55,996,41,0.04116465863453815,47,0.04718875502008032,0.029699610226910794,0.05543253975143234,0.030487492860666085,0.055367577524136236
vsb_rarefirst,baseline,42,test,0.6,996,25,0.025100401606425703,30,0.030120481927710843,0.016308026632879054,0.03683126234686561,0.01705859137640498,0.036791404886202236
vsb_rarefirst,baseline,42,test,0.65,996,17,0.01706827309236948,19,0.019076305220883535,0.009973529545318612,0.027187688447160598,0.010683529983797157,0.027163929217712504
vsb_rarefirst,baseline,42,test,0.7,996,10,0.010040160642570281,12,0.012048192771084338,0.0048248509099354745,0.01838647943307985,0.0054626403595897585,0.018382598913459548
vsb_rarefirst,baseline,42,test,0.75,996,6,0.006024096385542169,6,0.006024096385542169,0.0022138503199720843,0.01306550051435107,0.0027637354164371207,0.013080235326063408
vsb_rarefirst,baseline,42,test,0.8,996,0,0.0,0,0.0,0.0,0.0036968440152040753,2.168404344971009e-19,0.0038420679466773643
vsb_rarefirst,baseline,42,test,0.85,996,0,0.0,0,0.0,0.0,0.0036968440152040753,2.168404344971009e-19,0.0038420679466773643
vsb_rarefirst,baseline,42,test,0.9,996,0,0.0,0,0.0,0.0,0.0036968440152040753,2.168404344971009e-19,0.0038420679466773643
vsb_rarefirst,baseline,42,test,0.95,996,0,0.0,0,0.0,0.0,0.0036968440152040753,2.168404344971009e-19,0.0038420679466773643
vsb_rarefirst,baseline,43,val,0.05,996,292,0.2931726907630522,597,0.5993975903614458,0.2650461119366792,0.32252758063266274,0.26573979121285374,0.32219487946388425
vsb_rarefirst,baseline,43,val,0.1,996,231,0.2319277108433735,388,0.3895582329317269,0.2060378030006861,0.25941246665520057,0.20677606217632655,0.25913926340954263
vsb_rarefirst,baseline,43,val,0.15,996,201,0.20180722891566266,304,0.30522088353413657,0.17729081522288517,0.22809990125246332,0.1780491511409637,0.22785666046578967
vsb_rarefirst,baseline,43,val,0.2,996,176,0.17670682730923695,251,0.2520080321285141,0.15350047452771456,0.20184150749576316,0.15427421355601578,0.20162366973480778
vsb_rarefirst,baseline,43,val,0.25,996,149,0.1495983935742972,202,0.20281124497991967,0.12800675798466338,0.17328390597249743,0.1287952725902566,0.17309404811936266
vsb_rarefirst,baseline,43,val,0.3,996,130,0.13052208835341367,169,0.16967871485943775,0.11021501560499478,0.15304070888141616,0.11101232961353363,0.152870965575979
vsb_rarefirst,baseline,43,val,0.35,996,107,0.10742971887550201,131,0.13152610441767068,0.0888794149001485,0.12833596350132778,0.08968481039902063,0.1281911907398365
vsb_rarefirst,baseline,43,val,0.4,996,89,0.0893574297188755,100,0.10040160642570281,0.0723744791725098,0.10881158992757874,0.07318328581440822,0.10868700693697941
vsb_rarefirst,baseline,43,val,0.45,996,61,0.06124497991967871,69,0.06927710843373494,0.047167849906885335,0.07797991142873738,0.047972843937486756,0.07788856910005947
vsb_rarefirst,baseline,43,val,0.5,996,37,0.03714859437751004,42,0.04216867469879518,0.02628839673522746,0.050843049225435616,0.027069933577253267,0.05078386827700028
vsb_rarefirst,baseline,43,val,0.55,996,32,0.0321285140562249,34,0.03413654618473896,0.022077569719942874,0.045054919499821725,0.022848864002151265,0.04500335218891631
vsb_rarefirst,baseline,43,val,0.6,996,17,0.01706827309236948,18,0.018072289156626505,0.009973529545318612,0.027187688447160598,0.010683529983797157,0.027163929217712504
vsb_rarefirst,baseline,43,val,0.65,996,11,0.01104417670682731,11,0.01104417670682731,0.005525747337515467,0.01967498526794216,0.0061779291218100425,0.019667627283876457
vsb_rarefirst,baseline,43,val,0.7,996,4,0.004016064257028112,4,0.004016064257028112,0.0010952933552988288,0.01025053878288337,0.0015628438042055047,0.010280492673020634
vsb_rarefirst,baseline,43,val,0.75,996,3,0.0030120481927710845,3,0.0030120481927710845,0.0006215880038488222,0.008777030081934173,0.001024885486156592,0.008818133858432355
vsb_rarefirst,baseline,43,val,0.8,996,1,0.001004016064257028,1,0.001004016064257028,2.541916285560693e-05,0.005581198058454109,0.0001772554801821179,0.005665129599132441
vsb_rarefirst,baseline,43,val,0.85,996,0,0.0,0,0.0,0.0,0.0036968440152040753,2.168404344971009e-19,0.0038420679466773643
vsb_rarefirst,baseline,43,val,0.9,996,0,0.0,0,0.0,0.0,0.0036968440152040753,2.168404344971009e-19,0.0038420679466773643
vsb_rarefirst,baseline,43,val,0.95,996,0,0.0,0,0.0,0.0,0.0036968440152040753,2.168404344971009e-19,0.0038420679466773643
vsb_rarefirst,baseline,43,test,0.05,996,293,0.29417670682730923,644,0.6465863453815262,0.26601896045277607,0.3235567740909273,0.26671187622595577,0.3232231115834195
vsb_rarefirst,baseline,43,test,0.1,996,243,0.24397590361445784,442,0.44377510040160645,0.21759059227388589,0.27188374776972507,0.21832043254299094,0.2715986986345246
vsb_rarefirst,baseline,43,test,0.15,996,214,0.21485943775100402,353,0.35441767068273095,0.18972304745098711,0.2416933535400066,0.19047286956440937,0.24143706476662755
vsb_rarefirst,baseline,43,test,0.2,996,193,0.19377510040160642,289,0.2901606425702811,0.1696603541223826,0.21971466440871384,0.17042376862479658,0.21947950592085924
vsb_rarefirst,baseline,43,test,0.25,996,169,0.16967871485943775,246,0.2469879518072289,0.14686959287489754,0.1944589328007241,0.1476473736465281,0.19424828971583505
vsb_rarefirst,baseline,43,test,0.3,996,150,0.15060240963855423,203,0.20381526104417672,0.12894680018141513,0.17434573337001336,0.1297348103497413,0.17415482749251524
vsb_rarefirst,baseline,43,test,0.35,996,127,0.12751004016064257,168,0.1686746987951807,0.10741865331894793,0.149831670423999,0.10821720214676574,0.1496651416448353
vsb_rarefirst,baseline,43,test,0.4,996,109,0.10943775100401607,137,0.13755020080321284,0.09072461920126272,0.13049415794918082,0.09152945419268245,0.13034718121144906
vsb_rarefirst,baseline,43,test,0.45,996,89,0.0893574297188755,114,0.1144578313253012,0.0723744791725098,0.10881158992757874,0.07318328581440822,0.10868700693697941
vsb_rarefirst,baseline,43,test,0.5,996,75,0.07530120481927711,86,0.08634538152610442,0.05968674496405403,0.0934786822272188,0.06049549073855033,0.09337036215591661
vsb_rarefirst,baseline,43,test,0.55,996,58,0.05823293172690763,66,0.06626506024096386,0.044512101054389686,0.07463242423221289,0.04531561599003664,0.07454484564959798
vsb_rarefirst,baseline,43,test,0.6,996,45,0.045180722891566265,48,0.04819277108433735,0.033142957448197244,0.05999093510248536,0.03393593438485959,0.05992040453049151
vsb_rarefirst,baseline,43,test,0.65,996,30,0.030120481927710843,31,0.03112449799196787,0.02041249952251572,0.04272117762453559,0.02117877333207291,0.042672808593720274
vsb_rarefirst,baseline,43,test,0.7,996,11,0.01104417670682731,12,0.012048192771084338,0.005525747337515467,0.01967498526794216,0.0061779291218100425,0.019667627283876457
vsb_rarefirst,baseline,43,test,0.75,996,5,0.0050200803212851405,5,0.0050200803212851405,0.001631955117803329,0.011676018736034771,0.002146127418164656,0.011697526191698678
vsb_rarefirst,baseline,43,test,0.8,996,0,0.0,0,0.0,0.0,0.0036968440152040753,2.168404344971009e-19,0.0038420679466773643
vsb_rarefirst,baseline,43,test,0.85,996,0,0.0,0,0.0,0.0,0.0036968440152040753,2.168404344971009e-19,0.0038420679466773643
vsb_rarefirst,baseline,43,test,0.9,996,0,0.0,0,0.0,0.0,0.0036968440152040753,2.168404344971009e-19,0.0038420679466773643
vsb_rarefirst,baseline,43,test,0.95,996,0,0.0,0,0.0,0.0,0.0036968440152040753,2.168404344971009e-19,0.0038420679466773643
vsb_rarefirst,baseline,44,val,0.05,996,315,0.31626506024096385,645,0.6475903614457831,0.28746258809239594,0.34615818383316466,0.2881384876048694,0.3458034771225241
vsb_rarefirst,baseline,44,val,0.1,996,249,0.25,432,0.43373493975903615,0.22337773679718773,0.2781086828296289,0.22410329574388835,0.27781773822945033
vsb_rarefirst,baseline,44,val,0.15,996,215,0.21586345381526104,333,0.33433734939759036,0.1906809861860404,0.2427373987462087,0.1914301409855144,0.24248011047815968
vsb_rarefirst,baseline,44,val,0.2,996,185,0.1857429718875502,260,0.26104417670682734,0.16204610784629825,0.21131330567866646,0.16281446506094338,0.21108627242361488
vsb_rarefirst,baseline,44,val,0.25,996,156,0.1566265060240964,206,0.20682730923694778,0.13459413800003386,0.1807096686117842,0.1353790458221867,0.18051249481589296
vsb_rarefirst,baseline,44,val,0.3,996,134,0.13453815261044177,166,0.16666666666666666,0.11394921158587981,0.15731376761895285,0.11474480804614398,0.1571397556739174
vsb_rarefirst,baseline,44,val,0.35,996,117,0.11746987951807229,140,0.14056224899598393,0.0981255423958539,0.1391070575101198,0.09892784123351042,0.13895133123171866
vsb_rarefirst,baseline,44,val,0.4,996,91,0.09136546184738956,111,0.11144578313253012,0.07419853955367434,0.11099065435407583,0.07500713429819383,0.11086379271846819
vsb_rarefirst,baseline,44,val,0.45,996,73,0.07329317269076305,86,0.08634538152610442,0.05788695684834727,0.09127573201657235,0.05869543164166093,0.09116978698753159
vsb_rarefirst,baseline,44,val,0.5,996,51,0.05120481927710843,60,0.060240963855421686,0.03835962526834269,0.06677838208870372,0.03915842864100433,0.06669981307016992
vsb_rarefirst,baseline,44,val,0.55,996,34,0.03413654618473896,39,0.0391566265060241,0.023754122620366917,0.04737765058084246,0.02452987221532278,0.04732297824101918
vsb_rarefirst,baseline,44,val,0.6,996,19,0.019076305220883535,20,0.020080321285140562,0.011523283018505796,0.029630285815475575,0.012246002012716087,0.029602091454067964
vsb_rarefirst,baseline,44,val,0.65,996,7,0.007028112449799197,8,0.008032128514056224,0.0028301976576665566,0.014426687135883924,0.003408518602031684,0.014435769273106039
vsb_rarefirst,baseline,44,val,0.7,996,3,0.0030120481927710845,3,0.0030120481927710845,0.0006215880038488222,0.008777030081934173,0.001024885486156592,0.008818133858432355
vsb_rarefirst,baseline,44,val,0.75,996,1,0.001004016064257028,1,0.001004016064257028,2.541916285560693e-05,0.005581198058454109,0.0001772554801821179,0.005665129599132441
vsb_rarefirst,baseline,44,val,0.8,996,0,0.0,0,0.0,0.0,0.0036968440152040753,2.168404344971009e-19,0.0038420679466773643
vsb_rarefirst,baseline,44,val,0.85,996,0,0.0,0,0.0,0.0,0.0036968440152040753,2.168404344971009e-19,0.0038420679466773643
vsb_rarefirst,baseline,44,val,0.9,996,0,0.0,0,0.0,0.0,0.0036968440152040753,2.168404344971009e-19,0.0038420679466773643
vsb_rarefirst,baseline,44,val,0.95,996,0,0.0,0,0.0,0.0,0.0036968440152040753,2.168404344971009e-19,0.0038420679466773643
vsb_rarefirst,baseline,44,test,0.05,996,299,0.3002008032128514,661,0.6636546184738956,0.2718595032449619,0.3297284930961586,0.27254781919943816,0.32938907140576024
vsb_rarefirst,baseline,44,test,0.1,996,247,0.24799196787148595,458,0.4598393574297189,0.22144791007095466,0.27603447992719327,0.2221749012132477,0.27574549849481655
vsb_rarefirst,baseline,44,test,0.15,996,217,0.2178714859437751,348,0.3493975903614458,0.19259753608907712,0.2448248200227535,0.19334535122197002,0.24456553450697846
vsb_rarefirst,baseline,44,test,0.2,996,187,0.18775100401606426,286,0.28714859437751006,0.1639481064764351,0.2134151990429622,0.1647152414328373,0.21318613031699538
vsb_rarefirst,baseline,44,test,0.25,996,162,0.16265060240963855,232,0.23293172690763053,0.140253210581733,0.18706195788469407,0.14103489410759415,0.18685854932630866
vsb_rarefirst,baseline,44,test,0.3,996,141,0.14156626506024098,192,0.1927710843373494,0.12049908168628787,0.16477672888776795,0.12129149178568771,0.16459529186283406
vsb_rarefirst,baseline,44,test,0.35,996,123,0.12349397590361445,159,0.15963855421686746,0.10369609577470852,0.1455470846031228,0.10449621511571539,0.14538486014533683
vsb_rarefirst,baseline,44,test,0.4,996,106,0.10642570281124498,130,0.13052208835341367,0.08795760040574277,0.12725608788060258,0.08876326425247669,0.12711241975374327
vsb_rarefirst,baseline,44,test,0.45,996,93,0.09337349397590361,108,0.10843373493975904,0.07602521922558066,0.11316713646084554,0.07683355541118148,0.11303800587075494
vsb_rarefirst,baseline,44,test,0.5,996,70,0.07028112449799197,79,0.07931726907630522,0.0551939586664211,0.08796474281313801,0.05600187824115194,0.08786238899012902
vsb_rarefirst,baseline,44,test,0.55,996,55,0.055220883534136546,64,0.0642570281124498,0.04186735028601766,0.07127418891518442,0.042669080723340705,0.07119042951838234
vsb_rarefirst,baseline,44,test,0.6,996,34,0.03413654618473896,38,0.03815261044176707,0.023754122620366917,0.04737765058084246,0.02452987221532278,0.04732297824101918
vsb_rarefirst,baseline,44,test,0.65,996,22,0.02208835341365462,25,0.025100401606425703,0.01389318993246768,0.033251913626057616,0.014631409703017052,0.03321763516167858
vsb_rarefirst,baseline,44,test,0.7,996,15,0.015060240963855422,16,0.01606425702811245,0.008452957170824341,0.02471808830723415,0.00914765177197312,0.024699173164262154
vsb_rarefirst,baseline,44,test,0.75,996,6,0.006024096385542169,7,0.007028112449799197,0.0022138503199720843,0.01306550051435107,0.0027637354164371207,0.013080235326063408
vsb_rarefirst,baseline,44,test,0.8,996,1,0.001004016064257028,1,0.001004016064257028,2.541916285560693e-05,0.005581198058454109,0.0001772554801821179,0.005665129599132441
vsb_rarefirst,baseline,44,test,0.85,996,0,0.0,0,0.0,0.0,0.0036968440152040753,2.168404344971009e-19,0.0038420679466773643
vsb_rarefirst,baseline,44,test,0.9,996,0,0.0,0,0.0,0.0,0.0036968440152040753,2.168404344971009e-19,0.0038420679466773643
vsb_rarefirst,baseline,44,test,0.95,996,0,0.0,0,0.0,0.0,0.0036968440152040753,2.168404344971009e-19,0.0038420679466773643
vsb_rarefirst,p1_clahe,42,val,0.05,996,287,0.28815261044176704,598,0.6004016064257028,0.26018436457503097,0.31737912551501096,0.2608818475854153,0.3170512374281367
vsb_rarefirst,p1_clahe,42,val,0.1,996,236,0.23694779116465864,398,0.39959839357429716,0.21084791646592757,0.2646123674417117,0.21158269192449644,0.2643342193245587
vsb_rarefirst,p1_clahe,42,val,0.15,996,198,0.19879518072289157,301,0.30220883534136544,0.17442754004786137,0.22495727940890992,0.17518779560321526,0.22471706460562654
vsb_rarefirst,p1_clahe,42,val,0.2,996,166,0.16666666666666666,234,0.23493975903614459,0.1440321826957268,0.19129060571840342,0.14481165384737324,0.19108305811707835
vsb_rarefirst,p1_clahe,42,val,0.25,996,144,0.14457831325301204,195,0.19578313253012047,0.12331177730951048,0.1679695810123893,0.1241027566752414,0.16778497837119188
vsb_rarefirst,p1_clahe,42,val,0.3,996,128,0.1285140562248996,160,0.1606425702811245,0.10835035793272794,0.15090176207356318,0.10914850041476387,0.1507341605094743
vsb_rarefirst,p1_clahe,42,val,0.35,996,101,0.10140562248995984,125,0.12550200803212852,0.08335667286655904,0.12184866336590161,0.0841635521740796,0.12171054616895437
vsb_rarefirst,p1_clahe,42,val,0.4,996,83,0.08333333333333333,101,0.10140562248995984,0.06691883705978911,0.10225810091521756,0.0677279734434951,0.10214041651206937
vsb_rarefirst,p1_clahe,42,val,0.45,996,69,0.06927710843373494,81,0.08132530120481928,0.05429814515693383,0.08685926146989316,0.05510583729045473,0.08675811280818904
vsb_rarefirst,p1_clahe,42,val,0.5,996,54,0.05421686746987952,61,0.06124497991967871,0.040988355718991475,0.07015224945671163,0.04178941653270108,0.07006977657638476
vsb_rarefirst,p1_clahe,42,val,0.55,996,39,0.0391566265060241,43,0.04317269076305221,0.027989695338094818,0.05314195674256572,0.02877458063350566,0.05307985548602227
vsb_rarefirst,p1_clahe,42,val,0.6,996,19,0.019076305220883535,20,0.020080321285140562,0.011523283018505796,0.029630285815475575,0.012246002012716087,0.029602091454067964
vsb_rarefirst,p1_clahe,42,val,0.65,996,6,0.006024096385542169,7,0.007028112449799197,0.0022138503199720843,0.01306550051435107,0.0027637354164371207,0.013080235326063408
vsb_rarefirst,p1_clahe,42,val,0.7,996,4,0.004016064257028112,4,0.004016064257028112,0.0010952933552988288,0.01025053878288337,0.0015628438042055047,0.010280492673020634
vsb_rarefirst,p1_clahe,42,val,0.75,996,1,0.001004016064257028,1,0.001004016064257028,2.541916285560693e-05,0.005581198058454109,0.0001772554801821179,0.005665129599132441
vsb_rarefirst,p1_clahe,42,val,0.8,996,0,0.0,0,0.0,0.0,0.0036968440152040753,2.168404344971009e-19,0.0038420679466773643
vsb_rarefirst,p1_clahe,42,val,0.85,996,0,0.0,0,0.0,0.0,0.0036968440152040753,2.168404344971009e-19,0.0038420679466773643
vsb_rarefirst,p1_clahe,42,val,0.9,996,0,0.0,0,0.0,0.0,0.0036968440152040753,2.168404344971009e-19,0.0038420679466773643
vsb_rarefirst,p1_clahe,42,val,0.95,996,0,0.0,0,0.0,0.0,0.0036968440152040753,2.168404344971009e-19,0.0038420679466773643
vsb_rarefirst,p1_clahe,42,test,0.05,996,292,0.2931726907630522,651,0.6536144578313253,0.2650461119366792,0.32252758063266274,0.26573979121285374,0.32219487946388425
vsb_rarefirst,p1_clahe,42,test,0.1,996,249,0.25,459,0.4608433734939759,0.22337773679718773,0.2781086828296289,0.22410329574388835,0.27781773822945033
vsb_rarefirst,p1_clahe,42,test,0.15,996,221,0.22188755020080322,353,0.35441767068273095,0.19643329444983154,0.24899701685204778,0.19717841054446977,0.2487337437150275
vsb_rarefirst,p1_clahe,42,test,0.2,996,191,0.19176706827309237,284,0.285140562248996,0.1677552422476654,0.21761586593717855,0.16851990564460162,0.21738273463577978
vsb_rarefirst,p1_clahe,42,test,0.25,996,171,0.1716867469879518,246,0.2469879518072289,0.14876268213129323,0.19656967854051313,0.14953932175157747,0.1963569758760601
vsb_rarefirst,p1_clahe,42,test,0.3,996,154,0.15461847389558234,208,0.20883534136546184,0.1327103607086324,0.1785896779289146,0.13349631671893164,0.17839458965387361
vsb_rarefirst,p1_clahe,42,test,0.35,996,132,0.13253012048192772,172,0.17269076305220885,0.11208131067705276,0.15517803373160186,0.1128777757787726,0.1550061536760144
vsb_rarefirst,p1_clahe,42,test,0.4,996,114,0.1144578313253012,140,0.14056224899598393,0.09534652878247012,0.13588084703266723,0.09614983120470016,0.13572838986261732
vsb_rarefirst,p1_clahe,42,test,0.45,996,90,0.09036144578313253,107,0.10742971887550201,0.07328617705486033,0.10990144970246035,0.07409488373238847,0.10977572615163637
vsb_rarefirst,p1_clahe,42,test,0.5,996,67,0.06726907630522089,78,0.0783132530120482,0.05250940981992991,0.08464546222989837,0.05331657905561472,0.08454673677775468
vsb_rarefirst,p1_clahe,42,test,0.55,996,48,0.04819277108433735,56,0.05622489959839357,0.03574409469008236,0.06339165695242649,0.036540225118609326,0.06331706519465335
vsb_rarefirst,p1_clahe,42,test,0.6,996,36,0.03614457831325301,42,0.04216867469879518,0.025441188033289576,0.04969027644411179,0.026220904519454,0.04963258020216235
vsb_rarefirst,p1_clahe,42,test,0.65,996,23,0.023092369477911646,25,0.025100401606425703,0.014693577625338811,0.034449334614517914,0.01543621397617266,0.03441314802116016
vsb_rarefirst,p1_clahe,42,test,0.7,996,13,0.013052208835341365,15,0.015060240963855422,0.006967559048311843,0.022216256664263682,0.007643455632635193,0.02220273503832569
vsb_rarefirst,p1_clahe,42,test,0.75,996,5,0.0050200803212851405,6,0.006024096385542169,0.001631955117803329,0.011676018736034771,0.002146127418164656,0.011697526191698678
vsb_rarefirst,p1_clahe,42,test,0.8,996,1,0.001004016064257028,1,0.001004016064257028,2.541916285560693e-05,0.005581198058454109,0.0001772554801821179,0.005665129599132441
vsb_rarefirst,p1_clahe,42,test,0.85,996,0,0.0,0,0.0,0.0,0.0036968440152040753,2.168404344971009e-19,0.0038420679466773643
vsb_rarefirst,p1_clahe,42,test,0.9,996,0,0.0,0,0.0,0.0,0.0036968440152040753,2.168404344971009e-19,0.0038420679466773643
vsb_rarefirst,p1_clahe,42,test,0.95,996,0,0.0,0,0.0,0.0,0.0036968440152040753,2.168404344971009e-19,0.0038420679466773643
vsb_rarefirst,p1_clahe,43,val,0.05,996,311,0.31224899598393574,640,0.642570281124498,0.28355802084620463,0.34205454722443857,0.28423704421950086,0.3417036519773438
vsb_rarefirst,p1_clahe,43,val,0.1,996,253,0.2540160642570281,427,0.428714859437751,0.22723969458907284,0.28225479327243336,0.22796237428948748,0.28195992821439997
vsb_rarefirst,p1_clahe,43,val,0.15,996,210,0.21084337349397592,314,0.3152610441767068,0.1858935608024016,0.2375149157247256,0.18664603498493412,0.23726263081555402
vsb_rarefirst,p1_clahe,43,val,0.2,996,171,0.1716867469879518,244,0.24497991967871485,0.14876268213129323,0.19656967854051313,0.14953932175157747,0.1963569758760601
vsb_rarefirst,p1_clahe,43,val,0.25,996,145,0.14558232931726908,193,0.19377510040160642,0.12425006619259035,0.16903314745203088,0.12504056046041231,0.16884749171865823
vsb_rarefirst,p1_clahe,43,val,0.3,996,116,0.11646586345381527,157,0.1576305220883534,0.0971987285332295,0.1380321248686389,0.09800136857624131,0.1378774867563506
vsb_rarefirst,p1_clahe,43,val,0.35,996,96,0.0963855421686747,131,0.13152610441767068,0.07876998525608099,0.11642717827297239,0.0795778511360367,0.11629466154381131
vsb_rarefirst,p1_clahe,43,val,0.4,996,86,0.08634538152610442,115,0.11546184738955824,0.06964347601541196,0.10553797975060532,0.07045250749755406,0.105416833855922
vsb_rarefirst,p1_clahe,43,val,0.45,996,72,0.07228915662650602,94,0.09437751004016064,0.05698838250387313,0.09017296067683224,0.057796692708869196,0.09006820878768615
vsb_rarefirst,p1_clahe,43,val,0.5,996,59,0.05923694779116466,73,0.07329317269076305,0.04539616788943393,0.07574940983968832,0.04620020795588888,0.07566057081638293
vsb_rarefirst,p1_clahe,43,val,0.55,996,44,0.04417670682730924,51,0.05120481927710843,0.03227934460918791,0.058854027615058424,0.03307115020248173,0.05878487158023217
vsb_rarefirst,p1_clahe,43,val,0.6,996,31,0.03112449799196787,35,0.035140562248995984,0.021243532661776938,0.04388948694347041,0.022012392801895986,0.04383950625653439
vsb_rarefirst,p1_clahe,43,val,0.65,996,13,0.013052208835341365,14,0.014056224899598393,0.006967559048311843,0.022216256664263682,0.007643455632635193,0.02220273503832569
vsb_rarefirst,p1_clahe,43,val,0.7,996,6,0.006024096385542169,6,0.006024096385542169,0.0022138503199720843,0.01306550051435107,0.0027637354164371207,0.013080235326063408
vsb_rarefirst,p1_clahe,43,val,0.75,996,3,0.0030120481927710845,3,0.0030120481927710845,0.0006215880038488222,0.008777030081934173,0.001024885486156592,0.008818133858432355
vsb_rarefirst,p1_clahe,43,val,0.8,996,0,0.0,0,0.0,0.0,0.0036968440152040753,2.168404344971009e-19,0.0038420679466773643
vsb_rarefirst,p1_clahe,43,val,0.85,996,0,0.0,0,0.0,0.0,0.0036968440152040753,2.168404344971009e-19,0.0038420679466773643
vsb_rarefirst,p1_clahe,43,val,0.9,996,0,0.0,0,0.0,0.0,0.0036968440152040753,2.168404344971009e-19,0.0038420679466773643
vsb_rarefirst,p1_clahe,43,val,0.95,996,0,0.0,0,0.0,0.0,0.0036968440152040753,2.168404344971009e-19,0.0038420679466773643
vsb_rarefirst,p1_clahe,43,test,0.05,996,285,0.286144578313253,646,0.6485943775100401,0.2582408396370954,0.31531857300301125,0.2589398375962145,0.3149926131520632
vsb_rarefirst,p1_clahe,43,test,0.1,996,243,0.24397590361445784,451,0.4528112449799197,0.21759059227388589,0.27188374776972507,0.21832043254299094,0.2715986986345246
vsb_rarefirst,p1_clahe,43,test,0.15,996,216,0.21686746987951808,368,0.36947791164658633,0.19163914944208682,0.24378122053477913,0.1923876352425944,0.24352293335371689
vsb_rarefirst,p1_clahe,43,test,0.2,996,196,0.19678714859437751,305,0.30622489959839355,0.1725199176645847,0.22286097721796586,0.1732814429766121,0.22262278296695528
vsb_rarefirst,p1_clahe,43,test,0.25,996,181,0.1817269076305221,256,0.2570281124497992,0.15824531487331742,0.20710633419677452,0.15901608848849377,0.20688338046551577
vsb_rarefirst,p1_clahe,43,test,0.3,996,160,0.1606425702811245,216,0.21686746987951808,0.1383655827430627,0.18494578908233975,0.13914835395164485,0.18474445521698354
vsb_rarefirst,p1_clahe,43,test,0.35,996,142,0.142570281124498,181,0.1817269076305221,0.12143628188314583,0.1658413748508882,0.12222821922960844,0.16565888155155048
vsb_rarefirst,p1_clahe,43,test,0.4,996,120,0.12048192771084337,148,0.14859437751004015,0.10090877694353947,0.1423290920523828,0.10171001364972354,0.1421701102134171
vsb_rarefirst,p1_clahe,43,test,0.45,996,90,0.09036144578313253,109,0.10943775100401607,0.07328617705486033,0.10990144970246035,0.07409488373238847,0.10977572615163637
vsb_rarefirst,p1_clahe,43,test,0.5,996,74,0.07429718875502007,89,0.0893574297188755,0.058786416504776326,0.09237763386922027,0.0595950362807389,0.09227049948109084
vsb_rarefirst,p1_clahe,43,test,0.55,996,57,0.0572289156626506,67,0.06726907630522089,0.04362925537991838,0.07351424519186613,0.044432211305811264,0.07342793320118615
vsb_rarefirst,p1_clahe,43,test,0.6,996,36,0.03614457831325301,43,0.04317269076305221,0.025441188033289576,0.04969027644411179,0.026220904519454,0.04963258020216235
vsb_rarefirst,p1_clahe,43,test,0.65,996,27,0.02710843373493976,31,0.03112449799196787,0.017938960853614936,0.03919756350957331,0.018696430026907115,0.03915420050097449
vsb_rarefirst,p1_clahe,43,test,0.7,996,12,0.012048192771084338,14,0.014056224899598393,0.006240548081408164,0.020951106962513254,0.0069053210932940555,0.02094055244502964
vsb_rarefirst,p1_clahe,43,test,0.75,996,4,0.004016064257028112,4,0.004016064257028112,0.0010952933552988288,0.01025053878288337,0.0015628438042055047,0.010280492673020634
vsb_rarefirst,p1_clahe,43,test,0.8,996,0,0.0,0,0.0,0.0,0.0036968440152040753,2.168404344971009e-19,0.0038420679466773643
vsb_rarefirst,p1_clahe,43,test,0.85,996,0,0.0,0,0.0,0.0,0.0036968440152040753,2.168404344971009e-19,0.0038420679466773643
vsb_rarefirst,p1_clahe,43,test,0.9,996,0,0.0,0,0.0,0.0,0.0036968440152040753,2.168404344971009e-19,0.0038420679466773643
vsb_rarefirst,p1_clahe,43,test,0.95,996,0,0.0,0,0.0,0.0,0.0036968440152040753,2.168404344971009e-19,0.0038420679466773643
vsb_rarefirst,p1_clahe,44,val,0.05,996,295,0.2961847389558233,612,0.6144578313253012,0.267965152526947,0.32561466740564216,0.2686565385854104,0.3252790834892393
vsb_rarefirst,p1_clahe,44,val,0.1,996,233,0.23393574297188754,407,0.4086345381526104,0.2079612310807712,0.26149304159495873,0.20869810103266484,0.26121785881847875
vsb_rarefirst,p1_clahe,44,val,0.15,996,204,0.20481927710843373,310,0.3112449799196787,0.180156267379882,0.2312403578989986,0.18091266616470544,0.2309940968399595
vsb_rarefirst,p1_clahe,44,val,0.2,996,172,0.17269076305220885,245,0.2459839357429719,0.14970966527077414,0.19762461585746363,0.1504857301558908,0.19741088460438397
vsb_rarefirst,p1_clahe,44,val,0.25,996,147,0.14759036144578314,197,0.19779116465863453,0.12612771083839902,0.17115922225554528,0.12691722300881317,0.17097146343553174
vsb_rarefirst,p1_clahe,44,val,0.3,996,124,0.12449799196787148,162,0.16265060240963855,0.10462608724791728,0.14661887255340136,0.10542582239304696,0.1464555700006425
vsb_rarefirst,p1_clahe,44,val,0.35,996,106,0.10642570281124498,133,0.13353413654618473,0.08795760040574277,0.12725608788060258,0.08876326425247669,0.12711241975374327
vsb_rarefirst,p1_clahe,44,val,0.4,996,82,0.0823293172690763,97,0.09738955823293173,0.06601209212331874,0.1011633626182987,0.06682123505099125,0.10104683777193604
vsb_rarefirst,p1_clahe,44,val,0.45,996,63,0.06325301204819277,74,0.07429718875502007,0.048944082743389905,0.0802059603369111,0.049749910511839884,0.0801121367909807
vsb_rarefirst,p1_clahe,44,val,0.5,996,42,0.04216867469879518,49,0.04919678714859438,0.03055760844499193,0.05657488923920887,0.03134687076150805,0.05650851675593145
vsb_rarefirst,p1_clahe,44,val,0.55,996,34,0.03413654618473896,40,0.040160642570281124,0.023754122620366917,0.04737765058084246,0.02452987221532278,0.04732297824101918
vsb_rarefirst,p1_clahe,44,val,0.6,996,20,0.020080321285140562,23,0.023092369477911646,0.012307667582951428,0.030842726749625446,0.013035973131917102,0.030812437467504145
vsb_rarefirst,p1_clahe,44,val,0.65,996,8,0.008032128514056224,9,0.009036144578313253,0.003473896507215125,0.015764863272546437,0.004075519639284928,0.015769085368489987
vsb_rarefirst,p1_clahe,44,val,0.7,996,4,0.004016064257028112,4,0.004016064257028112,0.0010952933552988288,0.01025053878288337,0.0015628438042055047,0.010280492673020634
vsb_rarefirst,p1_clahe,44,val,0.75,996,0,0.0,0,0.0,0.0,0.0036968440152040753,2.168404344971009e-19,0.0038420679466773643
vsb_rarefirst,p1_clahe,44,val,0.8,996,0,0.0,0,0.0,0.0,0.0036968440152040753,2.168404344971009e-19,0.0038420679466773643
vsb_rarefirst,p1_clahe,44,val,0.85,996,0,0.0,0,0.0,0.0,0.0036968440152040753,2.168404344971009e-19,0.0038420679466773643
vsb_rarefirst,p1_clahe,44,val,0.9,996,0,0.0,0,0.0,0.0,0.0036968440152040753,2.168404344971009e-19,0.0038420679466773643
vsb_rarefirst,p1_clahe,44,val,0.95,996,0,0.0,0,0.0,0.0,0.0036968440152040753,2.168404344971009e-19,0.0038420679466773643
vsb_rarefirst,p1_clahe,44,test,0.05,996,269,0.2700803212851406,625,0.6275100401606426,0.24271739240210535,0.2988094793206712,0.24342836807279186,0.2984990085532907
vsb_rarefirst,p1_clahe,44,test,0.1,996,224,0.2248995983935743,424,0.42570281124497994,0.19931240540078923,0.25212388313375084,0.20005548046165184,0.251857625195757
vsb_rarefirst,p1_clahe,44,test,0.15,996,186,0.18674698795180722,316,0.3172690763052209,0.1629969750429794,0.21236438368355628,0.1637647222771435,0.21213633234005197
vsb_rarefirst,p1_clahe,44,test,0.2,996,173,0.17369477911646586,263,0.2640562248995984,0.150656938052924,0.19867926546611953,0.15143242547705862,0.1984645064158533
vsb_rarefirst,p1_clahe,44,test,0.25,996,153,0.1536144578313253,220,0.22088353413654618,0.13176896731313315,0.17752919113283938,0.13255544221736718,0.17733514702280087
vsb_rarefirst,p1_clahe,44,test,0.3,996,136,0.13654618473895583,178,0.178714859437751,0.11581868793329492,0.15944794040223184,0.11661339668126483,0.15927180130407095
vsb_rarefirst,p1_clahe,44,test,0.35,996,114,0.1144578313253012,147,0.14759036144578314,0.09534652878247012,0.13588084703266723,0.09614983120470016,0.13572838986261732
vsb_rarefirst,p1_clahe,44,test,0.4,996,95,0.09538152610441768,118,0.11847389558232932,0.07785444242597561,0.11534111009761745,0.07866247570801767,0.11520971983919316
vsb_rarefirst,p1_clahe,44,test,0.45,996,72,0.07228915662650602,88,0.08835341365461848,0.05698838250387313,0.09017296067683224,0.057796692708869196,0.09006820878768615
vsb_rarefirst,p1_clahe,44,test,0.5,996,57,0.0572289156626506,67,0.06726907630522089,0.04362925537991838,0.07351424519186613,0.044432211305811264,0.07342793320118615
vsb_rarefirst,p1_clahe,44,test,0.55,996,43,0.04317269076305221,49,0.04919678714859438,0.031417541360324076,0.057715364866965956,0.03220810998724843,0.05764759466282828
vsb_rarefirst,p1_clahe,44,test,0.6,996,29,0.029116465863453816,33,0.03313253012048193,0.019584617478024022,0.041549854879604914,0.02034814029046699,0.041503124502689004
vsb_rarefirst,p1_clahe,44,test,0.65,996,15,0.015060240963855422,18,0.018072289156626505,0.008452957170824341,0.02471808830723415,0.00914765177197312,0.024699173164262154
vsb_rarefirst,p1_clahe,44,test,0.7,996,7,0.007028112449799197,8,0.008032128514056224,0.0028301976576665566,0.014426687135883924,0.003408518602031684,0.014435769273106039
vsb_rarefirst,p1_clahe,44,test,0.75,996,2,0.002008032128514056,2,0.002008032128514056,0.00024327458431091926,0.007234702121267243,0.0005508476677955156,0.007291854544156236
vsb_rarefirst,p1_clahe,44,test,0.8,996,0,0.0,0,0.0,0.0,0.0036968440152040753,2.168404344971009e-19,0.0038420679466773643
vsb_rarefirst,p1_clahe,44,test,0.85,996,0,0.0,0,0.0,0.0,0.0036968440152040753,2.168404344971009e-19,0.0038420679466773643
vsb_rarefirst,p1_clahe,44,test,0.9,996,0,0.0,0,0.0,0.0,0.0036968440152040753,2.168404344971009e-19,0.0038420679466773643
vsb_rarefirst,p1_clahe,44,test,0.95,996,0,0.0,0,0.0,0.0,0.0036968440152040753,2.168404344971009e-19,0.0038420679466773643
vsb_rarefirst,p2_illumination,42,val,0.05,996,324,0.3253012048192771,700,0.7028112449799196,0.2962569175399643,0.3553823354436362,0.2969257425229054,0.35501907639822283
vsb_rarefirst,p2_illumination,42,val,0.1,996,274,0.2751004016064257,474,0.4759036144578313,0.24756367478925012,0.3039733502825118,0.24827093534431316,0.3036580269449553
vsb_rarefirst,p2_illumination,42,val,0.15,996,229,0.22991967871485944,347,0.34839357429718876,0.2041152066824222,0.2573310636225718,0.20485484927876063,0.2570598420418342
vsb_rarefirst,p2_illumination,42,val,0.2,996,186,0.18674698795180722,256,0.2570281124497992,0.1629969750429794,0.21236438368355628,0.1637647222771435,0.21213633234005197
vsb_rarefirst,p2_illumination,42,val,0.25,996,164,0.1646586345381526,214,0.21485943775100402,0.1421420833394536,0.18917689074616506,0.1429226667349099,0.18897141096426728
vsb_rarefirst,p2_illumination,42,val,0.3,996,144,0.14457831325301204,180,0.18072289156626506,0.12331177730951048,0.1679695810123893,0.1241027566752414,0.16778497837119188
vsb_rarefirst,p2_illumination,42,val,0.35,996,117,0.11746987951807229,142,0.142570281124498,0.0981255423958539,0.1391070575101198,0.09892784123351042,0.13895133123171866
vsb_rarefirst,p2_illumination,42,val,0.4,996,93,0.09337349397590361,113,0.11345381526104417,0.07602521922558066,0.11316713646084554,0.07683355541118148,0.11303800587075494
vsb_rarefirst,p2_illumination,42,val,0.45,996,69,0.06927710843373494,79,0.07931726907630522,0.05429814515693383,0.08685926146989316,0.05510583729045473,0.08675811280818904
vsb_rarefirst,p2_illumination,42,val,0.5,996,49,0.04919678714859438,55,0.055220883534136546,0.0366144016215074,0.06452206078409276,0.03741147293422496,0.06444613451167491
vsb_rarefirst,p2_illumination,42,val,0.55,996,28,0.028112449799196786,31,0.03112449799196787,0.018760046477089686,0.04037537053735843,0.01952063964930145,0.04033030801121734
vsb_rarefirst,p2_illumination,42,val,0.6,996,12,0.012048192771084338,13,0.013052208835341365,0.006240548081408164,0.020951106962513254,0.0069053210932940555,0.02094055244502964
vsb_rarefirst,p2_illumination,42,val,0.65,996,2,0.002008032128514056,2,0.002008032128514056,0.00024327458431091926,0.007234702121267243,0.0005508476677955156,0.007291854544156236
vsb_rarefirst,p2_illumination,42,val,0.7,996,1,0.001004016064257028,1,0.001004016064257028,2.541916285560693e-05,0.005581198058454109,0.0001772554801821179,0.005665129599132441
vsb_rarefirst,p2_illumination,42,val,0.75,996,0,0.0,0,0.0,0.0,0.0036968440152040753,2.168404344971009e-19,0.0038420679466773643
vsb_rarefirst,p2_illumination,42,val,0.8,996,0,0.0,0,0.0,0.0,0.0036968440152040753,2.168404344971009e-19,0.0038420679466773643
vsb_rarefirst,p2_illumination,42,val,0.85,996,0,0.0,0,0.0,0.0,0.0036968440152040753,2.168404344971009e-19,0.0038420679466773643
vsb_rarefirst,p2_illumination,42,val,0.9,996,0,0.0,0,0.0,0.0,0.0036968440152040753,2.168404344971009e-19,0.0038420679466773643
vsb_rarefirst,p2_illumination,42,val,0.95,996,0,0.0,0,0.0,0.0,0.0036968440152040753,2.168404344971009e-19,0.0038420679466773643
vsb_rarefirst,p2_illumination,42,test,0.05,996,293,0.29417670682730923,711,0.713855421686747,0.26601896045277607,0.3235567740909273,0.26671187622595577,0.3232231115834195
vsb_rarefirst,p2_illumination,42,test,0.1,996,259,0.2600401606425703,495,0.49698795180722893,0.2330383020980815,0.288468309632701,0.23375662695526112,0.2881675783444495
vsb_rarefirst,p2_illumination,42,test,0.15,996,232,0.23293172690763053,382,0.38353413654618473,0.20699941354112655,0.2604528571711972,0.20773697882381081,0.26017866389469557
vsb_rarefirst,p2_illumination,42,test,0.2,996,206,0.20682730923694778,313,0.3142570281124498,0.18206776052382273,0.23333281028956296,0.1828228584365149,0.2330845388334244
vsb_rarefirst,p2_illumination,42,test,0.25,996,176,0.17670682730923695,254,0.25502008032128515,0.15350047452771456,0.20184150749576316,0.15427421355601578,0.20162366973480778
vsb_rarefirst,p2_illumination,42,test,0.3,996,155,0.15562248995983935,211,0.21184738955823293,0.1336520851433626,0.17964983622958233,0.1344375187762914,0.17945370472915106
vsb_rarefirst,p2_illumination,42,test,0.35,996,135,0.1355421686746988,175,0.1757028112449799,0.11488375468579175,0.15838104732521507,0.11567890963357653,0.15820597121912203
vsb_rarefirst,p2_illumination,42,test,0.4,996,115,0.11546184738955824,144,0.14457831325301204,0.09627238886550549,0.1369567231362936,0.09707536348127697,0.13680317471867773
vsb_rarefirst,p2_illumination,42,test,0.45,996,95,0.09538152610441768,116,0.11646586345381527,0.07785444242597561,0.11534111009761745,0.07866247570801767,0.11520971983919316
vsb_rarefirst,p2_illumination,42,test,0.5,996,74,0.07429718875502007,89,0.0893574297188755,0.058786416504776326,0.09237763386922027,0.0595950362807389,0.09227049948109084
vsb_rarefirst,p2_illumination,42,test,0.55,996,47,0.04718875502008032,55,0.055220883534136546,0.03487538537355362,0.06225969946867003,0.035670521650021506,0.06218645153060397
vsb_rarefirst,p2_illumination,42,test,0.6,996,25,0.025100401606425703,30,0.030120481927710843,0.016308026632879054,0.03683126234686561,0.01705859137640498,0.036791404886202236
vsb_rarefirst,p2_illumination,42,test,0.65,996,13,0.013052208835341365,15,0.015060240963855422,0.006967559048311843,0.022216256664263682,0.007643455632635193,0.02220273503832569
vsb_rarefirst,p2_illumination,42,test,0.7,996,6,0.006024096385542169,7,0.007028112449799197,0.0022138503199720843,0.01306550051435107,0.0027637354164371207,0.013080235326063408
vsb_rarefirst,p2_illumination,42,test,0.75,996,1,0.001004016064257028,1,0.001004016064257028,2.541916285560693e-05,0.005581198058454109,0.0001772554801821179,0.005665129599132441
vsb_rarefirst,p2_illumination,42,test,0.8,996,0,0.0,0,0.0,0.0,0.0036968440152040753,2.168404344971009e-19,0.0038420679466773643
vsb_rarefirst,p2_illumination,42,test,0.85,996,0,0.0,0,0.0,0.0,0.0036968440152040753,2.168404344971009e-19,0.0038420679466773643
vsb_rarefirst,p2_illumination,42,test,0.9,996,0,0.0,0,0.0,0.0,0.0036968440152040753,2.168404344971009e-19,0.0038420679466773643
vsb_rarefirst,p2_illumination,42,test,0.95,996,0,0.0,0,0.0,0.0,0.0036968440152040753,2.168404344971009e-19,0.0038420679466773643
vsb_rarefirst,p2_illumination,43,val,0.05,996,279,0.28012048192771083,612,0.6144578313253012,0.25241434520461875,0.30913284776166916,0.2531178649086768,0.3088126830437776
vsb_rarefirst,p2_illumination,43,val,0.1,996,240,0.24096385542168675,428,0.42971887550200805,0.2146996731657482,0.26876863781966365,0.21543163658678302,0.2684865431928209
vsb_rarefirst,p2_illumination,43,val,0.15,996,198,0.19879518072289157,310,0.3112449799196787,0.17442754004786137,0.22495727940890992,0.17518779560321526,0.22471706460562654
vsb_rarefirst,p2_illumination,43,val,0.2,996,177,0.17771084337349397,244,0.24497991967871485,0.1544488862936684,0.20289502558653136,0.15522203729647316,0.20267616312698755
vsb_rarefirst,p2_illumination,43,val,0.25,996,149,0.1495983935742972,192,0.1927710843373494,0.12800675798466338,0.17328390597249743,0.1287952725902566,0.17309404811936266
vsb_rarefirst,p2_illumination,43,val,0.3,996,124,0.12449799196787148,154,0.15461847389558234,0.10462608724791728,0.14661887255340136,0.10542582239304696,0.1464555700006425
vsb_rarefirst,p2_illumination,43,val,0.35,996,104,0.10441767068273092,126,0.12650602409638553,0.08611557967966833,0.12509474761783282,0.08692175552995407,0.12495329421099147
vsb_rarefirst,p2_illumination,43,val,0.4,996,78,0.0783132530120482,97,0.09738955823293173,0.06239278607745332,0.09677685859174001,0.06320180174829217,0.09666500254408635
vsb_rarefirst,p2_illumination,43,val,0.45,996,62,0.06224899598393574,77,0.07730923694779117,0.0480554104499854,0.07909347997406564,0.048860835798851095,0.0790008943713323
vsb_rarefirst,p2_illumination,43,val,0.5,996,44,0.04417670682730924,53,0.05321285140562249,0.03227934460918791,0.058854027615058424,0.03307115020248173,0.05878487158023217
vsb_rarefirst,p2_illumination,43,val,0.55,996,28,0.028112449799196786,36,0.03614457831325301,0.018760046477089686,0.04037537053735843,0.01952063964930145,0.04033030801121734
vsb_rarefirst,p2_illumination,43,val,0.6,996,20,0.020080321285140562,22,0.02208835341365462,0.012307667582951428,0.030842726749625446,0.013035973131917102,0.030812437467504145
vsb_rarefirst,p2_illumination,43,val,0.65,996,16,0.01606425702811245,17,0.01706827309236948,0.00920926518276499,0.02595655399194424,0.00991198379000612,0.025935158278866347
vsb_rarefirst,p2_illumination,43,val,0.7,996,5,0.0050200803212851405,5,0.0050200803212851405,0.001631955117803329,0.011676018736034771,0.002146127418164656,0.011697526191698678
vsb_rarefirst,p2_illumination,43,val,0.75,996,0,0.0,0,0.0,0.0,0.0036968440152040753,2.168404344971009e-19,0.0038420679466773643
vsb_rarefirst,p2_illumination,43,val,0.8,996,0,0.0,0,0.0,0.0,0.0036968440152040753,2.168404344971009e-19,0.0038420679466773643
vsb_rarefirst,p2_illumination,43,val,0.85,996,0,0.0,0,0.0,0.0,0.0036968440152040753,2.168404344971009e-19,0.0038420679466773643
vsb_rarefirst,p2_illumination,43,val,0.9,996,0,0.0,0,0.0,0.0,0.0036968440152040753,2.168404344971009e-19,0.0038420679466773643
vsb_rarefirst,p2_illumination,43,val,0.95,996,0,0.0,0,0.0,0.0,0.0036968440152040753,2.168404344971009e-19,0.0038420679466773643
vsb_rarefirst,p2_illumination,43,test,0.05,996,303,0.3042168674698795,676,0.678714859437751,0.27575645084264855,0.3338397291744018,0.2764416827564332,0.333496476379314
vsb_rarefirst,p2_illumination,43,test,0.1,996,253,0.2540160642570281,477,0.4789156626506024,0.22723969458907284,0.28225479327243336,0.22796237428948748,0.28195992821439997
vsb_rarefirst,p2_illumination,43,test,0.15,996,215,0.21586345381526104,356,0.357429718875502,0.1906809861860404,0.2427373987462087,0.1914301409855144,0.24248011047815968
vsb_rarefirst,p2_illumination,43,test,0.2,996,183,0.18373493975903615,277,0.2781124497991968,0.16014517280650062,0.20921035517608103,0.16091474298155328,0.20898536023773062
vsb_rarefirst,p2_illumination,43,test,0.25,996,166,0.16666666666666666,241,0.2419678714859438,0.1440321826957268,0.19129060571840342,0.14481165384737324,0.19108305811707835
vsb_rarefirst,p2_illumination,43,test,0.3,996,139,0.1395582329317269,195,0.19578313253012047,0.11862579261321861,0.16264633518139035,0.11941913540713928,0.16246701397610802
vsb_rarefirst,p2_illumination,43,test,0.35,996,126,0.12650602409638553,163,0.1636546184738956,0.10648737045137187,0.14876116111590132,0.10728632023758622,0.1485957064213776
vsb_rarefirst,p2_illumination,43,test,0.4,996,113,0.11345381526104417,141,0.14156626506024098,0.09442115379126467,0.13480449116330379,0.09522477711594851,0.1346531268187318
vsb_rarefirst,p2_illumination,43,test,0.45,996,92,0.09236947791164658,115,0.11546184738955824,0.07511155680900522,0.11207921348958662,0.07592002795793783,0.1119512161913614
vsb_rarefirst,p2_illumination,43,test,0.5,996,76,0.07630522088353414,92,0.09236947791164658,0.06058792626088865,0.09457889256263384,0.06139677964338004,0.09446939038372408
vsb_rarefirst,p2_illumination,43,test,0.55,996,55,0.055220883534136546,69,0.06927710843373494,0.04186735028601766,0.07127418891518442,0.042669080723340705,0.07119042951838234
vsb_rarefirst,p2_illumination,43,test,0.6,996,44,0.04417670682730924,52,0.05220883534136546,0.03227934460918791,0.058854027615058424,0.03307115020248173,0.05878487158023217
vsb_rarefirst,p2_illumination,43,test,0.65,996,28,0.028112449799196786,32,0.0321285140562249,0.018760046477089686,0.04037537053735843,0.01952063964930145,0.04033030801121734
vsb_rarefirst,p2_illumination,43,test,0.7,996,14,0.014056224899598393,17,0.01706827309236948,0.007705406260916386,0.023471594687610734,0.008391211521867748,0.023455296281730334
vsb_rarefirst,p2_illumination,43,test,0.75,996,5,0.0050200803212851405,6,0.006024096385542169,0.001631955117803329,0.011676018736034771,0.002146127418164656,0.011697526191698678
vsb_rarefirst,p2_illumination,43,test,0.8,996,0,0.0,0,0.0,0.0,0.0036968440152040753,2.168404344971009e-19,0.0038420679466773643
vsb_rarefirst,p2_illumination,43,test,0.85,996,0,0.0,0,0.0,0.0,0.0036968440152040753,2.168404344971009e-19,0.0038420679466773643
vsb_rarefirst,p2_illumination,43,test,0.9,996,0,0.0,0,0.0,0.0,0.0036968440152040753,2.168404344971009e-19,0.0038420679466773643
vsb_rarefirst,p2_illumination,43,test,0.95,996,0,0.0,0,0.0,0.0,0.0036968440152040753,2.168404344971009e-19,0.0038420679466773643
vsb_rarefirst,p2_illumination,44,val,0.05,996,291,0.2921686746987952,570,0.572289156626506,0.2640734290949495,0.3214982219864053,0.26476787096339727,0.32116648258070357
vsb_rarefirst,p2_illumination,44,val,0.1,996,225,0.22590361445783133,385,0.3865461847389558,0.2002725400577784,0.2531657428893832,0.20101493166196127,0.25289849112808477
vsb_rarefirst,p2_illumination,44,val,0.15,996,193,0.19377510040160642,291,0.2921686746987952,0.1696603541223826,0.21971466440871384,0.17042376862479658,0.21947950592085924
vsb_rarefirst,p2_illumination,44,val,0.2,996,165,0.16566265060240964,226,0.22690763052208834,0.14308698081603852,0.19023389936153842,0.14386700958340645,0.19002738524840793
vsb_rarefirst,p2_illumination,44,val,0.25,996,134,0.13453815261044177,174,0.1746987951807229,0.11394921158587981,0.15731376761895285,0.11474480804614398,0.1571397556739174
vsb_rarefirst,p2_illumination,44,val,0.3,996,117,0.11746987951807229,146,0.1465863453815261,0.0981255423958539,0.1391070575101198,0.09892784123351042,0.13895133123171866
vsb_rarefirst,p2_illumination,44,val,0.35,996,97,0.09738955823293173,119,0.11947791164658635,0.0796861373224993,0.11751264532049702,0.08049382550981886,0.11737900430266636
vsb_rarefirst,p2_illumination,44,val,0.4,996,83,0.08333333333333333,98,0.09839357429718876,0.06691883705978911,0.10225810091521756,0.0677279734434951,0.10214041651206937
vsb_rarefirst,p2_illumination,44,val,0.45,996,69,0.06927710843373494,79,0.07931726907630522,0.05429814515693383,0.08685926146989316,0.05510583729045473,0.08675811280818904
vsb_rarefirst,p2_illumination,44,val,0.5,996,50,0.050200803212851405,56,0.05622489959839357,0.03748625982943401,0.06565095514991938,0.03828422132544297,0.0655737032530941
vsb_rarefirst,p2_illumination,44,val,0.55,996,32,0.0321285140562249,35,0.035140562248995984,0.022077569719942874,0.045054919499821725,0.022848864002151265,0.04500335218891631
vsb_rarefirst,p2_illumination,44,val,0.6,996,20,0.020080321285140562,21,0.02108433734939759,0.012307667582951428,0.030842726749625446,0.013035973131917102,0.030812437467504145
vsb_rarefirst,p2_illumination,44,val,0.65,996,10,0.010040160642570281,10,0.010040160642570281,0.0048248509099354745,0.01838647943307985,0.0054626403595897585,0.018382598913459548
vsb_rarefirst,p2_illumination,44,val,0.7,996,3,0.0030120481927710845,3,0.0030120481927710845,0.0006215880038488222,0.008777030081934173,0.001024885486156592,0.008818133858432355
vsb_rarefirst,p2_illumination,44,val,0.75,996,0,0.0,0,0.0,0.0,0.0036968440152040753,2.168404344971009e-19,0.0038420679466773643
vsb_rarefirst,p2_illumination,44,val,0.8,996,0,0.0,0,0.0,0.0,0.0036968440152040753,2.168404344971009e-19,0.0038420679466773643
vsb_rarefirst,p2_illumination,44,val,0.85,996,0,0.0,0,0.0,0.0,0.0036968440152040753,2.168404344971009e-19,0.0038420679466773643
vsb_rarefirst,p2_illumination,44,val,0.9,996,0,0.0,0,0.0,0.0,0.0036968440152040753,2.168404344971009e-19,0.0038420679466773643
vsb_rarefirst,p2_illumination,44,val,0.95,996,0,0.0,0,0.0,0.0,0.0036968440152040753,2.168404344971009e-19,0.0038420679466773643
vsb_rarefirst,p2_illumination,44,test,0.05,996,276,0.27710843373493976,611,0.6134538152610441,0.24950342055167687,0.3060376699732414,0.2502091878036297,0.30572040875091316
vsb_rarefirst,p2_illumination,44,test,0.1,996,230,0.23092369477911648,412,0.41365461847389556,0.20507640039803374,0.2583718691186164,0.20581535201591494,0.2580996564373171
vsb_rarefirst,p2_illumination,44,test,0.15,996,203,0.20381526104417672,323,0.32429718875502006,0.1792008770109466,0.23019377738453461,0.17995792341668132,0.22994852245534647
vsb_rarefirst,p2_illumination,44,test,0.2,996,178,0.178714859437751,264,0.26506024096385544,0.15539757804774107,0.20394826549036613,0.15617013846540712,0.2037283790906908
vsb_rarefirst,p2_illumination,44,test,0.25,996,157,0.1576305220883534,215,0.21586345381526104,0.1355365167031219,0.18176917761157702,0.13632089533004815,0.18157096244066867
vsb_rarefirst,p2_illumination,44,test,0.3,996,139,0.1395582329317269,181,0.1817269076305221,0.11862579261321861,0.16264633518139035,0.11941913540713928,0.16246701397610802
vsb_rarefirst,p2_illumination,44,test,0.35,996,122,0.12248995983935743,154,0.15461847389558234,0.10276654377791733,0.1444748615978462,0.10356704151793811,0.14431371661047693
vsb_rarefirst,p2_illumination,44,test,0.4,996,104,0.10441767068273092,123,0.12349397590361445,0.08611557967966833,0.12509474761783282,0.08692175552995407,0.12495329421099147
vsb_rarefirst,p2_illumination,44,test,0.45,996,82,0.0823293172690763,94,0.09437751004016064,0.06601209212331874,0.1011633626182987,0.06682123505099125,0.10104683777193604
vsb_rarefirst,p2_illumination,44,test,0.5,996,66,0.06626506024096386,75,0.07530120481927711,0.05161652804253262,0.08353710563336263,0.052423400200373275,0.08343959850035892
vsb_rarefirst,p2_illumination,44,test,0.55,996,50,0.050200803212851405,55,0.055220883534136546,0.03748625982943401,0.06565095514991938,0.03828422132544297,0.0655737032530941
vsb_rarefirst,p2_illumination,44,test,0.6,996,37,0.03714859437751004,40,0.040160642570281124,0.02628839673522746,0.050843049225435616,0.027069933577253267,0.05078386827700028
vsb_rarefirst,p2_illumination,44,test,0.65,996,23,0.023092369477911646,26,0.02610441767068273,0.014693577625338811,0.034449334614517914,0.01543621397617266,0.03441314802116016
vsb_rarefirst,p2_illumination,44,test,0.7,996,12,0.012048192771084338,15,0.015060240963855422,0.006240548081408164,0.020951106962513254,0.0069053210932940555,0.02094055244502964
vsb_rarefirst,p2_illumination,44,test,0.75,996,5,0.0050200803212851405,6,0.006024096385542169,0.001631955117803329,0.011676018736034771,0.002146127418164656,0.011697526191698678
vsb_rarefirst,p2_illumination,44,test,0.8,996,0,0.0,0,0.0,0.0,0.0036968440152040753,2.168404344971009e-19,0.0038420679466773643
vsb_rarefirst,p2_illumination,44,test,0.85,996,0,0.0,0,0.0,0.0,0.0036968440152040753,2.168404344971009e-19,0.0038420679466773643
vsb_rarefirst,p2_illumination,44,test,0.9,996,0,0.0,0,0.0,0.0,0.0036968440152040753,2.168404344971009e-19,0.0038420679466773643
vsb_rarefirst,p2_illumination,44,test,0.95,996,0,0.0,0,0.0,0.0,0.0036968440152040753,2.168404344971009e-19,0.0038420679466773643
vsb_rarefirst,p3_unsharp,42,val,0.05,996,305,0.30622489959839355,611,0.6134538152610441,0.27770588929024326,0.3358943852027459,0.27838957406472564,0.3355492193362959
vsb_rarefirst,p3_unsharp,42,val,0.1,996,244,0.24497991967871485,403,0.4046184738955823,0.2185546277611644,0.27292172358726974,0.21928375768298064,0.2726356906271721
vsb_rarefirst,p3_unsharp,42,val,0.15,996,202,0.20281124497991967,309,0.3102409638554217,0.1782457258502033,0.22914695893874845,0.17900341797374392,0.22890271076564667
vsb_rarefirst,p3_unsharp,42,val,0.2,996,175,0.1757028112449799,238,0.2389558232931727,0.15255234462577966,0.200787709367772,0.15332666908796433,0.20057089707022197
vsb_rarefirst,p3_unsharp,42,val,0.25,996,153,0.1536144578313253,203,0.20381526104417672,0.13176896731313315,0.17752919113283938,0.13255544221736718,0.17733514702280087
vsb_rarefirst,p3_unsharp,42,val,0.3,996,130,0.13052208835341367,166,0.16666666666666666,0.11021501560499478,0.15304070888141616,0.11101232961353363,0.152870965575979
vsb_rarefirst,p3_unsharp,42,val,0.35,996,110,0.11044176706827309,132,0.13253012048192772,0.09164799627719296,0.1315724892315886,0.09245253944484322,0.1314244130919255
vsb_rarefirst,p3_unsharp,42,val,0.4,996,94,0.09437751004016064,110,0.11044176706827309,0.07693951746292914,0.1142544323738279,0.07774770760158804,0.11412417081298555
vsb_rarefirst,p3_unsharp,42,val,0.45,996,82,0.0823293172690763,92,0.09236947791164658,0.06601209212331874,0.1011633626182987,0.06682123505099125,0.10104683777193604
vsb_rarefirst,p3_unsharp,42,val,0.5,996,66,0.06626506024096386,71,0.071285140562249,0.05161652804253262,0.08353710563336263,0.052423400200373275,0.08343959850035892
vsb_rarefirst,p3_unsharp,42,val,0.55,996,41,0.04116465863453815,43,0.04317269076305221,0.029699610226910794,0.05543253975143234,0.030487492860666085,0.055367577524136236
vsb_rarefirst,p3_unsharp,42,val,0.6,996,22,0.02208835341365462,24,0.024096385542168676,0.01389318993246768,0.033251913626057616,0.014631409703017052,0.03321763516167858
vsb_rarefirst,p3_unsharp,42,val,0.65,996,12,0.012048192771084338,12,0.012048192771084338,0.006240548081408164,0.020951106962513254,0.0069053210932940555,0.02094055244502964
vsb_rarefirst,p3_unsharp,42,val,0.7,996,4,0.004016064257028112,4,0.004016064257028112,0.0010952933552988288,0.01025053878288337,0.0015628438042055047,0.010280492673020634
vsb_rarefirst,p3_unsharp,42,val,0.75,996,0,0.0,0,0.0,0.0,0.0036968440152040753,2.168404344971009e-19,0.0038420679466773643
vsb_rarefirst,p3_unsharp,42,val,0.8,996,0,0.0,0,0.0,0.0,0.0036968440152040753,2.168404344971009e-19,0.0038420679466773643
vsb_rarefirst,p3_unsharp,42,val,0.85,996,0,0.0,0,0.0,0.0,0.0036968440152040753,2.168404344971009e-19,0.0038420679466773643
vsb_rarefirst,p3_unsharp,42,val,0.9,996,0,0.0,0,0.0,0.0,0.0036968440152040753,2.168404344971009e-19,0.0038420679466773643
vsb_rarefirst,p3_unsharp,42,val,0.95,996,0,0.0,0,0.0,0.0,0.0036968440152040753,2.168404344971009e-19,0.0038420679466773643
vsb_rarefirst,p3_unsharp,42,test,0.05,996,285,0.286144578313253,632,0.6345381526104418,0.2582408396370954,0.31531857300301125,0.2589398375962145,0.3149926131520632
vsb_rarefirst,p3_unsharp,42,test,0.1,996,241,0.2419678714859438,442,0.44377510040160645,0.21566311414083814,0.26980720571243855,0.21639437117065574,0.2695241257415854
vsb_rarefirst,p3_unsharp,42,test,0.15,996,213,0.21385542168674698,341,0.34236947791164657,0.18876533438058005,0.2406490837857383,0.1895158221063051,0.2403937950920946
vsb_rarefirst,p3_unsharp,42,test,0.2,996,191,0.19176706827309237,280,0.28112449799196787,0.1677552422476654,0.21761586593717855,0.16851990564460162,0.21738273463577978
vsb_rarefirst,p3_unsharp,42,test,0.25,996,173,0.17369477911646586,236,0.23694779116465864,0.150656938052924,0.19867926546611953,0.15143242547705862,0.1984645064158533
vsb_rarefirst,p3_unsharp,42,test,0.3,996,157,0.1576305220883534,203,0.20381526104417672,0.1355365167031219,0.18176917761157702,0.13632089533004815,0.18157096244066867
vsb_rarefirst,p3_unsharp,42,test,0.35,996,134,0.13453815261044177,169,0.16967871485943775,0.11394921158587981,0.15731376761895285,0.11474480804614398,0.1571397556739174
vsb_rarefirst,p3_unsharp,42,test,0.4,996,114,0.1144578313253012,138,0.13855421686746988,0.09534652878247012,0.13588084703266723,0.09614983120470016,0.13572838986261732
vsb_rarefirst,p3_unsharp,42,test,0.45,996,98,0.09839357429718876,116,0.11646586345381527,0.0806028902142285,0.11859751944843841,0.08141039066441554,0.11846275628070686
vsb_rarefirst,p3_unsharp,42,test,0.5,996,80,0.08032128514056225,91,0.09136546184738956,0.06420087819929465,0.09897164618549702,0.06500998908783787,0.09885744946981503
vsb_rarefirst,p3_unsharp,42,test,0.55,996,59,0.05923694779116466,68,0.06827309236947791,0.04539616788943393,0.07574940983968832,0.04620020795588888,0.07566057081638293
vsb_rarefirst,p3_unsharp,42,test,0.6,996,43,0.04317269076305221,49,0.04919678714859438,0.031417541360324076,0.057715364866965956,0.03220810998724843,0.05764759466282828
vsb_rarefirst,p3_unsharp,42,test,0.65,996,20,0.020080321285140562,23,0.023092369477911646,0.012307667582951428,0.030842726749625446,0.013035973131917102,0.030812437467504145
vsb_rarefirst,p3_unsharp,42,test,0.7,996,10,0.010040160642570281,12,0.012048192771084338,0.0048248509099354745,0.01838647943307985,0.0054626403595897585,0.018382598913459548
vsb_rarefirst,p3_unsharp,42,test,0.75,996,3,0.0030120481927710845,3,0.0030120481927710845,0.0006215880038488222,0.008777030081934173,0.001024885486156592,0.008818133858432355
vsb_rarefirst,p3_unsharp,42,test,0.8,996,0,0.0,0,0.0,0.0,0.0036968440152040753,2.168404344971009e-19,0.0038420679466773643
vsb_rarefirst,p3_unsharp,42,test,0.85,996,0,0.0,0,0.0,0.0,0.0036968440152040753,2.168404344971009e-19,0.0038420679466773643
vsb_rarefirst,p3_unsharp,42,test,0.9,996,0,0.0,0,0.0,0.0,0.0036968440152040753,2.168404344971009e-19,0.0038420679466773643
vsb_rarefirst,p3_unsharp,42,test,0.95,996,0,0.0,0,0.0,0.0,0.0036968440152040753,2.168404344971009e-19,0.0038420679466773643
vsb_rarefirst,p3_unsharp,43,val,0.05,996,270,0.2710843373493976,566,0.5682730923694779,0.24368629421715915,0.29984260697616105,0.24439652896803962,0.29953116479068015
vsb_rarefirst,p3_unsharp,43,val,0.1,996,215,0.21586345381526104,361,0.36244979919678716,0.1906809861860404,0.2427373987462087,0.1914301409855144,0.24248011047815968
vsb_rarefirst,p3_unsharp,43,val,0.15,996,183,0.18373493975903615,274,0.2751004016064257,0.16014517280650062,0.20921035517608103,0.16091474298155328,0.20898536023773062
vsb_rarefirst,p3_unsharp,43,val,0.2,996,151,0.15160642570281124,203,0.20381526104417672,0.1298871843235052,0.17540722153674076,0.13067468635961427,0.17521526861527942
vsb_rarefirst,p3_unsharp,43,val,0.25,996,126,0.12650602409638553,162,0.16265060240963855,0.10648737045137187,0.14876116111590132,0.10728632023758622,0.1485957064213776
vsb_rarefirst,p3_unsharp,43,val,0.3,996,103,0.10341365461847389,126,0.12650602409638553,0.08519538709856506,0.12401326962870998,0.08600180623503151,0.12387292637327685
vsb_rarefirst,p3_unsharp,43,val,0.35,996,84,0.08433734939759036,102,0.10240963855421686,0.06782632398590009,0.1033521087909644,0.06863543934835631,0.10323326773984537
vsb_rarefirst,p3_unsharp,43,val,0.4,996,63,0.06325301204819277,75,0.07530120481927711,0.048944082743389905,0.0802059603369111,0.049749910511839884,0.0801121367909807
vsb_rarefirst,p3_unsharp,43,val,0.45,996,51,0.05120481927710843,60,0.060240963855421686,0.03835962526834269,0.06677838208870372,0.03915842864100433,0.06669981307016992
vsb_rarefirst,p3_unsharp,43,val,0.5,996,35,0.035140562248995984,41,0.04116465863453815,0.024596396402385593,0.048535175068018736,0.025374186286570406,0.04847898130240875
vsb_rarefirst,p3_unsharp,43,val,0.55,996,24,0.024096385542168676,26,0.02610441767068273,0.015498617305478274,0.03564236524860718,0.01624535856367931,0.03560432056629072
vsb_rarefirst,p3_unsharp,43,val,0.6,996,13,0.013052208835341365,13,0.013052208835341365,0.006967559048311843,0.022216256664263682,0.007643455632635193,0.02220273503832569
vsb_rarefirst,p3_unsharp,43,val,0.65,996,5,0.0050200803212851405,5,0.0050200803212851405,0.001631955117803329,0.011676018736034771,0.002146127418164656,0.011697526191698678
vsb_rarefirst,p3_unsharp,43,val,0.7,996,4,0.004016064257028112,4,0.004016064257028112,0.0010952933552988288,0.01025053878288337,0.0015628438042055047,0.010280492673020634
vsb_rarefirst,p3_unsharp,43,val,0.75,996,0,0.0,0,0.0,0.0,0.0036968440152040753,2.168404344971009e-19,0.0038420679466773643
vsb_rarefirst,p3_unsharp,43,val,0.8,996,0,0.0,0,0.0,0.0,0.0036968440152040753,2.168404344971009e-19,0.0038420679466773643
vsb_rarefirst,p3_unsharp,43,val,0.85,996,0,0.0,0,0.0,0.0,0.0036968440152040753,2.168404344971009e-19,0.0038420679466773643
vsb_rarefirst,p3_unsharp,43,val,0.9,996,0,0.0,0,0.0,0.0,0.0036968440152040753,2.168404344971009e-19,0.0038420679466773643
vsb_rarefirst,p3_unsharp,43,val,0.95,996,0,0.0,0,0.0,0.0,0.0036968440152040753,2.168404344971009e-19,0.0038420679466773643
vsb_rarefirst,p3_unsharp,43,test,0.05,996,264,0.26506024096385544,574,0.5763052208835341,0.23787557463523143,0.2936411590396298,0.23859023874171414,0.29333555222118246
vsb_rarefirst,p3_unsharp,43,test,0.1,996,222,0.22289156626506024,395,0.3965863453815261,0.19739278156228374,0.25003952113801703,0.1981372188829729,0.24977525250916158
vsb_rarefirst,p3_unsharp,43,test,0.15,996,184,0.18473895582329317,288,0.2891566265060241,0.1610955065415211,0.2102619633947847,0.1618644714123124,0.21003594893960867
vsb_rarefirst,p3_unsharp,43,test,0.2,996,156,0.1566265060240964,232,0.23293172690763053,0.13459413800003386,0.1807096686117842,0.1353790458221867,0.18051249481589296
vsb_rarefirst,p3_unsharp,43,test,0.25,996,136,0.13654618473895583,186,0.18674698795180722,0.11581868793329492,0.15944794040223184,0.11661339668126483,0.15927180130407095
vsb_rarefirst,p3_unsharp,43,test,0.3,996,113,0.11345381526104417,156,0.1566265060240964,0.09442115379126467,0.13480449116330379,0.09522477711594851,0.1346531268187318
vsb_rarefirst,p3_unsharp,43,test,0.35,996,103,0.10341365461847389,135,0.1355421686746988,0.08519538709856506,0.12401326962870998,0.08600180623503151,0.12387292637327685
vsb_rarefirst,p3_unsharp,43,test,0.4,996,88,0.08835341365461848,113,0.11345381526104417,0.07146345604161743,0.10772106515705902,0.07227235036139937,0.10759762525735109
vsb_rarefirst,p3_unsharp,43,test,0.45,996,66,0.06626506024096386,84,0.08433734939759036,0.05161652804253262,0.08353710563336263,0.052423400200373275,0.08343959850035892
vsb_rarefirst,p3_unsharp,43,test,0.5,996,46,0.04618473895582329,57,0.0572289156626506,0.03400832247455816,0.06112614184163073,0.03480240857497047,0.061054247473017825
vsb_rarefirst,p3_unsharp,43,test,0.55,996,33,0.03313253012048193,42,0.04216867469879518,0.02291447490712017,0.046217601666228604,0.023688062323563887,0.04616447100014088
vsb_rarefirst,p3_unsharp,43,test,0.6,996,20,0.020080321285140562,23,0.023092369477911646,0.012307667582951428,0.030842726749625446,0.013035973131917102,0.030812437467504145
vsb_rarefirst,p3_unsharp,43,test,0.65,996,13,0.013052208835341365,15,0.015060240963855422,0.006967559048311843,0.022216256664263682,0.007643455632635193,0.02220273503832569
vsb_rarefirst,p3_unsharp,43,test,0.7,996,5,0.0050200803212851405,6,0.006024096385542169,0.001631955117803329,0.011676018736034771,0.002146127418164656,0.011697526191698678
vsb_rarefirst,p3_unsharp,43,test,0.75,996,2,0.002008032128514056,3,0.0030120481927710845,0.00024327458431091926,0.007234702121267243,0.0005508476677955156,0.007291854544156236
vsb_rarefirst,p3_unsharp,43,test,0.8,996,0,0.0,0,0.0,0.0,0.0036968440152040753,2.168404344971009e-19,0.0038420679466773643
vsb_rarefirst,p3_unsharp,43,test,0.85,996,0,0.0,0,0.0,0.0,0.0036968440152040753,2.168404344971009e-19,0.0038420679466773643
vsb_rarefirst,p3_unsharp,43,test,0.9,996,0,0.0,0,0.0,0.0,0.0036968440152040753,2.168404344971009e-19,0.0038420679466773643
vsb_rarefirst,p3_unsharp,43,test,0.95,996,0,0.0,0,0.0,0.0,0.0036968440152040753,2.168404344971009e-19,0.0038420679466773643
vsb_rarefirst,p3_unsharp,44,val,0.05,996,280,0.28112449799196787,574,0.5763052208835341,0.2533849993797334,0.3101642288475378,0.25408776790445176,0.30984309718063996
vsb_rarefirst,p3_unsharp,44,val,0.1,996,234,0.23493975903614459,404,0.40562248995983935,0.20892325469155287,0.26253302084446845,0.2096594278875166,0.2622568490962642
vsb_rarefirst,p3_unsharp,44,val,0.15,996,199,0.19979919678714858,319,0.32028112449799195,0.17538172095385066,0.2260050628386608,0.17614133860885617,0.2257638387326228
vsb_rarefirst,p3_unsharp,44,val,0.2,996,179,0.17971887550200802,258,0.25903614457831325,0.15634654794047725,0.2050012290316009,0.15711851524473225,0.20478031944400282
vsb_rarefirst,p3_unsharp,44,val,0.25,996,158,0.15863453815261044,204,0.20481927710843373,0.13647921871795124,0.1828283657250242,0.13726306481311001,0.18262911009024402
vsb_rarefirst,p3_unsharp,44,val,0.3,996,134,0.13453815261044177,163,0.1636546184738956,0.11394921158587981,0.15731376761895285,0.11474480804614398,0.1571397556739174
vsb_rarefirst,p3_unsharp,44,val,0.35,996,111,0.11144578313253012,133,0.13353413654618473,0.09257188172148649,0.1326503179583274,0.09337612556730611,0.13250114410209982
vsb_rarefirst,p3_unsharp,44,val,0.4,996,89,0.0893574297188755,105,0.10542168674698796,0.0723744791725098,0.10881158992757874,0.07318328581440822,0.10868700693697941
vsb_rarefirst,p3_unsharp,44,val,0.45,996,65,0.06526104417670683,74,0.07429718875502007,0.050724664815123555,0.08242775072257513,0.0515312149912052,0.0823314665768898
vsb_rarefirst,p3_unsharp,44,val,0.5,996,48,0.04819277108433735,53,0.05321285140562249,0.03574409469008236,0.06339165695242649,0.036540225118609326,0.06331706519465335
vsb_rarefirst,p3_unsharp,44,val,0.55,996,34,0.03413654618473896,36,0.03614457831325301,0.023754122620366917,0.04737765058084246,0.02452987221532278,0.04732297824101918
vsb_rarefirst,p3_unsharp,44,val,0.6,996,19,0.019076305220883535,19,0.019076305220883535,0.011523283018505796,0.029630285815475575,0.012246002012716087,0.029602091454067964
vsb_rarefirst,p3_unsharp,44,val,0.65,996,12,0.012048192771084338,12,0.012048192771084338,0.006240548081408164,0.020951106962513254,0.0069053210932940555,0.02094055244502964
vsb_rarefirst,p3_unsharp,44,val,0.7,996,3,0.0030120481927710845,3,0.0030120481927710845,0.0006215880038488222,0.008777030081934173,0.001024885486156592,0.008818133858432355
vsb_rarefirst,p3_unsharp,44,val,0.75,996,1,0.001004016064257028,1,0.001004016064257028,2.541916285560693e-05,0.005581198058454109,0.0001772554801821179,0.005665129599132441
vsb_rarefirst,p3_unsharp,44,val,0.8,996,0,0.0,0,0.0,0.0,0.0036968440152040753,2.168404344971009e-19,0.0038420679466773643
vsb_rarefirst,p3_unsharp,44,val,0.85,996,0,0.0,0,0.0,0.0,0.0036968440152040753,2.168404344971009e-19,0.0038420679466773643
vsb_rarefirst,p3_unsharp,44,val,0.9,996,0,0.0,0,0.0,0.0,0.0036968440152040753,2.168404344971009e-19,0.0038420679466773643
vsb_rarefirst,p3_unsharp,44,val,0.95,996,0,0.0,0,0.0,0.0,0.0036968440152040753,2.168404344971009e-19,0.0038420679466773643
vsb_rarefirst,p3_unsharp,44,test,0.05,996,303,0.3042168674698795,651,0.6536144578313253,0.27575645084264855,0.3338397291744018,0.2764416827564332,0.333496476379314
vsb_rarefirst,p3_unsharp,44,test,0.1,996,255,0.2560240963855422,444,0.4457831325301205,0.22917181352450997,0.2843267128179289,0.22989304633146615,0.2840298904376958
vsb_rarefirst,p3_unsharp,44,test,0.15,996,224,0.2248995983935743,341,0.34236947791164657,0.19931240540078923,0.25212388313375084,0.20005548046165184,0.251857625195757
vsb_rarefirst,p3_unsharp,44,test,0.2,996,189,0.1897590361445783,281,0.2821285140562249,0.1658511555442757,0.21551604825018117,0.16661705915912195,0.2152849468559851
vsb_rarefirst,p3_unsharp,44,test,0.25,996,169,0.16967871485943775,234,0.23493975903614459,0.14686959287489754,0.1944589328007241,0.1476473736465281,0.19424828971583505
vsb_rarefirst,p3_unsharp,44,test,0.3,996,141,0.14156626506024098,192,0.1927710843373494,0.12049908168628787,0.16477672888776795,0.12129149178568771,0.16459529186283406
vsb_rarefirst,p3_unsharp,44,test,0.35,996,122,0.12248995983935743,157,0.1576305220883534,0.10276654377791733,0.1444748615978462,0.10356704151793811,0.14431371661047693
vsb_rarefirst,p3_unsharp,44,test,0.4,996,101,0.10140562248995984,132,0.13253012048192772,0.08335667286655904,0.12184866336590161,0.0841635521740796,0.12171054616895437
vsb_rarefirst,p3_unsharp,44,test,0.45,996,89,0.0893574297188755,112,0.11244979919678715,0.0723744791725098,0.10881158992757874,0.07318328581440822,0.10868700693697941
vsb_rarefirst,p3_unsharp,44,test,0.5,996,76,0.07630522088353414,95,0.09538152610441768,0.06058792626088865,0.09457889256263384,0.06139677964338004,0.09446939038372408
vsb_rarefirst,p3_unsharp,44,test,0.55,996,56,0.05622489959839357,68,0.06827309236947791,0.042747661221395825,0.07239484356363737,0.043550022822681146,0.07230980455167908
vsb_rarefirst,p3_unsharp,44,test,0.6,996,40,0.040160642570281124,50,0.050200803212851405,0.028843615000777575,0.054288251779631265,0.02963004021024295,0.054224713041922175
vsb_rarefirst,p3_unsharp,44,test,0.65,996,18,0.018072289156626505,21,0.02108433734939759,0.010745065712118121,0.028412091891067557,0.011461705643617195,0.02838607069052966
vsb_rarefirst,p3_unsharp,44,test,0.7,996,10,0.010040160642570281,12,0.012048192771084338,0.0048248509099354745,0.01838647943307985,0.0054626403595897585,0.018382598913459548
vsb_rarefirst,p3_unsharp,44,test,0.75,996,4,0.004016064257028112,5,0.0050200803212851405,0.0010952933552988288,0.01025053878288337,0.0015628438042055047,0.010280492673020634
vsb_rarefirst,p3_unsharp,44,test,0.8,996,2,0.002008032128514056,2,0.002008032128514056,0.00024327458431091926,0.007234702121267243,0.0005508476677955156,0.007291854544156236
vsb_rarefirst,p3_unsharp,44,test,0.85,996,0,0.0,0,0.0,0.0,0.0036968440152040753,2.168404344971009e-19,0.0038420679466773643
vsb_rarefirst,p3_unsharp,44,test,0.9,996,0,0.0,0,0.0,0.0,0.0036968440152040753,2.168404344971009e-19,0.0038420679466773643
vsb_rarefirst,p3_unsharp,44,test,0.95,996,0,0.0,0,0.0,0.0,0.0036968440152040753,2.168404344971009e-19,0.0038420679466773643
vsb_rarefirst,a1_crop,42,val,0.05,996,466,0.4678714859437751,1491,1.4969879518072289,0.43651594755645806,0.4994174527423657,0.4370665201246614,0.4989233316309484
vsb_rarefirst,a1_crop,42,val,0.1,996,368,0.36947791164658633,843,0.8463855421686747,0.33942416061265185,0.40030581702065965,0.3400575726919159,0.3999012000652488
vsb_rarefirst,a1_crop,42,val,0.15,996,303,0.3042168674698795,572,0.5742971887550201,0.27575645084264855,0.3338397291744018,0.2764416827564332,0.333496476379314
vsb_rarefirst,a1_crop,42,val,0.2,996,251,0.2520080321285141,409,0.4106425702811245,0.2253083336798039,0.2801821185892547,0.22603245545265635,0.2798892127859568
vsb_rarefirst,a1_crop,42,val,0.25,996,207,0.20783132530120482,308,0.3092369477911647,0.18302386072996937,0.23437868470371367,0.18377830543014442,0.23412940897243215
vsb_rarefirst,a1_crop,42,val,0.3,996,152,0.15261044176706828,213,0.21385542168674698,0.13082790761686441,0.1764683732226122,0.13161489788046016,0.17627537422707074
vsb_rarefirst,a1_crop,42,val,0.35,996,116,0.11646586345381527,149,0.1495983935742972,0.0971987285332295,0.1380321248686389,0.09800136857624131,0.1378774867563506
vsb_rarefirst,a1_crop,42,val,0.4,996,81,0.08132530120481928,108,0.10843373493975904,0.06510610157641086,0.10006788184770596,0.06591523615140844,0.09995251953888164
vsb_rarefirst,a1_crop,42,val,0.45,996,63,0.06325301204819277,74,0.07429718875502007,0.048944082743389905,0.0802059603369111,0.049749910511839884,0.0801121367909807
vsb_rarefirst,a1_crop,42,val,0.5,996,38,0.03815261044176707,41,0.04116465863453815,0.027137928473181548,0.05199358175253632,0.0279211861939041,0.051932932792986636
vsb_rarefirst,a1_crop,42,val,0.55,996,23,0.023092369477911646,25,0.025100401606425703,0.014693577625338811,0.034449334614517914,0.01543621397617266,0.03441314802116016
vsb_rarefirst,a1_crop,42,val,0.6,996,13,0.013052208835341365,14,0.014056224899598393,0.006967559048311843,0.022216256664263682,0.007643455632635193,0.02220273503832569
vsb_rarefirst,a1_crop,42,val,0.65,996,6,0.006024096385542169,6,0.006024096385542169,0.0022138503199720843,0.01306550051435107,0.0027637354164371207,0.013080235326063408
vsb_rarefirst,a1_crop,42,val,0.7,996,3,0.0030120481927710845,3,0.0030120481927710845,0.0006215880038488222,0.008777030081934173,0.001024885486156592,0.008818133858432355
vsb_rarefirst,a1_crop,42,val,0.75,996,0,0.0,0,0.0,0.0,0.0036968440152040753,2.168404344971009e-19,0.0038420679466773643
vsb_rarefirst,a1_crop,42,val,0.8,996,0,0.0,0,0.0,0.0,0.0036968440152040753,2.168404344971009e-19,0.0038420679466773643
vsb_rarefirst,a1_crop,42,val,0.85,996,0,0.0,0,0.0,0.0,0.0036968440152040753,2.168404344971009e-19,0.0038420679466773643
vsb_rarefirst,a1_crop,42,val,0.9,996,0,0.0,0,0.0,0.0,0.0036968440152040753,2.168404344971009e-19,0.0038420679466773643
vsb_rarefirst,a1_crop,42,val,0.95,996,0,0.0,0,0.0,0.0,0.0036968440152040753,2.168404344971009e-19,0.0038420679466773643
vsb_rarefirst,a1_crop,42,test,0.05,996,446,0.44779116465863456,1493,1.498995983935743,0.4166004518913499,0.47929134541846635,0.4171683112283683,0.47881519787449767
vsb_rarefirst,a1_crop,42,test,0.1,996,342,0.3433734939759036,867,0.8704819277108434,0.31388225487506677,0.37379404442055686,0.31453675093274847,0.37341377637584927
vsb_rarefirst,a1_crop,42,test,0.15,996,298,0.2991967871485944,601,0.6034136546184738,0.2708856709405935,0.3287002806059614,0.2715747557413125,0.32836181773124873
vsb_rarefirst,a1_crop,42,test,0.2,996,253,0.2540160642570281,444,0.4457831325301205,0.22723969458907284,0.28225479327243336,0.22796237428948748,0.28195992821439997
vsb_rarefirst,a1_crop,42,test,0.25,996,218,0.21887550200803213,329,0.33032128514056225,0.19355614501035312,0.245868198313979,0.19430328782310102,0.24560791503848467
vsb_rarefirst,a1_crop,42,test,0.3,996,183,0.18373493975903615,261,0.2620481927710843,0.16014517280650062,0.20921035517608103,0.16091474298155328,0.20898536023773062
vsb_rarefirst,a1_crop,42,test,0.35,996,147,0.14759036144578314,194,0.19477911646586346,0.12612771083839902,0.17115922225554528,0.12691722300881317,0.17097146343553174
vsb_rarefirst,a1_crop,42,test,0.4,996,118,0.11847389558232932,144,0.14457831325301204,0.09905282517747169,0.1401815262304617,0.09985477630703324,0.14002471329083305
vsb_rarefirst,a1_crop,42,test,0.45,996,89,0.0893574297188755,106,0.10642570281124498,0.0723744791725098,0.10881158992757874,0.07318328581440822,0.10868700693697941
vsb_rarefirst,a1_crop,42,test,0.5,996,63,0.06325301204819277,75,0.07530120481927711,0.048944082743389905,0.0802059603369111,0.049749910511839884,0.0801121367909807
vsb_rarefirst,a1_crop,42,test,0.55,996,45,0.045180722891566265,50,0.050200803212851405,0.033142957448197244,0.05999093510248536,0.03393593438485959,0.05992040453049151
vsb_rarefirst,a1_crop,42,test,0.6,996,19,0.019076305220883535,22,0.02208835341365462,0.011523283018505796,0.029630285815475575,0.012246002012716087,0.029602091454067964
vsb_rarefirst,a1_crop,42,test,0.65,996,8,0.008032128514056224,11,0.01104417670682731,0.003473896507215125,0.015764863272546437,0.004075519639284928,0.015769085368489987
vsb_rarefirst,a1_crop,42,test,0.7,996,5,0.0050200803212851405,7,0.007028112449799197,0.001631955117803329,0.011676018736034771,0.002146127418164656,0.011697526191698678
vsb_rarefirst,a1_crop,42,test,0.75,996,3,0.0030120481927710845,3,0.0030120481927710845,0.0006215880038488222,0.008777030081934173,0.001024885486156592,0.008818133858432355
vsb_rarefirst,a1_crop,42,test,0.8,996,0,0.0,0,0.0,0.0,0.0036968440152040753,2.168404344971009e-19,0.0038420679466773643
vsb_rarefirst,a1_crop,42,test,0.85,996,0,0.0,0,0.0,0.0,0.0036968440152040753,2.168404344971009e-19,0.0038420679466773643
vsb_rarefirst,a1_crop,42,test,0.9,996,0,0.0,0,0.0,0.0,0.0036968440152040753,2.168404344971009e-19,0.0038420679466773643
vsb_rarefirst,a1_crop,42,test,0.95,996,0,0.0,0,0.0,0.0,0.0036968440152040753,2.168404344971009e-19,0.0038420679466773643
vsb_rarefirst,a1_crop,43,val,0.05,996,389,0.39056224899598396,885,0.8885542168674698,0.360122977828313,0.4216504710721161,0.36073905930951455,0.42122637323303136
vsb_rarefirst,a1_crop,43,val,0.1,996,323,0.32429718875502006,603,0.6054216867469879,0.29527915698456264,0.35435804107605295,0.29594877109022827,0.3539957306982628
vsb_rarefirst,a1_crop,43,val,0.15,996,271,0.2720883534136546,466,0.4678714859437751,0.2446553739790528,0.3008755572905151,0.24536486675086966,0.30056314414048724
vsb_rarefirst,a1_crop,43,val,0.2,996,244,0.24497991967871485,380,0.3815261044176707,0.2185546277611644,0.27292172358726974,0.21928375768298064,0.2726356906271721
vsb_rarefirst,a1_crop,43,val,0.25,996,219,0.21987951807228914,312,0.3132530120481928,0.1945149751024391,0.24691135649931725,0.19526144395838285,0.24665007603584
vsb_rarefirst,a1_crop,43,val,0.3,996,197,0.19779116465863453,268,0.26907630522088355,0.17347360514734714,0.22390925133361214,0.17423449659568302,0.22367004648052158
vsb_rarefirst,a1_crop,43,val,0.35,996,169,0.16967871485943775,226,0.22690763052208834,0.14686959287489754,0.1944589328007241,0.1476473736465281,0.19424828971583505
vsb_rarefirst,a1_crop,43,val,0.4,996,147,0.14759036144578314,184,0.18473895582329317,0.12612771083839902,0.17115922225554528,0.12691722300881317,0.17097146343553174
vsb_rarefirst,a1_crop,43,val,0.45,996,114,0.1144578313253012,138,0.13855421686746988,0.09534652878247012,0.13588084703266723,0.09614983120470016,0.13572838986261732
vsb_rarefirst,a1_crop,43,val,0.5,996,97,0.09738955823293173,117,0.11746987951807229,0.0796861373224993,0.11751264532049702,0.08049382550981886,0.11737900430266636
vsb_rarefirst,a1_crop,43,val,0.55,996,74,0.07429718875502007,87,0.08734939759036145,0.058786416504776326,0.09237763386922027,0.0595950362807389,0.09227049948109084
vsb_rarefirst,a1_crop,43,val,0.6,996,49,0.04919678714859438,58,0.05823293172690763,0.0366144016215074,0.06452206078409276,0.03741147293422496,0.06444613451167491
vsb_rarefirst,a1_crop,43,val,0.65,996,23,0.023092369477911646,28,0.028112449799196786,0.014693577625338811,0.034449334614517914,0.01543621397617266,0.03441314802116016
vsb_rarefirst,a1_crop,43,val,0.7,996,12,0.012048192771084338,12,0.012048192771084338,0.006240548081408164,0.020951106962513254,0.0069053210932940555,0.02094055244502964
vsb_rarefirst,a1_crop,43,val,0.75,996,2,0.002008032128514056,2,0.002008032128514056,0.00024327458431091926,0.007234702121267243,0.0005508476677955156,0.007291854544156236
vsb_rarefirst,a1_crop,43,val,0.8,996,0,0.0,0,0.0,0.0,0.0036968440152040753,2.168404344971009e-19,0.0038420679466773643
vsb_rarefirst,a1_crop,43,val,0.85,996,0,0.0,0,0.0,0.0,0.0036968440152040753,2.168404344971009e-19,0.0038420679466773643
vsb_rarefirst,a1_crop,43,val,0.9,996,0,0.0,0,0.0,0.0,0.0036968440152040753,2.168404344971009e-19,0.0038420679466773643
vsb_rarefirst,a1_crop,43,val,0.95,996,0,0.0,0,0.0,0.0,0.0036968440152040753,2.168404344971009e-19,0.0038420679466773643
vsb_rarefirst,a1_crop,43,test,0.05,996,363,0.3644578313253012,903,0.9066265060240963,0.33450482471134907,0.3952148167393841,0.33514232469397415,0.3948148624000046
vsb_rarefirst,a1_crop,43,test,0.1,996,308,0.3092369477911647,621,0.6234939759036144,0.2806312427671568,0.3389751766422578,0.2813126005503851,0.3386271442485481
vsb_rarefirst,a1_crop,43,test,0.15,996,286,0.28714859437751006,512,0.5140562248995983,0.25921251772675136,0.3163489333803168,0.2599107586852283,0.31602200919568657
vsb_rarefirst,a1_crop,43,test,0.2,996,266,0.26706827309236947,427,0.428714859437751,0.2398117609214151,0.2957090260862116,0.2405249529180758,0.2954014723100952
vsb_rarefirst,a1_crop,43,test,0.25,996,237,0.23795180722891565,356,0.357429718875502,0.2118105528246159,0.26565173657488916,0.212544627326219,0.26537260105547333
vsb_rarefirst,a1_crop,43,test,0.3,996,222,0.22289156626506024,312,0.3132530120481928,0.19739278156228374,0.25003952113801703,0.1981372188829729,0.24977525250916158
vsb_rarefirst,a1_crop,43,test,0.35,996,199,0.19979919678714858,266,0.26706827309236947,0.17538172095385066,0.2260050628386608,0.17614133860885617,0.2257638387326228
vsb_rarefirst,a1_crop,43,test,0.4,996,176,0.17670682730923695,227,0.22791164658634538,0.15350047452771456,0.20184150749576316,0.15427421355601578,0.20162366973480778
vsb_rarefirst,a1_crop,43,test,0.45,996,152,0.15261044176706828,196,0.19678714859437751,0.13082790761686441,0.1764683732226122,0.13161489788046016,0.17627537422707074
vsb_rarefirst,a1_crop,43,test,0.5,996,125,0.12550200803212852,153,0.1536144578313253,0.10555651363189786,0.14769022992741512,0.1063558588908615,0.14752585063546517
vsb_rarefirst,a1_crop,43,test,0.55,996,95,0.09538152610441768,113,0.11345381526104417,0.07785444242597561,0.11534111009761745,0.07866247570801767,0.11520971983919316
vsb_rarefirst,a1_crop,43,test,0.6,996,66,0.06626506024096386,76,0.07630522088353414,0.05161652804253262,0.08353710563336263,0.052423400200373275,0.08343959850035892
vsb_rarefirst,a1_crop,43,test,0.65,996,31,0.03112449799196787,36,0.03614457831325301,0.021243532661776938,0.04388948694347041,0.022012392801895986,0.04383950625653439
vsb_rarefirst,a1_crop,43,test,0.7,996,12,0.012048192771084338,16,0.01606425702811245,0.006240548081408164,0.020951106962513254,0.0069053210932940555,0.02094055244502964
vsb_rarefirst,a1_crop,43,test,0.75,996,6,0.006024096385542169,8,0.008032128514056224,0.0022138503199720843,0.01306550051435107,0.0027637354164371207,0.013080235326063408
vsb_rarefirst,a1_crop,43,test,0.8,996,0,0.0,0,0.0,0.0,0.0036968440152040753,2.168404344971009e-19,0.0038420679466773643
vsb_rarefirst,a1_crop,43,test,0.85,996,0,0.0,0,0.0,0.0,0.0036968440152040753,2.168404344971009e-19,0.0038420679466773643
vsb_rarefirst,a1_crop,43,test,0.9,996,0,0.0,0,0.0,0.0,0.0036968440152040753,2.168404344971009e-19,0.0038420679466773643
vsb_rarefirst,a1_crop,43,test,0.95,996,0,0.0,0,0.0,0.0,0.0036968440152040753,2.168404344971009e-19,0.0038420679466773643
vsb_rarefirst,a1_crop,44,val,0.05,996,419,0.4206827309236948,995,0.998995983935743,0.38979528642898265,0.45204039963806614,0.39038619020590287,0.45158875631575884
vsb_rarefirst,a1_crop,44,val,0.1,996,345,0.3463855421686747,666,0.6686746987951807,0.31682445866913217,0.3768580249063541,0.3174765444682548,0.3764749342382545
vsb_rarefirst,a1_crop,44,val,0.15,996,301,0.30220883534136544,514,0.5160642570281124,0.2738076542880184,0.33178443300028454,0.2744944299425341,0.3314430949279386
vsb_rarefirst,a1_crop,44,val,0.2,996,268,0.26907630522088355,403,0.4046184738955823,0.24174866915901574,0.29777617370510895,0.24246038468250933,0.29746667481093614
vsb_rarefirst,a1_crop,44,val,0.25,996,242,0.2429718875502008,336,0.3373493975903614,0.21662675412351817,0.2708455754187862,0.21735730343229906,0.2705615106125792
vsb_rarefirst,a1_crop,44,val,0.3,996,210,0.21084337349397592,270,0.2710843373493976,0.1858935608024016,0.2375149157247256,0.18664603498493412,0.23726263081555402
vsb_rarefirst,a1_crop,44,val,0.35,996,188,0.18875502008032127,239,0.2399598393574297,0.16489950051384153,0.2144657533684785,0.16566602092177182,0.214235667960698
vsb_rarefirst,a1_crop,44,val,0.4,996,162,0.16265060240963855,193,0.19377510040160642,0.140253210581733,0.18706195788469407,0.14103489410759415,0.18685854932630866
vsb_rarefirst,a1_crop,44,val,0.45,996,130,0.13052208835341367,156,0.1566265060240964,0.11021501560499478,0.15304070888141616,0.11101232961353363,0.152870965575979
vsb_rarefirst,a1_crop,44,val,0.5,996,99,0.09939759036144578,116,0.11646586345381527,0.08152023573223435,0.11968180866013156,0.08232753863837565,0.11954592543938393
vsb_rarefirst,a1_crop,44,val,0.55,996,73,0.07329317269076305,84,0.08433734939759036,0.05788695684834727,0.09127573201657235,0.05869543164166093,0.09116978698753159
vsb_rarefirst,a1_crop,44,val,0.6,996,43,0.04317269076305221,49,0.04919678714859438,0.031417541360324076,0.057715364866965956,0.03220810998724843,0.05764759466282828
vsb_rarefirst,a1_crop,44,val,0.65,996,22,0.02208835341365462,23,0.023092369477911646,0.01389318993246768,0.033251913626057616,0.014631409703017052,0.03321763516167858
vsb_rarefirst,a1_crop,44,val,0.7,996,8,0.008032128514056224,8,0.008032128514056224,0.003473896507215125,0.015764863272546437,0.004075519639284928,0.015769085368489987
vsb_rarefirst,a1_crop,44,val,0.75,996,2,0.002008032128514056,2,0.002008032128514056,0.00024327458431091926,0.007234702121267243,0.0005508476677955156,0.007291854544156236
vsb_rarefirst,a1_crop,44,val,0.8,996,0,0.0,0,0.0,0.0,0.0036968440152040753,2.168404344971009e-19,0.0038420679466773643
vsb_rarefirst,a1_crop,44,val,0.85,996,0,0.0,0,0.0,0.0,0.0036968440152040753,2.168404344971009e-19,0.0038420679466773643
vsb_rarefirst,a1_crop,44,val,0.9,996,0,0.0,0,0.0,0.0,0.0036968440152040753,2.168404344971009e-19,0.0038420679466773643
vsb_rarefirst,a1_crop,44,val,0.95,996,0,0.0,0,0.0,0.0,0.0036968440152040753,2.168404344971009e-19,0.0038420679466773643
vsb_rarefirst,a1_crop,44,test,0.05,996,390,0.39156626506024095,1012,1.0160642570281124,0.3611101300086421,0.4226653911181736,0.3617253799610261,0.42224036971415696
vsb_rarefirst,a1_crop,44,test,0.1,996,343,0.34437751004016065,709,0.7118473895582329,0.3148628439389869,0.37481551648840544,0.31551653725623235,0.37443430718500254
vsb_rarefirst,a1_crop,44,test,0.15,996,302,0.3032128514056225,557,0.5592369477911646,0.27478197210420785,0.33281216132793867,0.27546797631579456,0.3324698656873154
vsb_rarefirst,a1_crop,44,test,0.2,996,280,0.28112449799196787,464,0.46586345381526106,0.2533849993797334,0.3101642288475378,0.25408776790445176,0.30984309718063996
vsb_rarefirst,a1_crop,44,test,0.25,996,259,0.2600401606425703,405,0.4066265060240964,0.2330383020980815,0.288468309632701,0.23375662695526112,0.2881675783444495
vsb_rarefirst,a1_crop,44,test,0.3,996,238,0.2389558232931727,345,0.3463855421686747,0.2127733916443418,0.26669090410498664,0.21350676381284647,0.26641078170148313
vsb_rarefirst,a1_crop,44,test,0.35,996,206,0.20682730923694778,279,0.28012048192771083,0.18206776052382273,0.23333281028956296,0.1828228584365149,0.2330845388334244
vsb_rarefirst,a1_crop,44,test,0.4,996,179,0.17971887550200802,234,0.23493975903614459,0.15634654794047725,0.2050012290316009,0.15711851524473225,0.20478031944400282
vsb_rarefirst,a1_crop,44,test,0.45,996,155,0.15562248995983935,197,0.19779116465863453,0.1336520851433626,0.17964983622958233,0.1344375187762914,0.17945370472915106
vsb_rarefirst,a1_crop,44,test,0.5,996,125,0.12550200803212852,154,0.15461847389558234,0.10555651363189786,0.14769022992741512,0.1063558588908615,0.14752585063546517
vsb_rarefirst,a1_crop,44,test,0.55,996,102,0.10240963855421686,117,0.11746987951807229,0.0842757490794657,0.12293124390452617,0.08508240276850006,0.12279201270717109
vsb_rarefirst,a1_crop,44,test,0.6,996,67,0.06726907630522089,76,0.07630522088353414,0.05250940981992991,0.08464546222989837,0.05331657905561472,0.08454673677775468
vsb_rarefirst,a1_crop,44,test,0.65,996,35,0.035140562248995984,39,0.0391566265060241,0.024596396402385593,0.048535175068018736,0.025374186286570406,0.04847898130240875
vsb_rarefirst,a1_crop,44,test,0.7,996,24,0.024096385542168676,26,0.02610441767068273,0.015498617305478274,0.03564236524860718,0.01624535856367931,0.03560432056629072
vsb_rarefirst,a1_crop,44,test,0.75,996,9,0.009036144578313253,11,0.01104417670682731,0.004139987949644669,0.01708384141854559,0.004761133358444028,0.01708378878196808
vsb_rarefirst,a1_crop,44,test,0.8,996,0,0.0,0,0.0,0.0,0.0036968440152040753,2.168404344971009e-19,0.0038420679466773643
vsb_rarefirst,a1_crop,44,test,0.85,996,0,0.0,0,0.0,0.0,0.0036968440152040753,2.168404344971009e-19,0.0038420679466773643
vsb_rarefirst,a1_crop,44,test,0.9,996,0,0.0,0,0.0,0.0,0.0036968440152040753,2.168404344971009e-19,0.0038420679466773643
vsb_rarefirst,a1_crop,44,test,0.95,996,0,0.0,0,0.0,0.0,0.0036968440152040753,2.168404344971009e-19,0.0038420679466773643
vsb_rarefirst,a2_colorjitter,42,val,0.05,996,270,0.2710843373493976,541,0.5431726907630522,0.24368629421715915,0.29984260697616105,0.24439652896803962,0.29953116479068015
vsb_rarefirst,a2_colorjitter,42,val,0.1,996,222,0.22289156626506024,369,0.3704819277108434,0.19739278156228374,0.25003952113801703,0.1981372188829729,0.24977525250916158
vsb_rarefirst,a2_colorjitter,42,val,0.15,996,187,0.18775100401606426,281,0.2821285140562249,0.1639481064764351,0.2134151990429622,0.1647152414328373,0.21318613031699538
vsb_rarefirst,a2_colorjitter,42,val,0.2,996,161,0.16164658634538154,227,0.22791164658634538,0.13930923988035063,0.18600402912604513,0.14009146882497017,0.18580165747629548
vsb_rarefirst,a2_colorjitter,42,val,0.25,996,140,0.14056224899598393,188,0.18875502008032127,0.11956225082456524,0.1637117167510648,0.12035512942942425,0.1635313370864603
vsb_rarefirst,a2_colorjitter,42,val,0.3,996,119,0.11947791164658635,149,0.1495983935742972,0.09998057171271488,0.14125553609192001,0.10078216875759208,0.1410976379729114
vsb_rarefirst,a2_colorjitter,42,val,0.35,996,95,0.09538152610441768,117,0.11746987951807229,0.07785444242597561,0.11534111009761745,0.07866247570801767,0.11520971983919316
vsb_rarefirst,a2_colorjitter,42,val,0.4,996,76,0.07630522088353414,93,0.09337349397590361,0.06058792626088865,0.09457889256263384,0.06139677964338004,0.09446939038372408
vsb_rarefirst,a2_colorjitter,42,val,0.45,996,58,0.05823293172690763,68,0.06827309236947791,0.044512101054389686,0.07463242423221289,0.04531561599003664,0.07454484564959798
vsb_rarefirst,a2_colorjitter,42,val,0.5,996,45,0.045180722891566265,52,0.05220883534136546,0.033142957448197244,0.05999093510248536,0.03393593438485959,0.05992040453049151
vsb_rarefirst,a2_colorjitter,42,val,0.55,996,33,0.03313253012048193,36,0.03614457831325301,0.02291447490712017,0.046217601666228604,0.023688062323563887,0.04616447100014088
vsb_rarefirst,a2_colorjitter,42,val,0.6,996,24,0.024096385542168676,24,0.024096385542168676,0.015498617305478274,0.03564236524860718,0.01624535856367931,0.03560432056629072
vsb_rarefirst,a2_colorjitter,42,val,0.65,996,11,0.01104417670682731,11,0.01104417670682731,0.005525747337515467,0.01967498526794216,0.0061779291218100425,0.019667627283876457
vsb_rarefirst,a2_colorjitter,42,val,0.7,996,7,0.007028112449799197,7,0.007028112449799197,0.0028301976576665566,0.014426687135883924,0.003408518602031684,0.014435769273106039
vsb_rarefirst,a2_colorjitter,42,val,0.75,996,2,0.002008032128514056,2,0.002008032128514056,0.00024327458431091926,0.007234702121267243,0.0005508476677955156,0.007291854544156236
vsb_rarefirst,a2_colorjitter,42,val,0.8,996,0,0.0,0,0.0,0.0,0.0036968440152040753,2.168404344971009e-19,0.0038420679466773643
vsb_rarefirst,a2_colorjitter,42,val,0.85,996,0,0.0,0,0.0,0.0,0.0036968440152040753,2.168404344971009e-19,0.0038420679466773643
vsb_rarefirst,a2_colorjitter,42,val,0.9,996,0,0.0,0,0.0,0.0,0.0036968440152040753,2.168404344971009e-19,0.0038420679466773643
vsb_rarefirst,a2_colorjitter,42,val,0.95,996,0,0.0,0,0.0,0.0,0.0036968440152040753,2.168404344971009e-19,0.0038420679466773643
vsb_rarefirst,a2_colorjitter,42,test,0.05,996,277,0.2781124497991968,604,0.606425702811245,0.2504735552170369,0.30706956889247994,0.2511785742916865,0.30675133939549365
vsb_rarefirst,a2_colorjitter,42,test,0.1,996,238,0.2389558232931727,411,0.4126506024096386,0.2127733916443418,0.26669090410498664,0.21350676381284647,0.26641078170148313
vsb_rarefirst,a2_colorjitter,42,test,0.15,996,200,0.20080321285140562,315,0.31626506024096385,0.17633614647104676,0.22705260299995336,0.17709512423989507,0.2268103702342211
vsb_rarefirst,a2_colorjitter,42,test,0.2,996,176,0.17670682730923695,260,0.26104417670682734,0.15350047452771456,0.20184150749576316,0.15427421355601578,0.20162366973480778
vsb_rarefirst,a2_colorjitter,42,test,0.25,996,159,0.15963855421686746,218,0.21887550200803213,0.1374222415498059,0.18388723540906113,0.13820555182354857,0.1836869402124426
vsb_rarefirst,a2_colorjitter,42,test,0.3,996,139,0.1395582329317269,183,0.18373493975903615,0.11862579261321861,0.16264633518139035,0.11941913540713928,0.16246701397610802
vsb_rarefirst,a2_colorjitter,42,test,0.35,996,123,0.12349397590361445,155,0.15562248995983935,0.10369609577470852,0.1455470846031228,0.10449621511571539,0.14538486014533683
vsb_rarefirst,a2_colorjitter,42,test,0.4,996,102,0.10240963855421686,127,0.12751004016064257,0.0842757490794657,0.12293124390452617,0.08508240276850006,0.12279201270717109
vsb_rarefirst,a2_colorjitter,42,test,0.45,996,83,0.08333333333333333,104,0.10441767068273092,0.06691883705978911,0.10225810091521756,0.0677279734434951,0.10214041651206937
vsb_rarefirst,a2_colorjitter,42,test,0.5,996,64,0.0642570281124498,79,0.07931726907630522,0.049833842107297556,0.0813173762954778,0.050640044477014194,0.0812223199584436
vsb_rarefirst,a2_colorjitter,42,test,0.55,996,49,0.04919678714859438,59,0.05923694779116466,0.0366144016215074,0.06452206078409276,0.03741147293422496,0.06444613451167491
vsb_rarefirst,a2_colorjitter,42,test,0.6,996,34,0.03413654618473896,41,0.04116465863453815,0.023754122620366917,0.04737765058084246,0.02452987221532278,0.04732297824101918
vsb_rarefirst,a2_colorjitter,42,test,0.65,996,20,0.020080321285140562,25,0.025100401606425703,0.012307667582951428,0.030842726749625446,0.013035973131917102,0.030812437467504145
vsb_rarefirst,a2_colorjitter,42,test,0.7,996,12,0.012048192771084338,14,0.014056224899598393,0.006240548081408164,0.020951106962513254,0.0069053210932940555,0.02094055244502964
vsb_rarefirst,a2_colorjitter,42,test,0.75,996,4,0.004016064257028112,6,0.006024096385542169,0.0010952933552988288,0.01025053878288337,0.0015628438042055047,0.010280492673020634
vsb_rarefirst,a2_colorjitter,42,test,0.8,996,1,0.001004016064257028,2,0.002008032128514056,2.541916285560693e-05,0.005581198058454109,0.0001772554801821179,0.005665129599132441
vsb_rarefirst,a2_colorjitter,42,test,0.85,996,0,0.0,0,0.0,0.0,0.0036968440152040753,2.168404344971009e-19,0.0038420679466773643
vsb_rarefirst,a2_colorjitter,42,test,0.9,996,0,0.0,0,0.0,0.0,0.0036968440152040753,2.168404344971009e-19,0.0038420679466773643
vsb_rarefirst,a2_colorjitter,42,test,0.95,996,0,0.0,0,0.0,0.0,0.0036968440152040753,2.168404344971009e-19,0.0038420679466773643
vsb_rarefirst,a2_colorjitter,43,val,0.05,996,288,0.2891566265060241,572,0.5742971887550201,0.261156379655079,0.31840914992887276,0.26185310377622184,0.31808029836996743
vsb_rarefirst,a2_colorjitter,43,val,0.1,996,223,0.22389558232931728,376,0.37751004016064255,0.1983524855594501,0.2510818095556327,0.19909624253064462,0.25081654599412706
vsb_rarefirst,a2_colorjitter,43,val,0.15,996,192,0.1927710843373494,289,0.2901606425702811,0.16870767080475224,0.21866539181848027,0.16947171082679308,0.2184312465862256
vsb_rarefirst,a2_colorjitter,43,val,0.2,996,170,0.1706827309236948,233,0.23393574297188754,0.1478159906506776,0.1955144515273181,0.1485932022451035,0.19530277824989686
vsb_rarefirst,a2_colorjitter,43,val,0.25,996,143,0.14357429718875503,186,0.18674698795180722,0.12237384815781911,0.16690565784323372,0.12316530857115582,0.1667221093426403
vsb_rarefirst,a2_colorjitter,43,val,0.3,996,127,0.12751004016064257,159,0.15963855421686746,0.10741865331894793,0.149831670423999,0.10821720214676574,0.1496651416448353
vsb_rarefirst,a2_colorjitter,43,val,0.35,996,110,0.11044176706827309,136,0.13654618473895583,0.09164799627719296,0.1315724892315886,0.09245253944484322,0.1314244130919255
vsb_rarefirst,a2_colorjitter,43,val,0.4,996,91,0.09136546184738956,108,0.10843373493975904,0.07419853955367434,0.11099065435407583,0.07500713429819383,0.11086379271846819
vsb_rarefirst,a2_colorjitter,43,val,0.45,996,70,0.07028112449799197,81,0.08132530120481928,0.0551939586664211,0.08796474281313801,0.05600187824115194,0.08786238899012902
vsb_rarefirst,a2_colorjitter,43,val,0.5,996,51,0.05120481927710843,59,0.05923694779116466,0.03835962526834269,0.06677838208870372,0.03915842864100433,0.06669981307016992
vsb_rarefirst,a2_colorjitter,43,val,0.55,996,41,0.04116465863453815,44,0.04417670682730924,0.029699610226910794,0.05543253975143234,0.030487492860666085,0.055367577524136236
vsb_rarefirst,a2_colorjitter,43,val,0.6,996,21,0.02108433734939759,23,0.023092369477911646,0.013097769013331016,0.03204981707459244,0.013831225477995514,0.03201750225406292
vsb_rarefirst,a2_colorjitter,43,val,0.65,996,8,0.008032128514056224,9,0.009036144578313253,0.003473896507215125,0.015764863272546437,0.004075519639284928,0.015769085368489987
vsb_rarefirst,a2_colorjitter,43,val,0.7,996,1,0.001004016064257028,2,0.002008032128514056,2.541916285560693e-05,0.005581198058454109,0.0001772554801821179,0.005665129599132441
vsb_rarefirst,a2_colorjitter,43,val,0.75,996,0,0.0,0,0.0,0.0,0.0036968440152040753,2.168404344971009e-19,0.0038420679466773643
vsb_rarefirst,a2_colorjitter,43,val,0.8,996,0,0.0,0,0.0,0.0,0.0036968440152040753,2.168404344971009e-19,0.0038420679466773643
vsb_rarefirst,a2_colorjitter,43,val,0.85,996,0,0.0,0,0.0,0.0,0.0036968440152040753,2.168404344971009e-19,0.0038420679466773643
vsb_rarefirst,a2_colorjitter,43,val,0.9,996,0,0.0,0,0.0,0.0,0.0036968440152040753,2.168404344971009e-19,0.0038420679466773643
vsb_rarefirst,a2_colorjitter,43,val,0.95,996,0,0.0,0,0.0,0.0,0.0036968440152040753,2.168404344971009e-19,0.0038420679466773643
vsb_rarefirst,a2_colorjitter,43,test,0.05,996,283,0.28413654618473894,623,0.6255020080321285,0.2562979918674401,0.3132573454073809,0.25699850095991017,0.3129333155230931
vsb_rarefirst,a2_colorjitter,43,test,0.1,996,231,0.2319277108433735,423,0.4246987951807229,0.2060378030006861,0.25941246665520057,0.20677606217632655,0.25913926340954263
vsb_rarefirst,a2_colorjitter,43,test,0.15,996,204,0.20481927710843373,336,0.3373493975903614,0.180156267379882,0.2312403578989986,0.18091266616470544,0.2309940968399595
vsb_rarefirst,a2_colorjitter,43,test,0.2,996,179,0.17971887550200802,277,0.2781124497991968,0.15634654794047725,0.2050012290316009,0.15711851524473225,0.20478031944400282
vsb_rarefirst,a2_colorjitter,43,test,0.25,996,165,0.16566265060240964,235,0.2359437751004016,0.14308698081603852,0.19023389936153842,0.14386700958340645,0.19002738524840793
vsb_rarefirst,a2_colorjitter,43,test,0.3,996,149,0.1495983935742972,203,0.20381526104417672,0.12800675798466338,0.17328390597249743,0.1287952725902566,0.17309404811936266
vsb_rarefirst,a2_colorjitter,43,test,0.35,996,133,0.13353413654618473,172,0.17269076305220885,0.11301506232834546,0.15624609765352188,0.11381109553388896,0.1560731510535352
vsb_rarefirst,a2_colorjitter,43,test,0.4,996,113,0.11345381526104417,142,0.142570281124498,0.09442115379126467,0.13480449116330379,0.09522477711594851,0.1346531268187318
vsb_rarefirst,a2_colorjitter,43,test,0.45,996,101,0.10140562248995984,122,0.12248995983935743,0.08335667286655904,0.12184866336590161,0.0841635521740796,0.12171054616895437
vsb_rarefirst,a2_colorjitter,43,test,0.5,996,79,0.07931726907630522,91,0.09136546184738956,0.06329643516910922,0.09787464283251732,0.06410550658151125,0.09776161484350447
vsb_rarefirst,a2_colorjitter,43,test,0.55,996,62,0.06224899598393574,70,0.07028112449799197,0.0480554104499854,0.07909347997406564,0.048860835798851095,0.0790008943713323
vsb_rarefirst,a2_colorjitter,43,test,0.6,996,40,0.040160642570281124,44,0.04417670682730924,0.028843615000777575,0.054288251779631265,0.02963004021024295,0.054224713041922175
vsb_rarefirst,a2_colorjitter,43,test,0.65,996,25,0.025100401606425703,27,0.02710843373493976,0.016308026632879054,0.03683126234686561,0.01705859137640498,0.036791404886202236
vsb_rarefirst,a2_colorjitter,43,test,0.7,996,8,0.008032128514056224,10,0.010040160642570281,0.003473896507215125,0.015764863272546437,0.004075519639284928,0.015769085368489987
vsb_rarefirst,a2_colorjitter,43,test,0.75,996,4,0.004016064257028112,4,0.004016064257028112,0.0010952933552988288,0.01025053878288337,0.0015628438042055047,0.010280492673020634
vsb_rarefirst,a2_colorjitter,43,test,0.8,996,0,0.0,0,0.0,0.0,0.0036968440152040753,2.168404344971009e-19,0.0038420679466773643
vsb_rarefirst,a2_colorjitter,43,test,0.85,996,0,0.0,0,0.0,0.0,0.0036968440152040753,2.168404344971009e-19,0.0038420679466773643
vsb_rarefirst,a2_colorjitter,43,test,0.9,996,0,0.0,0,0.0,0.0,0.0036968440152040753,2.168404344971009e-19,0.0038420679466773643
vsb_rarefirst,a2_colorjitter,43,test,0.95,996,0,0.0,0,0.0,0.0,0.0036968440152040753,2.168404344971009e-19,0.0038420679466773643
vsb_rarefirst,a2_colorjitter,44,val,0.05,996,306,0.3072289156626506,758,0.7610441767068273,0.27868084811226795,0.3369214742633382,0.2793637580555665,0.33657535247809217
vsb_rarefirst,a2_colorjitter,44,val,0.1,996,246,0.2469879518072289,444,0.4457831325301205,0.22048328746822093,0.2749970888659512,0.22121099281597634,0.27470908975945074
vsb_rarefirst,a2_colorjitter,44,val,0.15,996,211,0.21184738955823293,337,0.33835341365461846,0.18685058987763717,0.23855986604299537,0.18760240365521075,0.23830657927791454
vsb_rarefirst,a2_colorjitter,44,val,0.2,996,165,0.16566265060240964,243,0.24397590361445784,0.14308698081603852,0.19023389936153842,0.14386700958340645,0.19002738524840793
vsb_rarefirst,a2_colorjitter,44,val,0.25,996,136,0.13654618473895583,185,0.1857429718875502,0.11581868793329492,0.15944794040223184,0.11661339668126483,0.15927180130407095
vsb_rarefirst,a2_colorjitter,44,val,0.3,996,117,0.11746987951807229,145,0.14558232931726908,0.0981255423958539,0.1391070575101198,0.09892784123351042,0.13895133123171866
vsb_rarefirst,a2_colorjitter,44,val,0.35,996,85,0.0853413654618474,103,0.10341365461847389,0.06873454086631894,0.10444539794753999,0.0695436211327472,0.10432540308809168
vsb_rarefirst,a2_colorjitter,44,val,0.4,996,64,0.0642570281124498,72,0.07228915662650602,0.049833842107297556,0.0813173762954778,0.050640044477014194,0.0812223199584436
vsb_rarefirst,a2_colorjitter,44,val,0.45,996,39,0.0391566265060241,46,0.04618473895582329,0.027989695338094818,0.05314195674256572,0.02877458063350566,0.05307985548602227
vsb_rarefirst,a2_colorjitter,44,val,0.5,996,19,0.019076305220883535,21,0.02108433734939759,0.011523283018505796,0.029630285815475575,0.012246002012716087,0.029602091454067964
vsb_rarefirst,a2_colorjitter,44,val,0.55,996,11,0.01104417670682731,12,0.012048192771084338,0.005525747337515467,0.01967498526794216,0.0061779291218100425,0.019667627283876457
vsb_rarefirst,a2_colorjitter,44,val,0.6,996,6,0.006024096385542169,7,0.007028112449799197,0.0022138503199720843,0.01306550051435107,0.0027637354164371207,0.013080235326063408
vsb_rarefirst,a2_colorjitter,44,val,0.65,996,3,0.0030120481927710845,3,0.0030120481927710845,0.0006215880038488222,0.008777030081934173,0.001024885486156592,0.008818133858432355
vsb_rarefirst,a2_colorjitter,44,val,0.7,996,1,0.001004016064257028,1,0.001004016064257028,2.541916285560693e-05,0.005581198058454109,0.0001772554801821179,0.005665129599132441
vsb_rarefirst,a2_colorjitter,44,val,0.75,996,0,0.0,0,0.0,0.0,0.0036968440152040753,2.168404344971009e-19,0.0038420679466773643
vsb_rarefirst,a2_colorjitter,44,val,0.8,996,0,0.0,0,0.0,0.0,0.0036968440152040753,2.168404344971009e-19,0.0038420679466773643
vsb_rarefirst,a2_colorjitter,44,val,0.85,996,0,0.0,0,0.0,0.0,0.0036968440152040753,2.168404344971009e-19,0.0038420679466773643
vsb_rarefirst,a2_colorjitter,44,val,0.9,996,0,0.0,0,0.0,0.0,0.0036968440152040753,2.168404344971009e-19,0.0038420679466773643
vsb_rarefirst,a2_colorjitter,44,val,0.95,996,0,0.0,0,0.0,0.0,0.0036968440152040753,2.168404344971009e-19,0.0038420679466773643
vsb_rarefirst,a2_colorjitter,44,test,0.05,996,324,0.3253012048192771,805,0.8082329317269076,0.2962569175399643,0.3553823354436362,0.2969257425229054,0.35501907639822283
vsb_rarefirst,a2_colorjitter,44,test,0.1,996,257,0.2580321285140562,503,0.5050200803212851,0.23110468461150774,0.28639788304022096,0.23182446577952506,0.28609910525491117
vsb_rarefirst,a2_colorjitter,44,test,0.15,996,218,0.21887550200803213,377,0.3785140562248996,0.19355614501035312,0.245868198313979,0.19430328782310102,0.24560791503848467
vsb_rarefirst,a2_colorjitter,44,test,0.2,996,187,0.18775100401606426,290,0.29116465863453816,0.1639481064764351,0.2134151990429622,0.1647152414328373,0.21318613031699538
vsb_rarefirst,a2_colorjitter,44,test,0.25,996,159,0.15963855421686746,231,0.2319277108433735,0.1374222415498059,0.18388723540906113,0.13820555182354857,0.1836869402124426
vsb_rarefirst,a2_colorjitter,44,test,0.3,996,130,0.13052208835341367,179,0.17971887550200802,0.11021501560499478,0.15304070888141616,0.11101232961353363,0.152870965575979
vsb_rarefirst,a2_colorjitter,44,test,0.35,996,96,0.0963855421686747,122,0.12248995983935743,0.07876998525608099,0.11642717827297239,0.0795778511360367,0.11629466154381131
vsb_rarefirst,a2_colorjitter,44,test,0.4,996,77,0.07730923694779117,92,0.09236947791164658,0.06148994494894855,0.09567827985065396,0.062298888116106746,0.09556759904363459
vsb_rarefirst,a2_colorjitter,44,test,0.45,996,54,0.05421686746987952,64,0.0642570281124498,0.040988355718991475,0.07015224945671163,0.04178941653270108,0.07006977657638476
vsb_rarefirst,a2_colorjitter,44,test,0.5,996,42,0.04216867469879518,50,0.050200803212851405,0.03055760844499193,0.05657488923920887,0.03134687076150805,0.05650851675593145
vsb_rarefirst,a2_colorjitter,44,test,0.55,996,33,0.03313253012048193,38,0.03815261044176707,0.02291447490712017,0.046217601666228604,0.023688062323563887,0.04616447100014088
vsb_rarefirst,a2_colorjitter,44,test,0.6,996,22,0.02208835341365462,26,0.02610441767068273,0.01389318993246768,0.033251913626057616,0.014631409703017052,0.03321763516167858
vsb_rarefirst,a2_colorjitter,44,test,0.65,996,10,0.010040160642570281,11,0.01104417670682731,0.0048248509099354745,0.01838647943307985,0.0054626403595897585,0.018382598913459548
vsb_rarefirst,a2_colorjitter,44,test,0.7,996,2,0.002008032128514056,2,0.002008032128514056,0.00024327458431091926,0.007234702121267243,0.0005508476677955156,0.007291854544156236
vsb_rarefirst,a2_colorjitter,44,test,0.75,996,1,0.001004016064257028,1,0.001004016064257028,2.541916285560693e-05,0.005581198058454109,0.0001772554801821179,0.005665129599132441
vsb_rarefirst,a2_colorjitter,44,test,0.8,996,0,0.0,0,0.0,0.0,0.0036968440152040753,2.168404344971009e-19,0.0038420679466773643
vsb_rarefirst,a2_colorjitter,44,test,0.85,996,0,0.0,0,0.0,0.0,0.0036968440152040753,2.168404344971009e-19,0.0038420679466773643
vsb_rarefirst,a2_colorjitter,44,test,0.9,996,0,0.0,0,0.0,0.0,0.0036968440152040753,2.168404344971009e-19,0.0038420679466773643
vsb_rarefirst,a2_colorjitter,44,test,0.95,996,0,0.0,0,0.0,0.0,0.0036968440152040753,2.168404344971009e-19,0.0038420679466773643
vsb_rarefirst,p4_a4_combined,42,val,0.05,996,500,0.5020080321285141,1330,1.3353413654618473,0.47048756766478655,0.5335165953220324,0.4710083576232595,0.532992276642015
vsb_rarefirst,p4_a4_combined,42,val,0.1,996,432,0.43373493975903615,931,0.9347389558232931,0.40268980239840063,0.46517289093305525,0.40326965406952164,0.4647094151764236
vsb_rarefirst,p4_a4_combined,42,val,0.15,996,386,0.38755020080321284,721,0.7238955823293173,0.3571623291295277,0.4186049041950722,0.35778090186439515,0.4181835792802391
vsb_rarefirst,p4_a4_combined,42,val,0.2,996,357,0.35843373493975905,601,0.6034136546184738,0.32860624924064946,0.3891009967999537,0.3292486342685735,0.3887066500295822
vsb_rarefirst,p4_a4_combined,42,val,0.25,996,313,0.3142570281124498,498,0.5,0.28550999205835537,0.3441066771470138,0.28618745510177496,0.34375387536034424
vsb_rarefirst,p4_a4_combined,42,val,0.3,996,281,0.2821285140562249,424,0.42570281124497994,0.25435582558720377,0.3111954384487635,0.2550578419457129,0.31087334027201596
vsb_rarefirst,p4_a4_combined,42,val,0.35,996,251,0.2520080321285141,359,0.3604417670682731,0.2253083336798039,0.2801821185892547,0.22603245545265635,0.2798892127859568
vsb_rarefirst,p4_a4_combined,42,val,0.4,996,225,0.22590361445783133,303,0.3042168674698795,0.2002725400577784,0.2531657428893832,0.20101493166196127,0.25289849112808477
vsb_rarefirst,p4_a4_combined,42,val,0.45,996,186,0.18674698795180722,240,0.24096385542168675,0.1629969750429794,0.21236438368355628,0.1637647222771435,0.21213633234005197
vsb_rarefirst,p4_a4_combined,42,val,0.5,996,141,0.14156626506024098,180,0.18072289156626506,0.12049908168628787,0.16477672888776795,0.12129149178568771,0.16459529186283406
vsb_rarefirst,p4_a4_combined,42,val,0.55,996,110,0.11044176706827309,129,0.12951807228915663,0.09164799627719296,0.1315724892315886,0.09245253944484322,0.1314244130919255
vsb_rarefirst,p4_a4_combined,42,val,0.6,996,72,0.07228915662650602,83,0.08333333333333333,0.05698838250387313,0.09017296067683224,0.057796692708869196,0.09006820878768615
vsb_rarefirst,p4_a4_combined,42,val,0.65,996,38,0.03815261044176707,42,0.04216867469879518,0.027137928473181548,0.05199358175253632,0.0279211861939041,0.051932932792986636
vsb_rarefirst,p4_a4_combined,42,val,0.7,996,17,0.01706827309236948,19,0.019076305220883535,0.009973529545318612,0.027187688447160598,0.010683529983797157,0.027163929217712504
vsb_rarefirst,p4_a4_combined,42,val,0.75,996,3,0.0030120481927710845,3,0.0030120481927710845,0.0006215880038488222,0.008777030081934173,0.001024885486156592,0.008818133858432355
vsb_rarefirst,p4_a4_combined,42,val,0.8,996,0,0.0,0,0.0,0.0,0.0036968440152040753,2.168404344971009e-19,0.0038420679466773643
vsb_rarefirst,p4_a4_combined,42,val,0.85,996,0,0.0,0,0.0,0.0,0.0036968440152040753,2.168404344971009e-19,0.0038420679466773643
vsb_rarefirst,p4_a4_combined,42,val,0.9,996,0,0.0,0,0.0,0.0,0.0036968440152040753,2.168404344971009e-19,0.0038420679466773643
vsb_rarefirst,p4_a4_combined,42,val,0.95,996,0,0.0,0,0.0,0.0,0.0036968440152040753,2.168404344971009e-19,0.0038420679466773643
vsb_rarefirst,p4_a4_combined,42,test,0.05,996,480,0.4819277108433735,1301,1.3062248995983936,0.45048674284710466,0.5134757916958017,0.4510251106913999,0.5129691809211306
vsb_rarefirst,p4_a4_combined,42,test,0.1,996,407,0.4086345381526104,896,0.8995983935742972,0.3779121257950818,0.4398986491266498,0.3785131570225486,0.4394579839074667
vsb_rarefirst,p4_a4_combined,42,test,0.15,996,367,0.3684738955823293,702,0.7048192771084337,0.3384400146099228,0.3992878953180339,0.33907424549004905,0.3988842101344785
vsb_rarefirst,p4_a4_combined,42,test,0.2,996,326,0.3273092369477912,569,0.571285140562249,0.2982128941843366,0.3574304697105167,0.29888013867057417,0.35706531451582846
vsb_rarefirst,p4_a4_combined,42,test,0.25,996,303,0.3042168674698795,488,0.4899598393574297,0.27575645084264855,0.3338397291744018,0.2764416827564332,0.333496476379314
vsb_rarefirst,p4_a4_combined,42,test,0.3,996,271,0.2720883534136546,409,0.4106425702811245,0.2446553739790528,0.3008755572905151,0.24536486675086966,0.30056314414048724
vsb_rarefirst,p4_a4_combined,42,test,0.35,996,247,0.24799196787148595,356,0.357429718875502,0.22144791007095466,0.27603447992719327,0.2221749012132477,0.27574549849481655
vsb_rarefirst,p4_a4_combined,42,test,0.4,996,222,0.22289156626506024,314,0.3152610441767068,0.19739278156228374,0.25003952113801703,0.1981372188829729,0.24977525250916158
vsb_rarefirst,p4_a4_combined,42,test,0.45,996,186,0.18674698795180722,250,0.25100401606425704,0.1629969750429794,0.21236438368355628,0.1637647222771435,0.21213633234005197
vsb_rarefirst,p4_a4_combined,42,test,0.5,996,158,0.15863453815261044,201,0.20180722891566266,0.13647921871795124,0.1828283657250242,0.13726306481311001,0.18262911009024402
vsb_rarefirst,p4_a4_combined,42,test,0.55,996,123,0.12349397590361445,151,0.15160642570281124,0.10369609577470852,0.1455470846031228,0.10449621511571539,0.14538486014533683
vsb_rarefirst,p4_a4_combined,42,test,0.6,996,85,0.0853413654618474,98,0.09839357429718876,0.06873454086631894,0.10444539794753999,0.0695436211327472,0.10432540308809168
vsb_rarefirst,p4_a4_combined,42,test,0.65,996,52,0.05220883534136546,58,0.05823293172690763,0.0392344560292682,0.06790438163568498,0.040034055208226116,0.06782450363558533
vsb_rarefirst,p4_a4_combined,42,test,0.7,996,28,0.028112449799196786,31,0.03112449799196787,0.018760046477089686,0.04037537053735843,0.01952063964930145,0.04033030801121734
vsb_rarefirst,p4_a4_combined,42,test,0.75,996,8,0.008032128514056224,9,0.009036144578313253,0.003473896507215125,0.015764863272546437,0.004075519639284928,0.015769085368489987
vsb_rarefirst,p4_a4_combined,42,test,0.8,996,1,0.001004016064257028,1,0.001004016064257028,2.541916285560693e-05,0.005581198058454109,0.0001772554801821179,0.005665129599132441
vsb_rarefirst,p4_a4_combined,42,test,0.85,996,0,0.0,0,0.0,0.0,0.0036968440152040753,2.168404344971009e-19,0.0038420679466773643
vsb_rarefirst,p4_a4_combined,42,test,0.9,996,0,0.0,0,0.0,0.0,0.0036968440152040753,2.168404344971009e-19,0.0038420679466773643
vsb_rarefirst,p4_a4_combined,42,test,0.95,996,0,0.0,0,0.0,0.0,0.0036968440152040753,2.168404344971009e-19,0.0038420679466773643
vsb_rarefirst,p4_a4_combined,43,val,0.05,996,502,0.5040160642570282,1629,1.6355421686746987,0.47249039852241076,0.5355179274393673,0.4730094216895197,0.5349918468410292
vsb_rarefirst,p4_a4_combined,43,val,0.1,996,428,0.42971887550200805,1049,1.0532128514056225,0.39871993824148566,0.4611344431480694,0.39930319929691555,0.4606746014184809
vsb_rarefirst,p4_a4_combined,43,val,0.15,996,372,0.37349397590361444,762,0.7650602409638554,0.34336213164405227,0.4043761190824086,0.34399226249927645,0.4039677787884371
vsb_rarefirst,p4_a4_combined,43,val,0.2,996,321,0.32228915662650603,585,0.5873493975903614,0.29332409324178255,0.3523089960555266,0.2939952833207725,0.3519485842024441
vsb_rarefirst,p4_a4_combined,43,val,0.25,996,278,0.2791164658634538,454,0.45582329317269077,0.25144386362682997,0.3081012946316857,0.2521481335165091,0.3077820973033082
vsb_rarefirst,p4_a4_combined,43,val,0.3,996,234,0.23493975903614459,351,0.35240963855421686,0.20892325469155287,0.26253302084446845,0.2096594278875166,0.2622568490962642
vsb_rarefirst,p4_a4_combined,43,val,0.35,996,196,0.19678714859437751,276,0.27710843373493976,0.1725199176645847,0.22286097721796586,0.1732814429766121,0.22262278296695528
vsb_rarefirst,p4_a4_combined,43,val,0.4,996,156,0.1566265060240964,209,0.20983935742971888,0.13459413800003386,0.1807096686117842,0.1353790458221867,0.18051249481589296
vsb_rarefirst,p4_a4_combined,43,val,0.45,996,118,0.11847389558232932,152,0.15261044176706828,0.09905282517747169,0.1401815262304617,0.09985477630703324,0.14002471329083305
vsb_rarefirst,p4_a4_combined,43,val,0.5,996,87,0.08734939759036145,106,0.10642570281124498,0.0705531180831295,0.1066298652429141,0.07136208746407591,0.10650757102203737
vsb_rarefirst,p4_a4_combined,43,val,0.55,996,51,0.05120481927710843,62,0.06224899598393574,0.03835962526834269,0.06677838208870372,0.03915842864100433,0.06669981307016992
vsb_rarefirst,p4_a4_combined,43,val,0.6,996,24,0.024096385542168676,27,0.02710843373493976,0.015498617305478274,0.03564236524860718,0.01624535856367931,0.03560432056629072
vsb_rarefirst,p4_a4_combined,43,val,0.65,996,12,0.012048192771084338,13,0.013052208835341365,0.006240548081408164,0.020951106962513254,0.0069053210932940555,0.02094055244502964
vsb_rarefirst,p4_a4_combined,43,val,0.7,996,4,0.004016064257028112,5,0.0050200803212851405,0.0010952933552988288,0.01025053878288337,0.0015628438042055047,0.010280492673020634
vsb_rarefirst,p4_a4_combined,43,val,0.75,996,0,0.0,0,0.0,0.0,0.0036968440152040753,2.168404344971009e-19,0.0038420679466773643
vsb_rarefirst,p4_a4_combined,43,val,0.8,996,0,0.0,0,0.0,0.0,0.0036968440152040753,2.168404344971009e-19,0.0038420679466773643
vsb_rarefirst,p4_a4_combined,43,val,0.85,996,0,0.0,0,0.0,0.0,0.0036968440152040753,2.168404344971009e-19,0.0038420679466773643
vsb_rarefirst,p4_a4_combined,43,val,0.9,996,0,0.0,0,0.0,0.0,0.0036968440152040753,2.168404344971009e-19,0.0038420679466773643
vsb_rarefirst,p4_a4_combined,43,val,0.95,996,0,0.0,0,0.0,0.0,0.0036968440152040753,2.168404344971009e-19,0.0038420679466773643
vsb_rarefirst,p4_a4_combined,43,test,0.05,996,467,0.46887550200803213,1514,1.5200803212851406,0.4375130459346062,0.5004224351195468,0.4380627495284343,0.4999274193598126
vsb_rarefirst,p4_a4_combined,43,test,0.1,996,385,0.3865461847389558,959,0.9628514056224899,0.3561757161446076,0.4175894456961983,0.35679511817905996,0.4171690458329371
vsb_rarefirst,p4_a4_combined,43,test,0.15,996,343,0.34437751004016065,715,0.7178714859437751,0.3148628439389869,0.37481551648840544,0.31551653725623235,0.37443430718500254
vsb_rarefirst,p4_a4_combined,43,test,0.2,996,311,0.31224899598393574,552,0.5542168674698795,0.28355802084620463,0.34205454722443857,0.28423704421950086,0.3417036519773438
vsb_rarefirst,p4_a4_combined,43,test,0.25,996,274,0.2751004016064257,443,0.44477911646586343,0.24756367478925012,0.3039733502825118,0.24827093534431316,0.3036580269449553
vsb_rarefirst,p4_a4_combined,43,test,0.3,996,244,0.24497991967871485,359,0.3604417670682731,0.2185546277611644,0.27292172358726974,0.21928375768298064,0.2726356906271721
vsb_rarefirst,p4_a4_combined,43,test,0.35,996,207,0.20783132530120482,291,0.2921686746987952,0.18302386072996937,0.23437868470371367,0.18377830543014442,0.23412940897243215
vsb_rarefirst,p4_a4_combined,43,test,0.4,996,179,0.17971887550200802,235,0.2359437751004016,0.15634654794047725,0.2050012290316009,0.15711851524473225,0.20478031944400282
vsb_rarefirst,p4_a4_combined,43,test,0.45,996,139,0.1395582329317269,175,0.1757028112449799,0.11862579261321861,0.16264633518139035,0.11941913540713928,0.16246701397610802
vsb_rarefirst,p4_a4_combined,43,test,0.5,996,105,0.10542168674698796,125,0.12550200803212852,0.08703631975064495,0.12617568478462138,0.08784224377510635,0.12603312309847642
vsb_rarefirst,p4_a4_combined,43,test,0.55,996,67,0.06726907630522089,78,0.0783132530120482,0.05250940981992991,0.08464546222989837,0.05331657905561472,0.08454673677775468
vsb_rarefirst,p4_a4_combined,43,test,0.6,996,35,0.035140562248995984,40,0.040160642570281124,0.024596396402385593,0.048535175068018736,0.025374186286570406,0.04847898130240875
vsb_rarefirst,p4_a4_combined,43,test,0.65,996,19,0.019076305220883535,22,0.02208835341365462,0.011523283018505796,0.029630285815475575,0.012246002012716087,0.029602091454067964
vsb_rarefirst,p4_a4_combined,43,test,0.7,996,11,0.01104417670682731,12,0.012048192771084338,0.005525747337515467,0.01967498526794216,0.0061779291218100425,0.019667627283876457
vsb_rarefirst,p4_a4_combined,43,test,0.75,996,3,0.0030120481927710845,3,0.0030120481927710845,0.0006215880038488222,0.008777030081934173,0.001024885486156592,0.008818133858432355
vsb_rarefirst,p4_a4_combined,43,test,0.8,996,0,0.0,0,0.0,0.0,0.0036968440152040753,2.168404344971009e-19,0.0038420679466773643
vsb_rarefirst,p4_a4_combined,43,test,0.85,996,0,0.0,0,0.0,0.0,0.0036968440152040753,2.168404344971009e-19,0.0038420679466773643
vsb_rarefirst,p4_a4_combined,43,test,0.9,996,0,0.0,0,0.0,0.0,0.0036968440152040753,2.168404344971009e-19,0.0038420679466773643
vsb_rarefirst,p4_a4_combined,43,test,0.95,996,0,0.0,0,0.0,0.0,0.0036968440152040753,2.168404344971009e-19,0.0038420679466773643
vsb_rarefirst,p4_a4_combined,44,val,0.05,996,415,0.4166666666666667,1203,1.2078313253012047,0.38583214441049374,0.4479952357913257,0.38642643210065325,0.44754724589045963
vsb_rarefirst,p4_a4_combined,44,val,0.1,996,359,0.3604417670682731,760,0.7630522088353414,0.3305718771303656,0.39113949971258993,0.3312126363212734,0.3907432822421566
vsb_rarefirst,p4_a4_combined,44,val,0.15,996,315,0.31626506024096385,556,0.5582329317269076,0.28746258809239594,0.34615818383316466,0.2881384876048694,0.3458034771225241
vsb_rarefirst,p4_a4_combined,44,val,0.2,996,277,0.2781124497991968,449,0.4508032128514056,0.2504735552170369,0.30706956889247994,0.2511785742916865,0.30675133939549365
vsb_rarefirst,p4_a4_combined,44,val,0.25,996,238,0.2389558232931727,350,0.3514056224899598,0.2127733916443418,0.26669090410498664,0.21350676381284647,0.26641078170148313
vsb_rarefirst,p4_a4_combined,44,val,0.3,996,197,0.19779116465863453,272,0.27309236947791166,0.17347360514734714,0.22390925133361214,0.17423449659568302,0.22367004648052158
vsb_rarefirst,p4_a4_combined,44,val,0.35,996,156,0.1566265060240964,205,0.20582329317269077,0.13459413800003386,0.1807096686117842,0.1353790458221867,0.18051249481589296
vsb_rarefirst,p4_a4_combined,44,val,0.4,996,121,0.1214859437751004,152,0.15261044176706828,0.10183743591612986,0.14340219896835701,0.10263830614875305,0.1432421348470248
vsb_rarefirst,p4_a4_combined,44,val,0.45,996,91,0.09136546184738956,110,0.11044176706827309,0.07419853955367434,0.11099065435407583,0.07500713429819383,0.11086379271846819
vsb_rarefirst,p4_a4_combined,44,val,0.5,996,59,0.05923694779116466,69,0.06927710843373494,0.04539616788943393,0.07574940983968832,0.04620020795588888,0.07566057081638293
vsb_rarefirst,p4_a4_combined,44,val,0.55,996,42,0.04216867469879518,49,0.04919678714859438,0.03055760844499193,0.05657488923920887,0.03134687076150805,0.05650851675593145
vsb_rarefirst,p4_a4_combined,44,val,0.6,996,22,0.02208835341365462,22,0.02208835341365462,0.01389318993246768,0.033251913626057616,0.014631409703017052,0.03321763516167858
vsb_rarefirst,p4_a4_combined,44,val,0.65,996,12,0.012048192771084338,12,0.012048192771084338,0.006240548081408164,0.020951106962513254,0.0069053210932940555,0.02094055244502964
vsb_rarefirst,p4_a4_combined,44,val,0.7,996,5,0.0050200803212851405,5,0.0050200803212851405,0.001631955117803329,0.011676018736034771,0.002146127418164656,0.011697526191698678
vsb_rarefirst,p4_a4_combined,44,val,0.75,996,1,0.001004016064257028,1,0.001004016064257028,2.541916285560693e-05,0.005581198058454109,0.0001772554801821179,0.005665129599132441
vsb_rarefirst,p4_a4_combined,44,val,0.8,996,0,0.0,0,0.0,0.0,0.0036968440152040753,2.168404344971009e-19,0.0038420679466773643
vsb_rarefirst,p4_a4_combined,44,val,0.85,996,0,0.0,0,0.0,0.0,0.0036968440152040753,2.168404344971009e-19,0.0038420679466773643
vsb_rarefirst,p4_a4_combined,44,val,0.9,996,0,0.0,0,0.0,0.0,0.0036968440152040753,2.168404344971009e-19,0.0038420679466773643
vsb_rarefirst,p4_a4_combined,44,val,0.95,996,0,0.0,0,0.0,0.0,0.0036968440152040753,2.168404344971009e-19,0.0038420679466773643
vsb_rarefirst,p4_a4_combined,44,test,0.05,996,386,0.38755020080321284,1127,1.1315261044176708,0.3571623291295277,0.4186049041950722,0.35778090186439515,0.4181835792802391
vsb_rarefirst,p4_a4_combined,44,test,0.1,996,319,0.32028112449799195,706,0.7088353413654619,0.2913696418109936,0.3502593401901183,0.2920424048054574,0.3499008284524848
vsb_rarefirst,p4_a4_combined,44,test,0.15,996,285,0.286144578313253,530,0.5321285140562249,0.2582408396370954,0.31531857300301125,0.2589398375962145,0.3149926131520632
vsb_rarefirst,p4_a4_combined,44,test,0.2,996,259,0.2600401606425703,422,0.42369477911646586,0.2330383020980815,0.288468309632701,0.23375662695526112,0.2881675783444495
vsb_rarefirst,p4_a4_combined,44,test,0.25,996,229,0.22991967871485944,330,0.3313253012048193,0.2041152066824222,0.2573310636225718,0.20485484927876063,0.2570598420418342
vsb_rarefirst,p4_a4_combined,44,test,0.3,996,196,0.19678714859437751,274,0.2751004016064257,0.1725199176645847,0.22286097721796586,0.1732814429766121,0.22262278296695528
vsb_rarefirst,p4_a4_combined,44,test,0.35,996,167,0.1676706827309237,216,0.21686746987951808,0.14497768677424713,0.1923470119891344,0.14575659736222957,0.19213843173485923
vsb_rarefirst,p4_a4_combined,44,test,0.4,996,139,0.1395582329317269,177,0.17771084337349397,0.11862579261321861,0.16264633518139035,0.11941913540713928,0.16246701397610802
vsb_rarefirst,p4_a4_combined,44,test,0.45,996,115,0.11546184738955824,141,0.14156626506024098,0.09627238886550549,0.1369567231362936,0.09707536348127697,0.13680317471867773
vsb_rarefirst,p4_a4_combined,44,test,0.5,996,90,0.09036144578313253,108,0.10843373493975904,0.07328617705486033,0.10990144970246035,0.07409488373238847,0.10977572615163637
vsb_rarefirst,p4_a4_combined,44,test,0.55,996,63,0.06325301204819277,72,0.07228915662650602,0.048944082743389905,0.0802059603369111,0.049749910511839884,0.0801121367909807
vsb_rarefirst,p4_a4_combined,44,test,0.6,996,35,0.035140562248995984,40,0.040160642570281124,0.024596396402385593,0.048535175068018736,0.025374186286570406,0.04847898130240875
vsb_rarefirst,p4_a4_combined,44,test,0.65,996,18,0.018072289156626505,20,0.020080321285140562,0.010745065712118121,0.028412091891067557,0.011461705643617195,0.02838607069052966
vsb_rarefirst,p4_a4_combined,44,test,0.7,996,7,0.007028112449799197,9,0.009036144578313253,0.0028301976576665566,0.014426687135883924,0.003408518602031684,0.014435769273106039
vsb_rarefirst,p4_a4_combined,44,test,0.75,996,5,0.0050200803212851405,7,0.007028112449799197,0.001631955117803329,0.011676018736034771,0.002146127418164656,0.011697526191698678
vsb_rarefirst,p4_a4_combined,44,test,0.8,996,0,0.0,0,0.0,0.0,0.0036968440152040753,2.168404344971009e-19,0.0038420679466773643
vsb_rarefirst,p4_a4_combined,44,test,0.85,996,0,0.0,0,0.0,0.0,0.0036968440152040753,2.168404344971009e-19,0.0038420679466773643
vsb_rarefirst,p4_a4_combined,44,test,0.9,996,0,0.0,0,0.0,0.0,0.0036968440152040753,2.168404344971009e-19,0.0038420679466773643
vsb_rarefirst,p4_a4_combined,44,test,0.95,996,0,0.0,0,0.0,0.0,0.0036968440152040753,2.168404344971009e-19,0.0038420679466773643
